full_name;cas_no;ec_no;inchikey;canonical_smiles;dashboard_dtxsid;pubchem_cid;promisces_id;norman_susdat_id;uba_list;dtu_list_dk;UBA_cat;quality_UBA_cat;EC_cat;pfas_cs1_dwtp_route_a;pfas_cs1_urban_route_a;pfas_cs2_route_a;pfas_cs3_route_b;pfas_cs4_sofia_route_c;pfas_cs4_univpm_route_c;pfas_cs5_route_d;pfas_cs6_route_e;pfas_cs7_route_e;pfas_wwtp_network_wp3;ipmt_cs1_dwtp_route_a;ipmt_cs1_urban_route_a;ipmt_cs2_route_a;ipmt_cs3_route_b;ipmt_cs4_sofia_route_c;ipmt_cs4_univpm_route_c;ipmt_cs5_route_d;ipmt_cs7_route_e;promisces_CS;pro_workers_widespread;registered_consumer_use;article_serv_life_echa;uses;industry_uses;consumer_use;process_cat_1;process_cat_2;process_cat_3;process_cat_10;process_cat_11;process_cat_13;process_cat_15;process_cat_17;process_cat_18;process_cat_19;erc_2;erc_5;erc_8a;erc_8b;erc_8c;erc_8d;erc_8e;erc_8f;erc_9a;erc_9b;erc_10a;erc_10b;erc_11a;erc_11b;erc_12b;pNEC_type;average_mass;logKow_exp;logKow_pred;logKoa_exp;logKoa_pred;solubility_exp;solubility_pred;log_Koc_pred_dashboard;log_Koc_pred_episuite;bhl_pred;hl_pred_freshwater;bcf_pred;P_hl_exp_freshwater;P_hl_exp_soil;P_hl_exp_sediments;M_logKoc_UBA;M_Dow_min_UBA;pNEC_freshwater;T_score_predicted_rivm;kemi_score;E_score_min;E_score_max;tonnage_band;min_tonnage;max_tonnage;PC0;PC1;PC2;PC3;PC4;PC7;PC8;PC9a;PC9b;PC9c;PC11;PC12;PC13;PC14;PC15;PC16;PC17;PC18;PC19;PC20;PC21;PC23;PC24;PC25;PC26;PC27;PC28;PC29;PC30;PC31;PC32;PC33;PC34;PC35;PC36;PC37;PC38;PC39;PC40;PC41;PC42;SU0;SU1;SU2a;SU2b;SU4;SU5;SU6a;SU6b;SU7;SU8;SU9;SU10;SU11;SU12;SU13;SU14;SU15;SU16;SU17;SU18;SU19;SU20;SU23;SU24;P_score_freshwater_pred_UBA;P_score_freshwater_pred_RIVM;P_score_freshwater_pred_Dashboard;P_score_soil_exp_UBA;P_score_sediment_exp_UBA;M_score_exp_UBA;M_score_pred_Episuite;M_score_pred_Dashboard;T_score_clp_harmonised;T_score_carcinogenicity_atp18;T_score_mutagenicity_atp18;T_score_reprotoxicity_atp18;T_score_ed_lists_(jan2023);pnoec_fish;reliability_pnoec_fish;adi_pnoec_fish;pnoec_daphnia;reliability_pnoec_daphnia;adi_pnoec_daphnia;pnoec_algae;reliability_pnoec_algae;adi_pnoec_algae;pNEC_score;pNOEC_daphnia_score;pNOEC_fish_score;pNOEC_algae_score;T_score_ecotox;P_robust_score;P_robust_value;P_conservative_score;P_conservative_value;P_average_value;M_robust_score;M_robust_value;M_conservative_score;M_conservative_value;M_average_value;E_robust_score;E_robust_value;PM_conservative_score;robustness;PM_robust_score;PM_robust_robustness;PM_average_score;PM_average_robustness;T_score_score;T_score_robustness;PMT_conservative_score;PMT_conservative_robustness;PMT_robust_score;PMT_robust_robustness;PMT_average_score;PMT_average_robustness;cluster labels;conservative_classification;robust_classification;average_classification;priority_group
(1S,4R,4aS,9aR)-4,4a,9,9a-tetrahydro-1H-1,4-methanofluorene;;700-736-9;XUFPYLQWLKKGDQ-ZMJPVWNMSA-N;c1(NP(=O)(N)N)c(N(=O)=O)cccc1;;;PRO-001;;REACH-A;FALS;PMT;HQ;Potential PMT/vPvM;FALS;FALS;;;FALS;FALS;FALS;FALS;FALS;FALS;FALS;FALS;FALS;FALS;FALS;FALS;FALS;FALS;FALS;FALS;FALS;FALS;;;;FALS;FALS;FALS;FALS;FALS;FALS;FALS;FALS;FALS;FALS;FALS;FALS;FALS;FALS;FALS;FALS;FALS;FALS;FALS;FALS;FALS;FALS;FALS;FALS;FALS;;;;;;;;;;;;;;;;;;3,3;;;;;;;;;0;0;0;0;0;0;0;0;0;0;0;0;0;0;0;0;0;0;0;0;0;0;0;0;0;0;0;0;0;0;0;0;0;0;0;0;0;0;0;0;0;0;0;0;0;0;0;0;0;0;0;0;0;0;0;0;0;0;0;0;0;0;0;0;0;;;;;;;;;CERT;0;0;0;0;570,3;low ;0,329;3230;low ;0,323;6770;low ;0,282;;0,029051522;0,059742879;0,021236084;0,034670387;;;;;;;;;;;;;;;;;;;0,034670387;0,5;0,034670387;0,25;0,034670387;0,25;0,034670387;0,25;;;;;
(1S,4R,6R)-1-[(3E)-5-hydroxy-3-methylpent-3-en-1-yn-1-yl]-2,2,6-trimethylcyclohexane-1,4-diol;70905-68-9;700-054-1;AJDYPKBZJGFSDZ-VXLSFFSTSA-N;CC1(C)C[C@H](O)C[C@@H](C)[C@@]1(O)C#C/C(=C/CO)/C;DTXSID301114439;14631277;PRO-002;NS00001720;REACH-B;FALS;vPvM & PMT;MQ;vPvM & PMT;FALS;FALS;;;FALS;FALS;FALS;FALS;FALS;FALS;FALS;FALS;FALS;FALS;FALS;FALS;FALS;FALS;FALS;FALS;FALS;FALS;;;;CERT;FALS;FALS;FALS;FALS;FALS;FALS;FALS;FALS;FALS;FALS;FALS;FALS;FALS;FALS;FALS;FALS;FALS;FALS;FALS;FALS;FALS;FALS;FALS;FALS;P-PNEC;252,354;;2,43;;8,33;;0,00794;2,198657087;;79,0436317;;1,48;35;;;;0,5;35,50931886;;0,22;0;0;;;;0;0;0;0;0;0;0;0;0;0;0;0;0;0;0;0;0;0;0;0;0;0;0;0;0;0;0;0;0;0;0;0;0;0;0;0;0;0;0;0;0;0;0;0;0;0;0;0;0;0;0;0;0;0;0;0;0;0;0;0;0;0;0;0;0;0,284668525;;0,615676279;;;;;0,465629641;FALS;0;0;0;0;139,6;low ;0,376;4050;low ;0,507;1050;low ;0,616;0,175036829;0,026404666;0,10481013;0,046477739;0,220627584;;;P_score_freshwater_pred_Dashboard;0,615676279;0,450172402;;;M_score_pred_Dashboard;0,465629641;0,465629641;kemi_score;0,22;0,53542238;1;;;0,457835793;1;0,220627584;0,5;0,398429008;0,75;0,220627584;0,25;0,35894378;0,75;0.00;PM;;PM;4
(2-allyloxy-1,1-dimethyl-2-oxo-ethyl) 2-chloro-5-[3,6-dihydro-3-methyl-2,6-dioxo-4-(trifluoromethyl)-1(2H)-pyrimidin-1-yl]benzoate;134605-64-4;603-837-5;JEDYYFXHPAIBGR-UHFFFAOYSA-N;CC(C)(C(=O)OCC=C)OC(=O)C1=C(C=CC(=C1)N2C(=O)C=C(N(C2=O)C)C(F)(F)F)Cl;DTXSID9034365;11826859;PRO-003;NS00006629;REACH-A;CERT;vPvM & PMT;HQ;vPvM & PMT;FALS;FALS;;;FALS;FALS;FALS;FALS;FALS;FALS;FALS;FALS;FALS;FALS;FALS;FALS;FALS;FALS;FALS;FALS;FALS;FALS;;;;FALS;FALS;CERT;FALS;FALS;FALS;FALS;FALS;FALS;FALS;CERT;FALS;FALS;FALS;FALS;FALS;FALS;FALS;FALS;FALS;FALS;FALS;FALS;FALS;FALS;P-PNEC pred;474,82;;3,57;;11,7;2,09E-05;7,45E-06;2,11058971;;169,017118;;5,62;65;266;;1,5;;0,21696;;0,42;0;0;;;;0;0;0;0;0;0;0;0;0;0;0;0;0;0;0;0;0;0;0;0;0;0;0;0;0;1;0;0;0;0;0;0;0;0;0;0;0;0;0;0;0;0;0;0;0;0;0;0;0;0;0;0;0;0;0;0;0;0;0;0;0;0;0;0;0;0,534155203;;0,854515447;0,660972635;;0,585786438;;0,480845642;FALS;0;0;0;0;32,2;low ;0,194;92,2;low ;0;608,2;low ;0;0,660073175;0,122955965;0,18125677;0,058192391;0,698076557;P_score_soil_exp_UBA;0,660972635;P_score_freshwater_pred_Dashboard;0,854515447;0,683214428;M_score_exp_UBA;0,585786438;M_score_exp_UBA;0,585786438;0,53331604;kemi_score;0,42;0,707505166;1;0,622244972;1;0,60363003;1;0,698076557;0,5;0,704348231;0,75;0,646559676;0,75;0,633599622;0,75;0.00;vPvM(T);PM(T);PM(T);3
(2?,3?,5?,16?,17?)-17-Acetoxy-3-hydroxy-2-(4-morpholinyl)-16-(1-pyrrolidinyl)androstane;119302-24-8;601-596-0;YBZSVMDKHBRYNB-UHFFFAOYSA-N;CC(=O)OC1C(CC2C3CCC4CC(O)C(CC4(C)C3CCC12C)N1CCOCC1)N1CCCC1;DTXSID601035727;16064933;PRO-004;NS00001345;REACH-B;FALS;vPvM;HQ;vPvM;FALS;FALS;;;FALS;FALS;FALS;FALS;FALS;FALS;FALS;FALS;FALS;FALS;FALS;FALS;FALS;FALS;FALS;FALS;FALS;FALS;;;;FALS;FALS;CERT;FALS;FALS;FALS;CERT;FALS;FALS;FALS;FALS;FALS;FALS;FALS;FALS;FALS;FALS;FALS;FALS;FALS;FALS;FALS;FALS;FALS;FALS;P-PNEC pred;488,713;;4,04;;10,2;;1,78E-06;4,309630167;;6,76E+73;;24,5;637;;;;-3,8;0,59833;;0,35;0,02;0,06;>1 to < 10 tonnes;1;10;0;0;0;0;0;0;0;0;0;0;0;0;0;0;0;0;0;0;0;0;0;0;0;0;0;0;0;1;0;0;0;0;0;0;0;0;0;0;0;0;0;0;0;0;0;0;0;0;0;0;0;1;0;0;0;0;0;0;0;0;0;0;0;0;0;0,982682906;;1;;;;;0,16785396;FALS;0;0;0;0;209,1;low ;0;3090;low ;0,645;134,7;low ;0;0,555534733;0,029599297;0,089451219;0,106275043;0,585544202;;;P_score_freshwater_pred_Dashboard;1;0,991341453;;;M_score_pred_Dashboard;0,16785396;0,16785396;kemi_score;0,35;0,409699841;1;;;0,407922283;1;0,585544202;0,5;0,461491556;0,75;0,585544202;0,25;0,460155744;0,75;1.00;PM;;PM;4
(5-hydroxy-1,3-dimethyl-1H-pyrazol-4-yl)[2-(methylsulfonyl)-4-(trifluoromethyl)phenyl]methanone;365400-11-9;609-256-3;DWSPRBSLSXQIEJ-UHFFFAOYSA-N;CC1=C(C(=O)N(N1)C)C(=O)C2=C(C=C(C=C2)C(F)(F)F)S(=O)(=O)C;DTXSID2044343;11693711;PRO-005;;REACH-A;FALS;vPvM;HQ;vPvM;FALS;FALS;;;FALS;FALS;FALS;FALS;FALS;FALS;FALS;FALS;FALS;FALS;FALS;FALS;FALS;FALS;FALS;FALS;FALS;FALS;;;;FALS;FALS;FALS;FALS;FALS;FALS;CERT;FALS;FALS;FALS;CERT;FALS;FALS;FALS;FALS;FALS;FALS;FALS;FALS;FALS;FALS;FALS;FALS;FALS;FALS;P-PNEC;364,34;;1,33;;9;;0,0018;2,810232518;;34,81331749;;1,74;327;120;578;1,3;;0,466114172;;;0,13;0,25;>10 to < 100 tonnes;10;100;0;0;0;0;0;0;0;0;0;0;0;0;0;0;0;0;0;0;0;0;0;0;0;0;0;1;0;0;0;0;0;0;0;0;0;0;0;0;0;0;0;0;0;0;0;0;0;0;0;0;0;0;0;0;0;0;0;0;0;0;0;0;0;0;0;0,94778085;;0,282810472;0,333333333;0,880202056;0,618975739;;0,36317493;FALS;0;0;0;0;189,8;low ;0,196;1850;low ;0,203;1160;low ;0;0,582126176;0,036714724;0,092936482;0,044597369;0,604741381;P_score_sediment_exp_UBA;0,880202056;P_score_freshwater_pred_UBA;0,94778085;0,611031678;M_score_exp_UBA;0,618975739;M_score_exp_UBA;0,618975739;0,491075334;E_score_max;0,25;0,765932994;1;0,73812175;1;0,547779687;1;0,604741381;0,5;0,707919292;0,75;0,690677377;0,75;0,566144351;0,75;0.00;vPvM(T);vPvM(T);PM(T);
[(2R)-2-(2,4-dichlorophenyl)-2-[(1H-1,2,4-triazol-1-yl)methyl]-1,3-dioxolan-4-yl]methyl methanesulfonate hydrochloride;155661-07-7;445-550-6;VOEZOGZQSVLIRN-HYHLQHTJNA-N;CS(=O)(=O)OCC1COC(O1)(CN2C=NC=N2)C3=C(C=C(C=C3)Cl)Cl.Cl;DTXSID801020958;133082483;PRO-006;NS00078588;REACH-A;FALS;vPvM;HQ;PM;FALS;FALS;;;FALS;FALS;FALS;FALS;FALS;FALS;FALS;FALS;FALS;FALS;FALS;FALS;FALS;FALS;FALS;FALS;FALS;FALS;;;;FALS;FALS;CERT;FALS;FALS;FALS;CERT;FALS;FALS;FALS;FALS;FALS;FALS;FALS;FALS;FALS;FALS;FALS;FALS;FALS;FALS;FALS;FALS;FALS;FALS;P-PNEC;444,71;;0,41;;10,8;;8,13E-05;1,800029359;;4105,160008;;5,5;1028;;;2,5;;6,413071061;;;0;0;;;;0;0;0;0;0;0;0;0;0;0;0;0;0;0;0;0;0;0;0;0;0;0;0;0;0;0;0;0;0;0;0;0;0;0;0;0;0;0;0;0;0;1;0;0;0;0;0;0;0;0;0;0;0;0;0;0;0;0;0;0;0;0;0;0;0;0,992284402;;0,999271508;;;0,414213562;;0,534596898;FALS;0;0;0;0;125,1;low ;0,196;488,6;low ;0,277;701;low ;0,234;0,308516054;0,063628342;0,109363682;0,054903081;0,357204805;;;P_score_freshwater_pred_Dashboard;0,999271508;0,995777955;M_score_exp_UBA;0,414213562;M_score_pred_Dashboard;0,534596898;0,47440523;E_score_min;0;0,730894964;1;0,414213562;0,5;0,687315263;1;0,357204805;0,5;0,575717031;0,75;0,384654487;0,5;0,552598569;0,75;0.00;vPvM;PM;PM;
[(3aS,4S,6S)-6-methoxy-2,2-dimethyl-tetrahydro-2H-furo[3,4-d][1,3]dioxol-4-yl]methyl 4-methylbenzene-1-sulfonate;4137-56-8;609-920-2;IAPMZKRZMYQZSW-UHFFFAOYSA-N;CC1(C)OC2[C@@H](O1)[C@@H](O[C@@H]2OC)COS(=O)(=O)c1ccc(C)cc1;DTXSID50284838;236623;PRO-007;NS00003867;REACH-B;FALS;vPvM;HQ;vPvM;FALS;FALS;;;FALS;FALS;FALS;FALS;FALS;FALS;FALS;FALS;FALS;FALS;FALS;FALS;FALS;FALS;FALS;FALS;FALS;FALS;;;;CERT;FALS;CERT;FALS;FALS;FALS;FALS;FALS;FALS;FALS;FALS;FALS;FALS;FALS;FALS;FALS;FALS;FALS;FALS;FALS;FALS;FALS;FALS;FALS;FALS;P-PNEC pred;358,41;;2,38;;9,4;;0,00098;1,889861721;;107,7700726;;1,55;1488;;;;1,4;10,47795;;0,27;0;0;;;;0;0;0;0;0;0;0;0;0;0;0;0;0;0;0;0;0;0;1;0;0;0;0;0;0;0;0;0;0;0;0;0;0;0;0;0;0;0;0;0;0;0;0;0;0;0;0;0;0;0;0;1;0;0;0;0;0;0;0;0;0;0;0;0;0;0,99588492;;0,731291418;;;;;0,519076245;FALS;0;0;0;0;333,4;low ;0,202;1510;low ;0,245;2590;low ;0,245;0,26497358;0,039964567;0,074263807;0,03188239;0,29855245;;;P_score_freshwater_pred_UBA;0,99588492;0,863588169;;;M_score_pred_Dashboard;0,519076245;0,519076245;kemi_score;0,27;0,718985539;1;;;0,66952827;1;0,29855245;0,5;0,536397794;0,75;0,29855245;0,25;0,511508466;0,75;0.00;vPvM;;PM;4
[(3S,4R,4aR,6S,6aS,12R,12aS,12bS)-3-(cyclopropanecarbonyloxy)-6,12-dihydroxy-4,6a,12btrimethyl-11-oxo-9-(pyridin-3-yl)-1,2,3,4,4a,5,6,6a,12a,12b-decahydro-11H,12Hbenzo[f]pyrano[4,3-b]chromen-4-yl]methylcyclopropanecarboxylate;915972-17-7;815-966-6;;CC12CCC(C(C1CC(C3(C2C(C4=C(O3)C=C(OC4=O)C5=CN=CC=C5)O)C)O)(C)COC(=O)C6CC6)OC(=O)C7CC7;DTXSID00896889;54589430;PRO-008;;REACH-A;FALS;vPvM;HQ;PM;FALS;FALS;;;FALS;FALS;FALS;FALS;FALS;FALS;FALS;FALS;FALS;FALS;FALS;FALS;FALS;FALS;FALS;FALS;FALS;FALS;;;;FALS;FALS;FALS;FALS;FALS;FALS;FALS;FALS;FALS;FALS;FALS;FALS;FALS;FALS;FALS;FALS;FALS;FALS;FALS;FALS;FALS;FALS;FALS;FALS;FALS;;593,673;;2,49;;9,73;;6,62E-05;4,92992956;;1,89E+64;;5,01;11;66;371;2,7;;;;;0;0,08;>0 to < 10 tonnes;0;10;0;0;0;0;0;0;0;0;0;0;0;0;0;0;0;0;0;0;0;0;0;0;0;0;0;0;0;0;0;0;0;0;0;0;0;0;0;0;0;0;0;0;0;0;0;0;0;0;0;0;0;0;0;0;0;0;0;0;0;0;0;0;0;0;0;0,052148659;;1;0,152496117;0,774936038;0,381024261;;0,115999432;FALS;0;0;0;0;343,4;low ;0;4640;low ;0;638,8;low ;0;;0,02492804;0,073386245;0,057034954;0;P_score_sediment_exp_UBA;0,774936038;P_score_freshwater_pred_Dashboard;1;0,494895204;M_score_exp_UBA;0,381024261;M_score_exp_UBA;0,381024261;0,248511847;E_score_max;0,08;0,617271627;1;0,543387;1;0,350695482;1;0;0,5;0;0,75;0;0,75;0;0,75;1.00;PM;PM;PM;
[[(phosphonomethyl)imino]bis[ethane-2,1-diylnitrilobis(methylene)]]tetrakisphosphonic acid;15827-60-8;239-931-4;DUYCTCQXNHFCSJ-UHFFFAOYSA-N;C(CN(CP(=O)(O)O)CP(=O)(O)O)N(CCN(CP(=O)(O)O)CP(=O)(O)O)CP(=O)(O)O;DTXSID0027775;85128;PRO-009;NS00004368;REACH-A;CERT;vPvM;HQ;vPvM;FALS;FALS;;;FALS;FALS;FALS;FALS;FALS;FALS;FALS;FALS;FALS;FALS;FALS;FALS;FALS;FALS;FALS;CERT;CERT;CERT;chelating;"Anti-scaling agent; Cleaning agent; Corrosion inhibitor; Corrosion inhibitors and anti-scaling agents; Intermediate; Processing aids, specific to petroleum production";"Corrosion inhibitors and anti-scaling agents; Other (specify)";CERT;CERT;CERT;CERT;CERT;CERT;CERT;FALS;FALS;CERT;CERT;CERT;CERT;CERT;CERT;CERT;FALS;CERT;FALS;FALS;FALS;FALS;CERT;FALS;FALS;P-PNEC pred;573,198;;-6,95;;9,6;;1,06;1,770115295;;58,55696259;;3,09;4685;;;;-16,3;0,25976;;0,73;0,26;0,39;>100 to < 1000 tonnes;100;1000;1;0;0;1;0;1;1;1;1;1;0;1;0;1;1;0;0;0;1;1;1;1;0;1;1;1;1;0;1;1;0;0;1;1;1;1;0;1;1;1;0;1;1;1;1;1;1;1;1;0;1;0;1;0;0;0;1;1;0;1;1;1;0;1;0;0,999418704;;0,489597175;;;;;0,539751909;FALS;0;0;0;0;335,3;low ;0;1420;low ;0;1720;low ;0;0,642315367;0,041001206;0,074094316;0,037850398;0,642315367;;;P_score_freshwater_pred_UBA;0,999418704;0,74450794;;;M_score_pred_Dashboard;0,539751909;0,539751909;kemi_score;0,73;0,734464535;1;;;0,633916068;1;0,642315367;0,5;0,702365748;0,75;0,642315367;0,25;0,636703559;0,75;2.00;vPvM(T);(T);PM(T);1
[2,2-dimethyl-3-(morpholin-4-yl)propylidene][6-({2-methyl-2-[(morpholin-4-yl)methyl]propylidene}amino)hexyl]amine;1217271-49-2;700-570-7;BVUYTWFHWBDUQZ-UHFFFAOYSA-N;CC(C)(CN1CCOCC1)C=NCCCCCCN=CC(C)(C)CN1CCOCC1;DTXSID801045043;89999256;PRO-010;NS00010203;REACH-B;FALS;vPvM;HQ;PM;FALS;FALS;;;FALS;FALS;FALS;FALS;FALS;FALS;FALS;FALS;FALS;FALS;FALS;FALS;FALS;FALS;FALS;CERT;CERT;CERT;;;;CERT;CERT;CERT;CERT;CERT;CERT;CERT;FALS;FALS;FALS;CERT;CERT;FALS;FALS;CERT;FALS;FALS;CERT;FALS;FALS;FALS;FALS;CERT;FALS;FALS;P-PNEC;422,658;;4,6;;11,5;;0,00191;2,749736316;;4105,160008;;42,7;2379;;;;-0,3;0,226344292;;0,32;0,01;0,01;Tonnage data confidential;;;1;1;0;0;0;0;0;1;1;0;0;0;0;0;0;0;0;0;0;0;0;0;0;0;0;0;0;0;0;0;1;0;0;0;0;0;0;0;0;0;0;0;0;0;0;0;0;0;0;0;0;0;0;0;0;0;0;0;0;0;0;1;0;0;0;0,998150811;;0,999271508;;;;;0,372927621;FALS;0;0;0;0;177,3;low ;0,268;9560;low ;0,242;522,7;low ;0;0,655934853;0,018334648;0,095460905;0,061904871;0,655934853;;;P_score_freshwater_pred_Dashboard;0,999271508;0,99871116;;;M_score_pred_Dashboard;0,372927621;0,372927621;kemi_score;0,32;0,610455524;1;;;0,610284341;1;0,655934853;0,5;0,625253677;0,75;0,655934853;0,25;0,625136783;0,75;1.00;PM(T);(T);PM(T);4
[2-[[2-cyano-3-[4-(diethylamino)phenyl]-1-oxoallyl]oxy]ethyl][3-[[2-cyano-3-[4-(diethylamino)phenyl]-1-oxoallyl]oxy]propyl]dimethylammonium chloride;78181-99-4;278-859-8;LOIBKNKBFZKAQY-AMLXCYGQSA-N;CCN(CC)C1=CC=C(C=C1)C=C(C#N)C(=O)OCCC[N+](C)(C)CCOC(=O)C(=CC2=CC=C(C=C2)N(CC)CC)C#N.[Cl-];DTXSID30888535;6441372;PRO-011;NS00001709;REACH-A;CERT;vPvM;HQ;PM;FALS;FALS;;;FALS;FALS;FALS;FALS;FALS;FALS;FALS;FALS;FALS;FALS;FALS;FALS;FALS;FALS;FALS;CERT;FALS;CERT;;Dye;Dye;CERT;CERT;CERT;CERT;FALS;CERT;CERT;FALS;FALS;FALS;CERT;CERT;FALS;FALS;CERT;FALS;FALS;FALS;FALS;FALS;FALS;FALS;CERT;FALS;FALS;P-PNEC;636,23;;2,6;;11,7;;0,025;5;4,851;6063,242488;302,4315642;85,1;639;;;2,1;;0,224421006;0,12;0,62;0,24;0,36;>100 to < 1000 tonnes;100;1000;0;0;0;0;0;0;0;0;0;0;0;0;0;0;0;0;0;1;0;0;0;1;0;0;1;0;0;0;0;0;1;0;1;0;0;0;0;0;0;0;0;0;0;0;0;0;1;1;1;1;0;0;0;0;1;0;0;0;0;0;0;0;0;0;0;0,982773865;0,940763417;0,999625863;;;0,482678255;0,1217285;0,111111111;FALS;0;0;0;0;182,4;low ;0;6830;low ;0;1490;low ;0;0,656770764;0,02115658;0,094402719;0,040187333;0,656770764;;;P_score_freshwater_pred_Dashboard;0,999625863;0,974387715;M_score_exp_UBA;0,482678255;M_score_exp_UBA;0,482678255;0,238505956;kemi_score;0,62;0,694620521;1;0,482678255;0,5;0,482076003;1;0,280735626;1;0,441593395;1;0,336318634;0,75;0,367880291;1;1.00;PM;PM;PM;2
[2-butyl-4-chloro-1-({4-[2-(2H-1,2,3,4-tetrazol-5-yl)phenyl]phenyl}methyl)-1H-imidazol-5-yl]methanol;114798-26-4;601-329-8;PSIFNNKUMBGKDQ-UHFFFAOYSA-N;CCCCC1=NC(=C(N1CC2=CC=C(C=C2)C3=CC=CC=C3C4=NNN=N4)CO)Cl;DTXSID7023227;3961;PRO-012;NS00008822;REACH-A;CERT;vPvM & PMT;MQ;PMT;FALS;FALS;;;FALS;FALS;FALS;FALS;FALS;FALS;FALS;FALS;FALS;FALS;FALS;FALS;FALS;FALS;FALS;FALS;FALS;FALS;;;;CERT;FALS;CERT;FALS;FALS;FALS;FALS;FALS;FALS;FALS;FALS;FALS;FALS;FALS;FALS;FALS;FALS;FALS;FALS;FALS;FALS;FALS;FALS;FALS;FALS;JD-UQN proposal;422,92;;3,61;;9,62;;9,04E-06;4,130333768;3,203;1329083,281;45,93182146;22,4;384;;;;1;78;0,3;0,4;0,12;0,18;>100 to < 1000 tonnes;100;1000;0;0;0;0;0;0;0;0;0;0;0;0;0;0;0;0;0;0;0;0;0;0;0;0;0;0;0;0;0;0;0;0;0;0;0;0;0;0;0;0;0;0;0;0;0;0;0;0;0;0;0;1;0;0;0;0;0;0;0;0;0;0;0;0;0;0,959819459;0,387755155;0,999999963;;;;0,302830345;0,185936244;FALS;0;0;0;0;114;low ;0,196;6520;low ;0,226;45;low ;0;0,131005829;0,021578405;0,113356542;0,160675242;0,131005829;;;P_score_freshwater_pred_Dashboard;0,999999963;0,782524859;;;M_score_pred_Episuite;0,302830345;0,244383295;kemi_score;0,4;0,550300221;1;;;0,437305389;1;0,198246686;1;0,330295618;1;0,198246686;0,5;0,294439033;1;1.00;PM;;PM;3
[ethane-1,2-diylbis[nitrilobis(methylene)]]tetrakisphosphonic acid;1429-50-1;215-851-5;NFDRPXJGHKJRLJ-UHFFFAOYSA-N;C(CN(CP(=O)(O)O)CP(=O)(O)O)N(CP(=O)(O)O)CP(=O)(O)O;DTXSID3061689;15025;PRO-013;NS00009310;REACH-A;FALS;vPvM;HQ;vPvM;FALS;FALS;;;FALS;FALS;FALS;FALS;FALS;FALS;FALS;FALS;FALS;FALS;FALS;FALS;FALS;FALS;FALS;CERT;CERT;CERT;;;;CERT;CERT;CERT;CERT;CERT;CERT;CERT;FALS;FALS;CERT;CERT;CERT;CERT;CERT;FALS;CERT;CERT;FALS;FALS;FALS;FALS;FALS;CERT;FALS;FALS;;436,123;;-5,79;;9,58;;1,33;1,609594409;;58,55696259;;3,09;648;;;;-12,1;2,43698;;;0,14;0,26;>10 to < 100 tonnes;10;100;1;0;0;1;0;1;1;1;1;0;0;1;0;1;1;0;0;0;1;1;1;1;0;1;1;1;1;0;1;1;0;0;1;1;1;1;0;1;1;0;0;0;0;1;1;0;1;0;1;0;0;0;0;0;0;0;1;1;1;1;0;1;0;1;0;0,983174003;;0,489597175;;;;;0,567242293;FALS;0;0;0;0;349,1;low ;0;17960;low ;0;2430;low ;0;0,404475355;0,014004041;0,072901551;0,032748345;0,404475355;;;P_score_freshwater_pred_UBA;0,983174003;0,736385589;;;M_score_pred_Dashboard;0,567242293;0,567242293;E_score_max;0,26;0,746791722;1;;;0,646304147;1;0,404475355;0,5;0,608737914;0,75;0,404475355;0,25;0,552826242;0,75;2.00;vPvM;;PM;
1-(3-chloropyridin-2-yl)-N-[4-cyano-2-methyl-6-(methylcarbamoyl)phenyl]-3-{[5-(trifluoromethyl)-2H-tetrazol-2-yl]methyl}-1H-pyrazole-5-carboxamide;1229654-66-3;810-161-6;KNDVJPKNBVIKML-UHFFFAOYSA-N;CC1=CC(=CC(=C1NC(=O)C2=CC(=NN2C3=C(C=CC=N3)Cl)CN4N=C(N=N4)C(F)(F)F)C(=O)NC)C#N;DTXSID40894829;56602311;PRO-014;;REACH-A;FALS;vPvM;HQ;PM;FALS;FALS;;;FALS;FALS;FALS;FALS;FALS;FALS;FALS;FALS;FALS;FALS;FALS;FALS;FALS;FALS;FALS;FALS;FALS;FALS;;;;FALS;FALS;CERT;FALS;FALS;FALS;CERT;FALS;FALS;FALS;CERT;FALS;FALS;FALS;FALS;FALS;FALS;FALS;FALS;FALS;FALS;FALS;FALS;FALS;FALS;;544,88;;2,8;;9,71;;0,000301;1,640481437;;34,81331749;;11,2;24;183;218;2,3;;;;;0,11;0,22;>10 to < 100 tonnes;10;100;0;0;0;0;0;0;0;0;0;0;0;0;0;0;0;0;0;0;0;0;0;0;0;0;0;1;0;0;0;0;0;0;0;0;0;0;0;0;0;0;0;0;0;0;0;0;0;0;0;0;0;0;0;0;0;0;0;0;0;0;0;0;0;0;0;0,17272887;;0,282810472;0,507063787;0,581135565;0,448200481;;0,561979406;FALS;0;0;0;0;149,9;low ;0;2260;low ;0,174;277,2;low ;0;;0,033760885;0,101944655;0,079967167;0,005874394;P_score_sediment_exp_UBA;0,581135565;P_score_sediment_exp_UBA;0,581135565;0,385934673;M_score_exp_UBA;0,448200481;M_score_pred_Dashboard;0,561979406;0,505089944;E_score_max;0,22;0,571477226;1;0,510357953;1;0,441510728;1;0,005874394;0,5;0,124256842;0,75;0,11523143;0,75;0,104620116;0,75;0.00;PM;PM;PM;
1-(pyrimidin-5-ylmethyl)-3-[3-(trifluoromethyl)phenyl]pyrido[1,2-a]pyrimidin-1-ium-3-ide-2,4-dione;1263133-33-0;816-285-7;LHZOTJOOBRODLL-UHFFFAOYSA-N;C1=CC2=[N+](C(=C(C(=O)N2C=C1)C3=CC(=CC=C3)C(F)(F)F)[O-])CC4=CN=CN=C4;DTXSID90155139;57414497;PRO-015;;REACH-A;FALS;vPvM;HQ;vPvM;FALS;FALS;;;FALS;FALS;FALS;FALS;FALS;FALS;FALS;FALS;FALS;FALS;FALS;FALS;FALS;FALS;FALS;FALS;FALS;FALS;;;;CERT;CERT;FALS;FALS;FALS;FALS;CERT;FALS;FALS;FALS;CERT;FALS;FALS;FALS;FALS;FALS;FALS;FALS;FALS;FALS;FALS;FALS;FALS;FALS;FALS;;398,345;;0,495;;11,7;;0,00403;2,770115295;;34,81331749;;5,75;;740;692;1,6;;;;;0;0;;;;0;0;0;0;0;0;0;0;0;0;0;0;0;0;0;0;0;0;0;0;0;0;0;0;0;1;0;0;0;0;0;0;0;0;0;0;0;0;0;0;0;0;0;0;0;0;0;0;0;0;0;0;0;0;0;0;0;0;0;0;0;0;0;0;0;;;0,282810472;0,918093788;0,909048964;0,568874072;;0,369630279;FALS;0;0;0;0;212,2;low ;0,189;3370;low ;0,225;442,3;low ;0,186;;0,028536218;0,08893201;0,066253485;0,035159106;P_score_soil_exp_UBA;0,918093788;P_score_soil_exp_UBA;0,918093788;0,703317741;M_score_exp_UBA;0,568874072;M_score_exp_UBA;0,568874072;0,469252176;E_score_min;0;0,72268925;1;0,72268925;1;0,574485318;1;0,035159106;0,5;0,263823617;0,75;0,263823617;0,75;0,226394165;0,75;0.00;vPvM;vPvM;PM;
"1,1,1,2,2,3,3,4,4-nonafluoro-4-methoxybutane; 1,1,1,2,3,3-hexafluoro-3-methoxy-2-(trifluoromethyl)propane";163702-08-7;422-270-2;JZYGTCBELUZFGX-UHFFFAOYSA-N;c1(NP(=O)(N)N)c(N(=O)=O)cccc1;;;PRO-016;NS00011159;REACH-B;FALS;vPvM & PMT;HQ;vPvM & PMT;FALS;FALS;;;FALS;FALS;FALS;FALS;FALS;FALS;FALS;FALS;FALS;FALS;FALS;FALS;FALS;FALS;FALS;CERT;FALS;CERT;;;;FALS;FALS;CERT;CERT;FALS;FALS;FALS;FALS;FALS;CERT;CERT;CERT;FALS;FALS;FALS;CERT;FALS;FALS;FALS;FALS;FALS;FALS;CERT;FALS;FALS;;;;;;;;;;;;;;4423;;;1,8;;0,8733;;0,7;0,12;0;>10 tonnes;10;;0;0;0;0;0;0;0;0;0;0;0;0;0;0;0;0;0;0;0;0;0;0;0;0;0;0;0;0;0;0;0;0;0;0;0;0;0;0;0;0;0;0;0;0;0;0;0;0;0;0;0;0;0;0;0;0;0;0;0;0;0;0;0;0;0;0,999358648;;;;;0,534601961;;;FALS;0;0;0;0;570,3;low ;0,329;3230;low ;0,323;6770;low ;0,282;0,514704893;0,029051522;0,059742879;0,021236084;0,525203755;;;P_score_freshwater_pred_UBA;0,999358648;0,999358648;M_score_exp_UBA;0,534601961;M_score_exp_UBA;0,534601961;0,534601961;kemi_score;0,7;0,730930293;1;0,534601961;0,5;0,730930293;1;0,525203755;0,5;0,654676243;0,75;0,529882022;0,5;0,654676243;0,75;;vPvM;PM;vPvM;2
"1,1,1,2,2,3,3,4,4-nonafluoro-4-methoxybutane; 1,1,1,2,3,3-hexafluoro-3-methoxy-2-(trifluoromethyl)propane";163702-08-7;422-270-2;JZYGTCBELUZFGX-UHFFFAOYSA-N;CC(C)(C)CC(C)(C)c1cc(n2nc3ccccc3n2)c(O)c(c1)C(C)(C)c1ccccc1;;;PRO-017;NS00011159;REACH-B;FALS;vPvM & PMT;HQ;vPvM & PMT;FALS;FALS;;;FALS;FALS;FALS;FALS;FALS;FALS;FALS;FALS;FALS;FALS;FALS;FALS;FALS;FALS;FALS;CERT;FALS;CERT;;;;FALS;FALS;CERT;CERT;FALS;FALS;FALS;FALS;FALS;CERT;CERT;CERT;FALS;FALS;FALS;CERT;FALS;FALS;FALS;FALS;FALS;FALS;CERT;FALS;FALS;;;;;;;;;;;;;;1520;;;1,9;;0,8733;;0,7;0,12;0;>10 tonnes;10;;0;0;0;0;0;0;0;0;0;0;0;0;0;0;0;0;0;0;0;0;0;0;0;0;0;0;0;0;0;0;0;0;0;0;0;0;0;0;0;0;0;0;0;0;0;0;0;0;0;0;0;0;0;0;0;0;0;0;0;0;0;0;0;0;0;0,996031329;;;;;0,517321745;;;FALS;0;0;0;0;151;low ;0;183,9;low ;0,203;154,2;low ;0,244;0,514704893;0,094099075;0,101654316;0,100825631;0,542843281;;;P_score_freshwater_pred_UBA;0,996031329;0,996031329;M_score_exp_UBA;0,517321745;M_score_exp_UBA;0,517321745;0,517321745;kemi_score;0,7;0,717822168;1;0,517321745;0,5;0,717822168;1;0,542843281;0,5;0,653987428;0,75;0,529928895;0,5;0,653987428;0,75;;vPvM;PM;vPvM;2
1,1,1,3,3,3-hexafluoropropan-2-ol;920-66-1;213-059-4;BYEAHWXPCBROCE-UHFFFAOYSA-N;OC(C(F)(F)F)C(F)(F)F;DTXSID1022134;13529;PRO-018;NS00008561;REACH-B;FALS;vPvM;MQ;vPvM;FALS;FALS;;;FALS;FALS;FALS;FALS;FALS;FALS;FALS;FALS;FALS;FALS;FALS;FALS;FALS;FALS;FALS;CERT;FALS;FALS;;Intermediate;;CERT;CERT;CERT;FALS;FALS;FALS;CERT;FALS;FALS;FALS;FALS;FALS;CERT;FALS;FALS;FALS;FALS;FALS;FALS;FALS;FALS;FALS;FALS;FALS;FALS;P-PNEC pred;168,038;1,66;1,55;;2,68;;0,213;1,269512944;1,4319;1978,313514;117,0476527;2,51;271;;;;0,4;68,62284;0,6;0,72;0,03;0,1;>1 to < 10 tonnes;1;10;0;0;0;0;0;0;0;0;0;0;0;0;0;0;0;0;0;0;1;0;0;0;0;0;0;0;0;1;0;0;1;0;0;0;0;0;0;0;0;0;0;0;0;0;0;0;0;0;0;0;1;1;0;0;1;0;0;0;0;0;0;0;0;0;0;0,929403153;0,758112303;0,997467121;;;;0,597191583;0,623946931;FALS;0;0;0;0;1350;low ;0,307;16940;low ;0,365;10320;low ;0;0,13746947;0,014359026;0,041873214;0,017746176;0,149875537;;;P_score_freshwater_pred_Dashboard;0,997467121;0,894994192;;;M_score_pred_Dashboard;0,623946931;0,610569257;kemi_score;0,72;0,788902116;1;;;0,739226581;1;0,299875511;1;0,486387115;1;0,299875511;0,5;0,470824754;1;0.00;vPvM;;vPvM;1
1,1,1,3,5,5,5-heptamethyltrisiloxane;1873-88-7;217-496-1;QNWOFLWXQGHSRH-UHFFFAOYSA-N;C[SiH](O[Si](C)(C)C)O[Si](C)(C)C;DTXSID1038795;74640;PRO-019;NS00046548;REACH-A;CERT;PMT;HQ;Not PMT/vPvM;FALS;FALS;;;FALS;FALS;FALS;FALS;FALS;FALS;FALS;FALS;FALS;FALS;FALS;FALS;FALS;FALS;FALS;CERT;FALS;FALS;;;;CERT;CERT;CERT;FALS;FALS;FALS;CERT;FALS;FALS;FALS;FALS;FALS;FALS;FALS;FALS;FALS;FALS;FALS;FALS;CERT;CERT;FALS;FALS;FALS;FALS;P-PNEC pred;222,506;;5,21;;3,24;;2,57E-05;2,640481437;5,3459;8,69E+92;27,33156583;14,1;;120;192;3,6;;3,126909873;;0,55;0,27;0,35;>1000 to < 10000 tonnes;1000;10000;1;0;0;0;0;0;0;0;0;0;0;0;0;0;0;0;0;0;1;0;1;0;0;0;0;0;0;0;0;0;1;0;0;0;0;0;0;0;0;0;0;0;0;0;0;0;0;0;0;0;1;1;1;0;0;0;0;0;0;0;0;0;0;0;1;;0,206821431;1;0,333333333;0,527554388;0,248050747;0,089545166;0,390800666;FALS;0;0;0;0;638,8;low ;0;4060;low ;0,279;2080;low ;0;0,378689261;0,026377147;0,057034954;0,034956683;0,393006852;P_score_sediment_exp_UBA;0,527554388;P_score_freshwater_pred_Dashboard;1;0,516927288;M_score_exp_UBA;0,248050747;M_score_pred_Dashboard;0,390800666;0,24279886;kemi_score;0,55;0,625140517;1;0,361746126;1;0,354272996;1;0,393006852;0,5;0,535531646;0,75;0,371879839;0,75;0,366740389;0,75;0.00;PM;PM;PM;2
1,1,1-trichloroethane;71-55-6;200-756-3;UOCLXMDMGBRAIB-UHFFFAOYSA-N;CC(Cl)(Cl)Cl;DTXSID0021381;6278;PRO-020;NS00006146;REACH-B;FALS;vPvM;MQ;PM;FALS;FALS;;;FALS;FALS;FALS;FALS;FALS;FALS;FALS;FALS;FALS;FALS;FALS;FALS;FALS;FALS;FALS;FALS;FALS;FALS;"Arts and crafts/office supplies -> general arts and crafts supplies -> arts and crafts cleaner; Arts and crafts/office supplies -> home office -> pens and markers; Arts and crafts/office supplies -> home office -> white out; Cleaning and safety; Cleaning products and household care -> air freshener; Cleaning products and household care -> carpet and floor; Cleaning products and household care -> carpet and floor -> carpet cleaner; Cleaning products and household care -> carpet and floor -> floor polish; Cleaning products and household care -> laundry and fabric treatment -> anti-static spray; Cleaning products and household care -> laundry and fabric treatment -> fabric protectant; Cleaning products and household care -> metal specific -> metal polish; Cleaning products and household care -> wood specific; Electronics/small appliances -> computers and accessories/supplies; Electronics/small appliances -> computers and accessories/supplies -> printer ink; Electronics/small appliances -> computers and accessories/supplies -> printer toner; Home maintenance; Home maintenance -> adhesives and adhesive removers -> multipurpose adhesive; Home maintenance -> adhesives and adhesive removers -> wood adhesive; Home maintenance -> caulk/sealant; Home maintenance -> degreaser; Home maintenance -> insulation; Home maintenance -> lubricant; Home maintenance -> paint/stain and related products; Home maintenance -> paint/stain and related products -> paint; Home maintenance -> paint/stain and related products -> primer; Home maintenance -> paint/stain and related products -> stripper; Home maintenance -> surface sealers; Manufactured formulations; Manufactured formulations -> Flame retardants; Personal care; Personal care -> child specific; Personal care -> hair styling and care; Personal care -> hair styling and care -> hair conditioner; Pesticides; Pesticides -> animal repellent; Pesticides -> insect repellent; Pesticides -> insecticide; Pet care -> cats; Sports equipment; Vehicle -> auto body work; Vehicle -> engine maintenance -> auto fluids and additives; solvent; solvent; solvents";Intermediate;;FALS;FALS;FALS;FALS;FALS;FALS;FALS;FALS;FALS;FALS;FALS;FALS;FALS;FALS;FALS;FALS;FALS;FALS;FALS;FALS;FALS;FALS;FALS;FALS;FALS;EQS water (=AA-EQS);133,4;2,49;2,43;2,7;2,72;0,0101;0,0079;1,949877704;2,1607;361,4052844;77,5828328;5,01;107;;;;2,5;21;0,47;0,67;0;0;;;;0;0;0;0;0;0;0;0;0;0;0;0;0;0;0;0;0;0;0;0;0;0;0;0;0;0;0;0;0;0;0;0;0;0;0;0;0;0;0;0;0;0;0;0;0;0;0;0;0;0;0;0;0;0;0;0;0;0;0;0;0;0;0;0;0;0,728875616;0,608103461;0,955625166;;;;0,472181569;0,508684659;CERT;0;0;0;0;2670;low ;0,638;729,2;moderate ;0,85;21440;moderate ;0,85;0,210449298;0,054021043;0,031477117;0,012980715;0,226558087;;;P_score_freshwater_pred_Dashboard;0,955625166;0,764201414;;;M_score_pred_Dashboard;0,508684659;0,490433114;kemi_score;0,67;0,697217227;1;;;0,612200685;1;0,326316259;1;0,476983561;1;0,326316259;0,5;0,446957534;1;0.00;PM;;PM;2
1,1,2,2,3,3,4,4,4-nonafluorobutane-1-sulphonic acid;375-73-5;206-793-1;JGTNAGYHADQMCM-UHFFFAOYSA-N;OS(=O)(=O)C(F)(F)C(F)(F)C(F)(F)C(F)(F)F;DTXSID5030030;67815;PRO-021;NS00010276;REACH-C;FALS;vPvM & PMT;HQ;vPvM & PMT;CERT;CERT;x;x;CERT;CERT;CERT;CERT;CERT;CERT;FALS;FALS;FALS;FALS;FALS;FALS;FALS;FALS;CERT;FALS;FALS;FALS;used as a stain or water repellent.;;;FALS;FALS;CERT;FALS;FALS;FALS;CERT;FALS;FALS;FALS;FALS;FALS;FALS;FALS;FALS;FALS;FALS;FALS;FALS;FALS;FALS;FALS;FALS;FALS;FALS;P-PNEC pred;300,09;;2,79;;4,16;0,0017;0,835;2,69019608;1,9318;87,35672301;246,896371;6,31;;;;1,4;;4,08002;0,51;0,41;0,03;0,09;>1 to < 10 tonnes;1;10;0;0;0;0;0;0;0;0;0;0;0;0;0;0;0;0;0;0;0;0;0;0;0;0;0;0;0;0;0;0;1;0;0;0;0;0;0;0;0;0;0;0;0;0;0;0;0;0;0;0;0;0;0;0;1;0;0;0;0;0;0;0;0;0;0;;0,918213364;0,655247715;;;0,602498941;0,511815959;0,382628249;FALS;0;0;0;0;187,4;low ;0,196;799,7;low ;0,198;9830;low ;0;0,351908135;0,052009056;0,093403422;0,018118208;0,372919572;;;P_score_freshwater_pred_RIVM;0,918213364;0,78673054;M_score_exp_UBA;0,602498941;M_score_exp_UBA;0,602498941;0,49898105;kemi_score;0,41;0,743789338;1;0,602498941;0,5;0,626548985;1;0,436106617;1;0,569536173;1;0,485713917;0,75;0,522725701;1;0.00;vPvM;PM;PM;3
1,1,2,2-tetrahydroperfluoro-1-tetradecanol;39239-77-5;254-373-1;QBBJBWKVSJWYQK-UHFFFAOYSA-N;C(CO)C(C(C(C(C(C(C(C(C(C(C(C(F)(F)F)(F)F)(F)F)(F)F)(F)F)(F)F)(F)F)(F)F)(F)F)(F)F)(F)F)(F)F;DTXSID3068170;162368;PRO-022;NS00010926;;FALS;;;;FALS;FALS;;;FALS;FALS;FALS;FALS;FALS;FALS;FALS;FALS;FALS;FALS;FALS;FALS;FALS;FALS;FALS;FALS;FALS;FALS;;;;FALS;FALS;FALS;FALS;FALS;FALS;FALS;FALS;FALS;FALS;FALS;FALS;FALS;FALS;FALS;FALS;FALS;FALS;FALS;FALS;FALS;FALS;FALS;FALS;FALS;;664,153;;8,7;;5,74;;1,43E-06;5,269512944;5,171;244,6919323;34633,16406;407;;;;;;0,092101804;;0,46;;;;;;0;0;0;0;0;0;0;0;0;0;0;0;0;0;0;0;0;0;0;0;0;0;0;0;0;0;0;0;0;0;0;0;0;0;0;0;0;0;0;0;0;0;0;0;0;0;0;0;0;0;0;0;0;0;0;0;0;0;0;0;0;0;0;0;0;;0,99998097;0,917054554;;;;0,099932958;0,093956647;FALS;0;0;0;0;24,2;low ;0,175;0,2;low ;0;343,8;low ;0;0,738025627;0,667959369;0,200396934;0,073351873;0,788751067;;;P_score_freshwater_pred_RIVM;0,99998097;0,958517762;;;M_score_pred_Episuite;0,099932958;0,096944803;kemi_score;0,46;0,316118738;1;;;0,304833258;1;0,788751067;0,5;0,428759227;0,75;0,788751067;0,25;0,41849302;0,75;1.00;(T);(T);(T);3
1,1,2-trichloroethane;79-00-5;201-166-9;UBOXGVDOUJQMTN-UHFFFAOYSA-N;ClCC(Cl)Cl;DTXSID5021380;6574;PRO-023;NS00004799;REACH-B;FALS;vPvM & PMT;MQ;vPvM & PMT;FALS;FALS;;;FALS;FALS;FALS;FALS;FALS;FALS;FALS;FALS;FALS;FALS;FALS;FALS;FALS;FALS;FALS;FALS;FALS;FALS;;Intermediate;;CERT;FALS;FALS;FALS;FALS;FALS;FALS;FALS;FALS;FALS;FALS;FALS;FALS;FALS;FALS;FALS;FALS;FALS;FALS;FALS;FALS;FALS;FALS;FALS;FALS;JG-MKN (totaal);133,4;1,98;1,89;3,4;3,35;0,0335;0,0196;1,889861721;1,6399;96,54410977;51,29406907;5,01;56;;;1,7;;22;0,56;0,65;0;0;;;;0;0;0;0;0;0;0;0;0;0;0;0;0;0;0;0;0;0;1;0;0;0;0;0;0;0;0;0;0;0;0;0;0;0;0;0;0;0;0;0;0;0;0;0;0;0;0;0;0;0;1;1;0;0;0;0;0;0;0;0;0;0;0;0;0;0,470548111;0,433398376;0,692777862;;;0,551799519;0,562078611;0,519076245;CERT;0,5;0;0;0;12690;low ;0,378;729,2;moderate ;0,85;15600;low ;0,7;0,207111932;0,054021043;0,016247079;0,014874443;0,221314726;;;P_score_freshwater_pred_Dashboard;0,692777862;0,53224145;M_score_exp_UBA;0,551799519;M_score_pred_Episuite;0,562078611;0,544318125;kemi_score;0,65;0,62401572;1;0,551799519;0,5;0,538245918;1;0,352045802;1;0,468702586;1;0,408940276;0,75;0,435301293;1;0.00;PM;PM;PM;2
1,1-Dichloroethane;75-34-3;200-863-5;SCYULBFZEHDVBN-UHFFFAOYSA-N;CC(Cl)Cl;DTXSID1020437;6365;PRO-024;NS00001673;;FALS;;;;FALS;FALS;;;FALS;FALS;FALS;FALS;FALS;FALS;FALS;FALS;FALS;FALS;FALS;FALS;FALS;FALS;FALS;FALS;FALS;FALS;"solvent; solvent";Intermediate;;FALS;FALS;FALS;FALS;FALS;FALS;FALS;FALS;FALS;FALS;FALS;FALS;FALS;FALS;FALS;FALS;FALS;FALS;FALS;FALS;FALS;FALS;FALS;FALS;FALS;;98,95;1,79;1,7;2,41;2,32;0,0513;0,0414;1,480006943;1,5531;275,8893832;31,53926299;6,61;;;;;;92;0,58;0,53;;;;;;0;0;0;0;0;0;0;0;0;0;0;0;0;0;0;0;0;0;0;0;0;0;0;0;0;0;0;0;0;0;0;0;0;0;0;0;0;0;0;0;0;0;0;0;0;0;0;0;0;0;0;0;0;0;0;0;0;0;0;0;0;0;0;0;0;;0,249851188;0,931382676;;;;0,576828503;0,589144938;CERT;0;0;0;0;1790;low ;0,45;1450;;1;57490;;1;0,123057702;0,040645677;0,037224503;0,008496297;0,138554333;;;P_score_freshwater_pred_Dashboard;0,931382676;0,590616932;;;M_score_pred_Dashboard;0,589144938;0,582986721;kemi_score;0,53;0,740755958;1;;;0,586789424;1;0,283481063;1;0,458246971;1;0,283481063;0,5;0,407852535;1;0.00;vPvM;;PM;3
1,1-dichloroethylene;75-35-4;200-864-0;LGXVIGDEPROXKC-UHFFFAOYSA-N;C=C(Cl)Cl;DTXSID8021438;6366;PRO-025;NS00008027;REACH-A;FALS;vPvM & PMT;MQ;vPvM & PMT;FALS;FALS;;;FALS;FALS;FALS;FALS;FALS;FALS;FALS;FALS;FALS;FALS;FALS;FALS;FALS;FALS;FALS;FALS;FALS;FALS;Home maintenance -> caulk/sealant;Intermediate;;CERT;CERT;CERT;CERT;FALS;CERT;CERT;FALS;FALS;FALS;FALS;FALS;FALS;FALS;FALS;FALS;FALS;FALS;FALS;FALS;FALS;FALS;FALS;FALS;FALS;JG-MKN (totaal);96,94;2,13;2,03;;2,6;0,0235;0,0241;1,810232518;1,8482;2807,360508;31,26359992;12,9;36;;;1,4;;9;0,53;0,67;0,24;0,33;>1000 to < 10000 tonnes;1000;10000;0;0;0;0;0;0;0;0;0;0;0;0;0;0;0;0;0;0;1;0;0;0;0;0;0;0;0;0;0;0;1;0;0;0;0;0;0;0;0;0;0;0;0;0;0;0;0;0;0;0;1;1;0;1;1;0;0;0;0;0;0;0;0;0;0;0,294575966;0,247048999;0,998606012;;;0,602498941;0,526280693;0,532836867;CERT;0,5;0;0;0;725,7;low ;0;1710;good ;1;22600;moderate ;0,85;0,27803242;0,037942728;0,054127924;0,012690769;0,2931911;;;P_score_freshwater_pred_Dashboard;0,998606012;0,513410326;M_score_exp_UBA;0,602498941;M_score_exp_UBA;0,602498941;0,553872167;kemi_score;0,67;0,775666851;1;0,602498941;0,5;0,53325762;1;0,39419701;1;0,552960716;1;0,454075058;0,75;0,45848507;1;0.00;vPvM;PM;PM;2
1,2,3,4-tetrahydronaphthalene;119-64-2;204-340-2;CXWXQJXEFPUFDZ-UHFFFAOYSA-N;C1CCC2=CC=CC=C2C1;DTXSID1026118;8404;PRO-026;NS00008482;REACH-A;CERT;vPvM & PMT;MQ;PMT;FALS;FALS;;;FALS;FALS;FALS;FALS;FALS;FALS;FALS;FALS;FALS;FALS;FALS;FALS;FALS;FALS;FALS;FALS;FALS;FALS;Vehicle -> engine maintenance -> auto fluids and additives;"Heat transferring agent; Not Known or Reasonably Ascertainable";Solvent;CERT;CERT;CERT;CERT;FALS;CERT;CERT;FALS;FALS;FALS;CERT;FALS;FALS;FALS;FALS;FALS;FALS;FALS;FALS;FALS;FALS;FALS;FALS;FALS;FALS;P-PNEC pred;132,206;3,49;3,85;;5,01;0,000347;0,000539;3,230448921;3,0286;2807,360508;24,80117319;339;41;;;2,7;;2,95739;0,33;0,7;0,27;0,35;>1000 to < 10000 tonnes;1000;10000;0;0;0;0;0;0;0;1;0;0;0;0;0;0;0;1;0;0;1;0;0;1;0;0;0;0;0;0;0;0;1;0;0;0;0;0;0;0;0;0;0;1;0;0;0;0;1;0;0;0;1;1;0;1;0;0;0;0;0;0;0;0;0;0;0;0,342778895;0,180898203;0,998606012;;;0,381024261;0,328942649;0,2988286;CERT;0;0;0;0;320,7;low ;0,7;276,9;good ;1;324,1;good ;1;0,384401213;0,080001772;0,075431725;0,075112923;0,412425915;;;P_score_freshwater_pred_Dashboard;0,998606012;0,507427703;M_score_exp_UBA;0,381024261;M_score_exp_UBA;0,381024261;0,33626517;kemi_score;0,7;0,616841242;1;0,381024261;0,5;0,413074161;1;0,368918083;1;0,477036569;1;0,372910122;0,75;0,390372294;1;1.00;PM;PM;PM;2
1,2,3,6-tetrahydromethyl-3,6-methanophthalic anhydride;25134-21-8;246-644-8;KNRCVAANTQNTPT-UHFFFAOYSA-N;CC12C3CC(C1C(=O)OC2=O)C=C3;DTXSID6027844;32802;PRO-027;NS00002939;REACH-A;CERT;vPvM & PMT;MQ;PMT;FALS;FALS;;;FALS;FALS;FALS;FALS;FALS;FALS;FALS;FALS;FALS;FALS;FALS;FALS;FALS;FALS;FALS;FALS;FALS;FALS;;;;CERT;CERT;CERT;CERT;FALS;CERT;CERT;FALS;FALS;FALS;CERT;CERT;FALS;FALS;FALS;FALS;FALS;FALS;FALS;FALS;FALS;FALS;FALS;FALS;FALS;P-PNEC;;;1,76;;7,84;;0,0894;1,989894564;1,7221;87,35672301;22,57980753;3,98;44;;;;1,7;1,748541789;0,55;0,59;0,33;0,44;>1000 to < 10000 tonnes;1000;10000;0;1;0;0;0;0;0;0;0;0;0;0;0;0;0;0;0;0;0;0;0;0;0;0;0;0;0;0;0;0;1;0;0;0;0;0;0;0;0;0;0;0;0;0;0;0;0;0;0;0;0;1;0;1;1;0;0;0;1;1;0;0;0;0;0;0,370467128;0,158332769;0,655247715;;;;0,548008049;0,501751131;FALS;0;0;0;0;1090;low ;0,7;2600;low ;0,645;1330;low ;0,7;0,439626994;0,031830774;0,045763422;0,04213405;0,452774899;;;P_score_freshwater_pred_Dashboard;0,655247715;0,394682538;;;M_score_pred_Episuite;0,548008049;0,52487959;kemi_score;0,59;0,599233696;1;;;0,455149216;1;0,499025244;1;0,546838862;1;0,499025244;0,5;0,476582573;1;0.00;PM;;PM;2
1,2,3-trichlorobenzene;87-61-6;201-757-1;RELMFMZEBKVZJC-UHFFFAOYSA-N;Clc1cccc(Cl)c1Cl;DTXSID8026193;6895;PRO-028;NS00004401;REACH-B;FALS;vPvM & PMT;MQ;PMT;FALS;FALS;;;FALS;FALS;FALS;FALS;FALS;FALS;FALS;FALS;FALS;FALS;FALS;FALS;FALS;FALS;FALS;FALS;FALS;FALS;;;;CERT;FALS;CERT;FALS;FALS;FALS;FALS;FALS;FALS;FALS;FALS;FALS;FALS;FALS;FALS;FALS;FALS;FALS;FALS;FALS;FALS;FALS;FALS;FALS;FALS;EQS chronic water (=AA-EQS);181,44;4,08;3,91;5,19;5,17;0,000111;9,68E-05;3,330413773;3,3097;58,55696259;76,72491134;676;117;;;2,9;;0,4;0,29;0,48;0;0;;;;0;0;0;0;0;0;0;0;0;0;0;0;0;0;0;0;0;0;1;0;0;0;0;0;0;0;0;0;0;0;0;0;0;0;0;0;0;0;0;0;0;0;0;0;0;0;0;0;0;0;0;1;0;0;0;0;0;0;0;0;0;0;0;0;0;0,757984627;0,603564093;0,489597175;;;0,34891032;0,287447192;0,284515428;FALS;0;0;0;0;250,4;good ;1;92,2;;1;404,4;;1;0,598192625;0,122955965;0,083276895;0,068701351;0,620371736;;;P_score_freshwater_pred_UBA;0,757984627;0,617048632;M_score_exp_UBA;0,34891032;M_score_exp_UBA;0,34891032;0,306957647;kemi_score;0,48;0,514265164;1;0,34891032;0,5;0,435210059;1;0,4241554;1;0,467042125;1;0,397424472;0,75;0,429647177;1;1.00;PM;PM;PM;3
1,2,3-trichloropropane;96-18-4;202-486-1;CFXQEHVMCRXUSD-UHFFFAOYSA-N;ClCC(Cl)CCl;DTXSID9021390;7285;PRO-029;NS00006830;REACH-C;CERT;vPvM & PMT;MQ;vPvM & PMT;FALS;FALS;;;FALS;FALS;FALS;FALS;FALS;FALS;FALS;FALS;FALS;FALS;FALS;FALS;FALS;FALS;FALS;FALS;FALS;FALS;;Intermediate;;CERT;CERT;CERT;FALS;FALS;FALS;CERT;FALS;FALS;FALS;FALS;FALS;FALS;FALS;FALS;FALS;FALS;FALS;FALS;FALS;FALS;FALS;FALS;FALS;FALS;PNEC aqua (freshwater);147,42;2,27;2,22;;3,47;0,0119;0,0085;2,399673721;1,9697;96,54410977;54,4918344;12,9;2500;;;1,9;;88;0,51;0,63;0,24;0,33;>1000 to < 10000 tonnes;1000;10000;0;0;0;0;0;0;0;0;0;0;0;0;0;0;0;0;0;0;1;0;0;0;0;0;0;0;0;0;0;0;0;0;0;0;0;0;0;0;0;0;0;0;0;0;0;0;0;0;0;0;1;1;0;1;1;0;0;0;0;0;0;0;0;0;0;0,998300918;0,45893889;0,692777862;;;0,517321745;0,505250397;0,431181396;CERT;0,75;0;0,75;0;4580;low ;0,351;683,8;moderate ;0,85;5160;moderate ;0,85;0,125156214;0,0554656;0,025065803;0,023830971;0,143978112;;;P_score_freshwater_pred_UBA;0,998300918;0,716672557;M_score_exp_UBA;0,517321745;M_score_exp_UBA;0,517321745;0,484584512;kemi_score;0,63;0,718639529;1;0,517321745;0,5;0,58931182;1;0,270977558;1;0,441288097;1;0,336157234;0,75;0,39961266;1;0.00;vPvM;PM;PM;2
1,2,4-triazole;288-88-0;206-022-9;NSPMIYGKQJPBQR-UHFFFAOYSA-N;c1ncn[nH]1;DTXSID6027131;9257;PRO-030;NS00004235;REACH-B;CERT;PMT;HQ;PMT;FALS;FALS;;;FALS;FALS;FALS;FALS;FALS;FALS;FALS;FALS;FALS;FALS;FALS;FALS;FALS;FALS;FALS;CERT;FALS;FALS;common metabolite of triazole compounds;"Adhesives and sealant chemicals; Intermediate; Intermediates";Adhesives and sealant chemicals;CERT;CERT;CERT;FALS;FALS;FALS;CERT;FALS;FALS;FALS;CERT;FALS;CERT;FALS;FALS;FALS;CERT;CERT;FALS;FALS;FALS;FALS;FALS;FALS;FALS;EQS water (=AA-EQS);69,067;-0,58;-0,608;;3,71;;2,42;0,920123326;0,6772;120,3013687;14,10756138;1,48;2500;;;;-0,7;64;;0,83;0;0,12;>0 to < 10 tonnes;0;10;1;0;0;0;0;0;0;0;0;0;0;1;0;0;0;0;0;0;1;0;1;0;0;0;0;0;0;1;0;0;0;0;0;0;0;0;0;0;0;0;0;0;1;0;0;0;0;0;0;0;0;1;0;0;0;0;0;0;0;0;0;0;1;0;0;0,998300918;0,077647648;0,76660347;;;;0,714409037;0,678854706;CERT;0;0;0,75;0;3300;low ;0;3030;low ;0,267;4340;low ;0,644;0,141100445;0,029844881;0,028790019;0,025643435;0,155557222;;;P_score_freshwater_pred_UBA;0,998300918;0,614184012;;;M_score_pred_Episuite;0,714409037;0,696631871;kemi_score;0,83;0,84450885;1;;;0,654110203;1;0,155557222;0,5;0,48050679;0,75;0,155557222;0,25;0,40525714;0,75;2.00;vPvM;;PM;1
1,2,4-trichlorobenzene;120-82-1;204-428-0;PBKONEOXTCPAFI-UHFFFAOYSA-N;Clc1ccc(Cl)cc1Cl;DTXSID0021965;13;PRO-031;NS00001861;REACH-B;FALS;PMT;MQ;Not PMT/vPvM;FALS;FALS;;;FALS;FALS;FALS;FALS;FALS;FALS;FALS;FALS;FALS;FALS;FALS;FALS;FALS;FALS;FALS;FALS;FALS;FALS;;"Intermediate; Laboratory chemicals; Pigments";"Laboratory chemicals; Pigments";CERT;CERT;CERT;FALS;FALS;FALS;CERT;FALS;FALS;FALS;CERT;FALS;FALS;FALS;FALS;FALS;FALS;FALS;FALS;FALS;FALS;FALS;FALS;FALS;FALS;AA-QSwater_eco;181,44;4;3,91;4,95;4,96;0,000256;0,000108;3,100370545;3,2931;48,91088652;76,72491134;2040;117;;;3,3;;4;0,29;0,52;0;0;;;;0;0;0;0;0;0;0;0;0;0;0;0;0;0;0;0;0;0;1;0;0;0;0;0;0;0;0;0;0;0;0;0;0;0;0;0;0;0;0;0;0;0;0;0;0;0;0;0;0;0;0;1;0;0;0;0;0;0;0;0;0;0;0;0;0;0,757984627;0,603564093;0,413545065;;;0,288826279;0,289809668;0,318056289;CERT;0;0;0;0;115,1;good ;1;23,7;;1;1000;;1;0,353872542;0,201853763;0,112938056;0,047425873;0,401707804;;;P_score_freshwater_pred_UBA;0,757984627;0,591697928;M_score_exp_UBA;0,288826279;M_score_pred_Dashboard;0,318056289;0,298897412;kemi_score;0,52;0,491000792;1;0,288826279;0,5;0,420543671;1;0,341314024;1;0,409372027;1;0,322835777;0,75;0,37886337;1;1.00;PM;;PM;3
1,2-dibromoethane;106-93-4;203-444-5;PAAZPARNPHGIKF-UHFFFAOYSA-N;C(CBr)Br;DTXSID3020415;7839;PRO-032;NS00002962;REACH-A;CERT;vPvM & PMT;MQ;vPvM & PMT;FALS;FALS;;;FALS;FALS;FALS;FALS;FALS;FALS;FALS;FALS;FALS;FALS;FALS;FALS;FALS;FALS;FALS;FALS;FALS;CERT;"Landscape/yard -> herbicide; Vehicle -> engine maintenance -> auto fluids and additives";Fuel agents;Fuel agents;CERT;CERT;CERT;FALS;FALS;FALS;CERT;FALS;FALS;FALS;CERT;FALS;CERT;CERT;FALS;FALS;FALS;FALS;FALS;FALS;FALS;FALS;CERT;FALS;FALS;EQS water (=AA-EQS);187,862;1,96;2,06;;3,65;0,0211;0,0119;1,710117365;1,7007;80197267,41;21,02791288;15,1;30;;;0,1;;0,002;0,55;0,71;0,34;0,45;>1000 to < 10000 tonnes;1000;10000;0;0;0;0;0;0;0;0;0;0;0;0;1;0;0;0;0;0;1;1;1;0;0;0;0;0;0;1;1;0;1;0;0;0;0;0;0;0;0;0;0;0;0;0;0;0;0;0;0;0;1;1;1;0;0;0;0;0;0;0;0;0;0;0;0;0,234164608;0,142777256;1;;;0,788678759;0,551679517;0,550064506;CERT;0,75;0;0;0;5820;low ;0,583;1030;moderate ;0,85;9840;low ;0;0,936965839;0,046849288;0,022644732;0,018110354;0,938106416;;;P_score_freshwater_pred_Dashboard;1;0,458980621;M_score_exp_UBA;0,788678759;M_score_exp_UBA;0,788678759;0,630140927;kemi_score;0,71;0,888075875;1;0,788678759;0,5;0,537794082;1;0,718302533;1;0,798690898;1;0,741034305;0,75;0,621529445;1;0.00;vPvM(T);vPvM(T);PM(T);1
1,2-dichlorobenzene;95-50-1;202-425-9;RFFLAFLAYFXFSW-UHFFFAOYSA-N;Clc1ccccc1Cl;DTXSID6020430;7239;PRO-033;NS00008007;REACH-A;CERT;PMT;HQ;Potential PMT/vPvM;FALS;FALS;;;FALS;FALS;FALS;FALS;FALS;FALS;FALS;FALS;FALS;FALS;FALS;FALS;FALS;FALS;FALS;FALS;FALS;FALS;"Cleaning products and household care -> bathroom -> bathroom cleaner; Cleaning products and household care -> drain products; Home maintenance -> adhesives and adhesive removers -> multipurpose adhesive; Home maintenance -> degreaser; Laboratory supplies; Personal care -> child specific -> baby lotion; Vehicle -> engine maintenance -> auto fluids and additives; Vehicle -> engine maintenance -> auto lubricant; solvent; solvents";;;CERT;CERT;CERT;FALS;FALS;FALS;CERT;FALS;FALS;FALS;CERT;FALS;FALS;FALS;FALS;FALS;FALS;FALS;FALS;FALS;FALS;FALS;FALS;FALS;FALS;JG-MKN (opgelost);147;3,43;3,31;4,36;4,37;0,000978;0,000666;2,559906625;2,9765;149,9047361;44,20008906;269;;191;;;3,3;6,9;0,34;0,72;0,35;0,44;>10000 to < 100000 tonnes;10000;100000;1;0;0;0;0;0;0;0;0;0;0;0;0;0;0;1;0;0;1;1;1;0;0;0;0;0;0;0;0;0;0;0;0;0;0;0;0;0;0;0;0;0;0;0;0;0;0;0;0;0;1;1;0;0;0;0;0;0;0;0;0;0;0;0;1;;0,372277883;0,827115887;0,52532889;;;0,336962875;0,404175325;CERT;0;0;0;0;870,6;moderate ;0,85;138,5;good ;1;843,9;;0,85;0,301777234;0,105132917;0,050219922;0,050869103;0,331152937;P_score_soil_exp_UBA;0,52532889;P_score_freshwater_pred_Dashboard;0,827115887;0,574907553;;;M_score_pred_Dashboard;0,404175325;0,3705691;kemi_score;0,72;0,578186676;1;0,52532889;0,5;0,461565786;1;0,335547312;1;0,44046451;1;0,389624512;0,75;0,393544354;1;1.00;PM;PM;PM;1
1,2-dichloroethane;107-06-2;203-458-1;WSLDOOZREJYCGB-UHFFFAOYSA-N;ClCCCl;DTXSID6020438;11;PRO-034;NS00004126;REACH-C;CERT;PMT;HQ;PMT;FALS;FALS;;;FALS;FALS;FALS;FALS;FALS;FALS;FALS;FALS;FALS;FALS;FALS;FALS;FALS;FALS;FALS;CERT;FALS;CERT;"Manufactured formulations; Vehicle -> engine maintenance -> auto fluids and additives; not reported; solvent; solvent";"Intermediate; Solvent";Intermediate;CERT;CERT;CERT;FALS;FALS;CERT;CERT;FALS;FALS;FALS;CERT;FALS;FALS;FALS;FALS;FALS;FALS;FALS;FALS;FALS;FALS;FALS;FALS;FALS;FALS;EQS chronic water (=AA-EQS);98,95;1,48;1,61;2,78;2,79;0,0868;0,0558;1,519827994;1,2841;22026,46579;31,53926299;6,61;2500;;;;1,5;10;0,62;0,83;0,71;0,83;>1000000 to < 10000000 tonnes;1000000;10000000;1;0;0;0;0;0;0;0;0;0;0;0;1;0;0;0;0;1;1;1;1;0;0;0;0;1;0;1;0;0;1;0;0;0;0;0;0;0;1;0;0;0;0;0;0;0;1;0;0;0;1;1;1;0;1;0;0;0;0;0;0;0;0;0;1;0,998300918;0,249851188;0,999958749;;;;0,621571563;0,582447769;CERT;0,75;0;0;0;8470;low ;0,623;1450;;1;40540;;1;0,268941421;0,040645677;0,019305264;0,009874425;0,27959573;;;P_score_freshwater_pred_Dashboard;0,999958749;0,749370285;;;M_score_pred_Episuite;0,621571563;0,602009666;kemi_score;0,83;0,788381838;1;;;0,671660744;1;0,416352438;1;0,572926436;1;0,416352438;0,5;0,52881716;1;0.00;vPvM;;PM;1
1,2-dichloropropane;78-87-5;201-152-2;KNKRKFALVUDBJE-UHFFFAOYSA-N;CC(CCl)Cl;DTXSID0020448;6564;PRO-035;NS00009881;REACH-A;CERT;vPvM & PMT;MQ;vPvM & PMT;FALS;FALS;;;FALS;FALS;FALS;FALS;FALS;FALS;FALS;FALS;FALS;FALS;FALS;FALS;FALS;FALS;FALS;CERT;CERT;FALS;Home maintenance -> paint/stain and related products -> stripper;Intermediate;;CERT;CERT;CERT;CERT;CERT;CERT;CERT;FALS;FALS;CERT;CERT;FALS;CERT;CERT;FALS;CERT;FALS;FALS;FALS;FALS;FALS;FALS;FALS;FALS;FALS;JG-MKN (totaal);112,98;1,98;2;2,96;2,99;0,0247;0,019;1,670245853;1,718;1978,313514;33,50547787;7,08;2500;;;1,7;;280;0,55;0,78;0,32;0,42;>1000 to < 10000 tonnes;1000;10000;1;1;0;0;0;0;0;1;0;0;0;0;0;0;0;0;0;1;1;0;0;0;0;0;0;0;0;0;0;0;0;0;0;1;0;0;0;0;0;0;0;1;0;0;0;0;1;0;0;1;1;1;0;0;0;0;0;1;0;1;1;0;0;0;0;0,998300918;0,269724229;0,997467121;;;0,551799519;0,548711878;0,556894558;CERT;0,75;0;0;0;8350;low ;0,375;617,6;;1;12390;;1;0,079646625;0,057828407;0,019422938;0,016413986;0,097719401;;;P_score_freshwater_pred_UBA;0,998300918;0,755164089;M_score_exp_UBA;0,551799519;M_score_pred_Dashboard;0,556894558;0,552468651;kemi_score;0,78;0,745619439;1;0,551799519;0,5;0,645913683;1;0,231831125;1;0,415761703;1;0,309533935;0,75;0,386966273;1;0.00;vPvM;PM;PM;1
1,3,4,6,7,8-hexahydro-4,6,6,7,8,8-hexamethylindeno[5,6-c]pyran;1222-05-5;214-946-9;ONKNPOPIGWHAQC-UHFFFAOYSA-N;CC1COCc2cc3c(cc12)C(C)(C)C(C)C3(C)C;DTXSID8027373;91497;PRO-036;NS00008760;REACH-A;CERT;PMT;HQ;Not PMT/vPvM;FALS;FALS;;;FALS;FALS;FALS;FALS;FALS;FALS;FALS;FALS;FALS;CERT;FALS;CERT;CERT;FALS;CERT;CERT;CERT;CERT;"Cleaning and safety; Cleaning products and household care; Cleaning products and household care -> air freshener; Cleaning products and household care -> bathroom -> bathroom cleaner; Cleaning products and household care -> laundry and fabric treatment -> laundry detergent; Personal care -> body care set; Personal care -> body hygiene -> body wash; Personal care -> fragrance; Personal care -> general moisturizing -> hand/body lotion; Personal care -> make-up and related -> lip color; Personal care -> specialized bath products -> bath salts; Pesticides; Pesticides -> insect repellent; Pesticides -> insect repellent -> insect repellent - skin; Pesticides -> insecticide; Pet care -> cats; Vehicle -> car interior -> auto air freshener; fragrance; fragrance; fragrance component; fragrance compound; fragrance ingredient; fragrances; masking; perfuming; synthetic fragrance";Fragrance;Fragrance;CERT;CERT;CERT;CERT;CERT;CERT;CERT;FALS;FALS;CERT;CERT;CERT;CERT;CERT;CERT;CERT;FALS;CERT;FALS;FALS;FALS;FALS;CERT;CERT;FALS;JD-UQN proposal;258,405;5,9;6,08;;8,18;6,77E-06;1,46E-05;4,869818208;4,098;79577720707;85,9163875;794;;239;79;3,8;;7;0,19;0,86;0,39;0,52;>1000 to < 10000 tonnes;1000;10000;0;1;1;1;1;0;1;1;1;0;0;1;1;0;0;0;0;1;0;1;1;1;1;0;0;1;1;1;1;1;1;0;1;1;1;1;0;1;0;0;0;0;1;0;0;1;0;0;1;1;0;0;0;1;1;0;0;0;0;0;0;0;1;0;0;;0,64879937;1;0,618847167;0,196581613;0,223104613;0,189352526;0,120340847;CERT;0;0;0;0;42,2;low ;0,673;104,3;low ;0,679;156,8;low ;0,686;0,300462165;0,117296514;0,164473521;0,100169194;0,352390735;P_score_soil_exp_UBA;0,618847167;P_score_freshwater_pred_Dashboard;1;0,616057037;M_score_exp_UBA;0,223104613;M_score_exp_UBA;0,223104613;0,177599329;kemi_score;0,86;0,472339511;1;0,371574566;1;0,330773814;1;0,258755173;1;0,349600189;1;0,310075541;1;0,292556722;1;1.00;PM;PM;PM;1
1,3-dichloro-4-nitrobenzene;611-06-3;210-248-3;QUIMTLZDMCNYGY-UHFFFAOYSA-N;O=N(=O)c1ccc(Cl)cc1Cl;DTXSID3024998;11899;PRO-037;NS00002924;REACH-B;FALS;PMT;MQ;Potential PMT/vPvM;FALS;FALS;;;FALS;FALS;FALS;FALS;FALS;FALS;FALS;FALS;FALS;FALS;FALS;FALS;FALS;FALS;FALS;FALS;FALS;FALS;;;;CERT;FALS;CERT;FALS;FALS;FALS;CERT;FALS;FALS;FALS;FALS;FALS;FALS;FALS;FALS;FALS;FALS;FALS;FALS;FALS;FALS;FALS;FALS;FALS;FALS;MTR (opgelost);192;3,07;3,06;;5,21;;0,00032;2,729974286;2,8423;58,55696259;74,70149265;117;192;;;;2,8;1,4;0,36;0,42;0;0;;;;1;0;0;0;0;0;0;0;0;0;0;0;0;0;0;0;0;0;1;0;0;0;0;0;0;0;0;0;0;0;0;0;0;0;0;0;0;0;0;0;0;1;0;0;0;0;0;0;0;0;1;1;0;0;0;0;0;0;0;0;0;0;0;0;0;0,879575822;0,592581818;0,489597175;;;;0,358049979;0,376136469;FALS;0;0;0;0;135,6;low ;0,7;353,4;good ;1;246,9;good ;1;0,463532859;0,072543027;0,106000663;0,083744782;0,490916623;;;P_score_freshwater_pred_UBA;0,879575822;0,653918272;;;M_score_pred_Dashboard;0,376136469;0,367093224;kemi_score;0,42;0,575187399;1;;;0,489947922;1;0,420392655;1;0,491736268;1;0,420392655;0,5;0,453839738;1;1.00;PM;;PM;3
1,3-dichlorobenzene;541-73-1;208-792-1;ZPQOPVIELGIULI-UHFFFAOYSA-N;C1=CC(=CC(=C1)Cl)Cl;DTXSID6022056;10943;PRO-038;NS00006298;REACH-A;CERT;vPvM & PMT;MQ;PMT;FALS;FALS;;;FALS;FALS;FALS;FALS;FALS;FALS;FALS;FALS;FALS;FALS;FALS;FALS;FALS;FALS;FALS;FALS;FALS;FALS;"solvent; solvents";;;CERT;CERT;CERT;FALS;FALS;FALS;FALS;FALS;FALS;FALS;FALS;FALS;FALS;FALS;FALS;FALS;FALS;FALS;FALS;FALS;FALS;FALS;FALS;FALS;FALS;AA-QSwater_eco;147;3,53;3,38;4,12;4,16;0,000881;0,000552;2,579783597;3,0633;44,70118449;44,20008906;219;131;;;2,4;;6;0,32;0,6;0,08;0,12;>100 to < 1000 tonnes;100;1000;0;0;0;0;0;0;0;0;0;0;0;0;0;0;0;0;0;0;1;0;0;0;0;0;0;0;0;0;0;0;0;0;0;0;0;0;0;0;0;0;0;0;0;0;0;0;0;0;0;0;1;1;0;0;0;0;0;0;0;0;0;0;0;0;0;0,791646139;0,372277883;0,376792392;;;0,431125928;0,323655387;0,400861847;CERT;0;0;0;0;2170;;1;129,7;good ;1;620,4;;0,85;0,314718471;0,107845471;0,034341367;0,057721466;0,342819083;;;P_score_freshwater_pred_UBA;0,791646139;0,513572138;M_score_exp_UBA;0,431125928;M_score_exp_UBA;0,431125928;0,385214387;kemi_score;0,6;0,584208162;1;0,431125928;0,5;0,444786889;1;0,331213084;1;0,439883379;1;0,361637149;0,75;0,383821882;1;1.00;PM;PM;PM;2
1,3-di-o-tolylguanidine;97-39-2;202-577-6;OPNUROKCUBTKLF-UHFFFAOYSA-N;CC1=CC=CC=C1NC(=NC2=CC=CC=C2C)N;DTXSID2026606;7333;PRO-039;NS00008988;REACH-A;CERT;vPvM;MQ;vPvM;FALS;FALS;;;FALS;FALS;FALS;FALS;FALS;FALS;FALS;FALS;FALS;FALS;FALS;FALS;FALS;FALS;FALS;FALS;FALS;CERT;;"Chemical reaction regulator; Other (specify); Polymerization promoter; Processing aids, not otherwise listed";Not Known or Reasonably Ascertainable;CERT;CERT;CERT;CERT;FALS;CERT;CERT;FALS;FALS;FALS;CERT;FALS;FALS;FALS;FALS;FALS;FALS;FALS;FALS;FALS;FALS;FALS;CERT;FALS;FALS;P-PNEC pred;239,322;;3,28;;8,54;;0,00179;2,630427875;1,5131;120,3013687;39,70317479;79,4;236;;;;-4;0,79263;0,58;0,54;0,12;0,23;>10 to < 100 tonnes;10;100;1;0;0;0;0;0;0;0;0;0;0;0;0;0;0;0;0;0;0;0;0;0;0;0;0;0;0;0;0;0;1;0;0;0;0;0;0;0;0;0;0;0;0;0;0;0;0;0;0;0;0;0;0;1;0;0;0;0;0;0;0;0;0;0;0;0,91222852;0,330509818;0,76660347;;;;0,583581502;0,392460976;FALS;0;0;0;0;75,7;low ;0,404;237;low ;0,455;189,7;low ;0,455;0,525210976;0,08511864;0,132492757;0,092955778;0,553815698;;;P_score_freshwater_pred_UBA;0,91222852;0,669780603;;;M_score_pred_Episuite;0,583581502;0,488021239;kemi_score;0,54;0,729629831;1;;;0,571722974;1;0,566756654;1;0,643057199;1;0,566756654;0,5;0,569234398;1;1.00;vPvM;;PM;2
1,3-dioxolane;646-06-0;211-463-5;WNXJIVFYUVYPPR-UHFFFAOYSA-N;C1COCO1;DTXSID4027284;12586;PRO-040;NS00004542;REACH-A;CERT;vPvM & PMT;HQ;vPvM & PMT;FALS;FALS;;;FALS;FALS;FALS;FALS;FALS;FALS;FALS;FALS;FALS;FALS;FALS;FALS;FALS;FALS;FALS;CERT;CERT;FALS;"Batteries; Food contact items; Home maintenance -> degreaser; solvent; solvent";"Intermediate; Not Known or Reasonably Ascertainable; Solvent; Solvents (which become part of product formulation or mixture)";"Intermediate; Not Known or Reasonably Ascertainable; Solvent";CERT;CERT;CERT;CERT;CERT;CERT;CERT;CERT;CERT;FALS;CERT;CERT;CERT;FALS;CERT;CERT;FALS;FALS;FALS;FALS;FALS;FALS;FALS;FALS;FALS;P-PNEC pred;74,079;-0,37;-0,395;;2,7;13,5;6,28;0,840106094;0,5392;639,0610566;14,91122811;1,15;;;;0,9;;186,6838;0,73;0,77;0,5;0,01;>10000 tonnes;10000;;0;1;0;0;1;0;0;1;0;0;0;0;0;0;1;0;1;0;1;0;1;1;1;0;0;0;1;0;0;0;1;0;0;1;0;0;0;1;0;0;0;1;0;0;0;0;0;0;0;0;0;0;1;0;1;0;0;0;0;0;0;0;0;0;0;;0,084708005;0,98277663;;;0,681888;0,733518775;0,690824597;CERT;0;0;0;0;5130;low ;0,425;3290;low ;0,463;8490;low ;0,459;0,093544334;0,028826896;0,023889952;0,019285882;0,106705873;;;P_score_freshwater_pred_Dashboard;0,98277663;0,533742318;M_score_exp_UBA;0,681888;M_score_pred_Episuite;0,733518775;0,702077124;kemi_score;0,77;0,849049533;1;0,681888;0,5;0,61215053;1;0,279097273;1;0,486792984;1;0,375902093;0,75;0,413339501;1;2.00;vPvM;PM;PM;1
1,3-diphenylguanidine;102-06-7;203-002-1;OWRCNXZUPFZXOS-UHFFFAOYSA-N;C1=CC=C(C=C1)NC(=NC2=CC=CC=C2)N;DTXSID3025178;7594;PRO-041;NS00011462;REACH-A;CERT;vPvM & PMT;MQ;PMT;FALS;FALS;;;FALS;FALS;FALS;FALS;FALS;FALS;FALS;FALS;FALS;CERT;FALS;FALS;FALS;FALS;CERT;CERT;CERT;CERT;Home maintenance -> caulk/sealant;"Chemical reaction regulator; Fuel; Other; Other (specify); Polymerization promoter; Process regulators; Processing aids not otherwise specified";"Chemical reaction regulator; Fuel; Not Known or Reasonably Ascertainable; Other; Other (specify); Processing aids not otherwise specified";CERT;CERT;CERT;CERT;CERT;CERT;CERT;CERT;CERT;CERT;CERT;CERT;FALS;CERT;CERT;FALS;CERT;CERT;FALS;FALS;FALS;CERT;CERT;CERT;FALS;P-PNEC pred;211,268;;2,7;;8,33;0,00476;0,00368;2,309630167;1,0928;485165195,4;31,2331198;20;194;;;2,5;;1,04648;;0,78;0,52;0,65;>10000 to < 100000 tonnes;10000;100000;1;0;0;0;0;0;0;0;0;0;0;0;0;0;0;0;0;0;0;0;0;0;0;0;0;0;0;0;0;0;1;0;0;0;0;0;0;0;0;0;0;0;0;0;0;0;0;0;0;0;1;0;1;1;1;0;0;0;0;0;0;0;0;0;0;0,881439684;0,246738952;1;;;0,414213562;0,652222561;0,446550188;CERT;0;0;0;0;121,4;low ;0,399;329,8;low ;0,458;291,2;low ;0,458;0,495067427;0,074588604;0,11064017;0,078406936;0,521011665;;;P_score_freshwater_pred_Dashboard;1;0,709392879;M_score_exp_UBA;0,414213562;M_score_pred_Episuite;0,652222561;0,50432877;kemi_score;0,78;0,807602972;1;0,414213562;0,5;0,598136471;1;0,521011665;0,5;0,697826977;0,75;0,464553654;0,5;0,571236573;0,75;0.00;vPvM;PM;PM;1
1,4,5,6,7,7-hexachloro-8,9,10-trinorborn-5-ene-2,3-dicarboxylic anhydride;115-27-5;204-077-3;FLBJFXNAEMSXGL-UHFFFAOYSA-N;C12C(C(=O)OC1=O)C3(C(=C(C2(C3(Cl)Cl)Cl)Cl)Cl)Cl;DTXSID2026941;8265;PRO-042;NS00007305;REACH-A;CERT;vPvM & PMT;HQ;vPvM & PMT;FALS;FALS;;;FALS;FALS;FALS;FALS;FALS;FALS;FALS;FALS;FALS;FALS;FALS;FALS;FALS;FALS;FALS;FALS;FALS;CERT;;Laboratory chemicals;Laboratory chemicals;CERT;CERT;CERT;CERT;FALS;CERT;CERT;FALS;FALS;FALS;CERT;CERT;FALS;FALS;FALS;FALS;FALS;FALS;FALS;FALS;FALS;FALS;CERT;FALS;FALS;P-PNEC pred;370,81;;3,73;;10,2;;2,08E-05;3,92992956;2,8837;1329083,281;1361,224622;15,5;2923;;;;-1,6;0,083;0,35;0,51;0,23;0,34;>100 to < 1000 tonnes;100;1000;1;0;0;0;0;0;0;0;0;0;0;0;0;0;0;0;0;0;0;0;0;0;0;0;0;0;0;0;0;0;1;0;0;0;0;0;0;0;0;0;0;0;0;0;0;0;0;0;0;0;0;0;0;0;1;0;0;0;0;0;0;0;0;0;0;0,99869884;0,995211531;0,999999963;;;;0,351481338;0,207884392;CERT;0;0;0;0;130,4;low ;0;1220;low ;0,246;183,7;low ;0,199;0,746668406;0,043673418;0,107620764;0,094139367;0,758562875;;;P_score_freshwater_pred_Dashboard;0,999999963;0,997970111;;;M_score_pred_Episuite;0,351481338;0,279682865;kemi_score;0,51;0,592858604;1;;;0,528313486;1;0,515264016;1;0,55270128;1;0,515264016;0,5;0,521747955;1;1.00;PM;;PM;3
1,4-bis({3-[2-(2-hydroxyethoxy)ethoxy]propyl}amino)-9,10-anthraquinone;123944-63-8;807-560-2;FRFQXYOWMSJIJR-UHFFFAOYSA-N;OCCOCCOCCCNc1ccc(NCCCOCCOCCO)c2c1C(=O)c1ccccc1C2=O;DTXSID801019616;57979229;PRO-043;;REACH-B;FALS;vPvM;HQ;PM;FALS;FALS;;;FALS;FALS;FALS;FALS;FALS;FALS;FALS;FALS;FALS;FALS;FALS;FALS;FALS;FALS;FALS;CERT;CERT;FALS;;;;FALS;FALS;FALS;FALS;FALS;FALS;FALS;CERT;CERT;FALS;CERT;FALS;CERT;FALS;FALS;CERT;FALS;FALS;FALS;FALS;FALS;FALS;FALS;FALS;FALS;;530,618;;3,49;;9,5;;28,5;4,589949601;;96,54410977;;2,88;1592;;;2,9;;;;;0,15;0,01;>10 tonnes;10;;0;0;0;1;0;0;0;0;0;0;0;0;0;1;0;0;0;0;0;0;0;0;0;0;0;0;0;0;0;0;0;0;0;1;0;0;0;0;0;0;0;0;0;0;0;0;0;0;0;0;0;0;1;0;0;0;0;0;0;0;0;0;0;0;0;0,996332113;;0,692777862;;;0,34891032;;0,142434384;FALS;0;0;0;0;569,4;low ;0,7;3170;low ;0,575;2320;low ;0;;0,029282107;0,05978142;0,033391635;0,057979619;;;P_score_freshwater_pred_UBA;0,996332113;0,844554988;M_score_exp_UBA;0,34891032;M_score_exp_UBA;0,34891032;0,245672352;E_score_min;0,15;0,589602032;1;0,34891032;0,5;0,455503908;1;0,057979619;0,5;0,272143375;0,75;0,142231106;0,5;0,22913241;0,75;2.00;PM;PM;PM;
1,4-bis(p-tolylamino)anthraquinone;128-80-3;204-909-5;TVRGPOFMYCMNRB-UHFFFAOYSA-N;CC1=CC=C(C=C1)NC2=C3C(=C(C=C2)NC4=CC=C(C=C4)C)C(=O)C5=CC=CC=C5C3=O;DTXSID9044376;31416;PRO-044;NS00005332;REACH-A;CERT;vPvM;HQ;vPvM;FALS;FALS;;;FALS;FALS;FALS;FALS;FALS;FALS;FALS;FALS;FALS;FALS;FALS;FALS;FALS;FALS;FALS;CERT;CERT;CERT;"Personal care -> body hygiene -> body scrub; Personal care -> specialized bath products -> bath oil; color additive; colorant; cosmetic colorant; dye; dye; fragrance; fragrance component; hair dyeing";;;CERT;CERT;CERT;CERT;CERT;CERT;CERT;FALS;FALS;CERT;CERT;CERT;CERT;FALS;CERT;CERT;FALS;CERT;FALS;FALS;FALS;CERT;CERT;FALS;FALS;P-PNEC pred;418,496;;6,45;;9,72;;5,68E-07;4,630427875;6,5884;4,96E+38;157,4806168;224;677;;;;0,7;0,00148;0,04;0,67;0,26;0,39;>100 to < 1000 tonnes;100;1000;0;0;0;0;0;0;0;1;0;1;1;0;0;0;0;0;0;1;0;0;1;0;0;0;0;0;0;0;0;0;1;0;0;0;0;0;0;0;0;0;0;0;0;0;0;0;0;0;0;0;0;0;1;0;1;0;0;0;0;0;0;0;0;0;1;0,984368379;0,838837832;1;;;;0,039908605;0,139041523;FALS;0;0;0;0;81,6;low ;0,609;502,6;low ;0,627;40,6;moderate ;0,85;0,944261829;0,062901259;0,128791091;0,166793355;0,95112104;;;P_score_freshwater_pred_Dashboard;1;0,941068737;;;M_score_pred_Dashboard;0,139041523;0,089475064;kemi_score;0,67;0,37288272;1;;;0,290176128;1;0,195050869;1;0,269687038;1;0,195050869;0,5;0,237905666;1;1.00;PM;;;2
1,4-dioxane;123-91-1;204-661-8;RYHBNJHYFVUHQT-UHFFFAOYSA-N;C1COCCO1;DTXSID4020533;31275;PRO-045;NS00002649;REACH-A;CERT;PMT;HQ;PMT;FALS;FALS;;;FALS;FALS;FALS;FALS;FALS;FALS;CERT;CERT;FALS;CERT;FALS;CERT;CERT;FALS;CERT;CERT;FALS;CERT;"Cleaning products and household care; Cleaning products and household care -> general household cleaning -> surface cleaner; Cleaning products and household care -> laundry and fabric treatment; Cleaning products and household care -> wood specific; Home maintenance; Home maintenance -> degreaser; Home maintenance -> surface sealers; Manufactured formulations; Personal care; Personal care -> body hygiene -> hand soap; Personal care -> child specific -> baby shampoo; Personal care -> facial cleansing and moisturizing -> face cream/moisturizer; Personal care -> hair styling and care -> shampoo; Personal care -> make-up and related -> toner; Pesticides -> insecticide; Vehicle -> boat care and maintenance -> boat cleaner - general; fragrance; fragrance; non-functional constituent; nonfunctional  constituant; nonfunctional constituent; nonfunctional ingredient; part of surfactant";"Cleaning agent; Intermediates; Laboratory chemicals; Lubricating agent; Other; Processing aids not otherwise specified; Stabilizing agent";"Other; Paint additives and coating additives not described by other categories; Stabilizing agent";CERT;CERT;CERT;FALS;FALS;FALS;CERT;FALS;FALS;FALS;CERT;CERT;CERT;CERT;FALS;FALS;FALS;FALS;CERT;FALS;FALS;FALS;CERT;FALS;FALS;P-PNEC pred;88,106;-0,27;-0,288;3,18;3,28;11,4;5,05;1,230448921;0,5946;11271,13149;15,84082113;0,501;2500;;;;-0,4;238,85135;0,73;0,95;0,36;0,48;>1000 to < 10000 tonnes;1000;10000;0;0;0;0;0;0;0;0;0;0;0;0;0;0;0;0;0;0;1;1;1;0;1;0;0;0;0;1;0;0;1;0;0;0;0;0;0;0;0;0;0;0;0;0;0;0;0;0;0;0;1;1;1;0;1;0;0;0;0;0;0;0;1;0;1;0,998300918;0,093075427;0,999870333;;;;0,725945718;0,630278592;CERT;0,75;0;0;0;9450;low ;0,7;3960;low ;0,7;4000;low ;0,7;0,084855847;0,026656729;0,018425329;0,026543713;0,110505194;;;P_score_freshwater_pred_Dashboard;0,999870333;0,697082226;;;M_score_pred_Episuite;0,725945718;0,678112155;kemi_score;0,95;0,851969241;1;;;0,687531767;1;0,28402252;1;0,491913052;1;0,28402252;0,5;0,44189875;1;2.00;vPvM;;PM;1
1,5-naphthylene diisocyanate;3173-72-6;221-641-4;SBJCUZQNHOLYMD-UHFFFAOYSA-N;C1=CC2=C(C=CC=C2N=C=O)C(=C1)N=C=O;DTXSID8040145;18503;PRO-046;NS00006855;REACH-A;CERT;vPvM & PMT;MQ;vPvM & PMT;FALS;FALS;;;FALS;FALS;FALS;FALS;FALS;FALS;FALS;FALS;FALS;FALS;FALS;FALS;FALS;FALS;FALS;FALS;FALS;FALS;;Monomers;;CERT;CERT;CERT;FALS;FALS;FALS;CERT;FALS;FALS;FALS;CERT;FALS;FALS;FALS;FALS;FALS;FALS;FALS;FALS;FALS;FALS;FALS;FALS;FALS;FALS;P-PNEC pred;210,192;;3,76;;5,78;;0,000109;2,089905111;3,7923;190,5662685;25,91908878;30,2;66;;;;0,9;1,07695;0,22;0,51;0,33;0,44;>1000 to < 10000 tonnes;1000;10000;0;0;0;0;0;0;0;0;0;0;0;0;0;0;0;0;0;0;0;0;0;0;0;0;0;0;0;0;0;0;0;0;0;0;0;0;0;0;0;0;0;0;0;0;0;0;0;0;0;0;1;1;0;0;0;0;0;0;0;0;0;0;0;0;0;0,540643582;0,192335783;0,878211981;;;;0,224031077;0,484425671;CERT;0;0;0;0;283,2;low ;0,394;655,2;low ;0,31;124,5;low ;0,327;0,49195181;0,056445749;0,079285609;0,109567222;0,535722656;;;P_score_freshwater_pred_Dashboard;0,878211981;0,537063782;;;M_score_pred_Dashboard;0,484425671;0,354228374;kemi_score;0,51;0,652248748;1;;;0,43616881;1;0,343305963;1;0,473202794;1;0,343305963;0,5;0,386961695;1;0.00;PM;;PM;3
1,5-naphthylenediamine;2243-62-1;218-817-8;KQSABULTKYLFEV-UHFFFAOYSA-N;Nc1cccc2c1cccc2N;DTXSID3020916;16720;PRO-047;NS00010628;REACH-B;FALS;vPvM & PMT;MQ;vPvM & PMT;FALS;FALS;;;FALS;FALS;FALS;FALS;FALS;FALS;FALS;FALS;FALS;FALS;FALS;FALS;FALS;FALS;FALS;FALS;FALS;FALS;;;;FALS;FALS;FALS;FALS;FALS;FALS;FALS;FALS;FALS;FALS;FALS;FALS;FALS;FALS;FALS;FALS;FALS;FALS;FALS;FALS;FALS;FALS;FALS;FALS;FALS;P-PNEC pred;158,204;0,89;1,07;;8,12;0,0024;0,0241;2,69019608;0,772;1,17495E+15;35,07043143;4,47;157;;;;0,5;1,18005;0,7;0,31;0;0;;;;0;0;0;0;0;0;0;0;0;0;0;0;0;0;0;0;0;0;0;0;0;0;0;0;0;0;0;0;0;0;0;0;0;0;0;0;0;0;0;0;0;0;0;0;0;0;0;0;0;0;0;0;0;0;0;0;0;0;0;0;0;0;0;0;0;0,838130185;0,285368853;1;;;;0,700815609;0,382628249;CERT;0,5;0;0;0;858,3;low ;0,691;119,7;good ;1;547,6;;1;0,482032637;0,111244257;0,050515494;0,060741508;0,53230884;;;P_score_freshwater_pred_Dashboard;1;0,707833013;;;M_score_pred_Episuite;0,700815609;0,541721929;kemi_score;0,31;0,837147304;1;;;0,619232319;1;0,610422958;1;0,714852386;1;0,610422958;0,5;0,614811861;1;0.00;vPvM(T);(T);PM(T);4
1-[2-(allyloxy)ethyl-2-(2,4-dichlorophenyl)-1H-imidazolium hydrogen sulphate;58594-72-2;261-351-5;XVTXMTOYQVRHSK-UHFFFAOYSA-N;C=CCOC(CN1C=CN=C1)C2=C(C=C(C=C2)Cl)Cl.OS(=O)(=O)O;DTXSID3034662;173636;PRO-048;NS00087368;REACH-A;FALS;vPvM;HQ;vPvM;FALS;FALS;;;FALS;FALS;FALS;FALS;FALS;FALS;FALS;FALS;FALS;FALS;FALS;FALS;FALS;FALS;FALS;CERT;FALS;FALS;;;;FALS;FALS;CERT;FALS;FALS;FALS;CERT;FALS;FALS;FALS;CERT;FALS;FALS;CERT;FALS;FALS;FALS;FALS;FALS;FALS;FALS;FALS;FALS;FALS;FALS;P-PNEC;395,25;;2,65;;9,84;;0,00056;3,729974286;3,3459;29,66595227;85,88287238;35,5;;171;187;;1,3;1,314836884;0,28;;0,12;0,23;>10 to < 100 tonnes;10;100;0;0;0;0;0;0;0;0;0;0;0;0;0;0;0;0;0;0;0;0;0;0;0;0;0;1;0;0;0;0;0;0;0;0;0;0;0;0;0;0;0;0;1;0;0;0;0;0;0;0;0;0;0;0;0;0;0;0;0;0;0;0;0;0;0;;0,648647375;0,230749318;0,478092419;0,516299441;;0,282335362;0,231630591;FALS;0;0;0;0;109,5;low ;0,253;380,9;low ;0,302;194,2;low ;0,256;0,470316975;0,070383651;0,115126404;0,092100842;0,532712374;P_score_sediment_exp_UBA;0,516299441;P_score_freshwater_pred_RIVM;0,648647375;0,468447138;;;M_score_pred_Episuite;0,282335362;0,256982976;E_score_max;0,23;0,427944028;1;0,516299441;0,5;0,346962447;1;0,386211684;1;0,406542721;1;0,425452249;0,75;0,366061403;1;1.00;PM;PM;PM;
10:2 fluorotelomer sulfonic acid;120226-60-0;;AJMAYLFJZQYRHN-UHFFFAOYSA-N;C(CS(=O)(=O)O)C(C(C(C(C(C(C(C(C(C(F)(F)F)(F)F)(F)F)(F)F)(F)F)(F)F)(F)F)(F)F)(F)F)(F)F;DTXSID50892578;23136180;PRO-049;NS00011093;;FALS;;;;FALS;FALS;;<2.7;FALS;FALS;FALS;FALS;CERT;CERT;FALS;FALS;FALS;FALS;FALS;FALS;FALS;FALS;CERT;FALS;FALS;FALS;;;;FALS;FALS;FALS;FALS;FALS;FALS;FALS;FALS;FALS;FALS;FALS;FALS;FALS;FALS;FALS;FALS;FALS;FALS;FALS;FALS;FALS;FALS;FALS;FALS;FALS;;628,2;;6,87;;7,76;;7,21E-05;5,120573931;;134,2897797;;77,6;;;;;;0,15322;;0,02;;;;;;0;0;0;0;0;0;0;0;0;0;0;0;0;0;0;0;0;0;0;0;0;0;0;0;0;0;0;0;0;0;0;0;0;0;0;0;0;0;0;0;0;0;0;0;0;0;0;0;0;0;0;0;0;0;0;0;0;0;0;0;0;0;0;0;0;;;0,798553329;;;;;0,103121081;FALS;0;0;0;0;30,5;low ;0,14;0,5;low ;0;256,5;low ;0;0,693106852;0,574694288;0,184778832;0,082482359;0,821097371;;;P_score_freshwater_pred_Dashboard;0,798553329;0,798553329;;;M_score_pred_Dashboard;0,103121081;0,103121081;kemi_score;0,02;0,28696286;1;;;0,28696286;1;0,821097371;0,5;0,407394675;0,75;0,821097371;0,25;0,407394675;0,75;1.00;(T);(T);(T);4
11Cl-PF3OUdS (F53 B minor);83329-89-9;;BDKYEEMJFNONPU-UHFFFAOYSA-M;C(C(C(C(C(F)(F)Cl)(F)F)(F)F)(F)F)(C(C(C(OC(C(F)(F)S(=O)(=O)[O-])(F)F)(F)F)(F)F)(F)F)(F)F.[K+];DTXSID00892447;50851128;PRO-050;NS00117956;;FALS;;;;FALS;FALS;< 0,5;;FALS;FALS;FALS;FALS;FALS;FALS;FALS;FALS;FALS;FALS;FALS;FALS;FALS;FALS;CERT;FALS;FALS;FALS;;;;FALS;FALS;FALS;FALS;FALS;FALS;FALS;FALS;FALS;FALS;FALS;FALS;FALS;FALS;FALS;FALS;FALS;FALS;FALS;FALS;FALS;FALS;FALS;FALS;FALS;;670,68;;6,64;;7,64;;2,16E-05;4,920123326;;87,35672301;;33,1;;;;;;;;;;;;;;0;0;0;0;0;0;0;0;0;0;0;0;0;0;0;0;0;0;0;0;0;0;0;0;0;0;0;0;0;0;0;0;0;0;0;0;0;0;0;0;0;0;0;0;0;0;0;0;0;0;0;0;0;0;0;0;0;0;0;0;0;0;0;0;0;;;0,655247715;;;;;0,116698258;FALS;0;0;0;0;30,5;low ;0,173;1,1;low ;0;416,8;low ;0;;0,489653306;0,184778832;0,067866867;0,031966738;;;P_score_freshwater_pred_Dashboard;0,655247715;0,655247715;;;M_score_pred_Dashboard;0,116698258;0,116698258;;;0,276525346;1;;;0,276525346;1;0,031966738;0,5;0,134706764;0,75;0,031966738;0,25;0,134706764;0,75;1.00;;;;
17-hydroxy-19-norpregn-4-ene-3,20-dione 17-acetate;31981-44-9;250-882-8;MTSLFKWJINJVBO-ZCPXKWAGSA-N;CC(=O)OC1(CCC2C3CCC4=CC(=O)CCC4C3CCC12C)C(=O)C;DTXSID90953874;134963;PRO-051;NS00003690;REACH-B;FALS;PMT;MQ;Potential PMT/vPvM;FALS;FALS;;;FALS;FALS;FALS;FALS;FALS;FALS;FALS;FALS;FALS;FALS;FALS;FALS;FALS;FALS;FALS;FALS;FALS;FALS;;;;CERT;CERT;CERT;FALS;FALS;FALS;CERT;FALS;FALS;FALS;FALS;FALS;FALS;FALS;FALS;FALS;FALS;FALS;FALS;FALS;FALS;FALS;FALS;FALS;FALS;P-PNEC pred;358,478;;3,28;;10,8;;2,94E-05;4,969881644;3,0318;3,31E+40;93,32516352;22,4;106;;;;2,6;4,69284;0,33;0,3;0;0;;;;0;0;0;0;0;0;0;0;0;0;0;0;0;0;0;0;0;0;1;0;0;0;0;0;0;0;0;0;0;0;0;0;0;0;0;0;0;0;0;0;0;0;0;0;0;0;0;0;0;0;0;1;0;0;0;0;0;0;0;0;0;0;0;0;0;0,725691882;0,68030383;1;;;;0,328453219;0,113189784;FALS;0;0;0;0;158,4;low ;0,7;1030;low ;0,557;149,6;low ;0,7;0,338175428;0,046849288;0,099772476;0,102024336;0,349598942;;;P_score_freshwater_pred_Dashboard;1;0,801998571;;;M_score_pred_Episuite;0,328453219;0,220821501;kemi_score;0,3;0,573108383;1;;;0,42083076;1;0,339658138;1;0,441203951;1;0,339658138;0,5;0,378072205;1;1.00;PM;;PM;4
1-bromo-3,4,5-trifluorobenzene;138526-69-9;418-480-9;HKJCELUUIFFSIN-UHFFFAOYSA-N;c1(F)c(F)c(F)cc(Br)c1;DTXSID70346346;611409;PRO-052;NS00024484;REACH-B;FALS;PMT;HQ;Potential PMT/vPvM;FALS;FALS;;;FALS;FALS;FALS;FALS;FALS;FALS;FALS;FALS;FALS;FALS;FALS;FALS;FALS;FALS;FALS;FALS;FALS;FALS;;;;CERT;CERT;CERT;FALS;FALS;FALS;FALS;FALS;FALS;FALS;FALS;FALS;FALS;FALS;FALS;FALS;FALS;FALS;FALS;FALS;FALS;FALS;FALS;FALS;FALS;P-PNEC pred;210,981;;3,15;;3,74;;0,00419;2,92992956;;639,0610566;;13,5;13565;;;;3,2;3,15897;;0,39;0;0;;;;0;0;0;0;0;0;0;0;0;0;0;0;0;0;0;0;0;0;0;0;0;0;0;0;0;0;0;0;0;0;0;0;0;0;0;0;0;0;0;0;0;0;0;0;0;0;0;0;0;0;0;1;0;0;0;0;0;0;0;0;0;0;0;0;0;0,999905526;;0,98277663;;;;;0,344212399;CERT;0,5;0;0;0;639,7;low ;0,271;106,4;low ;0,292;754,7;low ;0,601;0,377647484;0,116403117;0,057002078;0,053263256;0,383784725;;;P_score_freshwater_pred_UBA;0,999905526;0,991341078;;;M_score_pred_Dashboard;0,344212399;0,344212399;kemi_score;0,39;0,586668458;1;;;0,584150572;1;0,383784725;0,5;0,50928129;0,75;0,383784725;0,25;0,507823077;0,75;0.00;PM;;PM;3
1-bromo-3-chloropropane;109-70-6;203-697-1;MFESCIUQSIBMSM-UHFFFAOYSA-N;ClCCCBr;DTXSID1051565;8006;PRO-053;NS00006575;REACH-B;FALS;vPvM & PMT;MQ;vPvM & PMT;FALS;FALS;;;FALS;FALS;FALS;FALS;FALS;FALS;FALS;FALS;FALS;FALS;FALS;FALS;FALS;FALS;FALS;FALS;FALS;FALS;;Intermediate;;CERT;CERT;CERT;FALS;FALS;FALS;FALS;FALS;FALS;FALS;FALS;FALS;FALS;FALS;FALS;FALS;FALS;FALS;FALS;FALS;FALS;FALS;FALS;FALS;FALS;P-PNEC pred;157,44;2,18;2,27;;3,59;0,0141;0,01;2,130333768;1,8916;639,0610566;27,35823846;7,94;32;;;1,6;;2,34974;0,52;0,49;0;0;>0 to < 10 tonnes;0;10;0;0;0;0;0;0;0;0;0;0;0;0;0;0;0;0;0;0;1;0;0;0;0;0;0;0;0;0;0;0;0;0;0;0;0;0;0;0;0;0;0;0;0;0;0;0;0;0;0;0;1;1;0;0;0;0;0;0;0;0;0;0;0;0;0;0,254526695;0,207095109;0,98277663;;;0,568874072;0,518775456;0,477430227;FALS;0;0;0;0;17880;low ;0,61;1630;moderate ;0,85;3440;moderate ;0,85;0,408294623;0,038709649;0,014030837;0,028289741;0,40973089;;;P_score_freshwater_pred_Dashboard;0,98277663;0,481466145;M_score_exp_UBA;0,568874072;M_score_exp_UBA;0,568874072;0,521693252;kemi_score;0,49;0,747713945;1;0,568874072;0,5;0,501176255;1;0,461584296;1;0,587480225;1;0,49488702;0,75;0,480973065;1;0.00;vPvM;PM;PM;3
1-chloro-2,4-dinitrobenzene;97-00-7;202-551-4;VYZAHLCBVHPDDF-UHFFFAOYSA-N;c1cc(c(cc1N(=O)=O)N(=O)=O)Cl;DTXSID6020278;6;PRO-054;NS00003347;REACH-B;FALS;PMT;HQ;PMT;FALS;FALS;;;FALS;FALS;FALS;FALS;FALS;FALS;FALS;FALS;FALS;FALS;FALS;FALS;FALS;FALS;FALS;FALS;FALS;FALS;;;;FALS;FALS;CERT;FALS;FALS;FALS;FALS;FALS;FALS;FALS;FALS;FALS;FALS;FALS;FALS;FALS;FALS;FALS;FALS;FALS;FALS;FALS;FALS;FALS;FALS;AA-QSwater_eco;202,55;2,17;2,14;;5,69;;0,000777;2,42975228;2,5636;58,55696259;72,73143634;50,1;409;;;1,9;;1,6;0,4;0,38;0;0;;;;0;0;0;0;0;0;0;0;0;0;0;0;0;0;0;0;0;0;0;0;0;0;0;0;0;0;0;0;0;0;0;0;0;0;0;0;0;0;0;0;0;0;0;0;0;0;0;0;0;0;1;1;0;0;0;0;0;0;0;0;0;0;0;0;0;0,9637777;0,581506256;0,489597175;;;0,517321745;0,403558971;0,42607543;FALS;0;0;0;0;94,4;;1;444,6;;1;22,7;;0,85;0,449146449;0,066114271;0,121855848;0,204886964;0,460759027;;;P_score_freshwater_pred_UBA;0,9637777;0,67829371;M_score_exp_UBA;0,517321745;M_score_exp_UBA;0,517321745;0,448985382;kemi_score;0,38;0,706104214;1;0,517321745;0,5;0,551855018;1;0,429305964;1;0,550576743;1;0,456840775;0,75;0,486738791;1;0.00;vPvM;PM;PM;4
1-chloro-2-nitrobenzene;88-73-3;201-854-9;BFCFYVKQTRLZHA-UHFFFAOYSA-N;O=N(=O)c1ccccc1Cl;DTXSID0020280;6945;PRO-055;NS00002910;REACH-B;FALS;vPvM & PMT;MQ;vPvM & PMT;FALS;FALS;;;FALS;FALS;FALS;FALS;FALS;FALS;FALS;FALS;FALS;FALS;FALS;FALS;FALS;FALS;FALS;CERT;FALS;FALS;;;;CERT;CERT;CERT;FALS;FALS;FALS;CERT;FALS;FALS;FALS;FALS;FALS;FALS;FALS;FALS;FALS;FALS;FALS;FALS;FALS;FALS;FALS;FALS;FALS;FALS;AA-QSwater_eco;157,55;2,24;2,37;;4,31;0,00204;0,00222;2,820201459;2,3832;134,2897797;43,03442741;14,8;115;;;2;;5,28;0,43;0,59;0;0,07;>0 to < 10 tonnes;0;10;1;0;0;0;0;0;0;0;0;0;0;0;0;0;0;0;0;0;1;0;1;0;0;0;0;0;0;0;0;0;0;0;0;0;0;0;0;0;0;0;0;0;0;0;0;0;0;0;0;0;1;1;0;0;0;0;0;0;0;0;0;0;0;0;1;0,752536572;0,361664726;0,798553329;;;0,5;0,433984167;0,361578321;FALS;0;0;0;0;2280;;1;423,8;good ;1;345,3;moderate ;0,85;0,326813239;0,067410713;0,033636286;0,073223463;0,330730565;;;P_score_freshwater_pred_Dashboard;0,798553329;0,637584876;M_score_exp_UBA;0,5;M_score_exp_UBA;0,5;0,431854163;kemi_score;0,59;0,631883426;1;0,5;0,5;0,52473201;1;0,377112905;1;0,488150996;1;0,414289822;0,75;0,44484066;1;0.00;PM;PM;PM;2
1-chloro-4-nitrobenzene;100-00-5;202-809-6;CZGCEKJOLUNIFY-UHFFFAOYSA-N;c1cc(ccc1N(=O)=O)Cl;DTXSID5020281;7474;PRO-056;NS00009240;REACH-B;FALS;vPvM & PMT;MQ;PMT;FALS;FALS;;;FALS;FALS;FALS;FALS;FALS;FALS;FALS;FALS;FALS;FALS;FALS;FALS;FALS;FALS;FALS;FALS;FALS;FALS;Arts and crafts/office supplies -> pottery making -> glaze;;;CERT;FALS;CERT;FALS;FALS;FALS;CERT;FALS;FALS;FALS;FALS;FALS;FALS;FALS;FALS;FALS;FALS;FALS;FALS;FALS;FALS;FALS;FALS;FALS;FALS;AA-QSwater_eco;157,55;2,39;2,49;;4,33;0,00132;0,00151;2,710117365;2,4662;120,3013687;43,03442741;20;115;;;;2,4;2,8;0,42;0,56;0;0;;;;0;0;0;0;0;0;0;0;0;0;0;0;0;0;0;0;0;0;1;0;0;0;0;0;0;0;0;0;0;0;0;0;0;0;0;0;0;0;0;0;0;1;0;0;0;0;0;0;0;0;1;1;0;0;0;0;0;0;0;0;0;0;0;0;0;0,752536572;0,361664726;0,76660347;;;;0,419909427;0,379371709;CERT;0,5;0,5;0;0;2160;moderate ;0,85;406,2;good ;1;485,8;good ;1;0,390036682;0,068578048;0,034407951;0,063777213;0,393667534;;;P_score_freshwater_pred_Dashboard;0,76660347;0,626934923;;;M_score_pred_Episuite;0,419909427;0,399640568;kemi_score;0,56;0,567365864;1;;;0,500548328;1;0,406620664;1;0,480315193;1;0,406620664;0,5;0,451146643;1;0.00;PM;;PM;2
1H,1H,2H,2H-Perfluoro-1-decanol;678-39-7;211-648-0;JJUBFBTUBACDHW-UHFFFAOYSA-N;C(CO)C(C(C(C(C(C(C(C(F)(F)F)(F)F)(F)F)(F)F)(F)F)(F)F)(F)F)(F)F;DTXSID7029904;69619;PRO-057;NS00010921;;FALS;;;;FALS;FALS;;;FALS;FALS;FALS;FALS;FALS;FALS;FALS;FALS;FALS;FALS;FALS;FALS;FALS;FALS;FALS;FALS;FALS;FALS;;;;FALS;FALS;FALS;FALS;FALS;FALS;FALS;FALS;FALS;FALS;FALS;FALS;FALS;FALS;FALS;FALS;FALS;FALS;FALS;FALS;FALS;FALS;FALS;FALS;FALS;;464,122;5,72;6,21;5,67;4,22;4,26E-07;2,78E-06;3,350248018;3,6001;134,2897797;2793,417082;135;;;;;;0,189204802;;0,5;;;;;;0;0;0;0;0;0;0;0;0;0;0;0;0;0;0;0;0;0;0;0;0;0;0;0;0;0;0;0;0;0;0;0;0;0;0;0;0;0;0;0;0;0;0;0;0;0;0;0;0;0;0;0;0;0;0;0;0;0;0;0;0;0;0;0;0;;0,998594112;0,798553329;;;;0,248037819;0,281725097;FALS;0;0;0;0;108,4;low ;0,187;0,5;low ;0;560,5;low ;0;0,673282219;0,574694288;0,115573852;0,060167144;0,679814705;;;P_score_freshwater_pred_RIVM;0,998594112;0,898573721;;;M_score_pred_Dashboard;0,281725097;0,264881458;kemi_score;0,5;0,530404584;1;;;0,48786834;1;0,679814705;0,5;0,57614929;0,75;0,679814705;0,25;0,544918989;0,75;1.00;PM(T);(T);PM(T);3
1H,1H,2H,2H-Perfluorododecan-1-ol;865-86-1;212-748-7;FLXYIZWPNQYPIT-UHFFFAOYSA-N;C(CO)C(C(C(C(C(C(C(C(C(C(F)(F)F)(F)F)(F)F)(F)F)(F)F)(F)F)(F)F)(F)F)(F)F)(F)F;DTXSID2029905;70083;PRO-058;NS00009618;;FALS;;;;FALS;FALS;;;FALS;FALS;FALS;FALS;FALS;FALS;FALS;FALS;FALS;FALS;FALS;FALS;FALS;FALS;FALS;FALS;FALS;FALS;;;;FALS;FALS;FALS;FALS;FALS;FALS;FALS;FALS;FALS;FALS;FALS;FALS;FALS;FALS;FALS;FALS;FALS;FALS;FALS;FALS;FALS;FALS;FALS;FALS;FALS;;564,137;7,1;7,83;;4,76;8,48E-08;1,60E-07;5,089905111;4,4298;134,2897797;9836,856572;224;;;;;;4,964114971;;0,59;;;;;;0;0;0;0;0;0;0;0;0;0;0;0;0;0;0;0;0;0;0;0;0;0;0;0;0;0;0;0;0;0;0;0;0;0;0;0;0;0;0;0;0;0;0;0;0;0;0;0;0;0;0;0;0;0;0;0;0;0;0;0;0;0;0;0;0;;0,999836369;0,798553329;;;;0,156538929;0,105103827;FALS;0;0;0;0;14,4;low ;0,182;0,3;low ;0;271;low ;0;0,332734791;0,627820666;0,238964956;0,080692926;0,36032016;;;P_score_freshwater_pred_RIVM;0,999836369;0,899194849;;;M_score_pred_Episuite;0,156538929;0,130821378;kemi_score;0,59;0,395617637;1;;;0,342978001;1;0,36032016;0,5;0,383483442;0,75;0,36032016;0,25;0,348663938;0,75;1.00;PM;;PM;2
1H,1H,2H,2H-Perfluorohexan-1-ol;2043-47-2;218-050-9;JCMNMOBHVPONLD-UHFFFAOYSA-N;C(CO)C(C(C(C(F)(F)F)(F)F)(F)F)(F)F;DTXSID1062122;74883;PRO-059;NS00010126;;FALS;;;;FALS;FALS;;;FALS;FALS;FALS;FALS;FALS;FALS;FALS;FALS;FALS;FALS;FALS;FALS;FALS;FALS;FALS;FALS;FALS;FALS;;;;FALS;FALS;FALS;FALS;FALS;FALS;FALS;FALS;FALS;FALS;FALS;FALS;FALS;FALS;FALS;FALS;FALS;FALS;FALS;FALS;FALS;FALS;FALS;FALS;FALS;;264,091;3,27;3,03;4,77;3,82;0,00274;0,00234;2,029383778;2,339;87,35672301;225,3094456;4,07;;;;;;90,7658732;;0,49;;;;;;0;0;0;0;0;0;0;0;0;0;0;0;0;0;0;0;0;0;0;0;0;0;0;0;0;0;0;0;0;0;0;0;0;0;0;0;0;0;0;0;0;0;0;0;0;0;0;0;0;0;0;0;0;0;0;0;0;0;0;0;0;0;0;0;0;;0,905672589;0,655247715;;;;0,441524585;0,494908355;FALS;0;0;0;0;248,9;low ;0,204;1550;low ;0,212;8700;low ;0;0,123692047;0,039531184;0,083476321;0,019086196;0,136347164;;;P_score_freshwater_pred_RIVM;0,905672589;0,780460152;;;M_score_pred_Dashboard;0,494908355;0,46821647;kemi_score;0,49;0,669496028;1;;;0,604503348;1;0,136347164;0,5;0,393895216;0,75;0,136347164;0,25;0,367971777;0,75;0.00;PM;;PM;3
1H,1H,2H,2H-Perfluorooctan-1-ol / ;647-42-7;211-477-1;GRJRKPMIRMSBNK-UHFFFAOYSA-N;C(CO)C(C(C(C(C(C(F)(F)F)(F)F)(F)F)(F)F)(F)F)(F)F;DTXSID5044572;69537;PRO-060;NS00010919;;FALS;;;;FALS;FALS;;;FALS;FALS;FALS;FALS;FALS;FALS;FALS;FALS;FALS;FALS;FALS;FALS;FALS;FALS;FALS;FALS;FALS;FALS;;"Intermediates; Monomers";;CERT;CERT;CERT;FALS;FALS;FALS;FALS;FALS;FALS;FALS;FALS;FALS;FALS;FALS;FALS;FALS;FALS;FALS;FALS;FALS;FALS;FALS;FALS;FALS;FALS;;364,106;4,58;4,66;5,31;4,1;4,84E-05;7,39E-05;3,499687083;3,0249;87,35672301;793,2594052;91,2;;;;;;0,443637077;0,33;0,52;0;0;;;;0;0;0;0;0;0;0;0;0;0;0;0;0;0;0;0;0;0;0;0;0;0;0;0;0;0;0;0;0;0;0;0;0;0;0;0;0;0;0;0;0;0;0;0;0;0;0;0;0;0;1;1;0;0;0;0;0;0;0;0;0;0;0;0;0;;0,988033743;0,655247715;;;;0,329509015;0,261245733;FALS;0;0;0;0;310,8;low ;0,194;200,8;low ;0,2;994,9;low ;0;0,587338135;0,09089433;0,076386973;0,047526292;0,592791439;;;P_score_freshwater_pred_RIVM;0,988033743;0,821640729;;;M_score_pred_Episuite;0,329509015;0,295377374;kemi_score;0,52;0,570583933;1;;;0,49263991;1;0,442290826;1;0,502358477;1;0,442290826;0,5;0,46678701;1;1.00;PM;;PM;3
1-methylpiperazine;109-01-3;203-639-5;PVOAHINGSUIXLS-UHFFFAOYSA-N;CN1CCNCC1;DTXSID4021898;53167;PRO-061;NS00006535;REACH-A;CERT;vPvM & PMT;MQ;PMT;FALS;FALS;;;FALS;FALS;FALS;FALS;FALS;FALS;FALS;FALS;FALS;FALS;FALS;FALS;FALS;FALS;FALS;FALS;FALS;FALS;;;;CERT;CERT;CERT;FALS;FALS;FALS;CERT;FALS;FALS;FALS;CERT;FALS;FALS;FALS;FALS;FALS;FALS;FALS;FALS;FALS;FALS;FALS;FALS;FALS;FALS;P-PNEC pred;100,165;;-0,406;;4,62;;7,47;1,820201459;-0,5335;862,6421958;26,63154067;2,4;29;;;2,9;;61,79587;0,85;0,54;0,09;0,18;>10 to < 100 tonnes;10;100;0;0;0;0;0;0;0;0;0;0;0;0;0;0;0;0;0;0;1;0;1;0;0;0;0;0;0;1;0;0;0;0;0;0;0;0;0;0;0;0;0;1;0;0;0;0;0;0;0;0;1;1;0;0;0;0;0;0;0;0;0;0;0;0;0;0,223931947;0,199639716;0,98961515;;;0,34891032;0,85271908;0,531116449;FALS;0;0;0;0;17240;low ;0,573;6630;moderate ;0,85;5510;low ;0,7;0,142955132;0,021425533;0,014251526;0,023176852;0,145068188;;;P_score_freshwater_pred_Dashboard;0,98961515;0,471062271;M_score_exp_UBA;0,34891032;M_score_pred_Episuite;0,85271908;0,57758195;kemi_score;0,54;0,918620553;1;0,34891032;0,5;0,52161007;1;0,351152332;1;0,567957524;1;0,350403398;0,75;0,427977327;1;2.00;vPvM;PM;PM;2
1-vinylimidazole;1072-63-5;214-012-0;OSSNTDFYBPYIEC-UHFFFAOYSA-N;C=CN1C=CN=C1;DTXSID0061458;66171;PRO-062;NS00001038;REACH-B;CERT;vPvM & PMT;MQ;vPvM & PMT;FALS;FALS;;;FALS;FALS;FALS;FALS;FALS;FALS;FALS;FALS;FALS;FALS;FALS;FALS;FALS;FALS;FALS;FALS;FALS;CERT;not reported;Intermediates;;CERT;CERT;CERT;FALS;FALS;FALS;CERT;FALS;FALS;FALS;CERT;CERT;FALS;FALS;FALS;FALS;FALS;FALS;FALS;FALS;FALS;FALS;CERT;FALS;FALS;P-PNEC pred;94,117;;0,724;;3,89;;0,419;1,269512944;1,8545;53,51703423;15,71462521;5,13;23;;;;-1,1;35,64805;0,53;0,77;0,12;0;>10 tonnes;10;;0;0;0;0;0;0;0;0;0;0;0;0;0;0;0;0;0;0;0;1;0;0;0;0;0;0;0;0;0;0;1;0;1;0;0;0;0;0;0;0;0;0;0;0;0;0;1;0;0;0;1;0;0;0;0;0;0;0;0;0;0;0;0;0;0;0,162578646;0,09192763;0,451286682;;;;0,525191879;0,623946931;CERT;0;0;0,75;0;2420;low ;0,224;2770;low ;0,292;1430;low ;0,253;0,174792433;0,030993922;0,032805121;0,040881538;0,179475722;;;P_score_freshwater_pred_Dashboard;0,451286682;0,235264319;;;M_score_pred_Dashboard;0,623946931;0,574569405;kemi_score;0,77;0,530640123;1;;;0,367662454;1;0,308418762;1;0,404548353;1;0,308418762;0,5;0,336740254;1;0.00;PM;;PM;1
2-(2H-1,2,3-benzotriazol-2-yl)-6-(2-phenylpropan-2-yl)-4-(2,4,4-trimethylpentan-2-yl)phenol;73936-91-1;422-600-5;UZUNCLSDTUBVCN-UHFFFAOYSA-N;c1(NP(=O)(N)N)c(N(=O)=O)cccc1;;;PRO-063;NS00005141;REACH-A;FALS;PMT;HQ;PMT;FALS;FALS;;;FALS;FALS;FALS;FALS;FALS;FALS;FALS;FALS;FALS;FALS;FALS;FALS;FALS;FALS;FALS;CERT;CERT;CERT;;;;CERT;CERT;CERT;CERT;CERT;CERT;CERT;FALS;FALS;FALS;CERT;CERT;CERT;FALS;CERT;FALS;FALS;CERT;FALS;FALS;FALS;CERT;CERT;FALS;FALS;;;;;;;;;;;;;;421;;;0,7;;0,00144;;0,53;0,39;0,52;>10 to <10010 tonnes;1001;10010;0;1;0;0;0;0;0;1;0;0;0;0;0;0;0;0;0;1;0;0;0;0;0;0;0;0;0;0;0;0;1;0;0;0;0;0;0;0;0;0;0;0;0;0;0;0;0;0;0;0;0;0;1;0;1;0;0;0;0;1;0;0;0;0;0;0,965464475;;;;;0,711173721;;;FALS;0;0;0;0;570,3;low ;0,329;3230;low ;0,323;6770;low ;0,282;0,944884802;0,029051522;0,059742879;0,021236084;0,945454446;;;P_score_freshwater_pred_UBA;0,965464475;0,965464475;M_score_exp_UBA;0,711173721;M_score_exp_UBA;0,711173721;0,711173721;kemi_score;0,53;0,828621121;1;0,711173721;0,5;0,828621121;1;0,945454446;0,5;0,865866364;0,75;0,819989241;0,5;0,865866364;0,75;;vPvM(T);vPvM(T);vPvM(T);3
2,2'-(2,5-dichloro-1,4-phenylene)bis(1H-anthra[1,2-d]imidazole-6,11-dione);40783-05-9;255-078-0;MLQFPPIUTFMVLZ-UHFFFAOYSA-N;Clc1cc(c2nc3c4C(=O)c5ccccc5C(=O)c4ccc3[nH]2)c(Cl)cc1c1nc2c3C(=O)c4ccccc4C(=O)c3ccc2[nH]1;DTXSID3068253;162427;PRO-064;NS00020301;REACH-B;FALS;vPvM;HQ;vPvM;FALS;FALS;;;FALS;FALS;FALS;FALS;FALS;FALS;FALS;FALS;FALS;FALS;FALS;FALS;FALS;FALS;FALS;CERT;FALS;CERT;;;;FALS;FALS;FALS;CERT;FALS;CERT;CERT;FALS;FALS;FALS;CERT;CERT;CERT;FALS;CERT;FALS;FALS;FALS;FALS;FALS;FALS;FALS;CERT;FALS;FALS;P-PNEC;639,45;;6,31;;9,79;;2,74E-07;4,749736316;5,1385;1,70E+104;447,8942238;34,7;1047;;;;-0,1;0,014426764;0,1;0,28;0,04;0,14;>1 to < 10 tonnes;1;10;0;0;0;0;0;0;0;0;0;0;0;0;0;0;0;0;0;0;0;0;0;1;0;0;0;0;0;0;0;0;0;0;1;0;0;0;0;0;0;0;0;0;0;0;0;0;1;0;0;0;0;0;0;0;0;0;0;0;0;0;0;0;0;0;0;0,992520438;0,968825408;1;;;;0,101977545;0,129434056;FALS;0;0;0;0;235,9;low ;0;5520;low ;0,524;86,6;low ;0;0,863046967;0,02315903;0,085276108;0,125920796;0,865067403;;;P_score_freshwater_pred_Dashboard;1;0,987115282;;;M_score_pred_Dashboard;0,129434056;0,115705801;kemi_score;0,28;0,359769449;1;;;0,337957045;1;0,294120282;1;0,325292932;1;0,294120282;0,5;0,315277689;1;1.00;PM;;PM;4
2,2,2-trifluoroethanol;75-89-8;200-913-6;RHQDFWAXVIIEBN-UHFFFAOYSA-N;OCC(F)(F)F;DTXSID0021751;6409;PRO-065;NS00008975;REACH-B;FALS;vPvM & PMT;MQ;vPvM & PMT;FALS;FALS;;;FALS;FALS;FALS;FALS;FALS;FALS;FALS;FALS;FALS;FALS;FALS;FALS;FALS;FALS;FALS;CERT;FALS;FALS;;"Intermediate; Solvent";Intermediate;CERT;CERT;CERT;FALS;FALS;FALS;CERT;FALS;FALS;FALS;CERT;FALS;CERT;CERT;FALS;FALS;FALS;FALS;FALS;FALS;FALS;FALS;FALS;FALS;FALS;P-PNEC pred;100,04;0,41;0,341;;2,65;10;3,45;1,120573931;0,7404;244,6919323;32,09790245;3,63;51;;;;0,3;124,56296;;0,56;0;0;>10 tonnes;10;;1;0;0;0;0;0;0;0;0;0;0;0;0;0;0;0;0;0;1;0;1;0;0;0;0;0;0;0;0;0;0;0;0;0;0;0;0;0;0;0;0;0;0;0;0;0;0;0;0;0;0;1;0;0;0;0;0;0;0;0;0;0;0;0;1;0,430986365;0,255518837;0,917054554;;;;0,705387879;0,647843095;FALS;0;0;0;0;2070;low ;0;2990;low ;0,378;7100;low ;0;0,109545802;0,030012443;0,035027358;0,020810687;0,114941717;;;P_score_freshwater_pred_Dashboard;0,917054554;0,534519918;;;M_score_pred_Episuite;0,705387879;0,676615487;kemi_score;0,56;0,804287987;1;;;0,601385446;1;0,114941717;0,5;0,420500918;0,75;0,114941717;0,25;0,346413256;0,75;2.00;vPvM;;PM;2
2,2,3-trifluoro-3-[1,1,2,2,3,3-hexafluoro-3-(trifluoromethoxy)propoxy]propanoic acid;919005-14-4;700-835-7;AFDRCEOKCOUICI-UHFFFAOYSA-N;OC(=O)C(F)(F)C(F)OC(F)(F)C(F)(F)C(F)(F)OC(F)(F)F;DTXSID40881350;52915299;PRO-066;;REACH-B;FALS;vPvM;HQ;vPvM;FALS;FALS;;;FALS;FALS;FALS;FALS;FALS;FALS;FALS;FALS;FALS;FALS;FALS;FALS;FALS;FALS;FALS;FALS;FALS;FALS;;;;CERT;FALS;FALS;FALS;FALS;FALS;FALS;FALS;FALS;FALS;FALS;FALS;FALS;FALS;FALS;FALS;FALS;FALS;FALS;FALS;FALS;FALS;FALS;FALS;FALS;P-PNEC pred;378,07;;5,74;;4,25;;0,00182;2,989894564;;87,35672301;;5,37;4366;;;1,3;;1,74602;;0,27;0;0;;;;0;0;0;0;0;0;0;0;0;0;0;0;0;0;0;0;0;0;0;0;0;0;0;0;0;0;0;0;0;0;0;0;0;0;0;0;0;0;0;0;0;0;0;0;0;0;0;0;0;0;0;0;0;0;0;0;0;0;0;0;0;0;0;0;0;0,999344277;;0,655247715;;;0,618975739;;0,334891714;FALS;0;0;0;0;71,5;low ;0,197;112,8;low ;0;3620;low ;0;0,439781416;0,113819267;0,135368111;0,027687167;0,452900998;;;P_score_freshwater_pred_UBA;0,999344277;0,827295996;M_score_exp_UBA;0,618975739;M_score_exp_UBA;0,618975739;0,476933726;kemi_score;0,27;0,786492125;1;0,618975739;0,5;0,62814438;1;0,452900998;0,5;0,654330772;0,75;0,529466457;0,5;0,563258055;0,75;0.00;vPvM;PM;PM;4
2,2'-[(2,2',5,5'-tetrachloro[1,1'-biphenyl]-4,4'-diyl)bis(azo)]bis[N-(2,4-dimethylphenyl)-3-oxobutyramide];22094-93-5;244-776-0;GPWXTTPSHZOIKO-UHFFFAOYSA-N;CC1=CC(=C(C=C1)NC(=O)C(C(=O)C)N=NC2=C(C=C(C(=C2)Cl)C3=CC(=C(C=C3Cl)N=NC(C(=O)C)C(=O)NC4=C(C=C(C=C4)C)C)Cl)Cl)C;DTXSID20865032;89597;PRO-067;;REACH-A;CERT;vPvM;HQ;vPvM;FALS;FALS;;;FALS;FALS;FALS;FALS;FALS;FALS;FALS;FALS;FALS;FALS;FALS;FALS;FALS;FALS;FALS;CERT;CERT;CERT;Electronics/small appliances -> computers and accessories/supplies -> printer toner;;;CERT;CERT;CERT;CERT;CERT;CERT;CERT;CERT;CERT;CERT;CERT;CERT;FALS;FALS;CERT;FALS;FALS;CERT;FALS;FALS;FALS;CERT;CERT;CERT;CERT;P-PNEC pred;754,49;;8,25;;9,79;;2,62E-08;5,008600172;7,4714;7,69E+23;10604,1259;186;34018;;;;0,5;0,00049;0,02;0,67;0,14;0,26;>10 to < 100 tonnes;10;100;0;1;0;0;0;0;1;1;1;1;0;1;1;1;1;0;0;1;0;0;0;1;1;1;1;1;0;0;0;1;1;0;1;0;0;0;0;0;0;0;0;0;1;0;0;0;1;1;1;1;1;1;0;1;1;1;1;1;1;1;1;1;0;1;0;0,999980378;0,999856083;1;;;;0,022042679;0,110523716;FALS;0;0;0;0;278,3;low ;0;478,2;low ;0;874;low ;0;0,964763616;0,064187324;0,079840715;0,050139242;0,965250316;;;P_score_freshwater_pred_Dashboard;1;0,999945487;;;M_score_pred_Dashboard;0,110523716;0,066283197;kemi_score;0,67;0,332451072;1;;;0,257448216;1;0,138942457;1;0,214922239;1;0,138942457;0,5;0,189130875;1;1.00;PM;;;2
2,2'-[(3,3'-dichloro[1,1'-biphenyl]-4,4'-diyl)bis(azo)]bis[3-oxo-N-phenylbutyramide];6358-85-6;228-787-8;GNCOVOVCHIHPHP-UHFFFAOYSA-N;CC(=O)C(C(=O)NC1=CC=CC=C1)N=NC2=C(C=C(C=C2)C3=CC(=C(C=C3)N=NC(C(=O)C)C(=O)NC4=CC=CC=C4)Cl)Cl;DTXSID1021451;186342;PRO-068;NS00009591;REACH-A;CERT;vPvM;HQ;PM;FALS;FALS;;;FALS;FALS;FALS;FALS;FALS;FALS;FALS;FALS;FALS;FALS;FALS;FALS;FALS;FALS;FALS;CERT;CERT;CERT;"Arts and crafts/office supplies -> children's art and toys -> crayons; Electronics/small appliances -> computers and accessories/supplies -> printer ink; hair dyeing; pigments agents";"Paint additives and coating additives not described by other categories; Pigment; Pigments";"Paint additives and coating additives not described by other categories; Pigment; Pigments";CERT;CERT;CERT;CERT;CERT;CERT;CERT;FALS;FALS;CERT;CERT;CERT;CERT;FALS;CERT;CERT;FALS;CERT;CERT;CERT;CERT;FALS;CERT;FALS;FALS;P-PNEC pred;629,5;;5,99;;9,75;;5,90E-08;5,029383778;6,0271;723781420,9;1413,728943;77,6;4469;;;;2,1;0,00062;0,06;0,86;0,52;0,65;>10000 to < 100000 tonnes;10000;100000;1;1;0;0;0;0;0;1;1;1;0;1;0;1;1;0;0;1;0;0;1;1;0;0;1;0;0;0;0;1;1;0;1;1;0;0;0;1;0;0;0;0;1;0;0;0;1;1;1;1;1;1;1;1;1;1;0;1;1;1;1;1;0;1;1;0,999369885;0,995510181;1;;;;0,057792146;0,109115404;FALS;0;0;0;0;160,6;low ;0;1740;low ;0;338;low ;0;0,96111959;0,037667976;0,099235723;0,073855711;0,96178708;;;P_score_freshwater_pred_Dashboard;1;0,998293355;;;M_score_pred_Dashboard;0,109115404;0,083453775;kemi_score;0,86;0,330326208;1;;;0,288637054;1;0,240223281;1;0,281694951;1;0,240223281;0,5;0,263319844;1;1.00;PM;;;1
2,2'-[(3,3'-dichloro[1,1'-biphenyl]-4,4'-diyl)bis(azo)]bis[N-(2,4-dimethylphenyl)-3-oxobutyramide];5102-83-0;225-822-9;QWYLRRUZRFYUOL-UHFFFAOYSA-N;CC1=CC(=C(C=C1)NC(=O)C(C(=O)C)N=NC2=C(C=C(C=C2)C3=CC(=C(C=C3)N=NC(C(=O)C)C(=O)NC4=C(C=C(C=C4)C)C)Cl)Cl)C;DTXSID0029268;73462;PRO-069;NS00006890;REACH-A;CERT;vPvM;HQ;PM;FALS;FALS;;;FALS;FALS;FALS;FALS;FALS;FALS;FALS;FALS;FALS;FALS;FALS;FALS;FALS;FALS;FALS;CERT;CERT;CERT;;"Pigment; Pigments";"Not Known or Reasonably Ascertainable; Pigment; Pigments";CERT;CERT;CERT;CERT;CERT;CERT;CERT;FALS;FALS;CERT;CERT;CERT;CERT;CERT;CERT;CERT;FALS;CERT;CERT;CERT;CERT;CERT;CERT;CERT;FALS;P-PNEC pred;685,61;;6,41;;9,79;;1,35E-07;5,008600172;6,6134;14537538455;3518,549377;174;9976;;;;1,8;0,00062;0,04;0,84;0,39;0,52;>1000 to < 10000 tonnes;1000;10000;1;1;0;0;0;0;1;1;1;1;0;1;1;1;1;1;1;1;0;0;1;1;1;1;1;1;0;0;0;1;1;0;1;1;0;0;0;1;0;0;0;0;1;0;0;0;1;1;1;1;1;1;1;1;1;1;1;1;1;1;1;1;0;1;1;0,999840251;0,999051998;1;;;;0,039249909;0,110523716;FALS;0;0;0;0;252,9;low ;0;1180;low ;0;591,4;low ;0;0,96111959;0,04428211;0,08294811;0,058862706;0,961677524;;;P_score_freshwater_pred_Dashboard;1;0,99963075;;;M_score_pred_Dashboard;0,110523716;0,074886812;kemi_score;0,84;0,332451072;1;;;0,273604021;1;0,196130316;1;0,255350218;1;0,196130316;0,5;0,231650692;1;1.00;PM;;;1
2,2'-[(3,3'-dichloro[1,1'-biphenyl]-4,4'-diyl)bis(azo)]bis[N-(2-methoxyphenyl)-3-oxobutyramide];4531-49-1;224-867-1;VTGOEJALMFECDQ-UHFFFAOYSA-N;CC(=O)C(C(=O)NC1=CC=CC=C1OC)N=NC2=C(C=C(C=C2)C3=CC(=C(C=C3)N=NC(C(=O)C)C(=O)NC4=CC=CC=C4OC)Cl)Cl;DTXSID60863411;91539;PRO-070;;REACH-A;CERT;vPvM;HQ;vPvM;FALS;FALS;;;FALS;FALS;FALS;FALS;FALS;FALS;FALS;FALS;FALS;FALS;FALS;FALS;FALS;FALS;FALS;CERT;CERT;CERT;"Electronics/small appliances -> computers and accessories/supplies -> printer toner; pigments agents";"Other; Pigment; Pigments";"Other; Pigment; Pigments";CERT;CERT;CERT;CERT;CERT;CERT;CERT;FALS;FALS;CERT;CERT;CERT;CERT;FALS;CERT;CERT;FALS;CERT;FALS;FALS;FALS;CERT;CERT;CERT;FALS;P-PNEC pred;689,55;;6,29;;9,75;;6,18E-08;5,021189299;5,608;29,66595227;2503,83622;77,6;4438;;;;0,4;0,00068;0,08;0,83;0,26;0,39;>100 to < 1000 tonnes;100;1000;1;1;0;0;0;0;1;1;1;1;0;1;1;1;1;0;0;1;0;0;0;1;1;1;1;1;0;0;0;1;1;0;1;0;0;0;0;1;0;0;0;0;1;0;0;0;1;1;1;1;1;1;1;1;1;1;1;1;1;1;1;1;0;1;0;0,999362346;0,998305358;0,230749318;;;;0,07579686;0,109668777;FALS;0;0;0;0;175,9;low ;0;1400;low ;0;619,1;low ;0;0,959592414;0,041244116;0,095758607;0,057771034;0,960261816;;;P_score_freshwater_pred_UBA;0,999362346;0,742805674;;;M_score_pred_Dashboard;0,109668777;0,092732819;kemi_score;0,83;0,331057165;1;;;0,262454689;1;0,277165916;1;0,302915438;1;0,277165916;0,5;0,269710019;1;1.00;PM;;;1
2,2'-[(3,3'-dichloro[1,1'-biphenyl]-4,4'-diyl)bis(azo)]bis[N-(2-methylphenyl)-3-oxobutyramide];5468-75-7;226-789-3;LQZFGPJGXVFSTR-UHFFFAOYSA-N;CC1=CC=CC=C1NC(=O)C(C(=O)C)N=NC2=C(C=C(C=C2)C3=CC(=C(C=C3)N=NC(C(=O)C)C(=O)NC4=CC=CC=C4C)Cl)Cl;DTXSID9027601;93006;PRO-071;NS00006410;REACH-A;FALS;vPvM;HQ;vPvM;FALS;FALS;;;FALS;FALS;FALS;FALS;FALS;FALS;FALS;FALS;FALS;FALS;FALS;FALS;FALS;FALS;FALS;CERT;CERT;CERT;"Specialty occupational products -> Firefighting foam; green 580: pigment; pigment; pigment; pigments agents";"Paint additives and coating additives not described by other categories; Pigment; Pigments";"Paint additives and coating additives not described by other categories; Pigment; Pigments";CERT;CERT;CERT;CERT;CERT;CERT;CERT;CERT;CERT;CERT;CERT;CERT;CERT;FALS;CERT;CERT;CERT;CERT;CERT;CERT;CERT;CERT;CERT;CERT;CERT;P-PNEC pred;657,55;;6,56;;9,75;;9,08E-08;5,021189299;6,0105;8817462790;2328,567258;77,6;6380;;;;0,5;0,00064;0,06;0,81;0,39;0,52;>1000 to < 10000 tonnes;1000;10000;1;1;0;0;0;0;1;1;1;1;0;1;1;1;1;1;1;1;0;0;1;1;1;1;1;1;0;0;0;1;1;0;1;1;0;0;0;1;0;0;0;0;1;0;0;0;1;1;1;1;1;1;1;1;1;1;1;1;1;1;1;1;0;1;0;0,999657045;0,998081952;1;;;;0,058421884;0,109668777;FALS;0;0;0;0;242,6;low ;0;1450;low ;0;423,1;low ;0;0,96060105;0,040645677;0,084332129;0,06745586;0,96117586;;;P_score_freshwater_pred_Dashboard;1;0,999246332;;;M_score_pred_Dashboard;0,109668777;0,084045331;kemi_score;0,81;0,331162766;1;;;0,28979646;1;0,240146937;1;0,282006603;1;0,240146937;0,5;0,26380624;1;1.00;PM;;;1
2,2'-[(3,3'-dichloro[1,1'-biphenyl]-4,4'-diyl)bis(azo)]bis[N-(4-chloro-2,5-dimethoxyphenyl)-3-oxobutyramide];5567-15-7;226-939-8;NKXPXRNUMARIMZ-UHFFFAOYSA-N;CC(=O)C(C(=O)NC1=CC(=C(C=C1OC)Cl)OC)N=NC2=C(C=C(C=C2)C3=CC(=C(C=C3)N=NC(C(=O)C)C(=O)NC4=CC(=C(C=C4OC)Cl)OC)Cl)Cl;DTXSID1021453;21733;PRO-072;NS00006520;REACH-A;CERT;vPvM;HQ;vPvM;FALS;FALS;;;FALS;FALS;FALS;FALS;FALS;FALS;FALS;FALS;FALS;FALS;FALS;FALS;FALS;FALS;FALS;CERT;CERT;CERT;"Electronics/small appliances -> computers and accessories/supplies -> printer toner; Personal care -> body hygiene -> bar soap; additive - non-reactive; additive non-reactive; colorant; colorants; cosmetic colorant; dye; impurity; pigment; pigment; pigments agents; residual";"Paint additives and coating additives not described by other categories; Pigment; Pigments";"Pigment; Pigments";CERT;CERT;CERT;CERT;CERT;CERT;CERT;CERT;CERT;CERT;CERT;CERT;CERT;FALS;CERT;CERT;FALS;CERT;CERT;CERT;CERT;CERT;CERT;CERT;CERT;P-PNEC pred;818,49;;7,71;;9,79;;1,76E-08;5,008600172;6,5544;162754,7914;12262,91903;63,1;18503;;;;0;0,00071;0,04;0,87;0,39;0,52;>1000 to < 10000 tonnes;1000;10000;1;1;0;0;0;0;1;1;1;1;0;1;1;1;1;1;1;1;1;1;1;1;1;1;1;1;0;0;0;1;1;0;1;1;0;0;0;1;0;0;0;1;1;0;0;0;1;1;1;1;1;1;1;1;1;1;1;1;1;1;1;1;0;1;0;0,999944429;0,99988774;0,999998649;;;;0,040821452;0,110523716;FALS;0;0;0;0;301,9;low ;0;64,7;low ;0;1290;low ;0;0,958859111;0,140528871;0,077281963;0,042672547;0,959409155;;;P_score_freshwater_pred_Dashboard;0,999998649;0,999943606;;;M_score_pred_Dashboard;0,110523716;0,075672584;kemi_score;0,87;0,332450848;1;;;0,275078745;1;0,195898867;1;0,255199421;1;0,195898867;0,5;0,23213706;1;1.00;PM;;;1
2,2'-[(3,3'-dichloro[1,1'-biphenyl]-4,4'-diyl)bis(azo)]bis[N-(4-ethoxyphenyl)-3-oxobutyramide];31775-20-9;250-799-7;LNBRYDZEIVHGHO-UHFFFAOYSA-N;CCOC1=CC=C(C=C1)NC(=O)C(C(=O)C)N=NC2=C(C=C(C=C2)C3=CC(=C(C=C3)N=NC(C(=O)C)C(=O)NC4=CC=C(C=C4)OCC)Cl)Cl;DTXSID40885515;169360;PRO-073;;REACH-B;FALS;vPvM;HQ;vPvM;FALS;FALS;;;FALS;FALS;FALS;FALS;FALS;FALS;FALS;FALS;FALS;FALS;FALS;FALS;FALS;FALS;FALS;FALS;FALS;FALS;;;;FALS;FALS;CERT;CERT;CERT;FALS;FALS;FALS;FALS;CERT;FALS;FALS;FALS;FALS;FALS;FALS;FALS;FALS;FALS;FALS;FALS;FALS;FALS;FALS;FALS;P-PNEC pred;717,6;;6,89;;9,79;;1,04E-07;5,008600172;6,7751;29,66595227;2825,754769;74,1;4777;;;;1,1;0,00062;0,04;0,43;0;0;;;;0;0;0;0;0;0;0;1;1;1;0;0;0;0;0;0;0;1;0;0;0;1;0;0;1;0;0;0;0;0;1;0;0;0;0;0;0;1;0;0;0;0;0;0;0;0;0;1;1;1;0;0;1;1;1;0;0;0;0;0;0;0;0;0;0;0,9994377;0,998621467;0,230749318;;;;0,035234916;0,110523716;FALS;0;0;0;0;207,4;low ;0;1300;low ;0;644,4;low ;0;0,96111959;0,042535755;0,089740402;0,056831429;0,961723212;;;P_score_freshwater_pred_UBA;0,9994377;0,742936162;;;M_score_pred_Dashboard;0,110523716;0,072879316;kemi_score;0,43;0,332357591;1;;;0,232690093;1;0,196134975;1;0,255317347;1;0,196134975;0,5;0,21363208;1;1.00;PM;;;3
2,2'-[[5-acetamido-4-[(2-chloro-4,6-dinitrophenyl)azo]-2-methoxyphenyl]imino]diethyl diacetate;3618-73-3;222-814-7;VRTQJBZLCYJJCI-UHFFFAOYSA-N;CC(=O)NC1=CC(=C(C=C1N=NC2=C(C=C(C=C2Cl)[N+](=O)[O-])[N+](=O)[O-])OC)N(CCOC(=O)C)CCOC(=O)C;DTXSID0063103;77173;PRO-074;NS00020299;REACH-A;FALS;vPvM;HQ;PM;FALS;FALS;;;FALS;FALS;FALS;FALS;FALS;FALS;FALS;FALS;FALS;FALS;FALS;FALS;FALS;FALS;FALS;CERT;CERT;CERT;;;;FALS;CERT;CERT;CERT;CERT;CERT;CERT;FALS;FALS;FALS;CERT;CERT;FALS;CERT;CERT;FALS;FALS;CERT;FALS;FALS;FALS;FALS;CERT;FALS;FALS;P-PNEC pred;580,94;;4,81;;10,2;;4,71E-08;4,630427875;4,2835;107,7700726;790,9415268;10,2;1108;;;;1,6;0,00482;0,17;0,49;0,14;0,26;>10 to < 100 tonnes;10;100;0;0;0;0;0;0;0;0;0;0;0;0;0;0;0;0;0;1;0;0;0;1;0;0;1;0;0;0;0;0;1;0;1;0;0;0;0;0;0;0;0;0;0;0;0;0;1;1;1;1;0;0;0;0;1;0;0;0;0;0;0;0;0;0;0;0,99320587;0,987974454;0,731291418;;;;0,170399075;0,139041523;FALS;0;0;0;0;173,3;low ;0,227;153,2;low ;0;675,4;low ;0;0,910271377;0,101082089;0,096320067;0,055747499;0,911766559;;;P_score_freshwater_pred_UBA;0,99320587;0,904157247;;;M_score_pred_Episuite;0,170399075;0,154720299;kemi_score;0,49;0,41138955;1;;;0,374020694;1;0,393700794;1;0,402447999;1;0,393700794;0,5;0,383734601;1;1.00;PM;;PM;3
2,2'-azobis[2-methylbutyronitrile];13472-08-7;236-740-8;AVTLBBWTUPQRAY-UHFFFAOYSA-N;CCC(C)(C#N)N=NC(C)(CC)C#N;DTXSID8027747;93079;PRO-075;NS00001627;REACH-A;CERT;vPvM;HQ;PM;FALS;FALS;;;FALS;FALS;FALS;FALS;FALS;FALS;FALS;FALS;FALS;FALS;FALS;FALS;FALS;FALS;FALS;CERT;FALS;FALS;"Home maintenance -> paint/stain and related products -> paint; catalyst; structure";"Intermediates; Process regulators";;CERT;CERT;CERT;CERT;CERT;CERT;CERT;FALS;FALS;CERT;CERT;FALS;CERT;CERT;FALS;CERT;CERT;FALS;FALS;FALS;FALS;FALS;FALS;FALS;FALS;P-PNEC pred;192,266;;1,61;;5,01;;0,02;2,269512944;4,2755;37,71281662;136,0190637;3,8;2500;;;;2,1;3,04345;0,17;0,7;0,23;0,35;>100 to < 1000 tonnes;100;1000;0;0;0;0;0;0;0;1;0;0;0;0;0;0;0;0;0;0;0;0;0;0;0;0;0;0;0;0;0;0;1;0;0;0;0;0;0;0;0;0;0;0;0;0;0;0;0;0;0;0;0;0;0;0;1;0;0;0;0;0;0;0;0;0;0;0,998300918;0,802049027;0,311352831;;;;0,171184392;0,453432317;FALS;0;0;0;0;182,3;low ;0,219;6060;low ;0,643;1180;low ;0,663;0,381457569;0,022259561;0,094423082;0,04428211;0,391561579;;;P_score_freshwater_pred_UBA;0,998300918;0,703900926;;;M_score_pred_Dashboard;0,453432317;0,312308354;kemi_score;0,7;0,672801529;1;;;0,468864735;1;0,258002846;1;0,416634983;1;0,258002846;0,5;0,347805169;1;0.00;PM;;PM;2
2,2-difluoro-2-(trifluoromethoxy)acetic Acid;674-13-5;821-118-6;IHYMJUVQLSNPPP-UHFFFAOYSA-N;C(=O)(C(OC(F)(F)F)(F)F)O;DTXSID00408562;5125273;PRO-076;NS00074607;;FALS;;;;FALS;FALS;;;FALS;FALS;FALS;FALS;FALS;FALS;FALS;FALS;FALS;FALS;FALS;FALS;FALS;FALS;FALS;FALS;FALS;FALS;;;;FALS;FALS;FALS;FALS;FALS;FALS;FALS;FALS;FALS;FALS;FALS;FALS;FALS;FALS;FALS;FALS;FALS;FALS;FALS;FALS;FALS;FALS;FALS;FALS;FALS;;180,03;;2,16;;3;;0,49;0,680335513;;41,26439411;;4,57;;;;;;28,31684617;;;;;;;;0;0;0;0;0;0;0;0;0;0;0;0;0;0;0;0;0;0;0;0;0;0;0;0;0;0;0;0;0;0;0;0;0;0;0;0;0;0;0;0;0;0;0;0;0;0;0;0;0;0;0;0;0;0;0;0;0;0;0;0;0;0;0;0;0;;;0,345258688;;;;;0,7139654;FALS;0;0;0;0;1170;low ;0,206;20100;low ;0,226;7070;low ;0;0,189687056;0,013344771;0,0444388;0,020848193;0,195916671;;;P_score_freshwater_pred_Dashboard;0,345258688;0,345258688;;;M_score_pred_Dashboard;0,7139654;0,7139654;;;0,496490441;1;;;0,496490441;1;0,195916671;0,5;0,364164599;0,75;0,195916671;0,25;0,364164599;0,75;0.00;PM;;PM;
2,2'-dimethyl-2,2'-azodipropiononitrile;78-67-1;201-132-3;OZAIFHULBGXAKX-UHFFFAOYSA-N;CC(C)(C#N)N=NC(C)(C)C#N;DTXSID1026457;6547;PRO-077;NS00005643;REACH-A;FALS;vPvM;HQ;vPvM;FALS;FALS;;;FALS;FALS;FALS;FALS;FALS;FALS;FALS;FALS;FALS;FALS;FALS;FALS;FALS;FALS;FALS;CERT;FALS;FALS;"Home maintenance -> paint/stain and related products -> paint; catalyst; structure";"Flame retardants; Intermediate; Polymerization promoter; Process regulators; Propellants and blowing agents";"Other; Photosensitive chemicals";CERT;CERT;CERT;CERT;CERT;CERT;CERT;FALS;FALS;CERT;CERT;FALS;CERT;CERT;FALS;CERT;CERT;FALS;FALS;FALS;FALS;FALS;FALS;FALS;FALS;P-PNEC pred;164,212;1,1;1,37;;4,14;0,00214;0,00449;1,829946696;2,7489;1652,426347;120,5233596;3,09;950;;;;1,1;5,02933;0,37;0,88;0,29;0,38;>1000 to < 10000 tonnes;1000;10000;1;0;0;0;0;0;0;1;0;0;0;0;0;0;0;0;0;0;1;1;0;0;0;0;0;0;0;0;0;0;1;0;0;0;0;0;0;0;0;0;0;0;0;0;0;0;0;0;0;0;0;1;1;1;1;0;0;0;0;0;0;0;0;0;0;0,991179971;0,767166895;0,996557642;;;;0,373063194;0,529433921;CERT;0;0;0;0;1710;low ;0,225;7790;;1;2890;;1;0,331477497;0,020005544;0,037942728;0,030445519;0,33586574;;;P_score_freshwater_pred_Dashboard;0,996557642;0,918301503;;;M_score_pred_Dashboard;0,529433921;0,451248557;kemi_score;0,88;0,726368653;1;;;0,643725274;1;0,352519962;1;0,506023172;1;0,352519962;0,5;0,476367515;1;0.00;vPvM;;PM;1
2,2'-dimorpholinyldiethyl ether;6425-39-4;229-194-7;ZMSQJSMSLXVTKN-UHFFFAOYSA-N;C1COCCN1CCOCCN2CCOCC2;DTXSID9042170;80900;PRO-078;NS00005825;REACH-A;CERT;vPvM;HQ;vPvM;FALS;FALS;;;FALS;FALS;FALS;FALS;FALS;FALS;FALS;FALS;FALS;FALS;FALS;FALS;FALS;FALS;FALS;CERT;CERT;CERT;;"Adhesives and sealant chemicals; Catalyst; Intermediates; Paint additives and coating additives not described by other categories";"Adhesives and sealant chemicals; Catalyst; Not Known or Reasonably Ascertainable; Paint additives and coating additives not described by other categories; Processing aids, not otherwise listed";CERT;CERT;CERT;CERT;CERT;CERT;CERT;CERT;CERT;CERT;CERT;CERT;CERT;FALS;CERT;FALS;FALS;CERT;FALS;FALS;FALS;FALS;FALS;FALS;FALS;P-PNEC pred;244,335;;-0,766;;7,38;;3,62;2,439332694;-0,202;190,5662685;85,38171168;1,82;1053;;;;-2,3;11,4348;0,82;0,81;0,39;0,52;>1000 to < 10000 tonnes;1000;10000;0;1;0;0;0;0;0;1;0;0;0;0;0;0;0;0;0;0;0;0;0;0;0;0;0;0;0;0;0;0;1;0;0;0;0;0;0;0;0;0;0;0;0;0;0;0;0;0;0;0;0;0;1;0;0;0;0;0;0;0;1;1;0;0;0;0,992592609;0,646363842;0,878211981;;;;0,821465795;0,424452363;FALS;0;0;0;0;300,8;low ;0,649;8250;low ;0,7;595,2;low ;0;0,257648122;0,019522847;0,077395084;0,0587088;0,267587731;;;P_score_freshwater_pred_UBA;0,992592609;0,839056144;;;M_score_pred_Episuite;0,821465795;0,622959079;kemi_score;0,81;0,902984428;1;;;0,722978314;1;0,468424956;1;0,650369465;1;0,468424956;0,5;0,581945947;1;2.00;vPvM;;vPvM;1
2,2'-iminobis[4,6-diamino-1,3,5-triazine];3576-88-3;222-695-1;YZEZMSPGIPTEBA-UHFFFAOYSA-N;C1(=NC(=NC(=N1)NC2=NC(=NC(=N2)N)N)N)N;DTXSID50957156;77125;PRO-079;NS00003143;REACH-A;FALS;vPvM;HQ;vPvM;FALS;FALS;;;FALS;FALS;FALS;FALS;FALS;FALS;FALS;FALS;FALS;FALS;FALS;FALS;FALS;FALS;FALS;FALS;FALS;CERT;;;;FALS;FALS;CERT;FALS;FALS;FALS;FALS;FALS;FALS;FALS;FALS;CERT;FALS;FALS;FALS;FALS;FALS;FALS;FALS;FALS;FALS;FALS;FALS;FALS;FALS;P-PNEC pred;235,215;;-3,09;;7,1;;0,553;1,589949601;0,8442;53,51703423;281,0419116;3,47;1145;;;;-3,4;0,00717;0,69;0,26;0,18;0,28;>100 to < 1000 tonnes;100;1000;0;0;0;0;0;0;0;0;0;0;0;0;0;0;0;0;0;0;0;0;0;0;0;0;0;0;0;0;0;0;0;0;0;0;0;0;0;0;0;0;0;0;0;0;0;0;0;0;0;0;0;0;0;0;1;0;0;0;1;0;0;0;0;0;0;0,993574491;0,933376897;0,451286682;;;;0,690218181;0,570581801;FALS;0;0;0;0;393,5;low ;0,462;362,6;low ;0;4340;low ;0,7;0,895151905;0,071795665;0,069464478;0,025643435;0,896411902;;;P_score_freshwater_pred_UBA;0,993574491;0,792746023;;;M_score_pred_Episuite;0,690218181;0,630399991;E_score_max;0,28;0,828120268;1;;;0,706927921;1;0,786463103;1;0,807022946;1;0,786463103;0,5;0,745635787;1;0.00;vPvM(T);(T);vPvM(T);4
2,3,4-trichlorobut-1-ene;2431-50-7;219-397-9;WZUZDBPJFHQVJC-UHFFFAOYSA-N;C=C(C(CCl)Cl)Cl;DTXSID6027474;17073;PRO-080;NS00002662;REACH-B;FALS;vPvM & PMT;MQ;PMT;FALS;FALS;;;FALS;FALS;FALS;FALS;FALS;FALS;FALS;FALS;FALS;FALS;FALS;FALS;FALS;FALS;FALS;FALS;FALS;FALS;;;;FALS;FALS;FALS;FALS;FALS;FALS;FALS;FALS;FALS;FALS;FALS;FALS;FALS;FALS;FALS;FALS;FALS;FALS;FALS;FALS;FALS;FALS;FALS;FALS;FALS;P-PNEC pred;159,43;;2,81;;3,73;;0,00346;2,530199698;2,6901;48,91088652;57,38298655;13,2;62;;;2;;13,76838;0,38;0,39;0;0;;;;0;0;0;0;0;0;0;0;0;0;0;0;0;0;0;0;0;0;0;0;0;0;0;0;0;0;0;0;0;0;0;0;0;0;0;0;0;0;0;0;0;0;0;0;0;0;0;0;0;0;0;0;0;0;0;0;0;0;0;0;0;0;0;0;0;0,514009975;0,480949584;0,413545065;;;0,5;0,382643981;0,409143694;CERT;0,5;0;0;0;3010;low ;0,212;558,3;low ;0,445;4990;low ;0,7;0,242525531;0,060263799;0,02992827;0,024171784;0,246447424;;;P_score_freshwater_pred_UBA;0,514009975;0,469501541;M_score_exp_UBA;0,5;M_score_exp_UBA;0,5;0,430595892;kemi_score;0,39;0,506956593;1;0,5;0,5;0,449628107;1;0,306022909;1;0,393878575;1;0,360434174;0,75;0,370940024;1;0.00;PM;PM;PM;3
2,3-epoxypropyl o-tolyl ether;2210-79-9 ;218-645-3;KFUSXMDYOPXKKT-UHFFFAOYSA-N;CC1=CC=CC=C1OCC2CO2;DTXSID8024862;16640;PRO-081;;REACH-A;FALS;vPvM & PMT;MQ;PMT;FALS;FALS;;;FALS;FALS;FALS;FALS;FALS;FALS;FALS;FALS;FALS;FALS;FALS;FALS;FALS;FALS;FALS;FALS;FALS;FALS;"Home maintenance -> adhesives and adhesive removers -> multipurpose adhesive; diluent; diluent";"Adhesives and sealant chemicals; Diluent; Not Known or Reasonably Ascertainable; Paint additives and coating additives not described by other categories; Plasticizer; Viscosity adjustors";"Adhesives and sealant chemicals; Not Known or Reasonably Ascertainable; Paint additives and coating additives not described by other categories; Plasticizer; Viscosity adjustors";FALS;FALS;FALS;FALS;FALS;FALS;FALS;FALS;FALS;FALS;FALS;FALS;FALS;FALS;FALS;FALS;FALS;FALS;FALS;FALS;FALS;FALS;FALS;FALS;FALS;P-PNEC pred;164,204;;2,13;;5,86;;0,00749;2,06069784;;134,2897797;;7,41;32;;;2,3;;11,28189;;;;;;;;0;0;0;0;0;0;0;0;0;0;0;0;0;0;0;0;0;0;0;0;0;0;0;0;0;0;0;0;0;0;0;0;0;0;0;0;0;0;0;0;0;0;0;0;0;0;0;0;0;0;0;0;0;0;0;0;0;0;0;0;0;0;0;0;0;0,254526695;;0,798553329;;;0,448200481;;0,489483417;CERT;0;0,5;0;0;261;low ;0,689;2840;moderate ;0,85;5800;low ;0,7;0,258767981;0,030670053;0,081912544;0,022677842;0,269271883;;;P_score_freshwater_pred_Dashboard;0,798553329;0,526540012;M_score_exp_UBA;0,448200481;M_score_pred_Dashboard;0,489483417;0,468841949;;;0,625202857;1;0,448200481;0,5;0,496854149;1;0,269271883;0,5;0,472147439;0,75;0,347401479;0,5;0,405088222;0,75;0.00;PM;PM;PM;
2,4,5-trichloroaniline;636-30-6;211-254-9;GUMCAKKKNKYFEB-UHFFFAOYSA-N;Nc1cc(Cl)c(Cl)cc1Cl;DTXSID5044152;12487;PRO-082;NS00006767;REACH-B;FALS;vPvM & PMT;MQ;PMT;FALS;FALS;;;FALS;FALS;FALS;FALS;FALS;FALS;FALS;FALS;FALS;FALS;FALS;FALS;FALS;FALS;FALS;FALS;FALS;FALS;;;;FALS;FALS;CERT;FALS;FALS;FALS;FALS;FALS;FALS;FALS;FALS;FALS;FALS;FALS;FALS;FALS;FALS;FALS;FALS;FALS;FALS;FALS;FALS;FALS;FALS;P-PNEC pred;196,46;3,45;3,33;;8,4;;0,000326;2,920123326;2,9562;1394,093971;106,5017022;209;231;;;3;;1,50542;0,34;0,34;0;0;;;;0;0;0;0;0;0;0;0;0;0;0;0;0;0;0;0;0;0;1;0;0;0;0;0;0;0;0;0;0;0;0;0;0;0;0;0;0;0;0;0;0;0;0;0;0;0;0;0;0;0;0;1;0;0;0;0;0;0;0;0;0;0;0;0;0;0,90925286;0,727295809;0,995402038;;;0,333333333;0,340113754;0,345748345;FALS;0;0;0;0;148,9;moderate ;0,85;4,8;good ;1;473,7;moderate ;0,85;0,45570203;0,335984328;0,102211098;0,064434414;0,46532659;;;P_score_freshwater_pred_Dashboard;0,995402038;0,877316902;M_score_exp_UBA;0,333333333;M_score_pred_Dashboard;0,345748345;0,339731811;kemi_score;0,34;0,586650327;1;0,333333333;0,5;0,54594181;1;0,397757515;1;0,483057529;1;0,375006254;0,75;0,465996199;1;1.00;PM;PM;PM;4
2,4,6-tribromophenol;118-79-6;204-278-6;BSWWXRFVMJHFBN-UHFFFAOYSA-N;Oc1c(Br)cc(Br)cc1Br;DTXSID6021959;1483;PRO-083;NS00004395;REACH-A;FALS;PMT;HQ;Not PMT/vPvM;FALS;FALS;;;FALS;FALS;FALS;FALS;FALS;FALS;FALS;FALS;FALS;FALS;FALS;FALS;FALS;FALS;FALS;FALS;FALS;FALS;;Intermediate;;FALS;FALS;FALS;FALS;FALS;FALS;FALS;FALS;FALS;FALS;FALS;FALS;FALS;FALS;FALS;FALS;FALS;FALS;FALS;FALS;FALS;FALS;FALS;FALS;FALS;P-PNEC pred;330,801;4,13;4,18;;8,48;;0,00154;3,759667845;3,3764;984609,1112;86,5725527;513;;523;;3;;1,87077;0,28;0,47;0,11;0,16;>100 to < 1000 tonnes;100;1000;0;0;0;0;0;0;0;0;0;0;0;0;0;0;0;0;0;0;0;0;0;0;0;0;0;0;0;0;0;0;1;0;0;0;0;0;0;0;0;0;0;0;0;0;0;0;0;0;0;0;0;0;0;0;1;0;0;0;0;0;0;0;0;0;0;;0,651757219;0,999999938;0,860974416;;0,333333333;0,27807151;0,227987699;FALS;0;0;0;0;153,5;moderate ;0,85;114,4;;1;284,5;;1;0,432411158;0,113203743;0,101004916;0,079140533;0,44232912;P_score_soil_exp_UBA;0,860974416;P_score_freshwater_pred_Dashboard;0,999999938;0,837577191;M_score_exp_UBA;0,333333333;M_score_exp_UBA;0,333333333;0,279797514;kemi_score;0,47;0,577350251;1;0,53571585;1;0,48409918;1;0,351926347;1;0,450760208;1;0,434203319;1;0,412755686;1;1.00;PM;PM;PM;3
2,4,6-triisopropyl-m-phenylene diisocyanate;2162-73-4;218-485-4;AZAKSPACDDRBQB-UHFFFAOYSA-N;CC(C)c1cc(c(c(c1N=C=O)C(C)C)N=C=O)C(C)C;DTXSID40176011;75099;PRO-084;;REACH-A;CERT;PMT;MQ;Potential PMT/vPvM;FALS;FALS;;;FALS;FALS;FALS;FALS;FALS;FALS;FALS;FALS;FALS;FALS;FALS;FALS;FALS;FALS;FALS;FALS;FALS;FALS;;;;CERT;CERT;CERT;FALS;FALS;FALS;CERT;FALS;FALS;FALS;FALS;FALS;FALS;FALS;FALS;FALS;FALS;FALS;FALS;FALS;FALS;FALS;FALS;FALS;FALS;P-PNEC pred;286,375;;6,19;;7,42;;2,89E-06;2,810232518;6,5609;314,1906603;55,78253474;269;223;;;;2,7;0,00134;0,04;0,29;0,16;0,24;>100 to < 1000 tonnes;100;1000;0;0;0;0;0;0;0;0;0;0;0;0;0;0;0;0;0;0;0;0;0;0;0;0;0;0;0;0;0;0;1;0;0;0;0;0;0;0;0;0;0;0;0;0;0;0;0;0;0;0;1;1;0;0;0;0;0;0;0;0;0;0;0;0;0;0,904157118;0,46889134;0,94429463;;;;0,040645405;0,36317493;CERT;0;0;0;0;28,4;low ;0,375;246,5;low ;0,309;39;low ;0,309;0,94649017;0,083798829;0,189491396;0,169234167;0,948244329;;;P_score_freshwater_pred_Dashboard;0,94429463;0,772447696;;;M_score_pred_Dashboard;0,36317493;0,201910167;kemi_score;0,29;0,585614323;1;;;0,394924098;1;0,194755676;1;0,337715432;1;0,194755676;0,5;0,27733321;1;1.00;PM;;PM;4
2,4,6-trinitrobenzene-1,3,5-triamine;3058-38-6;221-297-5;JDFUJAMTCCQARF-UHFFFAOYSA-N;Nc1c(c(N)c(c(N)c1N(=O)=O)N(=O)=O)N(=O)=O;DTXSID8062818;18286;PRO-085;NS00022025;REACH-B;FALS;vPvM;HQ;vPvM;FALS;FALS;;;FALS;FALS;FALS;FALS;FALS;FALS;FALS;FALS;FALS;FALS;FALS;FALS;FALS;FALS;FALS;FALS;FALS;FALS;;Propellants and blowing agents;;FALS;FALS;FALS;FALS;FALS;FALS;FALS;FALS;FALS;FALS;FALS;FALS;FALS;FALS;FALS;FALS;FALS;FALS;FALS;FALS;FALS;FALS;FALS;FALS;FALS;P-PNEC pred;258,15;;2,5;;9,21;;0,255;2,079181246;0,612;2676445,055;189,435005;6,61;5448;;;;-0,3;0,06704;0,72;0,39;0,08;0,15;>10 to < 100 tonnes;10;100;0;0;0;0;0;0;0;0;0;0;0;0;0;0;0;0;0;0;0;0;0;0;0;0;0;0;0;0;0;0;0;0;0;0;0;0;0;0;0;0;0;0;0;0;0;0;0;0;0;0;0;0;0;0;0;0;0;0;0;0;0;0;0;0;0;0,999550805;0,87711914;0,999999989;;;;0,72353972;0,486282379;FALS;0;0;0;0;297,7;moderate ;0,85;350,2;low ;0;464,5;low ;0;0,763807022;0,072809261;0,077716947;0,06494979;0,766982644;;;P_score_freshwater_pred_Dashboard;0,999999989;0,958889978;;;M_score_pred_Episuite;0,72353972;0,604911049;kemi_score;0,39;0,850611375;1;;;0,761605635;1;0,743120114;1;0,795051207;1;0,743120114;0,5;0,752306099;1;0.00;vPvM(T);(T);vPvM(T);3
2,4,6-tris(dimethylaminomethyl)phenol;90-72-2;202-013-9;AHDSRXYHVZECER-UHFFFAOYSA-N;CN(C)CC1=CC(=C(C(=C1)CN(C)C)O)CN(C)C;DTXSID5026548;7026;PRO-086;NS00003023;REACH-A;CERT;vPvM;HQ;vPvM;FALS;FALS;;;FALS;FALS;FALS;FALS;FALS;FALS;FALS;FALS;FALS;FALS;FALS;FALS;FALS;FALS;FALS;CERT;CERT;FALS;"Home maintenance -> adhesives and adhesive removers -> multipurpose adhesive; Home maintenance -> surface sealers; Pet care -> cats; accelerator; catalyst; curing agent; hardener";"Adhesives and sealant chemicals; Catalyst; Hardener; Paint additives and coating additives not described by other categories; Plasticizers; Viscosity adjustors";"Hardener; Not Known or Reasonably Ascertainable";CERT;CERT;CERT;CERT;CERT;CERT;CERT;FALS;FALS;FALS;CERT;CERT;CERT;CERT;CERT;CERT;CERT;CERT;FALS;FALS;FALS;FALS;FALS;FALS;FALS;P-PNEC pred;265,401;;0,852;;9,91;;1,11;2,720159303;1,3218;1012,319995;130,8908407;11,7;812;;;;-8,9;6,99245;0,62;0,82;0,38;0,5;>1000 to < 10000 tonnes;1000;10000;0;1;0;0;0;0;0;1;1;0;0;0;0;0;0;0;0;0;0;0;0;0;0;0;0;0;0;0;0;0;1;0;0;0;0;0;0;0;0;0;0;0;0;1;0;0;0;0;0;0;0;0;1;0;1;1;0;0;0;1;0;1;0;0;0;0,988496607;0,791410984;0,992080608;;;;0,61540563;0,37773424;CERT;0;0;0;0;221,4;low ;0,454;3690;low ;0,464;1470;low ;0;0,300560682;0,027464125;0,087449845;0,040414324;0,311142376;;;P_score_freshwater_pred_Dashboard;0,992080608;0,923996066;;;M_score_pred_Episuite;0,61540563;0,496569935;kemi_score;0,82;0,781365466;1;;;0,677368929;1;0,439213243;1;0,585820843;1;0,439213243;0,5;0,545444227;1;0.00;vPvM;;PM;1
2,4,8,10-tetra(tert-butyl)-6-hydroxy-12H-dibenzo[d,g][1,3,2]dioxaphosphocin 6-oxide, sodium salt;85209-91-2;286-344-4;ZHROMWXOTYBIMF-UHFFFAOYSA-M;CC(C)(C)C1=CC2=C(C(=C1)C(C)(C)C)OP(=O)(OC3=C(C2)C=C(C=C3C(C)(C)C)C(C)(C)C)[O-].[Na+];DTXSID2072914;23674278;PRO-087;NS00020034;REACH-A;CERT;vPvM;HQ;PM;FALS;FALS;;;FALS;FALS;FALS;FALS;FALS;FALS;FALS;FALS;FALS;FALS;FALS;FALS;FALS;FALS;FALS;FALS;FALS;CERT;nucleating agents;"Other (specify); Processing aids, not otherwise listed";Other (specify);FALS;FALS;FALS;CERT;FALS;CERT;CERT;FALS;FALS;FALS;CERT;CERT;FALS;FALS;FALS;FALS;FALS;FALS;FALS;FALS;FALS;FALS;CERT;FALS;FALS;P-PNEC pred;508,615;;8,01;;10,2;;4,76E-05;5,11058971;6,656;1,89E+64;517,0492778;1100;1375;;;2,9;;0,01951;0,04;0,5;0,25;0,38;>100 to < 1000 tonnes;100;1000;0;0;0;0;0;0;0;0;0;0;0;0;0;0;0;0;0;0;0;0;0;0;0;0;0;0;0;0;0;0;1;0;0;0;0;0;0;0;0;0;0;0;0;0;0;0;0;0;0;0;0;0;1;0;1;0;0;0;0;0;0;0;0;0;0;0,995292865;0,975443952;1;;;0,34891032;0,038151449;0,103762902;FALS;0;0;0;0;220,4;low ;0;24,7;low ;0;1100;low ;0;0,846802912;0,198977553;0,087606866;0,045590534;0,849124765;;;P_score_freshwater_pred_Dashboard;1;0,990245606;M_score_exp_UBA;0,34891032;M_score_exp_UBA;0,34891032;0,163608224;kemi_score;0,5;0,590686313;1;0,34891032;0,5;0,402507546;1;0,184295932;1;0,329941032;1;0,227989636;0,75;0,27236098;1;1.00;PM;PM;PM;3
2,4-diaminotoluene;95-80-7;202-453-1;VOZKAJLKRJDJLL-UHFFFAOYSA-N;CC1=C(C=C(C=C1)N)N;DTXSID4020402;7261;PRO-088;NS00007515;;FALS;;;;FALS;FALS;;;FALS;FALS;FALS;FALS;FALS;FALS;FALS;FALS;FALS;CERT;FALS;FALS;FALS;FALS;CERT;FALS;FALS;FALS;;Intermediate;;CERT;FALS;CERT;FALS;FALS;FALS;FALS;FALS;FALS;FALS;FALS;FALS;FALS;FALS;FALS;FALS;FALS;FALS;FALS;FALS;FALS;FALS;FALS;FALS;FALS;;122,171;0,14;0,192;;7,86;;0,323;1,670245853;0,9593;53,51703423;34,75034378;50,1;;;;;;11,95292;0,67;0,68;0;0;;;;0;0;0;0;0;0;0;0;0;0;0;0;0;0;0;0;0;0;1;0;0;0;0;0;0;0;0;0;0;0;0;0;0;0;0;0;0;0;0;0;0;0;0;0;0;0;0;0;0;0;0;1;0;0;0;0;0;0;0;0;0;0;0;0;0;;0,282183113;0,451286682;;;;0,672906047;0,556894558;CERT;0,75;0,5;0;0;3150;low ;0,7;112,3;;1;1440;;1;0,253984334;0,114014015;0,029360339;0,040763034;0,2577736;;;P_score_freshwater_pred_Dashboard;0,451286682;0,366734898;;;M_score_pred_Episuite;0,672906047;0,614900303;kemi_score;0,68;0,551065819;1;;;0,474874088;1;0,415581896;1;0,478553004;1;0,415581896;0,5;0,444239883;1;0.00;PM;;PM;2
2,4-dichlorophenol;120-83-2;204-429-6;HFZWRUODUSTPEG-UHFFFAOYSA-N;Oc1ccc(Cl)cc1Cl;DTXSID1020439;8449;PRO-089;NS00004912;REACH-B;FALS;vPvM & PMT;MQ;PMT;FALS;FALS;;;FALS;FALS;FALS;FALS;FALS;FALS;FALS;FALS;FALS;FALS;FALS;FALS;FALS;FALS;FALS;FALS;FALS;FALS;;"Agricultural chemicals (non-pesticidal); Intermediate";;FALS;FALS;CERT;FALS;FALS;FALS;FALS;FALS;FALS;FALS;FALS;FALS;FALS;FALS;FALS;FALS;FALS;FALS;FALS;FALS;FALS;FALS;FALS;FALS;FALS;EQS water (=AA-EQS);163;3,06;3;;6,31;0,0277;0,0107;2,920123326;2,7845;53,51703423;42,42591481;31,6;49;;;2,3;;0,2;0,37;0,54;0;0;;;;0;0;0;0;0;0;0;0;0;0;0;0;0;0;0;0;0;0;0;0;0;0;0;0;0;0;0;0;0;0;0;0;0;0;0;0;0;0;0;0;0;0;0;0;0;0;0;0;0;0;1;0;0;0;0;0;0;0;0;0;0;0;0;0;0;0,414299963;0,35606344;0,451286682;;;0,448200481;0,3673101;0,345748345;CERT;0;0;0;0;1380;low ;0,7;100,3;;1;913,2;;1;0,667959369;0,1190664;0,041491928;0,049239507;0,670342791;;;P_score_freshwater_pred_Dashboard;0,451286682;0,407216695;M_score_exp_UBA;0,448200481;M_score_exp_UBA;0,448200481;0,387086309;kemi_score;0,54;0,449740934;1;0,448200481;0,5;0,397023938;1;0,498022924;1;0,473266622;1;0,480828641;0,75;0,444665068;1;0.00;PM;PM;PM;2
2,4-dichlorotoluene;95-73-8;202-445-8;FUNUTBJJKQIVSY-UHFFFAOYSA-N;Cc1ccc(Cl)cc1Cl;DTXSID5040702;7254;PRO-090;NS00002540;REACH-B;FALS;PMT;MQ;Not PMT/vPvM;FALS;FALS;;;FALS;FALS;FALS;FALS;FALS;FALS;FALS;FALS;FALS;FALS;FALS;FALS;FALS;FALS;FALS;FALS;FALS;FALS;;;;CERT;CERT;CERT;FALS;FALS;FALS;CERT;FALS;FALS;FALS;FALS;FALS;FALS;FALS;FALS;FALS;FALS;FALS;FALS;FALS;FALS;FALS;FALS;FALS;FALS;P-PNEC pred;161,03;4,24;4;;4,85;;0,000201;2,720159303;3,6795;639,0610566;54,33261102;676;63;;;3,2;;1,42052;0,24;0,38;0;0;;;;0;0;0;0;0;0;0;0;0;0;0;0;0;0;0;0;0;0;0;0;0;0;0;0;0;0;0;0;0;0;0;0;0;0;0;0;0;0;0;0;0;0;0;0;0;0;0;0;0;0;0;1;0;0;0;0;0;0;0;0;0;0;0;0;0;0,520839754;0,45769697;0,98277663;;;0,303269545;0,237915715;0,37773424;FALS;0;0;0;0;261,8;moderate ;0,85;173,1;moderate ;0,85;396,7;moderate ;0,85;0,461961801;0,096363727;0,081812645;0,069237456;0,469576972;;;P_score_freshwater_pred_Dashboard;0,98277663;0,653771118;M_score_exp_UBA;0,303269545;M_score_pred_Dashboard;0,37773424;0,3063065;kemi_score;0,38;0,609285141;1;0,303269545;0,5;0,447497869;1;0,335705933;1;0,45226169;1;0,324525587;0,75;0,387592169;1;1.00;PM;;PM;Priority group
2,4-dinitrophenol;51-28-5;200-087-7;UFBJCMHMOXMLKC-UHFFFAOYSA-N;C1=CC(=C(C=C1[N+](=O)[O-])[N+](=O)[O-])O;DTXSID0020523;1493;PRO-091;NS00010496;REACH-A;FALS;vPvM & PMT;MQ;vPvM & PMT;FALS;FALS;;;FALS;FALS;FALS;FALS;FALS;FALS;FALS;FALS;FALS;FALS;FALS;FALS;FALS;FALS;FALS;FALS;FALS;CERT;;Intermediate;;FALS;FALS;FALS;FALS;FALS;FALS;FALS;FALS;FALS;FALS;FALS;FALS;FALS;FALS;FALS;FALS;FALS;FALS;FALS;FALS;FALS;FALS;CERT;FALS;FALS;PNEC aqua (freshwater);184,107;1,67;1,7;;7,34;;0,00628;2,350248018;2,4538;96,54410977;40,21767726;3,72;2500;;;1,1;;4;0,42;0,55;0,2;0,3;>100 to < 1000 tonnes;100;1000;1;0;0;0;0;0;0;0;0;0;0;0;0;0;0;0;0;0;1;0;0;0;0;0;0;0;0;0;0;0;0;0;0;0;0;0;0;0;0;0;0;0;0;0;0;0;1;0;0;0;0;0;0;0;0;0;0;0;0;0;0;0;0;0;0;0,998300918;0,33539825;0,692777862;;;0,65108968;0,422004479;0,439602997;CERT;0;0;0;0;1010;good ;1;2020;good ;1;450,8;moderate ;0,85;0,353872542;0,035388061;0,047231029;0,065743888;0,359152029;;;P_score_freshwater_pred_UBA;0,998300918;0,675492343;M_score_exp_UBA;0,65108968;M_score_exp_UBA;0,65108968;0,504232385;kemi_score;0,55;0,806215495;1;0,65108968;0,5;0,583613841;1;0,388386215;1;0,559573931;1;0,461377214;0,75;0,476096178;1;0.00;vPvM;PM;PM;4
2,4-di-tert-butylphenol;96-76-4;202-532-0;ICKWICRCANNIBI-UHFFFAOYSA-N;CC(C)(C)c1cc(c(cc1)O)C(C)(C)C;DTXSID2026602;7311;PRO-092;NS00010683;REACH-A;CERT;PMT;HQ;Not PMT/vPvM;FALS;FALS;;;FALS;FALS;FALS;FALS;FALS;FALS;FALS;FALS;FALS;FALS;FALS;FALS;FALS;FALS;FALS;CERT;CERT;FALS;;"Antioxidant; Crystal growth modifiers (nucleating agents); Fuels and fuel additives; Intermediates; Processing aids, not otherwise listed; UV stabilizer";Crystal growth modifiers (nucleating agents);CERT;CERT;CERT;FALS;FALS;FALS;CERT;FALS;FALS;FALS;CERT;FALS;FALS;FALS;FALS;FALS;FALS;FALS;CERT;CERT;CERT;FALS;FALS;FALS;FALS;;206,329;5,19;5,03;;8,67;0,00017;0,000177;3,499687083;3,9627;26903,18607;52,25355976;251;;;;3,7;;0,32257;0,2;0,82;0,32;0,42;>1000 to < 10000 tonnes;1000;10000;1;0;0;0;0;0;0;0;0;0;0;0;1;0;0;0;0;0;1;0;0;0;0;0;0;0;0;0;0;0;0;0;0;0;0;0;0;0;0;0;0;0;0;0;0;0;0;0;0;0;1;1;0;0;0;0;0;0;0;0;0;0;0;0;0;;0,441194183;0,999970694;;;0,235348963;0,204168805;0,261245733;FALS;0;0;0;0;143,4;moderate ;0,85;151,8;moderate ;0,85;184,4;;1;0,620430535;0,101444942;0,103720814;0,093998604;0,627241416;;;P_score_freshwater_pred_Dashboard;0,999970694;0,720582439;M_score_exp_UBA;0,235348963;M_score_pred_Dashboard;0,261245733;0,233587834;kemi_score;0,82;0,511114544;1;0,235348963;0,5;0,410267341;1;0,354186791;1;0,425476228;1;0,309071531;0,75;0,381197158;1;1.00;PM;;PM;2
2,5-bis-isocyanatomethyl-bicyclo[2.2.1]heptane;74091-64-8;411-280-2;LEAAXJONQWQISB-UHFFFAOYSA-N;C(=O)=NCC1C2C(CN=C=O)CC(C2)C1;DTXSID901335728;11701254;PRO-093;;REACH-B;FALS;vPvM & PMT;MQ;vPvM & PMT;FALS;FALS;;;FALS;FALS;FALS;FALS;FALS;FALS;FALS;FALS;FALS;FALS;FALS;FALS;FALS;FALS;FALS;FALS;FALS;FALS;;;;CERT;FALS;CERT;FALS;FALS;FALS;CERT;FALS;FALS;FALS;FALS;FALS;FALS;FALS;FALS;FALS;FALS;FALS;FALS;FALS;FALS;FALS;FALS;FALS;FALS;;206,245;;1,18;;4,74;;0,00316;1,959994838;;190,5662685;;6,92;38;;;;1,3;0,1758;;;0,16;0,24;>100 to < 1000 tonnes;100;1000;0;0;0;0;0;0;0;0;0;0;0;0;0;0;0;0;0;0;0;0;0;0;0;0;0;0;0;0;0;0;1;0;0;0;0;0;0;0;0;0;0;0;0;0;0;0;0;0;0;0;0;0;0;0;1;0;0;0;0;0;0;0;0;0;0;0,314140244;;0,878211981;;;;;0,506931922;FALS;0;0;0;0;260,6;low ;0,265;4990;low ;0,301;391,1;low ;0,384;0,680263092;0,024171784;0,081962651;0,069636416;0,684796814;;;P_score_freshwater_pred_Dashboard;0,878211981;0,596176113;;;M_score_pred_Dashboard;0,506931922;0,506931922;E_score_max;0,24;0,667228363;1;;;0,549746035;1;0,684796814;0,5;0,673033853;0,75;0,684796814;0,25;0,59150985;0,75;0.00;PM(T);(T);PM(T);1
2,5-diaminobenzenesulphonic acid;88-45-9;201-832-9;HEAHMJLHQCESBZ-UHFFFAOYSA-N;C1=CC(=C(C=C1N)S(=O)(=O)O)N;DTXSID7058969;66617;PRO-094;NS00007767;REACH-A;CERT;vPvM & PMT;MQ;vPvM & PMT;FALS;FALS;;;FALS;FALS;FALS;FALS;FALS;FALS;FALS;FALS;FALS;FALS;FALS;FALS;FALS;FALS;FALS;FALS;FALS;FALS;;;;CERT;CERT;CERT;FALS;FALS;FALS;FALS;FALS;FALS;FALS;CERT;FALS;FALS;FALS;FALS;FALS;FALS;FALS;FALS;FALS;FALS;FALS;FALS;FALS;FALS;P-PNEC pred;188,2;;-2,68;;8,32;;0,746;1,670245853;-1,0817;13,06582444;30,24377472;3,98;280;;;1,3;;13,76414;0,89;0,42;0,09;0,18;>10 to < 100 tonnes;10;100;0;0;0;0;0;0;0;0;0;0;0;0;0;0;0;0;0;0;1;0;0;1;0;0;0;0;0;0;0;0;0;0;0;0;0;0;0;0;0;0;0;0;0;0;0;0;0;0;0;0;1;1;0;0;0;0;0;0;0;0;0;0;0;0;0;0,93298097;0,236654788;0,068760679;;;0,618975739;0,894360035;0,556894558;FALS;0;0;0;0;1200;low ;0,217;151,4;low ;0,7;8380;good ;1;0,242550105;0,101549443;0,043974223;0,019393296;0,248312436;;;P_score_freshwater_pred_UBA;0,93298097;0,412798813;M_score_exp_UBA;0,618975739;M_score_pred_Episuite;0,894360035;0,690076777;kemi_score;0,42;0,913466416;1;0,618975739;0,5;0,533725467;1;0,470104316;1;0,655304895;1;0,515253204;0,75;0,500905825;1;0.00;vPvM;PM;PM;
2,5-di-tert-pentylhydroquinone;79-74-3;201-222-2;CZNRFEXEPBITDS-UHFFFAOYSA-N;CCC(C)(C)c1cc(c(cc1O)C(C)(C)CC)O;DTXSID5044992;6610;PRO-095;NS00008202;REACH-A;FALS;PMT;MQ;Not PMT/vPvM;FALS;FALS;;;FALS;FALS;FALS;FALS;FALS;FALS;FALS;FALS;FALS;FALS;FALS;FALS;FALS;FALS;FALS;CERT;CERT;CERT;"antioxidant; antioxidant";"Antioxidant; UV stabilizer";;CERT;CERT;CERT;CERT;FALS;CERT;CERT;FALS;FALS;FALS;CERT;CERT;FALS;CERT;FALS;FALS;FALS;FALS;FALS;FALS;FALS;FALS;CERT;FALS;FALS;P-PNEC pred;250,382;;5,14;;8,37;;0,000154;4,260071388;4,4835;1652,426347;56,59366001;759;55;;;3,7;;0,71402;0,15;0,63;0,14;0,26;>10 to < 100 tonnes;10;100;0;1;0;0;0;0;0;0;0;0;0;0;0;0;0;0;0;0;0;0;1;0;0;0;0;0;0;0;0;0;1;0;0;0;0;0;0;0;0;0;0;0;0;0;0;0;0;0;0;0;0;1;0;1;1;0;0;0;0;0;0;0;0;0;1;0,462881681;0,475041554;0,996557642;;;0,235348963;0,151686931;0,172707042;FALS;0;0;0;0;20,8;moderate ;0,85;142,4;moderate ;0,85;196,9;good ;1;0,536507322;0,104003683;0,211140685;0,091600651;0,553437476;;;P_score_freshwater_pred_Dashboard;0,996557642;0,644826959;M_score_exp_UBA;0,235348963;M_score_exp_UBA;0,235348963;0,186580979;kemi_score;0,63;0,484292069;1;0,235348963;0,5;0,346860844;1;0,288124316;1;0,373545608;1;0,269333704;0,75;0,316131371;1;1.00;PM;;PM;3
2,6-xylidine;87-62-7;201-758-7;UFFBMTHBGFGIHF-UHFFFAOYSA-N;Cc1cccc(C)c1N;DTXSID8026307;6896;PRO-096;NS00008896;REACH-B;FALS;PMT;HQ;PMT;FALS;FALS;;;FALS;FALS;FALS;FALS;FALS;FALS;FALS;FALS;FALS;FALS;FALS;FALS;FALS;FALS;FALS;FALS;FALS;FALS;Furniture and furnishings;Adhesives and sealant chemicals;;CERT;CERT;CERT;FALS;FALS;FALS;CERT;FALS;FALS;FALS;FALS;FALS;FALS;FALS;FALS;FALS;FALS;FALS;FALS;FALS;FALS;FALS;FALS;FALS;FALS;P-PNEC pred;121,183;1,84;1,88;;6,48;0,0678;0,0406;1,859738566;1,9213;98715,77101;30,77346387;5,5;2500;;;1,6;;12,68452;0,51;0,52;0;0,06;>0 to < 10 tonnes;0;10;0;0;0;0;0;0;0;0;0;0;0;0;0;0;0;0;0;0;0;0;0;0;0;0;0;0;0;0;0;0;0;0;0;0;0;0;0;0;0;0;0;0;0;0;0;0;0;0;0;0;0;1;0;0;0;0;0;0;0;0;0;0;0;0;0;0,998300918;0,242058517;0,999996825;;;0,568874072;0,51363429;0,524286328;CERT;0,5;0;0;0;5080;low ;0,7;46;;0,7;13660;;0,85;0,249126941;0,159392138;0,023989345;0,015743628;0,252243182;;;P_score_freshwater_pred_Dashboard;0,999996825;0,74678542;M_score_exp_UBA;0,568874072;M_score_exp_UBA;0,568874072;0,53559823;kemi_score;0,52;0,754236214;1;0,568874072;0,5;0,632437308;1;0,358669796;1;0,520117053;1;0,41828143;0,75;0,4762732;1;0.00;vPvM;PM;PM;2
2:2 fluorotelomer alcohol;54949-74-5;259-405-8;JPMHUDBOKDBBLG-UHFFFAOYSA-N;C(CO)C(C(F)(F)F)(F)F;DTXSID6068985;108644;PRO-097;NS00003254;;FALS;;;;FALS;FALS;;;FALS;FALS;FALS;FALS;FALS;FALS;FALS;FALS;FALS;FALS;FALS;FALS;FALS;FALS;FALS;FALS;FALS;FALS;;;;FALS;FALS;FALS;FALS;FALS;FALS;FALS;FALS;FALS;FALS;FALS;FALS;FALS;FALS;FALS;FALS;FALS;FALS;FALS;FALS;FALS;FALS;FALS;FALS;FALS;;164,075;;1,26;;3,1;;0,117;2,029383778;1,4706;87,35672301;63,98215216;3,55;;;;;;31,1232;;0,13;;;;;;0;0;0;0;0;0;0;0;0;0;0;0;0;0;0;0;0;0;0;0;0;0;0;0;0;0;0;0;0;0;0;0;0;0;0;0;0;0;0;0;0;0;0;0;0;0;0;0;0;0;0;0;0;0;0;0;0;0;0;0;0;0;0;0;0;;0,527435548;0,655247715;;;;0,590722298;0,494908355;FALS;0;0;0;0;6870;low ;0,218;15470;low ;0,236;13990;low ;0;0,183459251;0,014927791;0,021104125;0,015583787;0,186440452;;;P_score_freshwater_pred_Dashboard;0,655247715;0,591341632;;;M_score_pred_Episuite;0,590722298;0,542815327;kemi_score;0,13;0,622149047;1;;;0,566559177;1;0,186440452;0,5;0,416335083;0,75;0,186440452;0,25;0,39115021;0,75;0.00;PM;;PM;3
2-[4,5-dihydro-4-methyl-4-(1-methylethyl)-5-oxo-1H-imidazol-2-yl]-3-pyridine carboxylate;81334-34-1;617-219-8;CLQMBPJKHLGMQK-UHFFFAOYSA-M;CC(C)C1(C(=O)NC(=N1)C2=C(C=CC=N2)C(=O)O)C;DTXSID8034665;54738;PRO-098;;REACH-A;FALS;vPvM;HQ;vPvM;FALS;FALS;;;FALS;FALS;FALS;FALS;FALS;FALS;FALS;FALS;FALS;FALS;FALS;FALS;FALS;FALS;FALS;FALS;FALS;FALS;"Landscape/yard -> herbicide; herbicide; pesticide and pesticide degradates";;;FALS;FALS;FALS;FALS;FALS;FALS;FALS;FALS;FALS;FALS;FALS;FALS;FALS;FALS;FALS;FALS;FALS;FALS;FALS;FALS;FALS;FALS;FALS;FALS;FALS;PNEC acute;261,281;0,22;0,684;;9;0,0435;0,0159;2;0,4282;34,81331749;69,49948649;3,39;;2154;;1,5;;0,024;0,75;0,46;0,08;0,15;>10 to < 100 tonnes;10;100;0;0;0;0;0;0;0;0;0;0;0;0;0;0;0;0;0;0;0;0;0;0;0;0;0;0;0;0;0;0;0;0;0;0;0;0;0;0;0;0;0;0;0;0;0;0;0;0;0;0;0;0;0;0;0;0;0;0;0;0;0;0;0;0;0;;0,562485395;0,282810472;0,985842062;;0,585786438;0,748285435;0,5;CERT;0;0;0;0;201,6;low ;0,195;9890;low ;0,24;914,8;low ;0,355;0,834765995;0,018071253;0,09075174;0,049203928;0,837360177;P_score_soil_exp_UBA;0,985842062;P_score_soil_exp_UBA;0,985842062;0,61037931;M_score_exp_UBA;0,585786438;M_score_pred_Episuite;0,748285435;0,611357291;kemi_score;0,46;0,858889549;1;0,759929543;1;0,610868105;1;0,792477213;1;0,825015391;1;0,776032761;1;0,695772271;1;0.00;vPvM(T);vPvM(T);PM(T);4
2-[difluoro(methoxy)methyl]-1,1,1,3,3,3-hexafluoropropane;382-26-3;609-534-4;AQHKYFLVHBIQMS-UHFFFAOYSA-N;COC(F)(F)C(C(F)(F)F)C(F)(F)F;DTXSID40880146;45459;PRO-099;;REACH-B;FALS;vPvM & PMT;MQ;PMT;FALS;FALS;;;FALS;FALS;FALS;FALS;FALS;FALS;FALS;FALS;FALS;FALS;FALS;FALS;FALS;FALS;FALS;FALS;FALS;FALS;;;;CERT;FALS;FALS;FALS;FALS;FALS;FALS;FALS;FALS;FALS;FALS;FALS;FALS;FALS;FALS;FALS;FALS;FALS;FALS;FALS;FALS;FALS;FALS;FALS;FALS;P-PNEC pred;232,073;;3,06;;1,57;;0,0026;2,599883072;;41,26439411;;42,7;1839;;;;2,1;3,06283;;0,27;0;0;;;;0;0;0;0;0;0;0;0;0;0;0;0;0;0;0;0;0;0;0;0;0;0;0;0;0;0;0;0;0;0;0;0;0;0;0;0;0;0;0;0;0;0;0;0;0;0;0;0;0;0;0;1;0;0;0;0;0;0;0;0;0;0;0;0;0;0,997131316;;0,345258688;;;;;0,39752047;FALS;0;0;0;0;587,5;low ;0,213;2580;low ;0;4840;low ;0;0,38080734;0,031934287;0,059022091;0,024486421;0,387129805;;;P_score_freshwater_pred_UBA;0,997131316;0,671195002;;;M_score_pred_Dashboard;0,39752047;0,39752047;kemi_score;0,27;0,629587253;1;;;0,516540175;1;0,387129805;0,5;0,535372617;0,75;0,387129805;0,25;0,469196691;0,75;0.00;PM;;PM;3
2-{2-chloro-4-(methylsulfonyl)-3-[(tetrahydrofuran-2-ylmethoxy)methyl]benzoyl}cyclohexane-1,3-dione;473278-76-1;695-022-6;UFAPVJDEYHLLBG-UHFFFAOYSA-N;CS(=O)(=O)C1=C(C(=C(C=C1)C(=O)C2C(=O)CCCC2=O)Cl)COCC3CCCO3;DTXSID9058105;11205154;PRO-100;;REACH-A;FALS;vPvM;HQ;vPvM;FALS;FALS;;;FALS;FALS;FALS;FALS;FALS;FALS;FALS;FALS;FALS;FALS;FALS;FALS;FALS;FALS;FALS;FALS;FALS;FALS;;;;FALS;FALS;CERT;FALS;FALS;FALS;CERT;FALS;FALS;FALS;CERT;FALS;FALS;FALS;FALS;FALS;FALS;FALS;FALS;FALS;FALS;FALS;FALS;FALS;FALS;;442,91;;1,35;;11,7;;0,000328;1,729974286;;29,66595227;;5,01;;1000;;1,5;;;;;0,11;0,22;>20 to <200 tonnes;20;200;0;0;0;0;0;0;0;0;0;0;0;0;0;0;0;0;0;0;0;0;0;0;0;0;0;1;0;0;0;0;0;0;0;0;0;0;0;0;0;0;0;0;0;0;0;0;0;0;0;0;0;0;0;0;0;0;0;0;0;0;0;0;0;0;0;;;0,230749318;0,949380235;;0,585786438;;0,546655767;FALS;0;0;0;0;252,8;low ;0,298;2580;low ;0,375;1720;low ;0,373;;0,031934287;0,082961176;0,037850398;0,050006;P_score_soil_exp_UBA;0,949380235;P_score_soil_exp_UBA;0,949380235;0,590064777;M_score_exp_UBA;0,585786438;M_score_exp_UBA;0,585786438;0,566221103;E_score_max;0,22;0,745743968;1;0,745743968;1;0,578020007;1;0,050006;0,5;0,302970636;0,75;0,302970636;0,75;0,255644205;0,75;0.00;vPvM;vPvM;PM;4
21-Acetoxy-6alpha-fluoro-11ß-hydroxy-16alpha-methyl-4-pregnene-3,20-dione;1176-81-4;601-489-9;JXJAJSNUTGVHEG-WLDNQIQOSA-N;CC(=O)OCC(=O)C1[C@H](C)CC2C3C[C@H](F)C4=CC(=O)CCC4(C)C3[C@@H](O)CC12C;DTXSID801035711;70407861;PRO-101;NS00077291;REACH-B;FALS;PMT;MQ;Potential PMT/vPvM;FALS;FALS;;;FALS;FALS;FALS;FALS;FALS;FALS;FALS;FALS;FALS;FALS;FALS;FALS;FALS;FALS;FALS;FALS;FALS;FALS;;;;FALS;CERT;FALS;FALS;FALS;FALS;CERT;FALS;FALS;FALS;FALS;FALS;FALS;FALS;FALS;FALS;FALS;FALS;FALS;FALS;FALS;FALS;FALS;FALS;FALS;P-PNEC;420,521;;3,06;;10,4;;2,09E-05;4,579783597;;2,99E+41;;8,91;94;;;;2,8;5,784613828;;0,19;0,03;0,09;>1 to < 10 tonnes;1;10;0;0;0;0;0;0;0;0;0;0;0;0;0;0;0;0;0;0;0;0;0;0;0;0;0;0;0;0;0;0;0;0;0;0;0;0;0;0;0;0;0;0;0;0;0;0;0;0;0;0;0;1;0;0;0;0;0;0;0;0;0;0;0;0;0;0,6829767;;1;;;;;0,143297267;FALS;0;0;0;0;397,2;low ;0,353;2310;low ;0,321;398,2;low ;0,381;0,318152679;0,033452239;0,069202211;0,069131904;0,357594666;;;P_score_freshwater_pred_Dashboard;1;0,84148835;;;M_score_pred_Dashboard;0,143297267;0,143297267;kemi_score;0,19;0,378546255;1;;;0,347250602;1;0,357594666;0,5;0,371429431;0,75;0,357594666;0,25;0,350664942;0,75;1.00;PM;;PM;
2-amino-4,5-dichlorobenzenesulfonic acid;6331-96-0;700-413-2;AKLDPNVZTZIVFA-UHFFFAOYSA-N;Nc1cc(Cl)c(Cl)cc1S(=O)(=O)O;DTXSID5074921;235712;PRO-102;NS00009690;REACH-A;FALS;vPvM & PMT;MQ;vPvM & PMT;FALS;FALS;;;FALS;FALS;FALS;FALS;FALS;FALS;FALS;FALS;FALS;FALS;FALS;FALS;FALS;FALS;FALS;FALS;FALS;FALS;;;;CERT;CERT;CERT;FALS;FALS;FALS;CERT;FALS;FALS;FALS;FALS;FALS;FALS;FALS;FALS;FALS;FALS;FALS;FALS;FALS;FALS;FALS;FALS;FALS;FALS;P-PNEC pred;242,07;;1,02;;8,14;;0,0184;1,250420002;;134,2897797;;5,25;334;;;;-1;10,71255;;0,29;0,02;0,06;>1 to < 10 tonnes;1;10;0;0;0;0;0;0;0;0;0;0;0;0;0;0;0;0;0;0;1;0;0;0;0;0;0;0;0;0;0;0;0;0;0;0;0;0;0;0;0;0;0;0;0;0;0;0;0;0;0;0;0;1;0;0;0;0;0;0;0;0;0;0;0;0;0;0,949544129;;0,798553329;;;;;0,62704704;FALS;0;0;0;0;191,7;low ;0,214;3450;moderate ;0,85;6470;moderate ;0,85;0,263104876;0,028255107;0,092572453;0,021649105;0,29675085;;;P_score_freshwater_pred_UBA;0,949544129;0,874048729;;;M_score_pred_Dashboard;0,62704704;0,62704704;kemi_score;0,29;0,771627394;1;;;0,740317275;1;0,29675085;0,5;0,561137227;0,75;0,29675085;0,25;0,545853266;0,75;0.00;vPvM;;vPvM;4
2-amino-4,6-dinitrophenol;96-91-3;202-544-6;QXYMVUZOGFVPGH-UHFFFAOYSA-N;Nc1cc(cc(c1O)N(=O)=O)N(=O)=O;DTXSID5024479;4921319;PRO-103;NS00006370;REACH-A;FALS;PMT;HQ;PMT;FALS;FALS;;;FALS;FALS;FALS;FALS;FALS;FALS;FALS;FALS;FALS;FALS;FALS;FALS;FALS;FALS;FALS;FALS;FALS;FALS;hair dyeing;;;CERT;CERT;CERT;CERT;FALS;CERT;CERT;FALS;FALS;FALS;CERT;FALS;FALS;FALS;FALS;FALS;FALS;FALS;FALS;FALS;FALS;FALS;FALS;FALS;FALS;P-PNEC pred;199,122;0,93;1,3;;7,92;0,00479;0,0117;2,139879086;2,0229;107,7700726;55,82608062;2,95;505;;;0,6;;3,30011;;0,43;0,03;0,09;;;;0;0;0;0;0;0;0;1;1;0;0;0;0;0;0;0;0;1;1;0;1;0;0;0;0;0;0;0;0;0;0;0;0;0;0;0;0;0;0;0;0;0;0;0;0;0;0;0;0;0;0;1;0;0;0;0;0;0;0;0;0;0;0;0;0;0,974459677;0,469223559;0,731291418;;;0,725200425;0,496031816;0,475779772;CERT;0;0;0;0;642,7;moderate ;0,85;92,6;moderate ;0,85;340,7;good ;1;0,373196404;0,122753366;0,056892953;0,073619704;0,428328877;;;P_score_freshwater_pred_UBA;0,974459677;0,724991552;M_score_exp_UBA;0,725200425;M_score_exp_UBA;0,725200425;0,565670671;kemi_score;0,43;0,840641762;1;0,725200425;0,5;0,640395548;1;0,428328877;0,5;0,67142848;0,75;0,557336777;0,5;0,560047231;0,75;0.00;vPvM;vPvM;PM;4
2-amino-4-cresol;95-84-1;202-457-3;ZMXYNJXDULEQCK-UHFFFAOYSA-N;CC1=CC(=C(C=C1)O)N;DTXSID4024488;7264;PRO-104;NS00015128;;FALS;;;;FALS;FALS;;;FALS;FALS;FALS;FALS;FALS;FALS;FALS;FALS;FALS;CERT;FALS;FALS;FALS;FALS;CERT;FALS;FALS;FALS;;;;CERT;FALS;CERT;FALS;FALS;FALS;FALS;FALS;FALS;FALS;FALS;FALS;FALS;FALS;FALS;FALS;FALS;FALS;FALS;FALS;FALS;FALS;FALS;FALS;FALS;;123,155;1,16;1,05;;7,78;;0,0585;1,720159303;1,712;71,52163562;24,02493931;6,03;;;;;;;0,55;;0;0;;;;0;0;0;0;0;0;0;0;0;0;0;0;0;0;0;0;0;0;0;0;0;0;0;0;0;0;0;0;0;0;0;0;0;0;0;0;0;0;0;0;0;0;0;0;0;0;0;0;0;0;1;1;0;0;0;0;0;0;0;0;0;0;0;0;0;;0,172982724;0,574512175;;;;0,54974152;0,548341224;FALS;0;0;0;0;4510;low ;0,7;28,2;good ;1;1420;low ;0,7;;0,189963231;0,025229785;0,041001206;0,227107315;;;P_score_freshwater_pred_Dashboard;0,574512175;0,373747449;;;M_score_pred_Episuite;0,54974152;0,549041372;E_score_min;0;0,561990388;1;;;0,45299317;1;0,353424706;1;0,445669483;1;0,353424706;0,5;0,400123704;1;0.00;PM;;PM;3
2-aminophenol;95-55-6;202-431-1;CDAWCLOXVUBKRW-UHFFFAOYSA-N;C1=CC=C(C(=C1)N)O;DTXSID8024498;5801;PRO-105;NS00001117;;FALS;;;;FALS;FALS;;;FALS;FALS;FALS;FALS;FALS;FALS;FALS;FALS;FALS;CERT;FALS;FALS;FALS;FALS;CERT;FALS;FALS;FALS;"hair colorant; hair dyeing";;;CERT;FALS;CERT;FALS;FALS;FALS;FALS;FALS;FALS;FALS;FALS;FALS;FALS;FALS;FALS;FALS;FALS;FALS;FALS;FALS;FALS;FALS;FALS;FALS;FALS;;109,128;0,62;0,577;;7,6;0,187;0,201;1,489958479;1,4133;361,4052844;19,54451364;10;;;;;;4,04413;0,6;0,61;0;0;;;;0;0;0;0;0;0;0;0;0;0;0;0;0;0;0;0;0;0;0;0;0;0;0;0;0;0;0;0;0;0;0;0;0;0;0;0;0;0;0;0;0;0;0;0;0;0;0;0;0;0;1;0;0;0;0;0;0;0;0;0;0;0;0;0;0;;0,128143597;0,955625166;;;;0,600289007;0,587474263;CERT;0;0,5;0;0;2080;low ;0,7;64,7;good ;1;10,8;;0,85;0,352783773;0,140528871;0,034956683;0,262420876;0,557030193;;;P_score_freshwater_pred_Dashboard;0,955625166;0,541884381;;;M_score_pred_Episuite;0,600289007;0,593881635;kemi_score;0,61;0,757397704;1;;;0,567287566;1;0,578116006;1;0,661712729;1;0,578116006;0,5;0,572676193;1;0.00;vPvM;;PM;
2-bromo-3,3,3-trifluoroprop-1-ene;1514-82-5;627-872-0;QKBKGNDTLQFSEU-UHFFFAOYSA-N;C=C(C(F)(F)F)Br;DTXSID80883575;272696;PRO-106;;REACH-A;CERT;vPvM & PMT;MQ;PMT;FALS;FALS;;;FALS;FALS;FALS;FALS;FALS;FALS;FALS;FALS;FALS;FALS;FALS;FALS;FALS;FALS;FALS;FALS;CERT;FALS;;;;FALS;FALS;CERT;FALS;FALS;FALS;FALS;FALS;FALS;FALS;CERT;FALS;FALS;FALS;FALS;FALS;FALS;FALS;CERT;CERT;CERT;FALS;FALS;FALS;FALS;P-PNEC pred;174,948;;2,87;;2,2;;0,000723;2,11058971;;96,54410977;;24,5;99;;;2,2;;2,2014;;0,32;0,12;0,24;>10 to < 100 tonnes;10;100;1;0;0;0;0;0;0;0;0;0;0;0;0;0;0;0;0;0;0;0;0;0;0;0;0;0;0;0;0;0;0;0;0;0;0;0;0;0;0;0;0;0;0;0;0;0;0;0;0;0;0;0;0;0;0;0;0;0;0;0;0;0;0;0;0;0,701841215;;0,692777862;;;0,465398039;;0,480845642;FALS;0;0;0;0;2650;low ;0,209;556,9;low ;0,237;3940;low ;0,223;0,415154016;0,060325581;0,031576819;0,026713844;0,472632184;;;P_score_freshwater_pred_UBA;0,701841215;0,697309539;M_score_exp_UBA;0,465398039;M_score_pred_Dashboard;0,480845642;0,47312184;kemi_score;0,32;0,580927956;1;0,465398039;0,5;0,574379989;1;0,472632184;0,5;0,542320409;0,75;0,469001164;0,5;0,538237515;0,75;0.00;PM;PM;PM;2
2-chlorobuta-1,3-diene;126-99-8;204-818-0;YACLQRRMGMJLJV-UHFFFAOYSA-N;C=CC(=C)Cl;DTXSID5020316;31369;PRO-107;NS00008234;REACH-A;CERT;vPvM & PMT;MQ;vPvM & PMT;FALS;FALS;;;FALS;FALS;FALS;FALS;FALS;FALS;FALS;FALS;FALS;FALS;FALS;FALS;FALS;FALS;FALS;FALS;FALS;FALS;chloroprene (use cas rn 126-99-8);;;CERT;CERT;CERT;FALS;FALS;FALS;FALS;FALS;FALS;FALS;FALS;FALS;FALS;FALS;FALS;FALS;FALS;FALS;FALS;FALS;FALS;FALS;FALS;FALS;FALS;EQS water (=AA-EQS);88,53;;2,16;;2,79;;0,0169;1,609594409;2,1954;4105,160008;21,50919177;6,76;27;;;1,4;;32;0,47;0,63;0,24;0,31;>10000 to < 100000 tonnes;10000;100000;0;0;0;0;0;0;0;0;0;0;0;0;0;0;0;0;0;0;0;0;0;0;0;0;0;0;0;0;0;0;0;0;0;0;0;0;0;0;0;0;0;0;0;0;0;0;0;0;0;0;1;0;0;1;0;0;0;0;0;0;0;0;0;0;0;0,203419487;0,147577803;0,999271508;;;0,602498941;0,466191427;0,567242293;CERT;0,75;0;0;0;2700;low ;0,34;958,3;low ;0,438;5020;low ;0,626;0,181658679;0,048268605;0,031329518;0,024110458;0,251095853;;;P_score_freshwater_pred_Dashboard;0,999271508;0,4500896;M_score_exp_UBA;0,602498941;M_score_exp_UBA;0,602498941;0,545310887;kemi_score;0,63;0,77592527;1;0,602498941;0,5;0,495417762;1;0,343533188;1;0,516290695;1;0,414283747;0,75;0,412543868;1;0.00;vPvM;PM;PM;4
2-ethoxy-1-{[2'-(1H-tetrazol-5-yl)biphenyl-4-yl]methyl}-1H-benzimidazole-7-carboxylic acid;139481-59-7;604-138-8;HTQMVQVXFRQIKW-UHFFFAOYSA-N;CCOc1nc2cccc(C(=O)O)c2n1Cc1ccc(cc1)c1ccccc1c1nn[nH]n1;DTXSID0022725;2541;PRO-108;NS00009281;REACH-B;FALS;vPvM;MQ;vPvM;FALS;FALS;;;FALS;FALS;FALS;FALS;FALS;FALS;FALS;FALS;FALS;FALS;FALS;FALS;FALS;FALS;FALS;FALS;FALS;FALS;;;;FALS;FALS;CERT;FALS;FALS;FALS;FALS;FALS;FALS;FALS;FALS;FALS;FALS;FALS;FALS;FALS;FALS;FALS;FALS;FALS;FALS;FALS;FALS;FALS;FALS;PNEC aqua, fw;440,463;;4,59;;9,66;;4,87E-05;2,859738566;;1978,313514;;3,24;124;;;;-0,9;100;;0,36;0;0;;;;0;0;0;0;0;0;0;0;0;0;0;0;0;0;0;0;0;0;0;0;0;0;0;0;0;0;0;0;0;0;0;0;0;0;0;0;0;0;0;0;0;0;0;0;0;0;0;0;0;0;0;1;0;0;0;0;0;0;0;0;0;0;0;0;0;0,775737597;;0,997467121;;;;;0,355276459;FALS;0;0;0;0;118,8;low ;0,193;3720;low ;0,231;57,5;low ;0;0,119202922;0,027370354;0,111568734;0,146831945;0,291392288;;;P_score_freshwater_pred_Dashboard;0,997467121;0,886602359;;;M_score_pred_Dashboard;0,355276459;0,355276459;kemi_score;0,36;0,595295377;1;;;0,561238761;1;0,291392288;0,5;0,469152849;0,75;0,291392288;0,25;0,45108438;0,75;0.00;PM;;PM;2
2-Ethylhexyl (R)-2-(2-methyl-4chlorophenoxy)propionate;861229-15-4;630-324-3;NWTKQOOQEPXMMW-GICMACPYSA-N;CCCCC(CC)COC(=O)C(C)OC1=C(C=C(C=C1)Cl)C;DTXSID7034254;24843401;PRO-109;;REACH-A;FALS;vPvM;HQ;PM;FALS;FALS;;;FALS;FALS;FALS;FALS;FALS;FALS;FALS;FALS;FALS;FALS;FALS;FALS;FALS;FALS;FALS;CERT;CERT;CERT;;;;CERT;CERT;FALS;FALS;FALS;FALS;CERT;FALS;FALS;FALS;FALS;CERT;FALS;FALS;FALS;FALS;FALS;CERT;FALS;FALS;FALS;FALS;FALS;FALS;FALS;;326,86;;6,03;;9,6;;3,44E-06;3,340444115;;134,2897797;;407;61;8;61;2,1;;;;;0,26;0,39;>100 to < 1000 tonnes;100;1000;0;1;0;0;0;0;0;0;0;0;0;0;0;0;0;0;0;0;0;0;0;0;0;0;0;0;0;0;0;0;0;0;0;0;0;0;0;0;0;0;0;0;0;0;0;0;0;0;0;0;0;0;0;0;0;0;0;0;0;0;0;1;0;0;0;0,507063787;;0,798553329;0,0048564;0,135892496;0,482678255;;0,283102255;FALS;0;0;0;0;23,6;low ;0,685;145,4;moderate ;0,85;115,3;low ;0,7;;0,10316295;0,202149776;0,112862542;0,276114146;P_score_sediment_exp_UBA;0,135892496;P_score_freshwater_pred_Dashboard;0,798553329;0,361591503;M_score_exp_UBA;0,482678255;M_score_exp_UBA;0,482678255;0,382890255;E_score_max;0,39;0,620841628;1;0,256110041;1;0,372088515;1;0,276114146;0,5;0,473896432;0,75;0,26261163;0,75;0,336868494;0,75;1.00;PM;;PM;4
2-ethylhexyl 4,4-dibutyl-10-ethyl-7-oxo-8-oxa-3,5-dithia-4-stannatetradecanoate;10584-98-2;234-186-1;PRIUALOJYOZZOJ-UHFFFAOYSA-L;CCCCC(CC)COC(=O)CS[Sn](CCCC)(CCCC)SCC(=O)OCC(CC)CCCC;DTXSID0029719;9571022;PRO-110;;REACH-A;FALS;PMT;HQ;Potential PMT/vPvM;FALS;FALS;;;FALS;FALS;FALS;FALS;FALS;FALS;FALS;FALS;FALS;FALS;FALS;FALS;FALS;FALS;FALS;FALS;FALS;CERT;;"Heat stabilizer; Processing aids, not otherwise listed; Stabilizing agent";Processing aids, not otherwise listed;CERT;CERT;CERT;FALS;FALS;FALS;FALS;FALS;FALS;FALS;FALS;CERT;FALS;FALS;FALS;FALS;FALS;FALS;FALS;FALS;FALS;FALS;CERT;FALS;FALS;P-PNEC pred;639,58;;13;;9,79;;5,62E-13;5,008600172;;14537538455;;174;;;;;3,4;0,05980363;;0,64;0,12;0,23;>10 to < 100 tonnes;10;100;0;0;0;0;0;0;0;0;0;0;0;0;0;0;0;0;0;0;0;0;0;0;0;0;0;0;0;0;0;0;1;0;0;0;0;0;0;0;0;0;0;0;0;0;0;0;0;0;0;0;0;0;0;0;1;0;0;0;0;0;0;0;0;0;0;;;1;;;;;0,110523716;FALS;0;0;0;0;328,2;low ;0;0,9;low ;0,29;824,4;low ;0;0,772638928;0,511437377;0,074734522;0,051361546;0,882441415;;;P_score_freshwater_pred_Dashboard;1;1;;;M_score_pred_Dashboard;0,110523716;0,110523716;kemi_score;0,64;0,332451072;1;;;0,332451072;1;0,882441415;0,5;0,460306513;0,75;0,882441415;0,25;0,460306513;0,75;1.00;PM(T);(T);PM(T);
2H,2H,3H,3H-Perfluoroundecanoic acid;34598-33-9;252-108-4;JZRCRCFPVAXHHQ-UHFFFAOYSA-N;C(CC(C(C(C(C(C(C(C(F)(F)F)(F)F)(F)F)(F)F)(F)F)(F)F)(F)F)(F)F)C(=O)O;DTXSID50188165;2782413;PRO-111;NS00002588;;FALS;;;;FALS;FALS;;;FALS;FALS;FALS;FALS;FALS;CERT;FALS;FALS;FALS;FALS;FALS;FALS;FALS;FALS;CERT;FALS;FALS;FALS;;;;FALS;FALS;FALS;FALS;FALS;FALS;FALS;FALS;FALS;FALS;FALS;FALS;FALS;FALS;FALS;FALS;FALS;FALS;FALS;FALS;FALS;FALS;FALS;FALS;FALS;;492,132;;6,59;;4,94;;5,42E-05;2,589949601;3,7345;149,9047361;2114,634884;36,3;;;;;;0,17635;0,23;0,17;;;;;;0;0;0;0;0;0;0;0;0;0;0;0;0;0;0;0;0;0;0;0;0;0;0;0;0;0;0;0;0;0;0;0;0;0;0;0;0;0;0;0;0;0;0;0;0;0;0;0;0;0;0;0;0;0;0;0;0;0;0;0;0;0;0;0;0;;0,997739215;0,827115887;;;;0,231072747;0,399170657;FALS;0;0;0;0;64,2;low ;0,19;0,5;low ;0;326,5;low ;0;0,679967954;0,574694288;0,140936304;0,07489063;0,859857438;;;P_score_freshwater_pred_RIVM;0,997739215;0,912427551;;;M_score_pred_Dashboard;0,399170657;0,315121702;kemi_score;0,17;0,631084953;1;;;0,536214251;1;0,444710255;1;0,529764051;1;0,444710255;0,5;0,488323639;1;1.00;PM;;PM;2
2-hydroxy-N,N,N-trimethyl-3-[(3,3,4,4,5,5,6,6,7,7,8,8,8-tridecafluorooctyl)thio]propan-1-aminium chloride;88992-45-4;811-523-6;AATYNBPIINGGLV-UHFFFAOYSA-M;C[N+](C)(C)CC(CSCCC(C(C(C(C(C(F)(F)F)(F)F)(F)F)(F)F)(F)F)(F)F)O.[Cl-];DTXSID50892533;11027845;PRO-112;;REACH-A;FALS;vPvM;HQ;PM;FALS;FALS;;;FALS;FALS;FALS;FALS;FALS;FALS;FALS;FALS;FALS;FALS;FALS;FALS;FALS;FALS;FALS;CERT;FALS;FALS;;Fire extinguishing agent;;FALS;FALS;CERT;FALS;CERT;FALS;FALS;FALS;FALS;FALS;CERT;FALS;CERT;FALS;FALS;CERT;FALS;FALS;FALS;FALS;FALS;FALS;FALS;FALS;FALS;P-PNEC;531,8;;1,85;;8,43;;0,0385;5,029383778;;120,3013687;;178;4623;;;;0,4;0,61708975;;;0,04;0,12;>1 to < 10 tonnes;1;10;1;0;0;0;0;0;0;1;0;0;0;0;0;0;0;0;0;0;0;0;0;0;0;0;0;0;0;0;0;0;0;0;0;0;0;0;0;0;0;0;0;1;0;0;0;0;0;0;0;0;0;0;0;0;0;0;0;0;0;0;0;0;0;0;0;0,999405321;;0,76660347;;;;;0,109115404;FALS;0;0;0;0;361,2;low ;0,156;12,2;low ;0;2120;low ;0;0,552221778;0,252304366;0,071907706;0,034678682;0,673695833;;;P_score_freshwater_pred_UBA;0,999405321;0,883004395;;;M_score_pred_Dashboard;0,109115404;0,109115404;E_score_max;0,12;0,330227975;1;;;0,310401967;1;0,673695833;0,5;0,418823004;0,75;0,673695833;0,25;0,401887283;0,75;1.00;PM(T);(T);(T);4
2-methyl-1-(4-methylthiophenyl)-2-morpholinopropan-1-one;71868-10-5;400-600-6;LWRBVKNFOYUCNP-UHFFFAOYSA-N;CC(C)(N1CCOCC1)C(=O)c1ccc(SC)cc1;DTXSID8038857;92387;PRO-113;NS00003224;REACH-C;FALS;vPvM & PMT;MQ;PMT;FALS;FALS;;;FALS;FALS;FALS;FALS;FALS;FALS;FALS;FALS;FALS;FALS;FALS;FALS;FALS;FALS;FALS;CERT;FALS;FALS;binding;"Not Known or Reasonably Ascertainable; Paint additives and coating additives not described by other categories; Photosensitive agent; Processing aids not otherwise specified";"Not Known or Reasonably Ascertainable; Paint additives and coating additives not described by other categories; Photosensitive agent";CERT;CERT;CERT;CERT;CERT;CERT;CERT;FALS;FALS;FALS;CERT;CERT;FALS;FALS;CERT;FALS;FALS;FALS;FALS;FALS;FALS;FALS;FALS;FALS;FALS;P-PNEC pred;279,4;;3,02;;9,18;;0,00153;2,650307523;;23,57059593;;20;214;;;2,5;;3,10433;;0,69;0,12;0,23;>1000 tonnes;1000;;0;0;0;0;0;0;0;1;1;0;0;0;0;0;0;0;0;1;0;0;0;0;0;0;0;0;0;0;0;0;0;0;0;0;0;0;0;0;0;0;0;0;0;0;0;0;0;0;1;0;0;1;0;0;1;0;0;1;0;0;0;0;0;0;0;0,897878211;;0,168363155;;;0,414213562;;0,389180364;CERT;0;0;0,75;0;389,2;low ;0,216;736;low ;0,673;494,7;low ;0,673;0,379430095;0,05381541;0,069773564;0,063308054;0,461108905;;;P_score_freshwater_pred_UBA;0,897878211;0,533120683;M_score_exp_UBA;0,414213562;M_score_exp_UBA;0,414213562;0,401696963;kemi_score;0,69;0,609846975;1;0,414213562;0,5;0,462766636;1;0,461108905;0,5;0,555582323;0,75;0,437032679;0,5;0,462213398;0,75;0.00;PM;PM;PM;
2-methylpropan-2-ol;75-65-0;200-889-7;DKGAVHZHDRPRBM-UHFFFAOYSA-N;CC(C)(C)O;DTXSID8020204;6386;PRO-114;NS00006876;REACH-A;FALS;vPvM;MQ;vPvM;FALS;FALS;;;FALS;FALS;FALS;FALS;FALS;FALS;FALS;FALS;FALS;FALS;FALS;FALS;FALS;FALS;FALS;CERT;CERT;FALS;"Cleaning and safety; Cleaning products and household care -> air freshener; Cleaning products and household care -> bathroom -> bathroom cleaner; Cleaning products and household care -> general household cleaning -> disinfectant; Cleaning products and household care -> general household cleaning -> glass cleaner; Cleaning products and household care -> metal specific -> metal polish; Home maintenance -> caulk/sealant; Home maintenance -> degreaser; Home maintenance -> paint/stain and related products; Home maintenance -> paint/stain and related products -> primer; Manufactured formulations; Personal care; Personal care -> acne treatment -> face wash; Personal care -> body hygiene -> body wash; Personal care -> body hygiene -> hand sanitizer; Personal care -> deodorant; Personal care -> fragrance; Personal care -> hair styling and care; Personal care -> hair styling and care -> dry shampoo; Personal care -> hair styling and care -> hair spray; Personal care -> hair styling and care -> hair styling; Personal care -> hair styling and care -> shampoo; Personal care -> make-up and related -> lip color; Personal care -> nails; Personal care -> self-tanner; Personal care -> shaving and hair removal -> aftershave; Personal care -> sunscreen; Pesticides -> insect repellent; Pesticides -> insecticide; Specialty occupational products -> Firefighting foam; Vehicle -> engine maintenance -> auto fluids and additives; denaturant; flavoring and nutrient; flavouring; fragrance; fragrance; fragrance component; fragrance ingredient; non-functional constituent; perfuming; solubilizer; solvent; solvent; solvents; surfactant";"Adhesion/cohesion promoter; Fuels and fuel additives; Intermediate; Intermediates; Not Known or Reasonably Ascertainable; Other (specify); Plasticizer; Process regulators; Solvent; Viscosity modifiers";"Fuel agents; Fuels and fuel additives; UV stabilizer";CERT;CERT;CERT;CERT;CERT;CERT;CERT;FALS;FALS;CERT;CERT;FALS;CERT;FALS;FALS;CERT;CERT;FALS;FALS;FALS;FALS;FALS;FALS;FALS;FALS;P-PNEC pred;74,123;0,35;0,578;3,5;3,52;10,4;3,99;1,008600172;0,7073;1978,313514;21,80918608;5,01;29;;;0,3;;122,27838;0,71;0,89;0,76;0,88;>1000000 to < 10000000 tonnes;1000000;10000000;0;1;0;0;0;0;0;1;1;0;0;0;1;0;0;0;0;0;0;0;1;0;1;0;0;0;1;1;0;0;0;0;0;1;0;0;0;1;0;0;0;0;0;0;0;0;0;0;0;0;1;1;1;0;0;0;0;0;0;0;0;0;0;0;1;0,223931947;0,150581419;0,997467121;;;0,764651037;0,710133264;0,665340645;CERT;0;0;0;0;3930;low ;0,7;2090;moderate ;0,85;12590;low ;0;0,110332459;0,034886483;0,026742554;0,016302087;0,162199343;;;P_score_freshwater_pred_Dashboard;0,997467121;0,457326829;M_score_exp_UBA;0,764651037;M_score_exp_UBA;0,764651037;0,713374982;kemi_score;0,89;0,873335141;1;0,764651037;0,5;0,57117906;1;0,339354584;1;0,544399011;1;0,444894367;0,75;0,440263821;1;2.00;vPvM;vPvM;PM;2
2-nitrotoluene;88-72-2;201-853-3;PLAZTCDQAHEYBI-UHFFFAOYSA-N;Cc1ccccc1N(=O)=O;DTXSID4025791;6944;PRO-115;NS00005656;REACH-A;FALS;vPvM & PMT;MQ;vPvM & PMT;FALS;FALS;;;FALS;FALS;FALS;FALS;FALS;FALS;FALS;FALS;FALS;FALS;FALS;FALS;FALS;FALS;FALS;CERT;FALS;FALS;Personal care -> child specific;;;CERT;CERT;CERT;FALS;FALS;FALS;CERT;FALS;FALS;FALS;FALS;FALS;CERT;FALS;FALS;FALS;FALS;FALS;FALS;FALS;FALS;FALS;FALS;FALS;FALS;P-PNEC pred;137,138;2,3;2,38;;4,55;0,0047;0,00475;1,859738566;2,4164;58,55696259;30,47475408;18,2;66;;;1,9;;9,43586;0,43;0,59;0;0,1;>0 to < 10 tonnes;0;10;0;0;0;0;0;0;0;0;0;0;0;0;0;0;0;0;0;0;1;0;1;0;0;0;0;0;0;0;0;0;0;0;0;0;0;0;0;0;0;0;0;0;0;0;0;0;0;0;0;0;1;1;0;0;0;0;0;0;0;0;0;0;0;0;1;0,540643582;0,239012421;0,489597175;;;0,517321745;0,428340159;0,524286328;CERT;0,75;0,75;0;0;3130;moderate ;0,85;861,8;good ;1;1540;low ;0,7;0,273928477;0,050430791;0,029439274;0,03963805;0,33796024;;;P_score_freshwater_pred_UBA;0,540643582;0,423084393;M_score_exp_UBA;0,517321745;M_score_pred_Dashboard;0,524286328;0,489982744;kemi_score;0,59;0,532402139;1;0,517321745;0,5;0,455306547;1;0,381212412;1;0,450508939;1;0,422050999;0,75;0,416615539;1;0.00;PM;PM;PM;1
2-phenylbenzimidazole-5-sulfonic acid;27503-81-7;248-502-0;UVCJGUGAGLDPAA-UHFFFAOYSA-N;C1=CC=C(C=C1)C2=NC3=C(N2)C=C(C=C3)S(=O)(=O)O;DTXSID3038852;33919;PRO-116;NS00010386;;FALS;;;;FALS;FALS;;;FALS;FALS;FALS;FALS;FALS;FALS;FALS;FALS;FALS;CERT;FALS;FALS;FALS;FALS;CERT;CERT;CERT;FALS;"Personal care -> facial cleansing and moisturizing -> face cream/moisturizer; UV stabilizer; fragrance; fragrance component; sunscreen agent; ultraviolet light absorber; uv absorber; uv filter";;;CERT;CERT;CERT;FALS;FALS;FALS;CERT;FALS;FALS;CERT;CERT;FALS;CERT;FALS;FALS;CERT;FALS;FALS;FALS;FALS;FALS;FALS;FALS;FALS;FALS;;274,29;;0,962;;9,31;;0,0236;2,459392488;-0,2695;48,91088652;25,01985458;8,51;;;;;;100;0,83;0,57;0,25;0,38;>100 to < 1000 tonnes;100;1000;0;0;0;0;0;0;0;0;0;0;0;0;0;0;0;0;0;0;0;0;0;0;0;0;0;0;0;0;0;0;0;0;0;0;0;0;0;1;0;0;0;0;0;0;0;0;0;0;0;0;0;1;1;0;0;0;0;0;0;0;0;0;0;0;0;;0,18313256;0,413545065;;;;0,828224737;0,421059243;FALS;0;0;0;0;326,3;low ;0,207;1280;low ;0,534;511,7;low ;0,634;0,119202922;0,042810829;0,074909069;0,062443468;0,230001244;;;P_score_freshwater_pred_Dashboard;0,413545065;0,298338812;;;M_score_pred_Episuite;0,828224737;0,62464199;kemi_score;0,57;0,585242046;1;;;0,431688487;1;0,436922227;1;0,505673074;1;0,436922227;0,5;0,434297473;1;0.00;PM;;PM;2
2-Phenylphenol;90-43-7;201-993-5;LLEMOWNGBBNAJR-UHFFFAOYSA-N;C1=CC=C(C=C1)C2=CC=CC=C2O;DTXSID2021151;7017;PRO-117;NS00010901;;CERT;;;;FALS;FALS;;;FALS;FALS;FALS;FALS;FALS;FALS;FALS;FALS;FALS;FALS;FALS;FALS;FALS;FALS;FALS;CERT;FALS;FALS;"Cleaning products and household care -> carpet and floor -> carpet cleaner; Cleaning products and household care -> general household cleaning -> disinfectant; Cleaning products and household care -> laundry and fabric treatment -> laundry detergent; Home maintenance -> septic system; Personal care -> deodorant; Pesticides -> insecticide; active ingredient; biocide; fungicide; other; preservative; preservative";;;CERT;FALS;CERT;CERT;CERT;CERT;CERT;FALS;FALS;FALS;CERT;FALS;CERT;FALS;FALS;FALS;FALS;FALS;FALS;FALS;FALS;FALS;FALS;FALS;FALS;;170,211;3,09;3,1;;9,2;0,268;0,00535;3,530199698;2,8011;5348061523;18,72344262;49;;;;;;0,18;0,36;0,8;0;0,12;>0 to < 10 tonnes;0;10;0;0;0;0;0;0;0;0;0;0;0;0;0;0;0;0;0;0;0;0;0;0;0;0;0;0;0;0;0;0;0;0;0;0;0;0;0;0;0;0;0;0;0;0;0;0;0;0;0;0;1;1;0;0;0;0;0;0;0;0;0;0;1;0;0;;0,120167759;1;;;;0,364640231;0,257184569;CERT;0;0;0;0;222,3;low ;0,7;233,2;good ;1;100,9;moderate ;0,85;0,678028763;0,085666891;0,087309348;0,11879498;0,742667358;;;P_score_freshwater_pred_Dashboard;1;0,560083879;;;M_score_pred_Episuite;0,364640231;0,3109124;kemi_score;0,8;0,603854478;1;;;0,417297284;1;0,517068902;1;0,558779359;1;0,517068902;0,5;0,464512054;1;1.00;PM;;PM;2
2R,3R,4R,5R,8R,10R,11R,13S,14R)-11-[(2S,3R,4S,6R)-4-dimethylamino-3-hydroxy-6-methyl-oxan-2-yl]oxy-2-ethyl-3,4,10-trihydroxy-13-[(2S,4R,5S,6S)-5-hydroxy-4-methoxy-4,6-dimethyl-oxan-2-yl]oxy-3,5,6,8,10,12,14-heptamethyl-1-oxa-6-azacyclopentadecan-15-one;83905-01-5;617-500-5;MQTOSJVFKKJCRP-BICOPXKESA-N;CCC1OC(=O)C(C)C(OC2CC(C)(OC)C(O)C(C)O2)C(C)C(OC2OC(C)CC(C2O)N(C)C)C(C)(O)CC(C)CN(C)C(C)C(O)C1(C)O;DTXSID8030760;447043;PRO-118;NS00000204;REACH-B;FALS;vPvM & PMT;MQ;vPvM & PMT;FALS;FALS;;;FALS;FALS;FALS;FALS;FALS;FALS;FALS;FALS;FALS;FALS;FALS;FALS;FALS;FALS;FALS;FALS;FALS;FALS;;;;FALS;FALS;CERT;FALS;FALS;FALS;FALS;FALS;FALS;FALS;FALS;FALS;FALS;FALS;FALS;FALS;FALS;FALS;FALS;FALS;FALS;FALS;FALS;FALS;FALS;EQS-proposal;748,996;4,02;3,47;;9,53;;0,00467;4,640481437;1,6765;3612822,931;802,9122521;6,17;12351;;;;-4,5;0,019;0,56;0,42;0;0;;;;0;0;0;0;0;0;0;0;0;0;0;0;0;0;0;0;0;0;1;0;0;0;0;0;0;0;0;0;0;0;0;0;0;0;0;0;0;0;0;0;0;0;0;0;0;0;0;0;0;0;0;1;0;0;0;0;0;0;0;0;0;0;0;0;0;0,999889105;0,988275755;0,999999993;;;;0,555824567;0,138209415;FALS;0;0;0;0;443,7;low ;0;407,7;low ;0;3930;low ;0;0,848289311;0,068475868;0,066168628;0,026742554;0,866149143;;;P_score_freshwater_pred_Dashboard;0,999999993;0,996054951;;;M_score_pred_Episuite;0,555824567;0,347016991;kemi_score;0,42;0,745536426;1;;;0,587918355;1;0,696450659;1;0,720575697;1;0,696450659;0,5;0,639887588;1;1.00;vPvM(T);(T);PM(T);1
3-({[(4-methylphenyl)sulfonyl]carbamoyl}amino)phenyl 4-methylbenzenesulfonate;232938-43-1;432-520-2;HEVGMYPGMWZOBU-UHFFFAOYSA-N;CC1=CC=C(C=C1)S(=O)(=O)NC(=O)NC2=CC(=CC=C2)OS(=O)(=O)C3=CC=C(C=C3)C;DTXSID90872910;22035425;PRO-119;NS00004605;REACH-A;FALS;vPvM;HQ;PM;FALS;FALS;;;FALS;FALS;FALS;FALS;FALS;FALS;FALS;FALS;FALS;FALS;FALS;FALS;FALS;FALS;FALS;CERT;CERT;CERT;;;;CERT;CERT;CERT;CERT;FALS;CERT;FALS;FALS;FALS;FALS;CERT;CERT;FALS;FALS;CERT;FALS;FALS;FALS;FALS;FALS;FALS;FALS;CERT;FALS;FALS;P-PNEC pred;460,52;;4,19;;9,63;;1,52E-05;4,230448921;;4105,160008;;6,17;727;;;2,2;;0,41054;;0,52;0,39;0,52;>1000 to < 10000 tonnes;1000;10000;0;0;0;0;0;0;0;0;0;0;0;0;0;0;0;0;0;0;0;0;0;0;0;0;1;0;0;0;0;0;0;0;0;0;0;0;0;0;0;0;0;0;0;0;0;0;0;0;1;0;0;0;0;0;0;0;0;0;0;0;0;0;0;0;0;0,986136236;;0,999271508;;;0,465398039;;0,175660489;CERT;0;0;0;0;59,4;low ;0,194;10,2;low ;0,204;726,4;low ;0,261;0,595474676;0,267253889;0,145072079;0,054106491;0,729100596;;;P_score_freshwater_pred_Dashboard;0,999271508;0,992703872;M_score_exp_UBA;0,465398039;M_score_exp_UBA;0,465398039;0,320529264;kemi_score;0,52;0,681952344;1;0,465398039;0,5;0,564083896;1;0,729100596;0,5;0,697319541;0,75;0,582513508;0,5;0,614457173;0,75;1.00;PM(T);PM(T);PM(T);3
3-(4-methyl-1H-imidazol-1-yl)-5-(trifluoromethyl)aniline;641571-11-1;688-269-6;WWTGXYAJVXKEKL-UHFFFAOYSA-N;C(F)(F)(F)c1cc(N)cc(n2cc(C)nc2)c1;DTXSID10475604;12002825;PRO-120;NS00009975;REACH-B;FALS;vPvM & PMT;MQ;vPvM & PMT;FALS;FALS;;;FALS;FALS;FALS;FALS;FALS;FALS;FALS;FALS;FALS;FALS;FALS;FALS;FALS;FALS;FALS;CERT;CERT;FALS;;;;FALS;FALS;CERT;FALS;FALS;FALS;FALS;FALS;FALS;FALS;FALS;FALS;FALS;FALS;FALS;FALS;FALS;FALS;FALS;FALS;FALS;FALS;FALS;FALS;FALS;P-PNEC pred;241,217;;2,63;;10;;0,000209;2,640481437;;34,81331749;;2,4;212;;;;-1;2,04459;;0,3;0;0;;;;1;0;0;0;0;0;0;0;0;0;0;0;0;0;0;0;0;0;1;0;0;0;0;0;0;0;0;0;0;0;0;0;0;0;0;0;0;0;0;0;0;0;0;0;0;0;0;0;0;0;0;1;0;0;0;0;0;0;0;0;0;0;0;0;0;0,89639694;;0,282810472;;;;;0,390800666;FALS;0;0;0;0;202,1;low ;0,2;26,9;low ;0,204;1480;low ;0,204;0,422966771;0,193137285;0,090663009;0,040300292;0,560410369;;;P_score_freshwater_pred_UBA;0,89639694;0,589603706;;;M_score_pred_Dashboard;0,390800666;0,390800666;kemi_score;0,3;0,591872048;1;;;0,480018251;1;0,560410369;0,5;0,581193311;0,75;0,560410369;0,25;0,50544498;0,75;0.00;PM;;PM;3
3,3,4,4,5,5,6,6,7,7,8,8,8-tridecafluorooct-1-ene;25291-17-2;246-791-8;FYQFWFHDPNXORA-UHFFFAOYSA-N;FC(F)(F)C(F)(F)C(F)(F)C(F)(F)C(F)(F)C(F)(F)C=C;DTXSID8067076;91384;PRO-121;NS00011085;REACH-A;FALS;vPvM;HQ;PM;FALS;FALS;;;FALS;FALS;FALS;FALS;FALS;FALS;FALS;FALS;FALS;FALS;FALS;FALS;FALS;FALS;FALS;FALS;FALS;FALS;;Intermediates;;CERT;CERT;CERT;FALS;FALS;FALS;CERT;FALS;FALS;FALS;FALS;FALS;FALS;FALS;FALS;FALS;FALS;FALS;FALS;FALS;FALS;FALS;FALS;FALS;FALS;P-PNEC pred;346,091;;5,51;;2,13;;1,01E-05;4,469822016;4,9813;87,35672301;1002,888939;115;3735;;;2,7;;0,09697;0,11;0,37;0,09;0,16;>10 to < 100 tonnes;10;100;0;0;0;0;0;0;0;1;0;0;0;0;0;0;1;0;0;0;0;0;0;0;0;0;0;0;0;0;0;0;1;0;0;0;0;0;0;0;0;0;0;0;0;0;0;0;0;0;0;0;1;1;0;0;1;0;0;0;0;0;0;0;0;0;0;0,999143896;0,991953898;0,655247715;;;0,381024261;0,112397762;0,152910941;FALS;0;0;0;0;194,5;low ;0,185;88,7;low ;0,188;489,5;low ;0;0,7336777;0,124779943;0,092044801;0,063580741;0,786863272;;;P_score_freshwater_pred_UBA;0,999143896;0,88211517;M_score_exp_UBA;0,381024261;M_score_exp_UBA;0,381024261;0,215444321;kemi_score;0,37;0,617007346;1;0,381024261;0,5;0,435943464;1;0,294202243;1;0,426057444;1;0,320687129;0,75;0,358127834;1;1.00;PM;PM;PM;4
3,3,4,4,5,5,6,6,7,7,8,8,8-tridecafluorooctanesulphonic acid;27619-97-2;248-580-6;VIONGDJUYAYOPU-UHFFFAOYSA-N;C(CS(=O)(=O)O)C(C(C(C(C(C(F)(F)F)(F)F)(F)F)(F)F)(F)F)(F)F;DTXSID6067331;119688;PRO-122;NS00010579;REACH-A;FALS;vPvM;MQ;vPvM;CERT;CERT;x;x;CERT;CERT;CERT;CERT;CERT;CERT;FALS;FALS;FALS;FALS;FALS;FALS;FALS;FALS;CERT;FALS;FALS;FALS;;"Fire extinguishing agent; Processing aids, not otherwise listed; Surface active agents";;FALS;FALS;CERT;FALS;FALS;CERT;FALS;FALS;FALS;FALS;CERT;FALS;FALS;FALS;FALS;FALS;FALS;FALS;FALS;FALS;FALS;FALS;FALS;FALS;FALS;P-PNEC pred;428,16;3,73;3,39;;5,71;;0,000855;2,980003372;2,3964;134,2897797;981,2141731;6,03;2937;;;1,3;;0,62184;0,43;0,37;0,11;0,22;>10 to < 100 tonnes;10;100;1;0;0;0;0;0;0;0;0;0;0;0;0;1;1;0;0;0;0;0;0;0;0;0;0;0;0;0;0;0;1;0;0;0;0;0;0;0;0;0;0;0;0;0;0;0;0;0;0;0;0;1;0;1;1;0;0;1;1;0;0;0;0;0;0;0,998709411;0,991650237;0,798553329;;;0,618975739;0,431738028;0,33642055;FALS;0;0;0;0;178,5;low ;0,151;242,7;low ;0,192;574,7;low ;0;0,551398137;0,084318309;0,095208249;0,059555656;0,626938708;;;P_score_freshwater_pred_UBA;0,998709411;0,929637659;M_score_exp_UBA;0,618975739;M_score_exp_UBA;0,618975739;0,462378106;kemi_score;0,37;0,786242263;1;0,618975739;0,5;0,655624969;1;0,519214449;1;0,638927495;1;0,550540224;0,75;0,583446619;1;0.00;vPvM;PM;PM;4
3,3'-dichlorobenzidine dihydrochloride;612-83-9;210-323-0;BXAONUZFBUNTQR-UHFFFAOYSA-N;c1cc(c(cc1c1cc(c(cc1)N)Cl)Cl)N;DTXSID1020433;11933;PRO-123;NS00078378;REACH-B;FALS;PMT;HQ;Not PMT/vPvM;FALS;FALS;;;FALS;FALS;FALS;FALS;FALS;FALS;FALS;FALS;FALS;FALS;FALS;FALS;FALS;FALS;FALS;FALS;FALS;FALS;;"Intermediate; Intermediates; Pigments";"Intermediate; Pigments";CERT;CERT;CERT;FALS;FALS;FALS;CERT;FALS;FALS;FALS;FALS;FALS;FALS;FALS;FALS;FALS;FALS;FALS;FALS;FALS;FALS;FALS;FALS;FALS;FALS;P-PNEC;326,04;;1,98;;9,11;;2,48E-05;4,350248018;1,1308;1,17495E+15;95,64756469;145;508;;;3,8;;1,046072515;0,65;;0;0;;;;0;0;0;0;0;0;0;0;0;0;0;0;0;0;0;0;0;0;1;0;0;0;0;0;0;0;0;0;0;0;0;0;0;0;0;0;0;0;0;0;0;0;1;0;0;0;1;1;1;1;1;0;1;1;1;1;0;1;1;1;1;1;0;0;1;0,974710473;0,689372861;1;;;0,223104613;0,646224293;0,163958105;FALS;0;0;0;0;129;low ;0,7;37,8;;1;182,9;;1;0,495109708;0,171150998;0,10807181;0,09430113;0,626870792;;;P_score_freshwater_pred_Dashboard;1;0,888027778;M_score_exp_UBA;0,223104613;M_score_pred_Episuite;0,646224293;0,344429004;E_score_min;0;0,80388077;1;0,223104613;0,5;0,553048391;1;0,638330647;1;0,716339118;1;0,449641769;0,75;0,594161373;1;1.00;vPvM(T);(T);PM(T);4
3,3'-sulphonyldianiline;599-61-1;209-967-5;LJGHYPLBDBRCRZ-UHFFFAOYSA-N;C1=CC(=CC(=C1)S(=O)(=O)C2=CC=CC(=C2)N)N;DTXSID3044962;11741;PRO-124;NS00001251;REACH-A;CERT;vPvM & PMT;MQ;vPvM & PMT;FALS;FALS;;;FALS;FALS;FALS;FALS;FALS;FALS;FALS;FALS;FALS;FALS;FALS;FALS;FALS;FALS;FALS;FALS;FALS;FALS;;"Hardener; Intermediate";Hardener;CERT;CERT;CERT;CERT;FALS;CERT;CERT;FALS;FALS;CERT;CERT;CERT;FALS;FALS;FALS;FALS;FALS;FALS;FALS;FALS;FALS;FALS;FALS;FALS;FALS;P-PNEC pred;248,3;;1,08;;9,07;;0,00586;1,899820502;1,3317;485165195,4;51,71607279;2,75;343;;;1,8;;1,39435;0,61;0,63;0,22;0,33;>100 to < 1000 tonnes;100;1000;0;1;0;0;0;0;0;0;0;0;0;0;0;0;0;0;0;0;1;0;0;0;0;0;0;0;0;0;0;0;1;0;0;0;0;0;0;0;0;0;0;1;0;0;0;0;0;0;0;0;0;0;0;0;1;0;0;0;0;0;0;0;0;0;0;0,951677911;0,436841115;1;;;0,534601961;0,613780203;0,517352812;FALS;0;0;0;0;238,9;low ;0,322;132,9;low ;0,7;666,8;low ;0,485;0,46396961;0,106831256;0,084848979;0,056041189;0,558977726;;;P_score_freshwater_pred_Dashboard;1;0,796173008;M_score_exp_UBA;0,534601961;M_score_pred_Episuite;0,613780203;0,555244992;kemi_score;0,63;0,783441257;1;0,534601961;0,5;0,664884258;1;0,583931857;1;0,676369949;1;0,567002484;0,75;0,623094775;1;0.00;vPvM;PM;PM;
3,4-diaminobenzenesulphonic acid;7474-78-4;231-274-1;FKSRSWQTEJTBMI-UHFFFAOYSA-N;Nc1ccc(S(=O)(=O)O)cc1N;DTXSID4064715;81986;PRO-125;NS00002363;REACH-B;FALS;vPvM & PMT;MQ;vPvM & PMT;FALS;FALS;;;FALS;FALS;FALS;FALS;FALS;FALS;FALS;FALS;FALS;FALS;FALS;FALS;FALS;FALS;FALS;FALS;FALS;FALS;;;;CERT;FALS;CERT;FALS;FALS;FALS;CERT;FALS;FALS;FALS;FALS;FALS;FALS;FALS;FALS;FALS;FALS;FALS;FALS;FALS;FALS;FALS;FALS;FALS;FALS;P-PNEC pred;188,2;;-2,44;;8,32;;0,272;1,710117365;-0,7775;12,30493006;30,24377472;4,37;280;;;;-2,9;13,90823;0,87;0,32;0;0;;;;0;0;0;0;0;0;0;0;0;0;0;0;0;0;0;0;0;0;1;0;0;0;0;0;0;0;0;0;0;0;0;0;0;0;0;0;0;0;0;0;0;0;0;0;0;0;0;0;0;0;0;1;0;0;0;0;0;0;0;0;0;0;0;0;0;0,93298097;0,236654788;0,06247629;;;;0,87271899;0,550064506;FALS;0;0;0;0;729,7;low ;0,218;158,4;low ;0,7;9080;good ;1;0,241720149;0,099772476;0,054005833;0,01874168;0,340467656;;;P_score_freshwater_pred_UBA;0,93298097;0,410704016;;;M_score_pred_Episuite;0,87271899;0,711391748;kemi_score;0,32;0,902347056;1;;;0,54052886;1;0,544248896;1;0,700786265;1;0,544248896;0,5;0,542385689;1;0.00;vPvM;;PM;2
3,4-dichloroaniline;95-76-1;202-448-4;SDYWXFYBZPNOFX-UHFFFAOYSA-N;c1cc(c(cc1N)Cl)Cl;DTXSID7021815;7257;PRO-126;NS00000077;REACH-B;FALS;vPvM & PMT;MQ;PMT;FALS;FALS;;;FALS;FALS;FALS;FALS;FALS;FALS;FALS;FALS;FALS;FALS;FALS;FALS;FALS;FALS;FALS;FALS;FALS;FALS;"degradate (diuron); herbicides and herbicide degradates";;;CERT;FALS;CERT;FALS;FALS;FALS;FALS;FALS;FALS;FALS;FALS;FALS;FALS;FALS;FALS;FALS;FALS;FALS;FALS;FALS;FALS;FALS;FALS;FALS;FALS;AA-QSwater_eco;162,01;2,69;2,54;;7,51;0,00131;0,00244;2,42975228;2,3914;540364,9372;61,35405879;12,9;133;;;2,3;;0,2;0,43;0,57;0;0;;;;0;0;0;0;0;0;0;0;0;0;0;0;0;0;0;0;0;0;1;0;0;0;0;0;0;0;0;0;0;0;0;0;0;0;0;0;0;0;0;0;0;0;0;0;0;0;0;0;0;0;1;1;0;0;0;0;0;0;0;0;0;0;0;0;0;0,795886243;0,509536534;0,999999826;;;0,448200481;0,432588513;0,42607543;CERT;0;0;0;0;955,8;moderate ;0,85;9,3;;1;1090;;1;0,667959369;0,275182986;0,048320748;0,045763422;0,761924246;;;P_score_freshwater_pred_Dashboard;0,999999826;0,768474201;M_score_exp_UBA;0,448200481;M_score_exp_UBA;0,448200481;0,435621475;kemi_score;0,57;0,669477709;1;0,448200481;0,5;0,578587819;1;0,572387479;1;0,619032033;1;0,527574978;0,75;0,575479299;1;0.00;PM;PM;PM;4
3,4-dichlorobut-1-ene;760-23-6;212-079-0;XVEASTGLHPVZNA-UHFFFAOYSA-N;C=CC(CCl)Cl;DTXSID8022113;12971;PRO-127;NS00002776;REACH-B;FALS;vPvM & PMT;MQ;PMT;FALS;FALS;;;FALS;FALS;FALS;FALS;FALS;FALS;FALS;FALS;FALS;FALS;FALS;FALS;FALS;FALS;FALS;FALS;FALS;FALS;;;;CERT;FALS;CERT;FALS;FALS;FALS;FALS;FALS;FALS;FALS;FALS;FALS;FALS;FALS;FALS;FALS;FALS;FALS;FALS;FALS;FALS;FALS;FALS;FALS;FALS;P-PNEC pred;124,99;;2,18;;3,53;0,00337;0,0058;2,089905111;2,2561;48,91088652;35,28316503;12,9;41;;;;2;8,57764;0,46;0,48;0;0;;;;0;0;0;0;0;0;0;0;0;0;0;0;0;0;0;0;0;0;1;0;0;0;0;0;0;0;0;0;0;0;0;0;0;0;0;0;0;0;0;0;0;0;0;0;0;0;0;0;0;0;1;1;0;0;0;0;0;0;0;0;0;0;0;0;0;0,342778895;0,287481868;0,413545065;;;;0,455737423;0,484425671;FALS;0;0;0;0;6100;low ;0,34;870,2;;1;9520;;1;0,282241958;0,050229442;0,022197461;0,018367451;0,332034429;;;P_score_freshwater_pred_Dashboard;0,413545065;0,347935276;;;M_score_pred_Dashboard;0,484425671;0,470081547;kemi_score;0,48;0,447584456;1;;;0,404422987;1;0,390814326;1;0,418237274;1;0,390814326;0,5;0,397560432;1;0.00;PM;;PM;2
3,5-bis(1,1-dimethylethyl)-4-hydroxy-benzoic acid;13423-73-9;;YEXOWHQZWLCHHD-UHFFFAOYSA-N;CC(C)C1=CC(=CC(=C1O)C(C)C)C(=O)O;DTXSID30158604;25972;PRO-128;;;FALS;;;;FALS;FALS;;;FALS;FALS;FALS;FALS;FALS;FALS;FALS;FALS;FALS;CERT;FALS;FALS;FALS;FALS;CERT;FALS;FALS;FALS;;;;FALS;FALS;FALS;FALS;FALS;FALS;FALS;FALS;FALS;FALS;FALS;FALS;FALS;FALS;FALS;FALS;FALS;FALS;FALS;FALS;FALS;FALS;FALS;FALS;FALS;;222,284;;3,78;;8,14;;0,00101;2,220108088;;134,2897797;;3,09;;;;;;;;;;;;;;0;0;0;0;0;0;0;0;0;0;0;0;0;0;0;0;0;0;0;0;0;0;0;0;0;0;0;0;0;0;0;0;0;0;0;0;0;0;0;0;0;0;0;0;0;0;0;0;0;0;0;0;0;0;0;0;0;0;0;0;0;0;0;0;0;;;0,798553329;;;;;0,461931988;FALS;0;0;0;0;120,1;low ;0,7;354,9;low ;0,7;484,6;low ;0,7;;0,072419365;0,11110109;0,063841377;0,163646054;;;P_score_freshwater_pred_Dashboard;0,798553329;0,798553329;;;M_score_pred_Dashboard;0,461931988;0,461931988;;;0,60735272;1;;;0,60735272;1;0,163646054;0,5;0,392279699;0,75;0,163646054;0,25;0,392279699;0,75;0.00;PM;;PM;3
3,5-diacetamido-2,4,6-triiodobenzoic acid;117-96-4;204-223-6;YVPYQUNUQOZFHG-UHFFFAOYSA-N;CC(=O)Nc1c(I)c(NC(=O)C)c(I)c(C(=O)O)c1I;DTXSID0044521;2140;PRO-129;;REACH-B;FALS;vPvM;MQ;vPvM;FALS;FALS;;;FALS;FALS;FALS;FALS;FALS;FALS;FALS;FALS;FALS;FALS;FALS;FALS;FALS;FALS;FALS;CERT;FALS;FALS;x-ray contrast medium;;;CERT;CERT;CERT;CERT;FALS;FALS;CERT;FALS;FALS;FALS;CERT;FALS;FALS;CERT;FALS;FALS;FALS;FALS;FALS;FALS;FALS;FALS;FALS;FALS;FALS;P-PNEC pred;613,916;;1,32;;9,39;0,00163;0,00129;2,519827994;0,8627;8,77199E+11;200,0703839;3,47;;;;;-0,6;0,073;0,69;0,54;0,03;0,1;>1 to < 10 tonnes;1;10;1;0;0;0;0;0;0;0;0;0;0;0;0;0;0;0;0;0;1;0;1;0;0;0;0;0;0;0;0;0;0;0;0;0;0;0;0;0;0;0;0;0;0;0;0;0;0;0;0;0;0;1;0;0;0;0;0;0;0;0;0;0;1;0;1;;0,886834457;1;;;;0,687469691;0,410882757;FALS;0;0;0;0;238,9;low ;0;1100;low ;0,283;406,3;low ;0;0,757069036;0,045590534;0,084848979;0,06857122;0,789408071;;;P_score_freshwater_pred_Dashboard;1;0,943417229;;;M_score_pred_Episuite;0,687469691;0,549176224;kemi_score;0,54;0,82913792;1;;;0,719793242;1;0,738032228;1;0,782259871;1;0,738032228;0,5;0,728855685;1;0.00;vPvM(T);(T);vPvM(T);
3:3 fluorotelomer carboxylate;356-27-4;206-602-1;JVHJRIQPDBCRRE-UHFFFAOYSA-N;CCOC(=O)C(C(C(F)(F)F)(F)F)(F)F;DTXSID9059882;9644;PRO-130;NS00019000;;FALS;;;;FALS;FALS;;;FALS;FALS;FALS;FALS;FALS;CERT;FALS;FALS;FALS;FALS;FALS;FALS;FALS;FALS;CERT;FALS;FALS;FALS;;;;FALS;FALS;FALS;FALS;FALS;FALS;FALS;FALS;FALS;FALS;FALS;FALS;FALS;FALS;FALS;FALS;FALS;FALS;FALS;FALS;FALS;FALS;FALS;FALS;FALS;;242,093;;2,99;;2,7;;0,00624;1,980003372;2,4746;87,35672301;140,7977891;3,89;;;;;;1,6843;;0,24;;;;;;0;0;0;0;0;0;0;0;0;0;0;0;0;0;0;0;0;0;0;0;0;0;0;0;0;0;0;0;0;0;0;0;0;0;0;0;0;0;0;0;0;0;0;0;0;0;0;0;0;0;0;0;0;0;0;0;0;0;0;0;0;0;0;0;0;;0,811254037;0,655247715;;;;0,418491831;0,503465096;FALS;0;0;0;0;247,5;low ;0,226;2610;low ;0,227;10670;low ;0;0,443635729;0,031779436;0,083663933;0,017495445;0,494142838;;;P_score_freshwater_pred_RIVM;0,811254037;0,733250876;;;M_score_pred_Dashboard;0,503465096;0,460978463;kemi_score;0,24;0,639091615;1;;;0,581388736;1;0,494142838;0,5;0,586578645;0,75;0,494142838;0,25;0,55071712;0,75;0.00;PM;;PM;2
3-[(E)-2-[1-({4-[(2E)-2-[2-(5-carboxy-2-chlorophenyl)hydrazin-1-ylidene]-3-oxobutanamido]-2,5-dimethylphenyl}carbamoyl)-2-oxopropylidene]hydrazin-1-yl]-4-chlorobenzoic acid;74351-78-3;616-083-7;MFNRAHKNWDJWME-UHFFFAOYNA-N;CC(=O)C(N=Nc1cc(ccc1Cl)C(=O)O)C(=O)Nc1cc(C)c(NC(=O)C(N=Nc2cc(ccc2Cl)C(=O)O)C(=O)C)cc1C;DTXSID601110236;13981353;PRO-131;NS00009996;REACH-B;FALS;vPvM;HQ;vPvM;FALS;FALS;;;FALS;FALS;FALS;FALS;FALS;FALS;FALS;FALS;FALS;FALS;FALS;FALS;FALS;FALS;FALS;FALS;FALS;FALS;;;;FALS;FALS;CERT;FALS;FALS;FALS;FALS;FALS;FALS;FALS;FALS;FALS;FALS;FALS;FALS;FALS;FALS;FALS;FALS;FALS;FALS;FALS;FALS;FALS;FALS;P-PNEC;669,47;;2,84;;9,53;;0,000282;4,589949601;;1982759,264;;7,08;2216;;;;-1,2;0,012001418;;0,27;0;0;;;;0;0;0;0;0;0;0;0;0;0;0;0;0;0;0;0;0;0;1;0;0;0;0;0;0;0;0;0;0;0;0;0;0;0;0;0;0;0;0;0;0;0;0;0;0;0;0;0;0;0;0;1;0;0;0;0;0;0;0;0;0;0;0;0;0;0,997912757;;0,999999981;;;;;0,142434384;FALS;0;0;0;0;199,2;low ;0;1300;low ;0;942,2;low ;0;0,872223989;0,042535755;0,091181835;0,048607766;0,887890234;;;P_score_freshwater_pred_Dashboard;0,999999981;0,998956369;;;M_score_pred_Dashboard;0,142434384;0,142434384;kemi_score;0,27;0,377404798;1;;;0,377207815;1;0,887890234;0,5;0,501947202;0,75;0,887890234;0,25;0,501772529;0,75;1.00;PM(T);(T);PM(T);4
3-acetamido-5-amino-4-hydroxybenzenesulphonic acid;40306-75-0;254-879-2;SFUJTLIHMWZDTL-UHFFFAOYSA-N;CC(=O)NC1=CC(=CC(=C1O)N)S(=O)(=O)O;DTXSID90885424;99501;PRO-132;;REACH-B;CERT;vPvM & PMT;MQ;vPvM & PMT;FALS;FALS;;;FALS;FALS;FALS;FALS;FALS;FALS;FALS;FALS;FALS;FALS;FALS;FALS;FALS;FALS;FALS;FALS;FALS;FALS;;;;CERT;CERT;CERT;FALS;FALS;FALS;CERT;FALS;FALS;FALS;FALS;FALS;FALS;FALS;FALS;FALS;FALS;FALS;FALS;FALS;FALS;FALS;FALS;FALS;FALS;P-PNEC pred;246,24;;-2,24;;9,39;;0,914;2,11058971;-0,8689;34,81331749;29,72900192;3,98;95;;;;-3,4;13,97613709;0,88;0,39;0;0;;;;0;0;0;0;0;0;0;0;0;0;0;0;0;0;0;0;0;0;1;0;1;0;0;0;0;0;0;0;0;0;0;0;0;0;0;0;0;0;0;0;0;0;0;0;0;0;0;0;0;0;0;1;0;0;0;0;0;0;0;0;0;0;0;0;0;0,68688056;0,231394182;0,282810472;;;;0,879591763;0,480845642;FALS;0;0;0;0;221,3;low ;0,215;113,7;low ;0,692;2870;low ;0,7;0,241332647;0,113471611;0,087465504;0,030534672;0,358368164;;;P_score_freshwater_pred_UBA;0,68688056;0,400361738;;;M_score_pred_Episuite;0,879591763;0,680218702;kemi_score;0,39;0,777286616;1;;;0,521855863;1;0,561572777;1;0,660683739;1;0,561572777;0,5;0,541350207;1;0.00;vPvM;;PM;4
3-amino-4-methoxybenzanilide;120-35-4;204-388-4;LHMQDVIHBXWNII-UHFFFAOYSA-N;COc1ccc(cc1N)C(=O)Nc1ccccc1;DTXSID0051607;8426;PRO-133;NS00004705;REACH-B;FALS;vPvM & PMT;MQ;PMT;FALS;FALS;;;FALS;FALS;FALS;FALS;FALS;FALS;FALS;FALS;FALS;FALS;FALS;FALS;FALS;FALS;FALS;FALS;FALS;FALS;;Intermediates;;CERT;CERT;CERT;FALS;FALS;FALS;FALS;FALS;FALS;FALS;FALS;FALS;FALS;FALS;FALS;FALS;FALS;FALS;FALS;FALS;FALS;FALS;FALS;FALS;FALS;P-PNEC pred;242,278;;2,06;;9,19;;0,000791;2,320146286;1,7373;34,81331749;46,19241291;35,5;58;;;;2,1;2,4581;0,55;0,42;0;0;;;;0;0;0;0;0;0;0;0;0;0;0;0;0;0;0;0;0;0;1;0;0;0;0;0;0;0;0;0;0;0;0;0;0;0;0;0;0;0;0;0;0;0;0;0;0;0;0;0;0;0;1;1;0;0;0;0;0;0;0;0;0;0;0;0;0;0,485515283;0,390053633;0,282810472;;;;0,545397076;0,444749417;FALS;0;0;0;0;133,1;moderate ;0,85;27;low ;0,673;449,4;moderate ;0,85;0,40357298;0,192886283;0,106768957;0,065826907;0,544655327;;;P_score_freshwater_pred_UBA;0,485515283;0,386126463;;;M_score_pred_Episuite;0,545397076;0,495073247;kemi_score;0,42;0,514585868;1;;;0,437219489;1;0,54732114;1;0,530701162;1;0,54732114;0,5;0,48918245;1;0.00;PM;;PM;3
3-aminobenzenesulphonic acid;121-47-1;204-473-6;ZAJAQTYSTDTMCU-UHFFFAOYSA-N;Nc1cccc(S(=O)(=O)O)c1;DTXSID6024462;8474;PRO-134;NS00020466;REACH-B;FALS;vPvM & PMT;MQ;vPvM & PMT;FALS;FALS;;;FALS;FALS;FALS;FALS;FALS;FALS;FALS;FALS;FALS;FALS;FALS;FALS;FALS;FALS;FALS;FALS;FALS;FALS;;Intermediate;;CERT;CERT;CERT;FALS;FALS;FALS;CERT;FALS;FALS;FALS;CERT;FALS;FALS;FALS;FALS;FALS;FALS;FALS;FALS;FALS;FALS;FALS;FALS;FALS;FALS;P-PNEC pred;173,19;;-1,48;;7,93;;0,133;1,290034611;-0,247;48,91088652;21,78792345;4,79;119;;;;-2,8;37,60023;0,83;0,44;0;0,09;>0 to < 10 tonnes;0;10;0;0;0;0;0;0;0;0;0;0;0;0;0;0;0;0;0;0;1;0;0;0;0;0;0;0;0;0;0;0;0;0;0;0;0;0;0;0;0;0;0;0;0;0;0;0;0;0;0;0;1;1;0;0;0;0;0;0;0;0;0;0;0;0;0;0,763260194;0,150368261;0,413545065;;;;0,825994573;0,620603488;CERT;0;0;0;0;1290;low ;0,221;86,9;low ;0,7;6970;good ;1;0,171477703;0,125755584;0,042672547;0,020974859;0,277744103;;;P_score_freshwater_pred_UBA;0,763260194;0,442391173;;;M_score_pred_Episuite;0,825994573;0,72329903;kemi_score;0,44;0,794008047;1;;;0,565668725;1;0,480132904;1;0,617437762;1;0,480132904;0,5;0,521148892;1;0.00;vPvM;;PM;3
3-aminomethyl-3,5,5-trimethylcyclohexylamine;2855-13-2;220-666-8;RNLHGQLZWXBQNY-UHFFFAOYSA-N;CC1(C)CC(N)CC(C)(CN)C1;DTXSID6027503;17857;PRO-135;NS00010871;REACH-A;CERT;PMT;HQ;PMT;FALS;FALS;;;FALS;FALS;FALS;FALS;FALS;FALS;FALS;FALS;FALS;FALS;FALS;FALS;FALS;FALS;FALS;CERT;FALS;CERT;"Cleaning products and household care -> dishwasher and dishes -> automatic dishwashing detergent; Home maintenance -> caulk/sealant; Home maintenance -> surface sealers; amine hardener; binder; binder; curing agent; curing agent component; hardener; not reported; quartz coating hardener; reactive hardener and plasticizer";"Hardener; Intermediates; Monomers; Paint additives and coating additives not described by other categories; Process regulators; Propellants and blowing agents";"Hardener; Paint additives and coating additives not described by other categories; Propellants and blowing agents";CERT;CERT;CERT;CERT;CERT;CERT;CERT;FALS;FALS;CERT;CERT;FALS;CERT;CERT;CERT;FALS;CERT;CERT;FALS;FALS;FALS;FALS;FALS;FALS;FALS;P-PNEC pred;170,3;;1,76;;7,84;;0,0894;1,989894564;1,5967;87,35672301;45,38846927;3,98;2500;;;;-6,6;16,02622;0,57;0,87;0,48;0,6;>10000 to < 100000 tonnes;10000;100000;1;1;0;0;0;0;0;1;1;0;0;0;0;0;0;0;0;0;1;0;1;0;0;0;0;0;0;0;0;0;1;0;0;0;0;0;0;0;0;0;0;1;0;0;0;0;0;0;0;0;1;1;1;0;0;0;0;0;0;0;0;1;0;0;0;0,998300918;0,382936804;0,655247715;;;;0,56943498;0,501751131;CERT;0;0;0;0;995,6;low ;0,553;1770;moderate ;0,85;4490;low ;0,7;0,230616906;0,037399783;0,047512467;0,025277298;0,288494264;;;P_score_freshwater_pred_UBA;0,998300918;0,678828479;;;M_score_pred_Episuite;0,56943498;0,535593055;kemi_score;0,87;0,753967813;1;;;0,602972486;1;0,405514156;1;0,552941788;1;0,405514156;0,5;0,494483446;1;0.00;vPvM;;PM;3
3-bromo-5-chlorophenol;56962-04-0;611-435-6;GMGWXLPFRHYWAS-UHFFFAOYSA-N;Oc1cc(Cl)cc(Br)c1;DTXSID80627097;22630180;PRO-136;NS00002535;REACH-B;FALS;vPvM & PMT;MQ;PMT;FALS;FALS;;;FALS;FALS;FALS;FALS;FALS;FALS;FALS;FALS;FALS;FALS;FALS;FALS;FALS;FALS;FALS;FALS;FALS;FALS;;;;FALS;FALS;FALS;FALS;FALS;FALS;FALS;FALS;FALS;FALS;FALS;FALS;FALS;FALS;FALS;FALS;FALS;FALS;FALS;FALS;FALS;FALS;FALS;FALS;FALS;P-PNEC pred;207,45;;3,41;;7,71;;0,0118;3,149219113;;87,35672301;;32,4;50;;;;2,1;1,26104;;0,14;0;0;;;;0;0;0;0;0;0;0;0;0;0;0;0;0;0;0;0;0;0;0;0;0;0;0;0;0;0;0;0;0;0;0;0;0;0;0;0;0;0;0;0;0;0;0;0;0;0;0;0;0;0;0;0;0;0;0;0;0;0;0;0;0;0;0;0;0;0,422704538;;0,655247715;;;;;0,310757996;FALS;0;0;0;0;1950;low ;0,7;220;moderate ;0,85;622,3;moderate ;0,85;0,474839055;0,087669946;0,035914647;0,057649278;0,538852027;;;P_score_freshwater_pred_Dashboard;0,655247715;0,538976127;;;M_score_pred_Dashboard;0,310757996;0,310757996;kemi_score;0,14;0,45124657;1;;;0,409256815;1;0,538852027;0,5;0,478739339;0,75;0,538852027;0,25;0,448559908;0,75;1.00;PM;;PM;1
3-chloroaniline;108-42-9;203-581-0;PNPCRKVUWYDDST-UHFFFAOYSA-N;C1=CC(=CC(=C1)Cl)N;DTXSID0024761;7932;PRO-137;NS00001502;REACH-B;CERT;vPvM & PMT;MQ;vPvM & PMT;FALS;FALS;;;FALS;FALS;FALS;FALS;FALS;FALS;FALS;FALS;FALS;FALS;FALS;FALS;FALS;FALS;FALS;FALS;FALS;FALS;;;;CERT;FALS;CERT;FALS;FALS;FALS;FALS;FALS;FALS;FALS;CERT;FALS;FALS;FALS;FALS;FALS;FALS;FALS;FALS;FALS;FALS;FALS;FALS;FALS;FALS;JG-MKN (totaal);127,57;1,88;1,85;;6,21;0,0425;0,0238;2,130333768;1,9434;6063,242488;35,34516776;2,29;;;;1,6;;0,41;0,51;0,52;0;0;;;;0;0;0;0;0;0;1;0;0;0;0;0;0;0;0;0;0;0;1;0;0;1;0;0;0;0;0;1;0;0;0;0;0;0;0;0;0;0;0;0;0;0;0;0;0;0;1;0;0;0;1;1;0;0;0;0;0;0;0;0;0;0;0;0;0;;0,288097069;0,999625863;;;0,568874072;0,509806775;0,477430227;FALS;0;0;0;0;3050;moderate ;0,85;16,4;;1;1620;;1;0,595612363;0,22884511;0,029762264;0,038809222;0,676500851;;;P_score_freshwater_pred_Dashboard;0,999625863;0,643861466;M_score_exp_UBA;0,568874072;M_score_exp_UBA;0,568874072;0,518703691;kemi_score;0,52;0,754096304;1;0,568874072;0,5;0,577904247;1;0,587380145;1;0,665538275;1;0,581145512;0,75;0,582622932;1;0.00;vPvM;PM;PM;4
3-hydroxy-4'-methoxy-2-naphthanilide;92-79-5;202-190-2;UIXFPIHXQQZAGX-UHFFFAOYSA-N;COc1ccc(NC(=O)c2cc3ccccc3cc2O)cc1;DTXSID2059067;66721;PRO-138;NS00009994;REACH-B;FALS;PMT;MQ;Potential PMT/vPvM;FALS;FALS;;;FALS;FALS;FALS;FALS;FALS;FALS;FALS;FALS;FALS;FALS;FALS;FALS;FALS;FALS;FALS;FALS;FALS;CERT;;;;CERT;CERT;CERT;FALS;FALS;CERT;CERT;FALS;FALS;FALS;FALS;CERT;FALS;FALS;FALS;FALS;FALS;FALS;FALS;FALS;FALS;FALS;CERT;FALS;FALS;P-PNEC pred;293,322;;4,25;;9,41;;1,79E-05;2,859738566;3,4137;120,3013687;41,37155912;55;45;;;;2,3;0,13621;0,27;0,42;0,03;0,1;>1 to < 10 tonnes;1;10;0;0;0;0;0;0;0;0;0;0;0;0;0;0;0;0;0;0;1;0;0;0;0;0;0;0;0;0;0;0;0;0;0;0;0;0;0;0;0;0;0;0;0;0;0;0;0;0;0;0;0;1;0;0;0;0;0;0;0;0;0;0;0;0;0;0,379470626;0,346261681;0,76660347;;;;0,272911196;0,355276459;FALS;0;0;0;0;245;moderate ;0,85;709,4;low ;0,689;184,7;moderate ;0,85;0,70386914;0,054635269;0,084002576;0,093938498;0,749568345;;;P_score_freshwater_pred_Dashboard;0,76660347;0,497445259;;;M_score_pred_Dashboard;0,355276459;0,314093827;kemi_score;0,42;0,521877539;1;;;0,395277732;1;0,449870485;1;0,484538235;1;0,449870485;0,5;0,421691575;1;1.00;PM;;PM;3
3-isocyanatomethyl-3,5,5-trimethylcyclohexyl isocyanate;4098-71-9;223-861-6;NIMLQBUJDJZYEJ-UHFFFAOYSA-N;CC1(CC(CC(C1)(C)CN=C=O)N=C=O)C;DTXSID0023826;169132;PRO-139;NS00011466;REACH-A;CERT;vPvM & PMT;MQ;vPvM & PMT;FALS;FALS;;;FALS;FALS;FALS;FALS;FALS;FALS;FALS;FALS;FALS;FALS;FALS;FALS;FALS;FALS;FALS;CERT;FALS;CERT;"Home maintenance -> adhesives and adhesive removers -> multipurpose adhesive; Home maintenance -> caulk/sealant; Home maintenance -> surface sealers; Personal care -> facial cleansing and moisturizing -> face mask; Vehicle; Vehicle -> car surface treatment; film forming";"Adhesives and sealant chemicals; Intermediates; Monomers; Other";Monomers;CERT;CERT;CERT;CERT;FALS;CERT;CERT;FALS;FALS;FALS;CERT;FALS;FALS;FALS;CERT;FALS;FALS;CERT;FALS;FALS;FALS;FALS;CERT;FALS;FALS;P-PNEC pred;222,288;;3,94;;4,74;;0,000127;2,089905111;4,1221;244,6919323;62,47734718;100;74;;;;1;0,7489;0,19;0,83;0,48;0,6;>10000 to < 100000 tonnes;10000;100000;1;0;0;0;0;0;0;1;0;0;0;0;0;0;0;0;0;0;1;0;0;0;0;0;0;0;0;0;0;0;1;0;0;0;0;0;0;0;0;0;0;0;0;0;0;0;0;0;0;0;1;0;1;0;1;0;0;0;0;0;0;1;0;0;0;0,588682028;0,517284596;0,917054554;;;;0,186801659;0,484425671;CERT;0;0;0;0;125,3;low ;0,233;4680;low ;0,248;689;low ;0,373;0,531352852;0,024837589;0,109296126;0,055293485;0,591192603;;;P_score_freshwater_pred_Dashboard;0,917054554;0,674340392;;;M_score_pred_Dashboard;0,484425671;0,335613665;kemi_score;0,83;0,666516892;1;;;0,475728758;1;0,335151599;1;0,47263538;1;0,335151599;0,5;0,399300957;1;0.00;PM;;PM;3
3-methylindole;83-34-1;201-471-7;ZFRKQXVRDFCRJG-UHFFFAOYSA-N;Cc1c[nH]c2ccccc12;DTXSID8021775;6736;PRO-140;NS00013192;REACH-B;FALS;vPvM & PMT;HQ;vPvM & PMT;FALS;FALS;;;FALS;FALS;FALS;FALS;FALS;FALS;FALS;FALS;FALS;FALS;FALS;FALS;FALS;FALS;FALS;FALS;FALS;FALS;"fecal indicator; flavouring; fragrance; fragrance component; perfuming";;;CERT;FALS;CERT;FALS;FALS;FALS;FALS;FALS;FALS;FALS;FALS;FALS;FALS;FALS;FALS;FALS;FALS;FALS;FALS;FALS;FALS;FALS;FALS;FALS;FALS;P-PNEC pred;131,178;2,6;2,6;;7,77;0,0038;0,00477;2,829946696;2,2561;13,8737699;21,33783877;9,55;2500;;;;-2,6;3,14486;0,46;0,66;0;0;;;;0;0;0;0;0;0;0;0;0;0;0;0;0;0;0;0;0;0;0;0;0;0;0;0;0;0;0;0;0;0;0;0;0;0;0;0;0;0;0;0;0;0;0;0;0;0;0;0;0;0;0;0;0;0;0;0;0;0;0;0;0;0;0;0;1;0,998300918;0,145865989;0,075626213;;;;0,455737423;0,36002049;FALS;0;0;0;0;478;low ;0,27;1760;moderate ;0,85;2840;low ;0,7;0,378104534;0,037488469;0,064198238;0,030670053;0,434054969;;;P_score_freshwater_pred_UBA;0,998300918;0,406597707;;;M_score_pred_Episuite;0,455737423;0,407878957;kemi_score;0,66;0,674509516;1;;;0,407237828;1;0,446839217;1;0,548996634;1;0,446839217;0,5;0,426579221;1;0.00;PM;;PM;1
3-oxopregn-4-ene-21,17?-carbolactone;976-70-5;213-552-4;UWBICEKKOYXZRG-NEFAYWBCNA-N;CC12CCC(=O)C=C1CCC1C2CCC2(C)C1CCC12CCC(=O)O1;DTXSID10875403;101931;PRO-141;NS00008961;REACH-B;FALS;PMT;MQ;Potential PMT/vPvM;FALS;FALS;;;FALS;FALS;FALS;FALS;FALS;FALS;FALS;FALS;FALS;FALS;FALS;FALS;FALS;FALS;FALS;FALS;FALS;FALS;;;;CERT;FALS;CERT;FALS;FALS;FALS;CERT;FALS;FALS;FALS;FALS;FALS;FALS;FALS;FALS;FALS;FALS;FALS;FALS;FALS;FALS;FALS;FALS;FALS;FALS;P-PNEC;342,479;2,98;3,06;;11,6;;1,16E-05;5,029383778;2,7034;2,99E+41;126,1034808;53,7;184;;;;2,7;1,54222873;;0,28;0;0;;;;1;0;0;0;0;0;0;0;0;0;0;0;0;0;0;0;0;0;1;0;0;0;0;0;0;0;0;0;0;0;0;0;0;0;0;0;0;0;0;0;0;0;0;0;0;0;0;0;0;0;0;1;0;0;0;0;0;0;0;0;0;0;0;0;0;0,871654055;0,780700578;1;;;;0,380468602;0,109115404;FALS;0;0;0;0;79,9;low ;0,7;190,7;low ;0,567;111,7;moderate ;0,85;0,453101073;0,092763435;0,129820501;0,114249245;0,572266822;;;P_score_freshwater_pred_Dashboard;1;0,884118211;;;M_score_pred_Episuite;0,380468602;0,244792003;kemi_score;0,28;0,61682137;1;;;0,465215077;1;0,572266822;0,5;0,601597187;0,75;0,572266822;0,25;0,498465812;0,75;1.00;PM;;PM;2
3-perfluoro-methoxypropanoic acid;377-73-1;;AGIMOOYNBDLMJV-UHFFFAOYSA-N;C(=O)(C(C(OC(F)(F)F)(F)F)(F)F)O;DTXSID70191136;120228;PRO-142;NS00002613;;FALS;;;;FALS;FALS;;;FALS;FALS;FALS;FALS;FALS;FALS;FALS;FALS;FALS;FALS;FALS;FALS;FALS;FALS;FALS;FALS;FALS;FALS;;;;FALS;FALS;FALS;FALS;FALS;FALS;FALS;FALS;FALS;FALS;FALS;FALS;FALS;FALS;FALS;FALS;FALS;FALS;FALS;FALS;FALS;FALS;FALS;FALS;FALS;;230,038;;3,15;;3,7;;0,0477;1,6599162;;87,35672301;;5,5;;;;;;4,60977;;0,02;;;;;;0;0;0;0;0;0;0;0;0;0;0;0;0;0;0;0;0;0;0;0;0;0;0;0;0;0;0;0;0;0;0;0;0;0;0;0;0;0;0;0;0;0;0;0;0;0;0;0;0;0;0;0;0;0;0;0;0;0;0;0;0;0;0;0;0;;;0,655247715;;;;;0,558660646;FALS;0;0;0;0;290,8;low ;0,216;19380;low ;0,214;6470;low ;0;0,339913602;0,013554977;0,078450083;0,021649105;0,391445727;;;P_score_freshwater_pred_Dashboard;0,655247715;0,655247715;;;M_score_pred_Dashboard;0,558660646;0,558660646;kemi_score;0,02;0,605029844;1;;;0,605029844;1;0,391445727;0,5;0,523289134;0,75;0,391445727;0,25;0,523289134;0,75;0.00;PM;;PM;4
4-(1,1,3,3-tetramethylbutyl)phenol;140-66-9;205-426-2;ISAVYTVYFVQUDY-UHFFFAOYSA-N;CC(C)(C)CC(C)(C)c1ccc(cc1)O;DTXSID9022360;8814;PRO-143;NS00008649;REACH-C;CERT;PMT;HQ;Not PMT/vPvM;FALS;FALS;;;FALS;FALS;FALS;FALS;FALS;FALS;FALS;FALS;FALS;FALS;FALS;FALS;FALS;FALS;FALS;CERT;CERT;FALS;detergent metabolite;"Intermediates; Monomers; Processing aids not otherwise specified; Processing aids, specific to petroleum production; Surface active agents; Surfactant (surface active agent)";Surfactant (surface active agent);CERT;CERT;CERT;CERT;CERT;CERT;CERT;FALS;FALS;CERT;CERT;CERT;CERT;CERT;CERT;FALS;FALS;CERT;FALS;FALS;FALS;FALS;CERT;FALS;FALS;EQS chronic water (=AA-EQS);206,329;;4,94;;8,69;;0,000158;3,389166084;4,0125;58,55696259;52,25355976;288;60;41;20;4;;0,1;0,2;0,72;0,5;0,63;>10000 to < 100000 tonnes;10000;100000;1;1;0;0;0;0;0;1;0;0;0;0;0;0;0;0;0;0;0;1;1;0;0;0;0;0;0;0;0;0;1;0;0;0;0;0;0;0;0;0;0;0;0;0;0;0;0;0;0;0;0;1;0;0;0;0;0;0;0;0;0;0;1;0;1;0,5;0,441194183;0,489597175;0,073848304;0,022839036;0,2;0,198617308;0,276298631;CERT;0;0;0;0;134,4;;0,85;193,2;moderate ;0,85;139,9;moderate ;0,85;0,731058579;0,092288495;0,10636705;0,104722689;0,784231921;P_score_soil_exp_UBA;0,073848304;P_score_freshwater_pred_UBA;0,5;0,30549574;M_score_exp_UBA;0,2;M_score_pred_Dashboard;0,276298631;0,22497198;kemi_score;0,72;0,37168443;1;0,121530494;1;0,262160221;1;0,396038362;1;0,383668207;1;0,219387186;1;0,322219653;1;1.00;PM;;;4
4-(1-phenylethyl)benzene-1,3-diol;85-27-8;480-070-0;PQSXNIMHIHYFEE-UHFFFAOYSA-N;CC(C1=CC=CC=C1)C2=C(C=C(C=C2)O)O;DTXSID501005319;11171903;PRO-144;NS00022840;REACH-A;FALS;vPvM & PMT;MQ;vPvM & PMT;FALS;FALS;;;FALS;FALS;FALS;FALS;FALS;FALS;FALS;FALS;FALS;FALS;FALS;FALS;FALS;FALS;FALS;CERT;CERT;FALS;"antioxidant; antioxidant";;;CERT;CERT;CERT;FALS;FALS;FALS;CERT;FALS;FALS;CERT;CERT;FALS;CERT;FALS;FALS;FALS;FALS;FALS;FALS;FALS;FALS;FALS;FALS;FALS;FALS;P-PNEC;214,264;;4,35;;8,2;;12,7;3,350248018;;550,0449488;;42,7;45;;;2;;1,597562637;;0,22;0,13;0,25;>10 to < 100 tonnes;10;100;0;0;0;0;0;0;0;0;0;0;0;0;0;0;0;0;0;0;0;0;0;0;0;0;0;0;0;0;0;0;0;0;0;0;0;0;0;1;0;0;0;0;0;0;0;0;0;0;0;0;0;0;0;0;0;0;0;0;0;0;0;0;0;0;0;0,379470626;;0,977853664;;;0,5;;0,281725097;FALS;0;0;0;0;83,3;low ;0,51;559,1;low ;0,559;407,9;moderate ;0,85;0,449310265;0,060228591;0,127789658;0,068462283;0,542728401;;;P_score_freshwater_pred_Dashboard;0,977853664;0,678662145;M_score_exp_UBA;0,5;M_score_exp_UBA;0,5;0,390862549;E_score_max;0,25;0,699233031;1;0,5;0,5;0,51503749;1;0,542728401;0,5;0,6426021;0,75;0,520926291;0,5;0,524107142;0,75;2.00;PM;PM;PM;1
4-(2-hydroxypropan-2-yl)-2-propyl-1-{[2'-(1H-tetrazol-5-yl)biphenyl-4-yl]methyl}-1H-imidazole-5-carboxylic acid;144689-24-7;646-413-5;VTRAEEWXHOVJFV-UHFFFAOYSA-N;c1(c2c(c3ccc(Cn4c(C(=O)O)c(C(C)(C)O)nc4CCC)cc3)cccc2)nnn[nH]1;DTXSID2040571;158781;PRO-145;NS00008999;REACH-B;FALS;vPvM;MQ;vPvM;FALS;FALS;;;FALS;FALS;FALS;FALS;FALS;FALS;FALS;FALS;FALS;FALS;FALS;FALS;FALS;FALS;FALS;FALS;FALS;FALS;;;;CERT;FALS;CERT;FALS;FALS;FALS;CERT;FALS;FALS;FALS;FALS;FALS;FALS;FALS;FALS;FALS;FALS;FALS;FALS;FALS;FALS;FALS;FALS;FALS;FALS;P-PNEC pred;446,511;;3,21;;9,43;;0,000104;2,330413773;;2676445,055;;3,09;310;;;;-1,2;0,00402;;0,43;0;0;;;;0;0;0;0;0;0;0;0;0;0;0;0;0;0;0;0;0;0;1;0;0;0;0;0;0;0;0;0;0;0;0;0;0;0;0;0;0;0;0;0;0;0;0;0;0;0;0;0;0;0;0;1;0;0;0;0;0;0;0;0;0;0;0;0;0;0,943074767;;0,999999989;;;;;0,442992621;FALS;0;0;0;0;135,8;low ;0,197;11240;low ;0,227;161,9;low ;0;0,916504478;0,01711114;0,105940021;0,098923187;0,928911138;;;P_score_freshwater_pred_Dashboard;0,999999989;0,971537378;;;M_score_pred_Dashboard;0,442992621;0,442992621;kemi_score;0,43;0,665576905;1;;;0,6560365;1;0,928911138;0,5;0,743801219;0,75;0,928911138;0,25;0,736676346;0,75;0.00;PM(T);(T);PM(T);4
4-(4-((((4-CHLORO-3-(TRIFLUOROMETHYL)PHENYL)AMINO)CARBONYL)AMINO)PHENOXY)-N-METHYL-2-PYRIDINECARBOXAMIDE;284461-73-0;608-209-4;MLDQJTXFUGDVEO-UHFFFAOYSA-N;CNC(=O)c1cc(Oc2ccc(NC(=O)Nc3ccc(Cl)c(c3)C(F)(F)F)cc2)ccn1;DTXSID7041128;216239;PRO-146;NS00005946;REACH-A;CERT;PMT;HQ;Potential PMT/vPvM;FALS;FALS;;;FALS;FALS;FALS;FALS;FALS;FALS;FALS;FALS;FALS;FALS;FALS;FALS;FALS;FALS;FALS;FALS;FALS;FALS;;;;FALS;CERT;CERT;FALS;FALS;FALS;CERT;FALS;FALS;FALS;FALS;FALS;FALS;FALS;FALS;FALS;FALS;FALS;FALS;FALS;FALS;FALS;FALS;FALS;FALS;P-PNEC pred;464,83;;5,02;;9,44;;6,51E-07;5,149219113;;34,81331749;;11,7;;187;1;;3,3;0,01307;;0,46;0,09;0,16;>1 to < 10 tonnes;1;10;0;0;0;0;0;0;0;0;0;0;0;0;0;0;0;0;0;0;1;0;0;0;0;0;0;0;0;0;0;0;0;0;0;0;0;0;0;0;0;0;0;0;0;0;0;0;0;0;0;0;0;1;0;0;0;0;0;0;0;0;0;0;0;0;0;;;0,282810472;0,516299441;0,000139484;;;0,101299136;FALS;0;0;0;0;40,4;low ;0,298;1610;low ;0,3;591,3;low ;0;0,868038335;0,038909659;0,16709162;0,058866774;0,891317842;P_score_soil_exp_UBA;0,516299441;P_score_soil_exp_UBA;0,516299441;0,266416466;;;M_score_pred_Dashboard;0,101299136;0,101299136;kemi_score;0,46;0,228693436;1;0,516299441;0,5;0,164279512;1;0,891317842;0,5;0,359898469;0,75;0,678370772;0,5;0,28866877;0,75;1.00;(T);PM(T);(T);3
4-(5,5,6-trimethylbicyclo[2.2.1]hept-2-yl)cyclohexan-1-ol;66068-84-6;266-100-3;PCFHYANYPQEMPU-UHFFFAOYSA-N;CC1C2CC(C1(C)C)CC2C3CCC(CC3)O;DTXSID4041816;106673;PRO-147;NS00005733;REACH-A;CERT;vPvM & PMT;MQ;PMT;FALS;FALS;;;FALS;FALS;FALS;FALS;FALS;FALS;FALS;FALS;FALS;FALS;FALS;FALS;FALS;FALS;FALS;CERT;CERT;FALS;"Cleaning products and household care -> air freshener; Cleaning products and household care -> general household cleaning -> disinfectant; fragrance; fragrance component; fragrances; perfuming";;;CERT;CERT;CERT;CERT;CERT;CERT;CERT;FALS;FALS;FALS;CERT;FALS;CERT;FALS;FALS;CERT;FALS;FALS;FALS;FALS;FALS;FALS;FALS;FALS;FALS;P-PNEC pred;236,399;;4,85;;8,46;;0,000133;3,399673721;3,5559;4,96E+38;32,1292265;372;28;;;;2,4;0,11987;0,25;0,58;0,25;0,38;>100 to < 1000 tonnes;100;1000;0;0;0;1;0;0;1;0;0;0;0;0;0;0;0;0;0;0;0;0;0;0;0;0;0;0;1;0;0;1;0;0;0;1;0;0;0;1;0;0;0;0;0;0;0;0;0;0;0;0;0;1;0;0;0;0;0;0;0;0;0;0;0;0;0;0,213679536;0,25583617;1;;;;0,2537961;0,274844647;FALS;0;0;0;0;93,1;low ;0,659;792;moderate ;0,85;160,3;low ;0,7;0,715304776;0,052216618;0,122501746;0,099308331;0,766663863;;;P_score_freshwater_pred_Dashboard;1;0,489838569;;;M_score_pred_Dashboard;0,274844647;0,264320374;kemi_score;0,58;0,52425628;1;;;0,359825393;1;0,437796717;1;0,479080033;1;0,437796717;0,5;0,396900965;1;1.00;PM;;PM;3
4-(?,?-dimethylbenzyl)phenol;599-64-4;209-968-0;QBDSZLJBMIMQRS-UHFFFAOYSA-N;CC(C)c1ccccc1c1ccc(cc1)O;DTXSID3022536;11742;PRO-148;NS00009362;REACH-A;FALS;PMT;MQ;Not PMT/vPvM;FALS;FALS;;;FALS;FALS;FALS;FALS;FALS;FALS;FALS;FALS;FALS;FALS;FALS;FALS;FALS;FALS;FALS;FALS;FALS;FALS;;"Intermediate; Intermediates; Terminator/Blocker";Intermediates;CERT;CERT;CERT;FALS;FALS;FALS;CERT;FALS;FALS;FALS;FALS;FALS;FALS;FALS;FALS;FALS;FALS;FALS;FALS;FALS;FALS;FALS;FALS;FALS;FALS;P-PNEC pred;212,292;;4,07;;8,84;;0,000333;3,021189299;3,3708;3612822,931;33,95291079;417;53;;;3,4;;0,78665;0,28;0,53;0,12;0,18;>100 to < 1000 tonnes;100;1000;0;0;0;0;0;0;0;0;0;0;0;0;0;0;0;0;0;0;1;0;0;0;0;0;0;0;0;0;0;0;0;0;0;0;0;0;0;0;0;0;0;0;0;0;0;0;0;0;0;0;1;0;0;0;1;0;0;0;0;0;0;0;0;0;0;0,447180457;0,274214394;0,999999993;;;0,274799575;0,278851408;0,330077517;FALS;0;0;0;0;53,9;low ;0,697;305,6;moderate ;0,85;90,8;moderate ;0,85;0,526031056;0,076905562;0,150384472;0,123674352;0,633491549;;;P_score_freshwater_pred_Dashboard;0,999999993;0,573798282;M_score_exp_UBA;0,274799575;M_score_pred_Dashboard;0,330077517;0,294576166;kemi_score;0,53;0,574523728;1;0,274799575;0,5;0,411129296;1;0,421162242;1;0,491902126;1;0,365290438;0,75;0,416115532;1;1.00;PM;;PM;2
4,4',4''-(ethan-1,1,1-triyl)triphenol;27955-94-8;405-800-7;BRPSWMCDEYMRPE-UHFFFAOYSA-N;CC(c1ccc(O)cc1)(c1ccc(O)cc1)c1ccc(O)cc1;DTXSID2037712;93118;PRO-149;NS00019386;REACH-B;FALS;vPvM & PMT;MQ;PMT;FALS;FALS;;;FALS;FALS;FALS;FALS;FALS;FALS;FALS;FALS;FALS;FALS;FALS;FALS;FALS;FALS;FALS;FALS;FALS;FALS;;"Intermediate; Solvents (which become part of product formulation or mixture)";Solvents (which become part of product formulation or mixture);CERT;CERT;CERT;FALS;FALS;FALS;FALS;FALS;FALS;FALS;FALS;FALS;FALS;FALS;FALS;FALS;FALS;FALS;FALS;FALS;FALS;FALS;FALS;FALS;FALS;P-PNEC pred;306,361;;3,86;;9,29;;0,000136;3,178976947;;2,59E+19;;83,2;73;;;2,2;;0,99686;;0,5;0;0;Tonnage data confidential;;;0;0;0;0;0;0;0;0;0;0;0;0;0;0;0;0;0;0;1;0;0;0;0;0;0;0;0;0;0;0;1;0;0;0;0;0;0;0;0;0;0;0;0;0;0;0;0;0;0;0;0;1;0;0;1;0;0;0;0;0;0;0;0;0;0;0,583038809;;1;;;0,465398039;;0,306357379;CERT;0;0;0;0;41,9;low ;0,48;2590;;1;69,3;low ;0,536;0,500341457;0,03188239;0,164899756;0,136964597;0,609310495;;;P_score_freshwater_pred_Dashboard;1;0,791519404;M_score_exp_UBA;0,465398039;M_score_exp_UBA;0,465398039;0,385877709;kemi_score;0,5;0,682200878;1;0,465398039;0,5;0,552656941;1;0,609310495;0,5;0,656983409;0,75;0,532514703;0,5;0,57093058;0,75;1.00;PM(T);PM(T);PM(T);3
"4,4'-[2,2,2-trifluoro-1-(trifluoromethyl)ethylidene]diphenol; bisphenol AF";1478-61-1;216-036-7;ZFVMWEVVKGLCIJ-UHFFFAOYSA-N;Oc1ccc(cc1)C(c1ccc(O)cc1)(C(F)(F)F)C(F)(F)F;DTXSID7037717;73864;PRO-150;NS00011437;REACH-A;FALS;PMT;HQ;Not PMT/vPvM;FALS;FALS;;;FALS;FALS;FALS;FALS;FALS;FALS;FALS;FALS;FALS;FALS;FALS;FALS;FALS;FALS;FALS;FALS;FALS;FALS;;"Fillers; Intermediates; Process regulators; Processing aids, not otherwise listed";Fillers;FALS;FALS;CERT;FALS;FALS;FALS;CERT;FALS;FALS;FALS;CERT;FALS;FALS;FALS;FALS;FALS;FALS;FALS;FALS;FALS;FALS;FALS;FALS;FALS;FALS;P-PNEC pred;336,233;;3,69;;8,13;;0,000384;3,829946696;3,7313;3612822,931;400,8370036;129;913;;;3,4;;1,01908;0,23;;0,22;0,33;>100 to < 1000 tonnes;100;1000;0;0;0;0;0;0;0;0;0;0;0;0;0;0;0;0;0;0;0;0;1;0;0;0;0;0;0;0;0;0;1;0;0;0;0;0;0;0;0;0;0;0;0;0;0;0;0;0;0;0;0;0;0;1;0;0;0;0;0;0;0;0;0;0;0;0,990566022;0,962555124;0,999999993;;;0,274799575;0,231467084;0,219527432;FALS;0;0;0;0;25,2;low ;0,271;571,9;low ;0,421;272,7;low ;0;0,497947942;0,059674567;0,197593961;0,08049169;0,60881762;;;P_score_freshwater_pred_Dashboard;0,999999993;0,984373713;M_score_exp_UBA;0,274799575;M_score_exp_UBA;0,274799575;0,241931364;E_score_max;0,33;0,524213289;1;0,274799575;0,5;0,488007044;1;0,374203224;1;0,442902137;1;0,337606165;0,75;0,42733337;1;1.00;PM;;PM;3
4,4'-bis(dimethylamino)-4''-(methylamino)trityl alcohol;561-41-1;209-218-2;MAGJOSJRYKEYAZ-UHFFFAOYSA-N;CNc1ccc(C(O)(c2ccc(N(C)C)cc2)c2ccc(N(C)C)cc2)cc1;DTXSID00204642;68414;PRO-151;NS00008275;REACH-C;CERT;PMT;HQ;Not PMT/vPvM;FALS;FALS;;;FALS;FALS;FALS;FALS;FALS;FALS;FALS;FALS;FALS;FALS;FALS;FALS;FALS;FALS;FALS;CERT;FALS;CERT;;;;CERT;CERT;CERT;FALS;FALS;FALS;FALS;FALS;FALS;FALS;CERT;FALS;CERT;FALS;CERT;FALS;FALS;CERT;FALS;FALS;FALS;FALS;FALS;FALS;FALS;P-PNEC pred;375,516;;4,08;;9,55;;1,49;3,100370545;2,7787;58,55696259;281,151586;14,5;2500;;;3,4;;0,01233;0,37;0,41;0,12;0,24;>10 to < 100 tonnes;10;100;0;0;0;0;0;0;0;0;0;0;0;0;0;0;0;0;0;1;0;0;0;0;0;0;0;0;0;0;0;0;0;0;0;0;0;0;0;0;0;0;0;0;0;0;0;0;0;0;0;0;0;0;0;0;0;0;0;0;0;0;0;0;0;0;0;0,998300918;0,933418361;0,489597175;;;0,274799575;0,368244878;0,318056289;FALS;0;0;0;0;79,6;low ;0,298;548,2;low ;0,408;78,7;low ;0;0,870910913;0,06071438;0,130005168;0,130564734;0,897914183;;;P_score_freshwater_pred_UBA;0,998300918;0,807105485;M_score_exp_UBA;0,274799575;M_score_pred_Episuite;0,368244878;0,320366914;kemi_score;0,41;0,606316089;1;0,274799575;0,5;0,508497683;1;0,576392442;1;0,591164961;1;0,450281603;0,75;0,54138177;1;1.00;PM;;PM;
4,4'-bis[(4,6-bis{[3-(diethylamino)propyl]amino}-1,3,5-triazin-2-yl)amino]-1,1'-bianthracene-9,9',10,10'-tetrone;157367-45-8;941-814-4;MZLOLIIBMRZBTH-UHFFFAOYSA-N;CCN(CC)CCCNc1nc(Nc2c3C(=O)c4ccccc4C(=O)c3c(cc2)c2c3C(=O)c4ccccc4C(=O)c3c(Nc3nc(NCCCN(CC)CC)nc(NCCCN(CC)CC)n3)cc2)nc(NCCCN(CC)CC)n1;DTXSID001107221;20715243;PRO-152;NS00003258;REACH-B;FALS;vPvM;HQ;vPvM;FALS;FALS;;;FALS;FALS;FALS;FALS;FALS;FALS;FALS;FALS;FALS;FALS;FALS;FALS;FALS;FALS;FALS;CERT;FALS;FALS;;;;FALS;FALS;CERT;FALS;FALS;FALS;FALS;FALS;FALS;FALS;FALS;FALS;FALS;FALS;FALS;FALS;FALS;FALS;CERT;FALS;FALS;FALS;FALS;FALS;FALS;P-PNEC pred;1115,446;;4,56;;9,63;;3,72E-05;4,499687083;;1,72E+61;;28,2;1665621;;;;-7,5;55,15718;;0,37;0;0,09;>0 to < 10 tonnes;0;10;0;0;0;0;0;0;0;1;0;0;0;0;0;0;0;0;0;1;1;0;0;0;0;0;0;0;0;0;0;0;0;0;0;0;0;0;0;0;0;0;0;0;0;0;0;0;0;0;0;0;0;1;1;0;0;0;0;0;0;0;0;0;0;0;0;0,999999975;;1;;;;;0,150248795;FALS;0;0;0;0;411,5;low ;0;239,2;low ;0;1040;low ;0;0,149109558;0,084806667;0,068219308;0,046662269;0,262738006;;;P_score_freshwater_pred_Dashboard;1;0,999999987;;;M_score_pred_Dashboard;0,150248795;0,150248795;kemi_score;0,37;0,387619394;1;;;0,387619392;1;0,262738006;0,5;0,340495439;0,75;0,262738006;0,25;0,340495438;0,75;1.00;PM;;PM;3
4,4'-diaminostilbene-2,2'-disulphonic acid;81-11-8;201-325-2;REJHVSOVQBJEBF-UHFFFAOYSA-N;C1=CC(=C(C=C1N)S(=O)(=O)O)C=CC2=C(C=C(C=C2)N)S(=O)(=O)O;DTXSID5024926;5284378;PRO-153;NS00073857;REACH-B;FALS;vPvM & PMT;HQ;vPvM & PMT;FALS;FALS;;;FALS;FALS;FALS;FALS;FALS;FALS;FALS;FALS;FALS;FALS;FALS;FALS;FALS;FALS;FALS;FALS;FALS;CERT;;"Brightener; Intermediate; Intermediates";;CERT;CERT;CERT;FALS;FALS;FALS;CERT;FALS;FALS;FALS;FALS;FALS;FALS;FALS;FALS;FALS;FALS;FALS;FALS;FALS;FALS;FALS;FALS;FALS;FALS;P-PNEC;370,39;-1,7;-1,64;;9,42;;0,0119;1,840106094;-0,0584;37,71281662;50,2638686;2,34;1483;;;;-3,7;0,472886202;0,81;0,7;0;0;;;;1;0;0;0;0;0;0;0;0;0;0;0;0;0;0;0;0;0;1;0;0;0;0;0;0;0;0;0;0;0;0;0;0;0;0;0;0;0;0;0;0;0;0;0;0;0;0;0;0;0;1;1;0;0;0;0;0;0;0;0;0;0;0;0;0;0,995861272;0,424901793;0,311352831;;;;0,806398194;0,527679176;FALS;0;0;0;0;178,9;low ;0,203;152,6;low ;0,658;1450;moderate ;0,85;0,580601564;0,101237049;0,09512454;0,040645677;0,646618975;;;P_score_freshwater_pred_UBA;0,995861272;0,577371965;;;M_score_pred_Episuite;0,806398194;0,667038685;kemi_score;0,7;0,896136559;1;;;0,620587977;1;0,723713597;1;0,805323669;1;0,723713597;0,5;0,670170095;1;0.00;vPvM(T);(T);PM(T);4
4,4'-Dihydroxybiphenyl;92-88-6;202-200-5;VCCBEIPGXKNHFW-UHFFFAOYSA-N;C1=CC(=CC=C1C2=CC=C(C=C2)O)O;DTXSID1029120;7112;PRO-154;NS00002875;;FALS;;;;FALS;FALS;;;FALS;FALS;FALS;FALS;FALS;FALS;FALS;FALS;FALS;CERT;FALS;FALS;FALS;FALS;CERT;CERT;FALS;FALS;"bleaching; skin protecting";"Intermediates; Other (specify)";Other (specify);CERT;CERT;CERT;FALS;FALS;FALS;CERT;FALS;FALS;FALS;CERT;FALS;FALS;FALS;CERT;FALS;FALS;FALS;FALS;FALS;FALS;FALS;FALS;FALS;FALS;;186,21;;2,65;;8,15;;0,00248;3,008600172;2,8076;5389698,476;18,76000453;49;;;;;;5,22899;0,36;0,62;0,35;0,46;>1000 to < 10000 tonnes;1000;10000;1;0;0;0;0;0;0;0;0;0;0;0;0;0;0;0;0;0;0;0;1;0;0;0;0;0;0;0;0;0;1;0;0;0;0;0;0;0;0;0;0;0;0;0;0;0;0;0;0;0;0;1;0;0;1;0;0;0;0;0;0;0;0;0;0;;0,120520803;0,999999997;;;;0,363597055;0,332009944;FALS;0;0;0;0;657,2;low ;0,683;1550;moderate ;0,85;529,8;;1;0,327741487;0,039531184;0,056375292;0,061565469;0,399197322;;;P_score_freshwater_pred_Dashboard;0,999999997;0,5602604;;;M_score_pred_Episuite;0,363597055;0,347803499;kemi_score;0,62;0,602990094;1;;;0,441430094;1;0,379092384;1;0,47810977;1;0,379092384;0,5;0,409075527;1;1.00;PM;;PM;2
4,4'-methylenebis(N-sec-butylcyclohexanamine);154279-60-4;679-514-8;PICLBAFTFYTURY-UHFFFAOYSA-N;CCC(C)NC1CCC(CC1)CC2CCC(CC2)NC(C)CC;DTXSID80870021;21885336;PRO-155;;REACH-A;FALS;vPvM & PMT;MQ;vPvM & PMT;FALS;FALS;;;FALS;FALS;FALS;FALS;FALS;FALS;FALS;FALS;FALS;FALS;FALS;FALS;FALS;FALS;FALS;CERT;FALS;FALS;;Process regulators;;FALS;FALS;CERT;FALS;FALS;FALS;FALS;FALS;FALS;FALS;CERT;FALS;FALS;FALS;FALS;FALS;FALS;CERT;FALS;FALS;FALS;FALS;FALS;FALS;FALS;P-PNEC pred;322,581;;6,44;;9,21;;0,000733;4,630427875;;3243763284;;427;88;;;;-6;0,1748;;0,5;0,12;0,23;>10 to < 100 tonnes;10;100;0;0;0;0;0;0;0;0;0;0;0;0;0;0;0;0;0;0;0;0;0;0;0;0;0;0;0;0;0;0;0;0;0;0;0;0;0;0;0;0;0;0;0;0;0;0;0;0;0;0;0;0;0;0;0;0;0;0;0;0;0;0;0;0;0;0,65807547;;1;;;;;0,139041523;FALS;0;0;0;0;35,7;low ;0,565;552,1;low ;0,7;139,5;low ;0,7;0,680801708;0,060539044;0,174701229;0,104839332;0,751398504;;;P_score_freshwater_pred_Dashboard;1;0,829037735;;;M_score_pred_Dashboard;0,139041523;0,139041523;kemi_score;0,5;0,37288272;1;;;0,339515344;1;0,751398504;0,5;0,470982691;0,75;0,751398504;0,25;0,442448825;0,75;1.00;PM(T);(T);PM(T);2
4,4'-oxydianiline;101-80-4;202-977-0;HLBLWEWZXPIGSM-UHFFFAOYSA-N;c1cc(ccc1N)Oc1ccc(cc1)N;DTXSID0021094;7579;PRO-156;NS00002329;REACH-C;CERT;vPvM & PMT;MQ;vPvM & PMT;FALS;FALS;;;FALS;FALS;FALS;FALS;FALS;FALS;FALS;FALS;FALS;FALS;FALS;FALS;FALS;FALS;FALS;FALS;FALS;FALS;;"Intermediates; Monomers";;CERT;CERT;CERT;CERT;FALS;CERT;CERT;FALS;FALS;FALS;CERT;CERT;FALS;FALS;FALS;FALS;FALS;FALS;FALS;FALS;FALS;FALS;FALS;FALS;FALS;P-PNEC pred;200,241;1,36;1,31;;8,36;;0,0048;2,559906625;1,6901;5348061523;47,09320763;33,1;107;;;1,7;;2,03654;0,55;0,59;0,11;0,22;>10 to < 100 tonnes;10;100;0;0;0;0;0;0;0;0;0;0;0;0;0;1;0;0;0;0;0;0;0;0;0;0;0;0;0;0;1;0;1;1;0;0;0;0;0;0;0;0;0;0;0;0;0;0;0;0;0;0;0;0;0;0;1;0;0;1;1;0;0;0;0;0;0;0,728875616;0,397936467;1;;;0,551799519;0,553496036;0,404175325;CERT;0,75;0,75;0;0;276,6;low ;0,7;142,9;low ;0,511;1780;;1;0,423384982;0,103861916;0,080036429;0,037311798;0,508446117;;;P_score_freshwater_pred_Dashboard;1;0,708937361;M_score_exp_UBA;0,551799519;M_score_pred_Episuite;0,553496036;0,50315696;kemi_score;0,59;0,743973142;1;0,551799519;0,5;0,597249334;1;0,528815057;1;0,627235362;1;0,536368149;0,75;0,561991495;1;0.00;vPvM;PM;PM;3
4,4'-Sulfonyldiphenol (Bisphenol S);80-09-1;201-250-5;VPWNQTHUCYMVMZ-UHFFFAOYSA-N;C1=CC(=CC=C1O)S(=O)(=O)C2=CC=C(C=C2)O;DTXSID3022409;6626;PRO-157;NS00010610;;FALS;;;;FALS;FALS;;;FALS;FALS;FALS;FALS;FALS;FALS;FALS;FALS;FALS;FALS;FALS;FALS;FALS;FALS;FALS;CERT;FALS;CERT;;"Dyes; Etching agent; Fixing agent (mordant); Monomers; Other; Other (specify); Polymerization promoter; Processing aids, not otherwise listed; Surfactant (surface active agent)";"Etching agent; Fixing agent (mordant); Intermediates; Other (specify); Polymerization promoter; Processing aids, not otherwise listed";CERT;CERT;CERT;FALS;FALS;CERT;CERT;FALS;FALS;FALS;CERT;CERT;FALS;FALS;CERT;FALS;FALS;FALS;FALS;FALS;FALS;FALS;CERT;CERT;FALS;;250,27;;1,3;;8,98;;0,00541;2,720159303;2,1953;5389698,476;24,72388128;3,16;;;;;;12,88093;0,47;0,68;0,48;0,6;>10000 to < 100000 tonnes;10000;100000;0;0;0;0;0;0;0;1;0;0;0;0;0;0;0;0;0;0;0;0;0;1;0;0;1;0;0;0;0;0;1;0;0;0;0;0;0;0;0;0;0;0;0;0;0;0;1;0;1;0;0;1;0;0;0;0;0;0;0;0;0;0;0;0;0;;0,1801089;0,999999997;;;;0,466208677;0,37773424;CERT;0;0;0,75;0;226;low ;0,397;1540;;1;490,8;low ;0,47;0,247880728;0,03963805;0,086739765;0,063512196;0,343685825;;;P_score_freshwater_pred_Dashboard;0,999999997;0,590054448;;;M_score_pred_Episuite;0,466208677;0,421971458;kemi_score;0,68;0,682794753;1;;;0,498985106;1;0,401910858;1;0,52385363;1;0,401910858;0,5;0,447825337;1;0.00;PM;;PM;2
4,8-dioxa-3H-perfluorononanoic acid;958445-44-8;;;C(C(C(=O)[O-])(F)F)(OC(C(C(OC(F)(F)F)(F)F)(F)F)(F)F)F.[NH4+];DTXSID00874026;87490983;PRO-158;;;FALS;;;;CERT;CERT;x;<LOD;CERT;CERT;CERT;CERT;FALS;CERT;FALS;FALS;FALS;FALS;FALS;FALS;FALS;FALS;CERT;FALS;FALS;FALS;;;;FALS;FALS;FALS;FALS;FALS;FALS;FALS;FALS;FALS;FALS;FALS;FALS;FALS;FALS;FALS;FALS;FALS;FALS;FALS;FALS;FALS;FALS;FALS;FALS;FALS;;395,101;;5,55;;4,25;;0,00182;2,989894564;;87,35672301;;5,37;;;;;;24,08964867;;;;;;;;0;0;0;0;0;0;0;0;0;0;0;0;0;0;0;0;0;0;0;0;0;0;0;0;0;0;0;0;0;0;0;0;0;0;0;0;0;0;0;0;0;0;0;0;0;0;0;0;0;0;0;0;0;0;0;0;0;0;0;0;0;0;0;0;0;;;0,655247715;;;;;0,334891714;FALS;0;0;0;0;99;low ;0,199;112;low ;0;3610;low ;0;0,20071518;0,11413142;0,119661961;0,027719527;0,339248302;;;P_score_freshwater_pred_Dashboard;0,655247715;0,655247715;;;M_score_pred_Dashboard;0,334891714;0,334891714;;;0,468441064;1;;;0,468441064;1;0,339248302;0,5;0,420670961;0,75;0,339248302;0,25;0,420670961;0,75;0.00;PM;;PM;2
4:2 fluorotelomer sulfonic acid;757124-72-4;816-391-3;TXGIGTRUEITPSC-UHFFFAOYSA-N;C(CS(=O)(=O)O)C(C(C(C(F)(F)F)(F)F)(F)F)(F)F;DTXSID30891564;20734543;PRO-159;NS00011094;;FALS;;;;CERT;CERT;<1,6;<0.7;CERT;CERT;CERT;FALS;CERT;CERT;FALS;FALS;FALS;FALS;FALS;FALS;FALS;FALS;CERT;FALS;FALS;FALS;;;;FALS;FALS;FALS;FALS;FALS;FALS;FALS;FALS;FALS;FALS;FALS;FALS;FALS;FALS;FALS;FALS;FALS;FALS;FALS;FALS;FALS;FALS;FALS;FALS;FALS;;328,15;;2,04;;4,77;;0,0087;2,699837726;;87,35672301;;6,31;;;;;;2,97001;;0,02;;;;;;0;0;0;0;0;0;0;0;0;0;0;0;0;0;0;0;0;0;0;0;0;0;0;0;0;0;0;0;0;0;0;0;0;0;0;0;0;0;0;0;0;0;0;0;0;0;0;0;0;0;0;0;0;0;0;0;0;0;0;0;0;0;0;0;0;;;0,655247715;;;;;0,381050789;FALS;0;0;0;0;184;low ;0,16;539;low ;0,201;5100;low ;0;0,383963691;0,061134908;0,094078951;0,023949423;0,458394329;;;P_score_freshwater_pred_Dashboard;0,655247715;0,655247715;;;M_score_pred_Dashboard;0,381050789;0,381050789;kemi_score;0,02;0,499682559;1;;;0,499682559;1;0,458394329;0,5;0,485522327;0,75;0,458394329;0,25;0,485522327;0,75;0.00;PM;;PM;
4-[(2,4-dichloro-5-methoxyphenyl)amino]-6-methoxy-7-[3-(4-methylpiperazin-1-yl)propoxy]quinoline-3-carbonitrile;380843-75-4;700-455-1;UBPYILGKFZZVDX-UHFFFAOYSA-N;COc1cc(Nc2c(C#N)cnc3cc(OCCCN4CCN(C)CC4)c(OC)cc23)c(Cl)cc1Cl;DTXSID10861568;5328940;PRO-160;NS00002757;REACH-B;FALS;vPvM;HQ;PM;FALS;FALS;;;FALS;FALS;FALS;FALS;FALS;FALS;FALS;FALS;FALS;FALS;FALS;FALS;FALS;FALS;FALS;FALS;FALS;FALS;;;;CERT;FALS;CERT;FALS;FALS;FALS;FALS;FALS;FALS;FALS;FALS;FALS;FALS;FALS;FALS;FALS;FALS;FALS;FALS;FALS;FALS;FALS;FALS;FALS;FALS;P-PNEC pred;530,45;;4,53;;10,6;;9,49E-06;4,740362689;;540364,9372;;23,4;3183;;;;0,3;0,00202;;0,41;0,02;0,06;>1 to < 10 tonnes;1;10;0;0;0;0;0;0;0;0;0;0;0;0;0;0;0;0;0;0;0;0;0;0;0;0;0;0;0;1;0;0;0;0;0;0;0;0;0;0;0;0;0;0;0;0;0;0;0;0;0;0;0;0;0;0;0;0;0;0;0;0;0;0;0;0;0;0,998875027;;0,999999826;;;;;0,130167943;FALS;0;0;0;0;143,3;low ;0;627,8;low ;0;143,3;low ;0;0,936710132;0,057442022;0,103748981;0,103748981;0,947757722;;;P_score_freshwater_pred_Dashboard;0,999999826;0,999437427;;;M_score_pred_Dashboard;0,130167943;0,130167943;kemi_score;0,41;0,360787916;1;;;0,360686448;1;0,947757722;0,5;0,497813992;0,75;0,947757722;0,25;0,497720651;0,75;1.00;PM(T);(T);PM(T);4
4-[[(2-aminophenyl)methyl]amino]cyclohexyl acetate;93839-71-5;298-842-9;VPLIJSLZFWAYSJ-UHFFFAOYSA-N;CC(=O)OC1CCC(CC1)NCc1ccccc1N;DTXSID70239744;3022550;PRO-161;NS00008566;REACH-B;FALS;vPvM & PMT;MQ;vPvM & PMT;FALS;FALS;;;FALS;FALS;FALS;FALS;FALS;FALS;FALS;FALS;FALS;FALS;FALS;FALS;FALS;FALS;FALS;FALS;FALS;FALS;;;;FALS;FALS;CERT;FALS;FALS;FALS;FALS;FALS;FALS;FALS;FALS;FALS;FALS;FALS;FALS;FALS;FALS;FALS;FALS;FALS;FALS;FALS;FALS;FALS;FALS;P-PNEC pred;262,353;;2,16;;9,04;;0,00905;3,220108088;1,7584;34,81331749;30,62971952;6,46;48;;;;-3;3,94009;0,54;0,28;0;0;;;;0;0;0;0;0;0;0;0;0;0;0;0;0;0;0;0;0;0;1;0;0;0;0;0;0;0;0;0;0;0;0;0;0;0;0;0;0;0;0;0;0;0;0;0;0;0;0;0;0;0;0;0;0;0;0;0;0;0;0;0;0;0;0;0;0;0,405773263;0,240593102;0,282810472;;;;0,541768521;0,300332615;FALS;0;0;0;0;148,8;low ;0,318;159,7;low ;0,468;563,9;low ;0,671;0,355372489;0,099454099;0,102237875;0,060018796;0,466566192;;;P_score_freshwater_pred_UBA;0,405773263;0,309725612;;;M_score_pred_Episuite;0,541768521;0,421050568;kemi_score;0,28;0,468865845;1;;;0,361123448;1;0,501941972;1;0,485122095;1;0,501941972;0,5;0,425749945;1;0.00;PM;;PM;3
4-[4-({[4-chloro-3-(trifluoromethyl)phenyl]carbamoyl}amino)-3-fluorophenoxy]-N-methylpyridine-2-carboxamide hydrochloride;835621-07-3;692-722-3;ACSWJKPZXNIVMY-UHFFFAOYSA-N;CNC(=O)c1nccc(Oc2cc(F)c(NC(=O)Nc3cc(c(Cl)cc3)C(F)(F)F)cc2)c1;DTXSID60735346;66577009;PRO-162;;REACH-B;FALS;PMT;HQ;Potential PMT/vPvM;FALS;FALS;;;FALS;FALS;FALS;FALS;FALS;FALS;FALS;FALS;FALS;FALS;FALS;FALS;FALS;FALS;FALS;FALS;FALS;FALS;;;;CERT;FALS;CERT;FALS;FALS;FALS;CERT;FALS;FALS;FALS;FALS;FALS;FALS;FALS;FALS;FALS;FALS;FALS;FALS;FALS;FALS;FALS;FALS;FALS;FALS;;519,28;;4,11;;9,44;;7,29E-08;5,178976947;;34,81331749;;20,4;3305;;;;3,4;;;;0;0;;;;0;0;0;0;0;0;0;0;0;0;0;0;0;0;0;0;0;0;1;0;0;0;0;0;0;0;0;0;0;0;0;0;0;0;0;0;0;0;0;0;0;0;0;0;0;0;0;0;0;0;0;1;0;0;0;0;0;0;0;0;0;0;0;0;0;0,998945011;;0,282810472;;;;;0,099436726;FALS;0;0;0;0;50,4;low ;0,194;1440;low ;0,195;619,7;low ;0;;0,040763034;0,15414809;0,057748138;0,037615815;;;P_score_freshwater_pred_UBA;0,998945011;0,640877742;;;M_score_pred_Dashboard;0,099436726;0,099436726;E_score_min;0;0,315169512;1;;;0,252441645;1;0,037615815;0,5;0,155174239;0,75;0,037615815;0,25;0,133833291;0,75;1.00;;;;4
4-amino-2,5-dimethoxy-N-methylbenzenesulphonamide;49701-24-8;256-435-3;CISVVDNATRQDNU-UHFFFAOYSA-N;CNS(=O)(=O)c1cc(OC)c(N)cc1OC;DTXSID2068507;170801;PRO-163;NS00006391;REACH-B;FALS;vPvM & PMT;MQ;vPvM & PMT;FALS;FALS;;;FALS;FALS;FALS;FALS;FALS;FALS;FALS;FALS;FALS;FALS;FALS;FALS;FALS;FALS;FALS;FALS;FALS;FALS;;;;CERT;CERT;CERT;FALS;FALS;FALS;CERT;FALS;FALS;FALS;FALS;FALS;FALS;FALS;FALS;FALS;FALS;FALS;FALS;FALS;FALS;FALS;FALS;FALS;FALS;P-PNEC pred;246,28;;0,71;;8,11;;0,0291;1,980003372;1,1992;71,52163562;49,43726272;1,78;57;;;;0,3;13,66213;0,64;0,34;0;0;;;;0;0;0;0;0;0;0;0;0;0;0;0;0;0;0;0;0;0;1;0;0;0;0;0;0;0;0;0;0;0;0;0;0;0;0;0;0;0;0;0;0;0;0;0;0;0;0;0;0;0;0;1;0;0;0;0;0;0;0;0;0;0;0;0;0;0,478092419;0,417990038;0,574512175;;;;0,635311592;0,503465096;FALS;0;0;0;0;226,6;low ;0,212;97,8;low ;0,396;1840;low ;0,682;0,243144136;0,120221018;0,086648594;0,036798065;0,273311541;;;P_score_freshwater_pred_Dashboard;0,574512175;0,49019821;;;M_score_pred_Episuite;0,635311592;0,569388344;kemi_score;0,34;0,604147535;1;;;0,528311601;1;0,41823365;1;0,502667712;1;0,41823365;0,5;0,470061367;1;0.00;PM;;PM;
4-amino-5-hydroxynaphthalene-2,7-disulphonic acid;90-20-0;201-975-7;APRRQJCCBSJQOQ-UHFFFAOYSA-N;Nc1cc(S(=O)(=O)O)cc2cc(S(=O)(=O)O)cc(O)c12;DTXSID0046981;7009;PRO-164;NS00006582;REACH-A;FALS;vPvM & PMT;MQ;vPvM & PMT;FALS;FALS;;;FALS;FALS;FALS;FALS;FALS;FALS;FALS;FALS;FALS;FALS;FALS;FALS;FALS;FALS;FALS;FALS;FALS;FALS;;;;FALS;FALS;CERT;FALS;FALS;FALS;FALS;FALS;FALS;FALS;FALS;FALS;FALS;FALS;FALS;FALS;FALS;FALS;FALS;FALS;FALS;FALS;FALS;FALS;FALS;;319,3;;-1,84;;9,4;;0,123;1,759667845;-0,1968;29,66595227;27,76688198;2,4;376;;;;-5,1;2,23548;0,82;;0;0;;;;0;0;0;0;0;0;0;0;0;0;0;0;0;0;0;0;0;0;1;0;0;0;0;0;0;0;0;0;0;0;0;0;0;0;0;0;0;0;0;0;0;0;0;0;0;0;0;0;0;0;0;1;0;0;0;0;0;0;0;0;0;0;0;0;0;0,958408223;0,211287953;0,230749318;;;;0,820936567;0,541550346;FALS;0;0;0;0;475,9;low ;0,202;3990;low ;0,667;1920;low ;0;0,413535011;0,026571817;0,064313212;0,036148519;0,423853053;;;P_score_freshwater_pred_UBA;0,958408223;0,466815165;;;M_score_pred_Episuite;0,820936567;0,681243456;E_score_min;0;0,887013166;1;;;0,563927989;1;0,589541774;1;0,7231399;1;0,589541774;0,5;0,57659267;1;0.00;vPvM;;PM;4
4-amino-N-(1,1-dimethylethyl)-4,5-dihydro-3-(1-methylethyl)-5-oxo-1H-1,2,4-triazole-1-carboxamide;129909-90-6;603-373-3;ORFPWVRKFLOQHK-UHFFFAOYSA-N;CC(C)c1nn(C(=O)NC(C)(C)C)c(=O)n1N;DTXSID3034329;153920;PRO-165;NS00001668;REACH-B;FALS;vPvM;HQ;vPvM;FALS;FALS;;;FALS;FALS;FALS;FALS;FALS;FALS;FALS;FALS;FALS;FALS;FALS;FALS;FALS;FALS;FALS;FALS;FALS;FALS;;;;CERT;FALS;CERT;FALS;FALS;FALS;CERT;FALS;FALS;FALS;CERT;FALS;FALS;FALS;FALS;FALS;FALS;FALS;FALS;FALS;FALS;FALS;FALS;FALS;FALS;P-PNEC pred;241,295;;0,508;;8,12;0,0191;0,0235;1,519827994;;71,52163562;;2,63;2500;;;1,4;;14,53302;;0,42;0,04;0,11;>1 to < 10 tonnes;1;10;0;0;0;0;0;0;0;0;0;0;0;0;0;0;0;0;0;0;0;0;0;0;0;0;0;1;0;0;0;0;0;0;0;0;0;0;0;0;0;0;0;0;0;0;0;0;0;0;0;0;0;0;0;0;0;0;0;0;0;0;0;0;0;0;0;0,998300918;;0,574512175;;;0,602498941;;0,582447769;FALS;0;0;0;0;134,4;low ;0,225;6590;low ;0,296;2120;low ;0,24;0,238239475;0,021480705;0,10636705;0,034678682;0,257083533;;;P_score_freshwater_pred_UBA;0,998300918;0,786406546;M_score_exp_UBA;0,602498941;M_score_exp_UBA;0,602498941;0,592473355;kemi_score;0,42;0,775548352;1;0,602498941;0,5;0,682586936;1;0,257083533;0,5;0,536740055;0,75;0,393563917;0,5;0,492943035;0,75;0.00;vPvM;PM;PM;
4-aminophenol;123-30-8;204-616-2;PLIKAWJENQZMHA-UHFFFAOYSA-N;Nc1ccc(O)cc1;DTXSID3024499;403;PRO-166;NS00006730;REACH-A;CERT;PMT;HQ;PMT;FALS;FALS;;;FALS;FALS;FALS;FALS;FALS;FALS;FALS;FALS;FALS;FALS;FALS;FALS;FALS;FALS;FALS;CERT;CERT;FALS;"Personal care -> hair coloring; Personal care -> hair coloring -> hair color - permanent; Personal care -> hair styling and care -> hair conditioner; Personal care -> hair styling and care -> shampoo; hair colorant; hair dyeing";Not Known or Reasonably Ascertainable;;CERT;CERT;CERT;FALS;CERT;FALS;CERT;FALS;FALS;FALS;CERT;FALS;CERT;CERT;FALS;CERT;FALS;FALS;FALS;FALS;FALS;FALS;FALS;FALS;FALS;P-PNEC pred;109,128;0,04;0,039;;7,6;0,153;0,429;1,550228353;1,0925;361,4052844;19,54451364;21,9;2500;;;0,5;;6,76746;0,65;0,68;0,11;0,21;>10 to < 100 tonnes;10;100;0;0;0;0;0;0;0;0;0;0;0;0;0;0;0;0;0;0;1;0;0;1;0;0;0;0;0;0;0;0;0;0;0;0;0;0;0;1;0;0;0;0;0;0;0;0;1;0;0;0;1;1;1;0;0;0;0;0;0;0;0;0;0;0;0;0,998300918;0,128143597;0,955625166;;;0,738796125;0,652269727;0,577314298;CERT;0;0,5;0;0;1770;;0,7;37,8;;1;37,1;;1;0,303555066;0,171150998;0,037399783;0,172305664;0,331682981;;;P_score_freshwater_pred_UBA;0,998300918;0,694023227;M_score_exp_UBA;0,738796125;M_score_exp_UBA;0,738796125;0,656126717;kemi_score;0,68;0,858801985;1;0,738796125;0,5;0,674808996;1;0,464320943;1;0,631474265;1;0,542067935;0,75;0,559757045;1;0.00;vPvM;vPvM;PM;3
4-aminotoluene-3-sulphonic acid;88-44-8;201-831-3;LTPSRQRIPCVMKQ-UHFFFAOYSA-N;Cc1ccc(N)c(S(=O)(=O)O)c1;DTXSID7026526;6934;PRO-167;NS00001366;REACH-A;FALS;vPvM & PMT;MQ;vPvM & PMT;FALS;FALS;;;FALS;FALS;FALS;FALS;FALS;FALS;FALS;FALS;FALS;FALS;FALS;FALS;FALS;FALS;FALS;FALS;FALS;FALS;;Pigments;Pigments;CERT;CERT;CERT;FALS;FALS;FALS;CERT;FALS;FALS;FALS;FALS;FALS;FALS;FALS;FALS;FALS;FALS;FALS;FALS;FALS;FALS;FALS;FALS;FALS;FALS;P-PNEC pred;187,21;;-0,536;;7,95;;0,0472;1,6599162;0,0572;48,91088652;26,78263313;3,98;113;;;;-1,5;16,10362;0,79;0,54;0,09;0,16;>10 to < 100 tonnes;10;100;0;0;0;0;0;0;0;0;0;0;0;0;0;0;0;0;0;0;1;0;0;0;0;0;0;0;0;0;0;0;0;0;0;0;0;0;0;0;0;0;0;0;1;0;0;0;1;1;1;1;1;1;1;1;1;1;0;1;1;1;1;1;0;0;1;0,746909065;0,201189539;0,413545065;;;;0,793580805;0,558660646;FALS;0;0;0;0;1260;low ;0,217;3030;;1;11670;;1;0,230245852;0,029844881;0,043091973;0,016839073;0,241123204;;;P_score_freshwater_pred_UBA;0,746909065;0,453881223;;;M_score_pred_Episuite;0,793580805;0,676120726;kemi_score;0,54;0,769891354;1;;;0,553966156;1;0,436448543;1;0,579670562;1;0,436448543;0,5;0,491708981;1;0.00;vPvM;;PM;2
4-chloro-2,5-dimethoxyaniline;6358-64-1;228-782-0;YGUFQYGSBVXPMC-UHFFFAOYSA-N;COc1cc(c(cc1N)OC)Cl;DTXSID9040718;22833;PRO-168;NS00008793;REACH-B;FALS;vPvM & PMT;MQ;PMT;FALS;FALS;;;FALS;FALS;FALS;FALS;FALS;FALS;FALS;FALS;FALS;FALS;FALS;FALS;FALS;FALS;FALS;FALS;FALS;FALS;;;;CERT;CERT;CERT;FALS;FALS;FALS;CERT;FALS;FALS;FALS;FALS;FALS;FALS;FALS;FALS;FALS;FALS;FALS;FALS;FALS;FALS;FALS;FALS;FALS;FALS;P-PNEC pred;187,62;;1,83;;8,41;;0,00386;1,980003372;2,0552;34,81331749;57,45019255;22,9;47;;;;1,9;6,94498;0,49;0,48;0;0;;;;0;0;0;0;0;0;0;0;0;0;0;0;0;0;0;0;0;0;1;0;0;0;0;0;0;0;0;0;0;0;0;0;0;0;0;0;0;0;0;0;0;0;0;0;0;0;0;0;0;0;0;1;0;0;0;0;0;0;0;0;0;0;0;0;0;0,397125317;0,481449122;0,282810472;;;;0,490435736;0,503465096;FALS;0;0;0;0;335,6;low ;0,695;15,5;low ;0,7;4630;moderate ;0,85;0,301182969;0,233199617;0,074067675;0,024950826;0,342545693;;;P_score_freshwater_pred_RIVM;0,481449122;0,387128304;;;M_score_pred_Dashboard;0,503465096;0,496950416;kemi_score;0,48;0,492334062;1;;;0,438615517;1;0,409691823;1;0,449116064;1;0,409691823;0,5;0,423907054;1;0.00;PM;;PM;2
4-chloro-2-nitroaniline;89-63-4;201-925-4;PBGKNXWGYQPUJK-UHFFFAOYSA-N;Nc1ccc(Cl)cc1N(=O)=O;DTXSID4030384;6979;PRO-169;NS00003462;REACH-B;FALS;PMT;MQ;Potential PMT/vPvM;FALS;FALS;;;FALS;FALS;FALS;FALS;FALS;FALS;FALS;FALS;FALS;FALS;FALS;FALS;FALS;FALS;FALS;FALS;FALS;FALS;;;;CERT;CERT;CERT;FALS;FALS;FALS;FALS;FALS;FALS;FALS;FALS;FALS;FALS;FALS;FALS;FALS;FALS;FALS;FALS;FALS;FALS;FALS;FALS;FALS;FALS;EQS water (=AA-EQS);172,57;2,72;2,66;;7,72;0,0029;0,00186;1,949877704;2,6271;96,54410977;59,7360061;11;270;;;;2,8;1;0,39;0,52;0;0;;;;0;0;0;0;0;0;0;0;0;0;0;0;0;0;0;0;0;0;1;0;0;0;0;0;0;0;0;0;0;0;0;0;0;0;0;0;0;0;0;0;0;0;0;0;0;0;0;0;0;0;1;1;0;0;0;0;0;0;0;0;0;0;0;0;0;0,928987363;0,498115441;0,692777862;;;;0,393011112;0,508684659;FALS;0;0;0;0;799,6;low ;0,7;19,2;moderate ;0,85;1070;;1;0,5;0,216988805;0,052011734;0,046115927;0,525988073;;;P_score_freshwater_pred_UBA;0,928987363;0,706626889;;;M_score_pred_Dashboard;0,508684659;0,450847885;kemi_score;0,52;0,687431174;1;;;0,564430012;1;0,452918699;1;0,557987844;1;0,452918699;0,5;0,505609441;1;0.00;PM;;PM;3
4-chloroaniline;106-47-8;203-401-0;QSNSCYSYFYORTR-UHFFFAOYSA-N;C1=CC(=CC=C1N)Cl;DTXSID9020295;7812;PRO-170;NS00010861;REACH-B;FALS;vPvM & PMT;MQ;vPvM & PMT;FALS;FALS;;;FALS;FALS;FALS;FALS;FALS;FALS;FALS;FALS;FALS;FALS;FALS;CERT;CERT;FALS;CERT;FALS;FALS;FALS;Furniture and furnishings;"Intermediate; Pigments";Pigments;CERT;CERT;CERT;FALS;FALS;FALS;CERT;FALS;FALS;FALS;FALS;FALS;FALS;FALS;FALS;FALS;FALS;FALS;FALS;FALS;FALS;FALS;FALS;FALS;FALS;AA-QSwater_eco;127,57;1,83;1,77;;6,25;0,0278;0,0172;1,959994838;1,9157;9136,201616;35,34516776;6,92;78;;;1,5;;1;0,51;0,53;0;0;;;;1;0;0;0;0;0;0;0;0;0;0;0;0;0;0;0;0;0;1;0;0;0;0;0;0;0;0;0;0;0;0;0;0;0;0;0;0;0;0;0;0;0;1;0;0;0;0;0;0;0;1;1;0;0;0;0;0;0;0;0;0;0;0;0;0;0,610286026;0,288097069;0,999814341;;;0,585786438;0,514603922;0,506931922;CERT;0,75;0;0;0;4820;low ;0,7;18,8;;1;598,3;;1;0,5;0,218546328;0,024529414;0,058584248;0,52358622;;;P_score_freshwater_pred_Dashboard;0,999814341;0,632732479;M_score_exp_UBA;0,585786438;M_score_exp_UBA;0,585786438;0,535774094;kemi_score;0,53;0,765295813;1;0,585786438;0,5;0,5822385;1;0,516748461;1;0,628860425;1;0,538806177;0,75;0,548516954;1;0.00;vPvM;PM;PM;3
4-chloro-N-cyclopentylbenzylamine;66063-15-8;266-097-9;XIXHUNCZQIRQOG-UHFFFAOYSA-N;Clc1ccc(cc1)CNC1CCCC1;DTXSID30216258;834083;PRO-171;NS00003647;REACH-B;FALS;vPvM & PMT;MQ;vPvM & PMT;FALS;FALS;;;FALS;FALS;FALS;FALS;FALS;FALS;FALS;FALS;FALS;FALS;FALS;FALS;FALS;FALS;FALS;FALS;FALS;FALS;;;;CERT;FALS;CERT;FALS;FALS;FALS;FALS;FALS;FALS;FALS;FALS;FALS;FALS;FALS;FALS;FALS;FALS;FALS;FALS;FALS;FALS;FALS;FALS;FALS;FALS;P-PNEC pred;209,72;;3,49;;9,24;;0,000927;2,650307523;1,0159;13,06582444;38,87542061;44,7;59;;;;-7,3;4,11514;0,66;0,26;0;0;;;;0;0;0;0;0;0;0;0;0;0;0;0;0;0;0;0;0;0;1;0;0;0;0;0;0;0;0;0;0;0;0;0;0;0;0;0;0;0;0;0;0;0;0;0;0;0;0;0;0;0;0;1;0;0;0;0;0;0;0;0;0;0;0;0;0;0,492817504;0,322589294;0,068760679;;;;0,664213065;0,389180364;FALS;0;0;0;0;336,7;low ;0,377;299,3;low ;0,474;127,6;low ;0,671;0,351059658;0,077550255;0,073970268;0,108529466;0,370044747;;;P_score_freshwater_pred_UBA;0,492817504;0,294722493;;;M_score_pred_Episuite;0,664213065;0,526696714;kemi_score;0,26;0,572132699;1;;;0,393991584;1;0,494195845;1;0,531738284;1;0,494195845;0,5;0,441258432;1;1.00;PM;;PM;3
4-chloro-o-cresol;1570-64-5;216-381-3;RHPUJHQBPORFGV-UHFFFAOYSA-N;Cc1cc(Cl)ccc1O;DTXSID5022510;14855;PRO-172;NS00007230;REACH-B;FALS;vPvM & PMT;MQ;PMT;FALS;FALS;;;FALS;FALS;FALS;FALS;FALS;FALS;FALS;FALS;FALS;FALS;FALS;FALS;FALS;FALS;FALS;FALS;FALS;FALS;"degradate (mcpa); herbicides and herbicide degradates";;;FALS;FALS;CERT;FALS;FALS;FALS;FALS;FALS;FALS;FALS;FALS;FALS;FALS;FALS;FALS;FALS;FALS;FALS;FALS;FALS;FALS;FALS;FALS;FALS;FALS;P-PNEC pred;142,58;2,78;2,8;;6,63;0,0282;0,0137;1,92992956;2,6296;34,81331749;30,04383695;20,9;29;;;2,2;;2,57447;0,39;0,45;0;0;;;;0;0;0;0;0;0;0;0;0;0;0;0;0;0;0;0;0;0;0;0;0;0;0;0;0;0;0;0;0;0;0;0;0;0;0;0;0;0;0;0;0;0;0;0;0;0;0;0;0;0;1;0;0;0;0;0;0;0;0;0;0;0;0;0;0;0,223931947;0,234612547;0,282810472;;;0,465398039;0,392597808;0,512139896;CERT;0;0;0;0;2850;low ;0,7;132,5;good ;1;1640;good ;1;0,398747203;0,106956233;0,030624703;0,038610928;0,414784867;;;P_score_freshwater_pred_Dashboard;0,282810472;0,247118322;M_score_exp_UBA;0,465398039;M_score_pred_Dashboard;0,512139896;0,456711914;kemi_score;0,45;0,38057657;1;0,465398039;0,5;0,335949225;1;0,402201564;1;0,391239686;1;0,422250999;0,75;0,367585777;1;0.00;PM;PM;PM;4
4-chlorophenyl isocyanate;104-12-1;203-176-9;ADAKRBAJFHTIEW-UHFFFAOYSA-N;c1cc(ccc1N=C=O)Cl;DTXSID7040732;7693;PRO-173;NS00006206;REACH-B;FALS;PMT;MQ;Potential PMT/vPvM;FALS;FALS;;;FALS;FALS;FALS;FALS;FALS;FALS;FALS;FALS;FALS;FALS;FALS;FALS;FALS;FALS;FALS;FALS;FALS;FALS;;;;CERT;FALS;CERT;FALS;FALS;FALS;FALS;FALS;FALS;FALS;FALS;FALS;FALS;FALS;FALS;FALS;FALS;FALS;FALS;FALS;FALS;FALS;FALS;FALS;FALS;P-PNEC pred;153,57;;2,97;;3,97;;0,0008;1,740362689;2,8116;107,7700726;30,38570784;6,31;46;;;;3,1;1,63912;0,36;0,46;0;0;;;;0;0;0;0;0;0;0;0;0;0;0;0;0;0;0;0;0;0;1;0;0;0;0;0;0;0;0;0;0;0;0;0;0;0;0;0;0;0;0;0;0;0;0;0;0;0;0;0;0;0;1;1;0;0;0;0;0;0;0;0;0;0;0;0;0;0,388357284;0,238103737;0,731291418;;;;0,362955737;0,544870677;CERT;0;0;0;0;1660;low ;0,441;549,5;low ;0,344;2420;low ;0,344;0,446552296;0,060655744;0,038415993;0,032805121;0,457174298;;;P_score_freshwater_pred_Dashboard;0,731291418;0,452584147;;;M_score_pred_Dashboard;0,544870677;0,453913207;kemi_score;0,46;0,631236287;1;;;0,453248189;1;0,405687993;1;0,506048399;1;0,405687993;0,5;0,428809221;1;0.00;PM;;PM;3
4-fluoroaniline;371-40-4;206-735-5;KRZCOLNOCZKSDF-UHFFFAOYSA-N;c1cc(ccc1N)F;DTXSID9022027;9731;PRO-174;NS00010860;REACH-B;FALS;vPvM;HQ;vPvM;FALS;FALS;;;FALS;FALS;FALS;FALS;FALS;FALS;FALS;FALS;FALS;FALS;FALS;FALS;FALS;FALS;FALS;FALS;FALS;FALS;;;;CERT;FALS;CERT;FALS;FALS;FALS;FALS;FALS;FALS;FALS;CERT;FALS;FALS;FALS;FALS;FALS;FALS;FALS;FALS;FALS;FALS;FALS;FALS;FALS;FALS;P-PNEC pred;111,119;1,15;1,19;;4,94;;0,0598;1,489958479;1,5396;214,8628677;48,67170261;5,37;;;211;1,7;;9,89895;0,58;0,48;0;0,07;>0 to < 10 tonnes;0;10;0;0;0;0;0;0;0;0;0;0;0;0;0;0;0;0;0;0;1;0;0;0;0;0;0;0;0;0;0;0;0;0;0;0;0;0;0;0;0;0;0;0;0;0;0;0;0;0;0;0;1;1;0;0;0;0;0;0;0;0;0;0;0;0;0;;0,411514098;0,898507247;;0,567496346;0,551799519;0,579110984;0,587474263;FALS;0;0;0;0;2540;low ;0,3;32,7;low ;0,358;130,7;moderate ;0,85;0,269809534;0,180265794;0,03214474;0,107524955;0,299870526;P_score_sediment_exp_UBA;0,567496346;P_score_freshwater_pred_Dashboard;0,898507247;0,62583923;M_score_exp_UBA;0,551799519;M_score_pred_Dashboard;0,587474263;0,572794922;kemi_score;0,48;0,726532782;1;0,559592897;1;0,598729933;1;0,41704305;1;0,550450222;1;0,483088324;1;0,499696065;1;0.00;vPvM;PM;PM;3
4-isopropylaniline;99-88-7;202-797-2;LRTFPLFDLJYEKT-UHFFFAOYSA-N;CC(C)c1ccc(cc1)N;DTXSID20243932;7464;PRO-175;;REACH-B;FALS;vPvM & PMT;MQ;vPvM & PMT;FALS;FALS;;;FALS;FALS;FALS;FALS;FALS;FALS;FALS;FALS;FALS;FALS;FALS;FALS;FALS;FALS;FALS;FALS;FALS;FALS;;;;CERT;FALS;CERT;FALS;FALS;FALS;CERT;FALS;FALS;FALS;FALS;FALS;FALS;FALS;FALS;FALS;FALS;FALS;FALS;FALS;FALS;FALS;FALS;FALS;FALS;P-PNEC pred;135,21;2,49;2,38;;7,34;;0,0362;2,640481437;2,2808;13,06582444;28,24767968;40,7;65;;;1,7;;2,30573;0,45;0,24;0;0;;;;0;0;0;0;0;0;0;0;0;0;0;0;0;0;0;0;0;0;1;0;0;0;0;0;0;0;0;0;0;0;0;0;0;0;0;0;0;0;0;0;0;0;0;0;0;0;0;0;0;0;1;1;0;0;0;0;0;0;0;0;0;0;0;0;0;0,534155203;0,216220047;0,068760679;;;0,551799519;0,451494101;0,390800666;FALS;0;0;0;0;872,6;low ;0,7;15,8;;1;972;;1;0,41027989;0,231714199;0,05017241;0,047986191;0,442406613;;;P_score_freshwater_pred_UBA;0,534155203;0,27304531;M_score_exp_UBA;0,551799519;M_score_exp_UBA;0,551799519;0,464698095;kemi_score;0,24;0,542905686;1;0,551799519;0,5;0,356207293;1;0,446187154;1;0,492176333;1;0,478929748;0,75;0,398666675;1;0.00;PM;PM;PM;3
4-mesyl-2-nitrotoluene;1671-49-4;430-550-0;OXBDLEXAVKAJFD-UHFFFAOYSA-N;c1(C)c(N(=O)=O)cc(S(=O)(=O)C)cc1;DTXSID30350742;687125;PRO-176;NS00019649;REACH-B;FALS;vPvM & PMT;HQ;PMT;FALS;FALS;;;FALS;FALS;FALS;FALS;FALS;FALS;FALS;FALS;FALS;FALS;FALS;FALS;FALS;FALS;FALS;FALS;FALS;FALS;;;;CERT;FALS;CERT;FALS;FALS;FALS;CERT;FALS;FALS;FALS;FALS;FALS;FALS;FALS;FALS;FALS;FALS;FALS;FALS;FALS;FALS;FALS;FALS;FALS;FALS;EQS water (=AA-EQS);215,22;;1,09;;6,1;;0,0153;2,290034611;;34,81331749;;6,76;2500;;;2,3;;1000;;0,41;0;0,09;>0 to < 10 tonnes;0;10;0;0;0;0;0;0;0;0;0;0;0;0;0;0;0;0;0;0;1;0;0;0;0;0;0;0;0;0;0;0;0;0;0;0;0;0;0;0;0;0;0;0;0;0;0;0;0;0;0;0;0;1;0;0;0;0;0;0;0;0;0;0;0;0;0;0,998300918;;0,282810472;;;0,448200481;;0,449909422;CERT;0;0;0;0;396,5;low ;0,358;923,1;low ;0,535;2310;low ;0,535;0,047425873;0,049020741;0,069251571;0,033452239;0,069206886;;;P_score_freshwater_pred_UBA;0,998300918;0,640555695;M_score_exp_UBA;0,448200481;M_score_pred_Dashboard;0,449909422;0,449054952;kemi_score;0,41;0,670182803;1;0,448200481;0,5;0,536325188;1;0,069206886;0,5;0,314421298;0,75;0,176120866;0,5;0,271020348;0,75;0.00;PM;PM;PM;4
4-methanesulfonyl-2-nitrobenzoic acid;110964-79-9;601-017-1;QNOUABMNRMROSL-UHFFFAOYSA-N;O=S(=O)(C)c1cc(c(cc1)C(=O)O)N(=O)=O;DTXSID0074639;184292;PRO-177;NS00002292;REACH-B;FALS;vPvM;MQ;vPvM;FALS;FALS;;;FALS;FALS;FALS;FALS;FALS;FALS;FALS;FALS;FALS;FALS;FALS;FALS;FALS;FALS;FALS;FALS;FALS;FALS;;;;CERT;CERT;CERT;FALS;FALS;FALS;CERT;FALS;FALS;FALS;FALS;FALS;FALS;FALS;FALS;FALS;FALS;FALS;FALS;FALS;FALS;FALS;FALS;FALS;FALS;EQS water (=AA-EQS);245,21;;0,421;;9,13;;0,241;1,309630167;;34,81331749;;3,98;62;;;;-8;1000;;0,29;0;0;;;;0;0;0;0;0;0;0;0;0;0;0;0;0;0;0;0;0;0;1;0;0;0;0;0;0;0;0;0;0;0;0;0;0;0;0;0;0;0;0;0;0;0;0;0;0;0;0;0;0;0;0;1;0;0;0;0;0;0;0;0;0;0;0;0;0;0,514009975;;0,282810472;;;;;0,6174002;FALS;0;0;0;0;245,2;low ;0,346;966,7;low ;0,507;984,7;low ;0,507;0,047425873;0,048094785;0,083975312;0,047729297;0,071732618;;;P_score_freshwater_pred_UBA;0,514009975;0,398410224;;;M_score_pred_Dashboard;0,6174002;0,6174002;kemi_score;0,29;0,563338141;1;;;0,495962248;1;0,071732618;0,5;0,283412063;0,75;0,071732618;0,25;0,260338246;0,75;0.00;PM;;PM;3
4-Methyl-1H-benzotriazole;29878-31-7;249-921-1;CMGDVUCDZOBDNL-UHFFFAOYSA-N;CC1=CC=CC2=NNN=C12;DTXSID50274037;122499;PRO-178;NS00010509;;FALS;;;;FALS;FALS;;;FALS;FALS;FALS;FALS;FALS;FALS;FALS;FALS;FALS;CERT;FALS;FALS;FALS;FALS;CERT;FALS;FALS;FALS;;;;FALS;FALS;FALS;FALS;FALS;FALS;FALS;FALS;FALS;FALS;FALS;FALS;FALS;FALS;FALS;FALS;FALS;FALS;FALS;FALS;FALS;FALS;FALS;FALS;FALS;;133,154;;1,58;;6,05;;0,0338;1,829946696;1,9439;12,30493006;21,51758556;3,24;;;;;;8;0,51;;;;;;;0;0;0;0;0;0;0;0;0;0;0;0;0;0;0;0;0;0;0;0;0;0;0;0;0;0;0;0;0;0;0;0;0;0;0;0;0;0;0;0;0;0;0;0;0;0;0;0;0;0;0;0;0;0;0;0;0;0;0;0;0;0;0;0;0;;0,14766173;0,06247629;;;;0,509720164;0,529433921;FALS;0;0;0;0;1470;low ;0,293;2860;low ;0,31;1250;low ;0,397;0,288415918;0,030579577;0,040414324;0,043234894;0,298204927;;;P_score_freshwater_pred_RIVM;0,14766173;0,10506901;;;M_score_pred_Dashboard;0,529433921;0,519577043;;;0,279601732;1;;;0,233648123;1;0,389980144;1;0,330210726;1;0,389980144;0,5;0,301857796;1;0.00;;;;4
4-methylpent-1-ene;691-37-2;211-720-1;WSSSPWUEQFSQQG-UHFFFAOYSA-N;CC(C)CC=C;DTXSID3061001;12724;PRO-179;NS00003382;REACH-B;CERT;vPvM & PMT;MQ;PMT;FALS;FALS;;;FALS;FALS;FALS;FALS;FALS;FALS;FALS;FALS;FALS;FALS;FALS;FALS;FALS;FALS;FALS;FALS;FALS;FALS;;;;FALS;FALS;CERT;FALS;FALS;FALS;FALS;FALS;FALS;FALS;FALS;FALS;FALS;FALS;FALS;FALS;FALS;FALS;FALS;FALS;FALS;FALS;FALS;FALS;FALS;P-PNEC pred;84,162;;3,15;;2,85;0,000574;0,00123;2,089905111;2,6727;53,51703423;15,05444898;51,3;22;;;2,3;;4,02979;0,39;0,45;0;0;Tonnage data confidential;;;0;0;0;0;0;0;0;0;0;0;0;0;0;0;0;0;0;0;0;0;0;0;0;0;0;0;0;0;0;0;0;0;0;0;0;0;0;0;0;0;0;0;0;0;0;0;0;0;0;0;0;1;0;0;0;0;0;0;0;0;0;0;0;0;0;0,152496117;0,085983619;0,451286682;;;0,448200481;0,385497069;0,484425671;FALS;0;0;0;0;2320;low ;0,624;834,9;moderate ;0,85;36,9;;0,85;0,353136092;0,051094398;0,033391635;0,17264072;0,363729681;;;P_score_freshwater_pred_Dashboard;0,451286682;0,22992214;M_score_exp_UBA;0,448200481;M_score_pred_Dashboard;0,484425671;0,439374407;kemi_score;0,45;0,467562674;1;0,448200481;0,5;0,317839431;1;0,376635866;1;0,419643745;1;0,399121591;0,75;0,345990938;1;0.00;PM;PM;;
4-methylthiosemicarbazide;6610-29-3;229-563-2;PTVZQOAHCSKAAS-UHFFFAOYSA-N;CNC(=S)NN;DTXSID7044390;2723853;PRO-180;NS00007927;REACH-B;FALS;vPvM & PMT;MQ;vPvM & PMT;FALS;FALS;;;FALS;FALS;FALS;FALS;FALS;FALS;FALS;FALS;FALS;FALS;FALS;FALS;FALS;FALS;FALS;FALS;FALS;FALS;;;;CERT;CERT;CERT;FALS;FALS;FALS;CERT;FALS;FALS;FALS;FALS;FALS;FALS;FALS;FALS;FALS;FALS;FALS;FALS;FALS;FALS;FALS;FALS;FALS;FALS;P-PNEC pred;105,16;;-0,875;;6,19;;2,14;0,820201459;0,5345;53,51703423;18,31878542;1,58;52;;;;-0,8;35,46546;0,73;0,36;0;0;;;;1;0;0;0;0;0;0;0;0;0;0;0;0;0;0;0;0;0;0;0;0;0;0;0;0;0;0;1;0;0;0;0;0;0;0;0;0;0;0;0;0;0;0;0;0;0;0;0;0;0;0;1;0;0;0;0;0;0;0;0;0;0;0;0;0;0,43914506;0,116274356;0,451286682;;;;0,734155087;0,693763625;FALS;0;0;0;0;12810;low ;0,22;2240;low ;0,417;1370;low ;0,7;0,175114348;0,033887043;0,016181877;0,041617725;0,183137609;;;P_score_freshwater_pred_Dashboard;0,451286682;0,335568699;;;M_score_pred_Episuite;0,734155087;0,713959356;kemi_score;0,36;0,575599178;1;;;0,489471564;1;0,365637053;1;0,458759618;1;0,365637053;0,5;0,423047208;1;2.00;PM;;PM;Priority group
4-nitrotoluene;99-99-0;202-808-0;ZPTVNYMJQHSSEA-UHFFFAOYSA-N;CC1=CC=C(C=C1)[N+](=O)[O-];DTXSID5023792;7473;PRO-181;NS00001022;REACH-A;FALS;vPvM & PMT;MQ;PMT;FALS;FALS;;;FALS;FALS;FALS;FALS;FALS;FALS;FALS;FALS;FALS;FALS;FALS;FALS;FALS;FALS;FALS;CERT;FALS;FALS;;;;CERT;FALS;CERT;FALS;FALS;FALS;CERT;FALS;FALS;FALS;FALS;FALS;CERT;FALS;FALS;FALS;FALS;FALS;FALS;FALS;FALS;FALS;FALS;FALS;FALS;P-PNEC pred;137,138;2,37;2,4;;4,55;0,00323;0,00335;1,899820502;2,4551;58,55696259;30,47475408;9,77;66;;;;2,4;11,30252;0,42;0,53;0;0,1;>0 to < 10 tonnes;0;10;0;0;0;0;0;0;0;0;0;0;0;0;0;0;0;0;0;0;1;0;1;0;0;0;0;0;0;0;0;0;0;0;0;0;0;0;0;0;0;0;0;0;0;0;0;0;0;0;0;0;1;1;0;0;0;0;0;0;0;0;0;0;0;0;1;0,540643582;0,239012421;0,489597175;;;;0,421784704;0,517352812;CERT;0;0;0;0;2620;moderate ;0,85;598,4;;1;1590;;1;0,258615825;0,058580245;0,031728374;0,03911318;0,271596083;;;P_score_freshwater_pred_UBA;0,540643582;0,423084393;;;M_score_pred_Dashboard;0,517352812;0,469568758;kemi_score;0,53;0,52887;1;;;0,445721003;1;0,337743031;1;0,422637146;1;0,337743031;0,5;0,387993766;1;0.00;PM;;PM;3
4-nitrotoluene-2-sulphonic acid;121-03-9;204-445-3;ZDTXQHVBLWYPHS-UHFFFAOYSA-N;CC1=C(C=C(C=C1)[N+](=O)[O-])S(=O)(=O)O;DTXSID4026975;8458;PRO-182;NS00003565;REACH-A;CERT;vPvM;HQ;vPvM;FALS;FALS;;;FALS;FALS;FALS;FALS;FALS;FALS;FALS;FALS;FALS;FALS;FALS;FALS;FALS;FALS;FALS;CERT;CERT;CERT;;"Intermediate; Intermediates";;CERT;CERT;CERT;CERT;FALS;CERT;CERT;FALS;FALS;FALS;CERT;CERT;FALS;FALS;CERT;FALS;FALS;FALS;FALS;FALS;FALS;FALS;CERT;FALS;FALS;P-PNEC pred;217,2;;0,369;;8,6;3,07;1,4;1,670245853;0,7017;87,35672301;32,60913314;5,01;2500;;;;-1,5;40,02791;0,71;0,66;0,33;0,44;>1000 to < 10000 tonnes;1000;10000;1;0;0;0;0;0;0;0;0;0;0;0;0;0;0;0;0;1;1;0;0;1;0;0;1;0;0;0;0;0;1;0;1;0;0;0;0;0;0;0;0;0;0;0;0;0;1;1;1;1;1;1;0;0;1;0;0;0;0;0;0;0;0;0;0;0,998300918;0,26069138;0,655247715;;;;0,710931621;0,556894558;FALS;0;0;0;0;637,9;low ;0,287;1180;;0,85;20480;;0,85;0,167651624;0,04428211;0,057067894;0,013238097;0,183974461;;;P_score_freshwater_pred_UBA;0,998300918;0,638080005;;;M_score_pred_Episuite;0,710931621;0,633913089;kemi_score;0,66;0,842451001;1;;;0,635993134;1;0,361416474;1;0,551793141;1;0,361416474;0,5;0,479435497;1;2.00;vPvM;;PM;4
4-vinylcyclohexene;100-40-3;202-848-9;BBDKZWKEPDTENS-UHFFFAOYSA-N;C=CC1CCC=CC1;DTXSID3021437;7499;PRO-183;NS00008744;REACH-B;FALS;vPvM & PMT;MQ;PMT;FALS;FALS;;;FALS;FALS;FALS;FALS;FALS;FALS;FALS;FALS;FALS;FALS;FALS;FALS;FALS;FALS;FALS;FALS;FALS;FALS;monomer;"Adhesives and sealant chemicals; Fuels and fuel additives; Functional fluids (closed systems); Intermediates; Solvent";"Adhesives and sealant chemicals; Fuels and fuel additives; Intermediates; Solvents (which become part of product formulation or mixture)";CERT;FALS;CERT;FALS;FALS;FALS;FALS;FALS;FALS;FALS;FALS;FALS;FALS;FALS;FALS;FALS;FALS;FALS;FALS;FALS;FALS;FALS;FALS;FALS;FALS;P-PNEC pred;108,184;3,93;3,58;;3,48;0,000465;0,000663;2,480006943;3,4104;48,91088652;16,69756055;166;22;;;2,4;;4,84965;0,27;0,76;0;0;;;;0;0;0;0;0;0;0;0;0;0;0;0;0;0;0;0;0;0;0;0;0;0;0;0;0;0;0;0;0;0;0;0;0;0;0;0;0;0;0;0;0;0;0;0;0;0;0;0;0;0;0;1;0;0;0;0;0;0;0;0;0;0;0;0;0;0,152496117;0,10095983;0,413545065;;;0,431125928;0,273365319;0,417580057;CERT;0,5;0;0;0;1260;low ;0,589;711;;1;472,9;;0,85;0,334987995;0,054584756;0,043091973;0,06447868;0,347566623;;;P_score_freshwater_pred_Dashboard;0,413545065;0,222333671;M_score_exp_UBA;0,431125928;M_score_exp_UBA;0,431125928;0,374023768;kemi_score;0,76;0,422244005;1;0,431125928;0,5;0,288371422;1;0,306338029;1;0,359651771;1;0,343295932;0,75;0,297218999;1;0.00;PM;PM;;3
5,5'-(1H-isoindole-1,3(2H)-diylidene)dibarbituric acid;36888-99-0;253-256-2;JSBMGPVJAADXIZ-UHFFFAOYSA-N;C1=CC=C2C(=C1)C(=C3C(=O)NC(=O)NC3=O)N=C2C4=C(NC(=O)NC4=O)O;DTXSID7068007;160357;PRO-184;NS00005431;REACH-A;CERT;vPvM;HQ;vPvM;FALS;FALS;;;FALS;FALS;FALS;FALS;FALS;FALS;FALS;FALS;FALS;FALS;FALS;FALS;FALS;FALS;FALS;CERT;CERT;CERT;"Batteries; Cleaning and safety; Electronics/small appliances -> computers and accessories/supplies -> printer toner; Home maintenance -> paint/stain and related products; Home maintenance -> surface sealers; pigments agents";"Paint additives and coating additives not described by other categories; Pigment; Pigments";"Paint additives and coating additives not described by other categories; Pigment; Pigments";CERT;CERT;CERT;CERT;CERT;CERT;CERT;FALS;FALS;CERT;CERT;CERT;CERT;FALS;CERT;CERT;FALS;CERT;FALS;FALS;FALS;CERT;CERT;CERT;CERT;P-PNEC pred;367,277;;-1,44;;9,48;;0,0633;1,710117365;-0,203;742,4830187;48,64322588;3,31;2500;;;;-5,7;0,0813;;0,78;0,39;0,52;>1000 to < 10000 tonnes;1000;10000;1;0;0;0;0;0;0;1;0;0;0;0;0;0;0;0;0;1;0;0;0;0;0;0;0;0;0;0;0;0;1;0;0;0;0;0;0;0;0;0;0;0;0;0;0;0;0;1;1;1;1;1;1;1;1;0;0;0;0;1;0;1;0;1;0;0,998300918;0,41127183;0,986620231;;;;0,821567429;0,550064506;FALS;0;0;0;0;241,2;low ;0,183;581;low ;0;721,3;low ;0;0,748364671;0,059291011;0,084526424;0,054263307;0,755352655;;;P_score_freshwater_pred_UBA;0,998300918;0,798730993;;;M_score_pred_Episuite;0,821567429;0,685815968;kemi_score;0,78;0,905633214;1;;;0,74012328;1;0,755352655;0,5;0,852481209;0,75;0,755352655;0,25;0,745165312;0,75;0.00;vPvM(T);(T);vPvM(T);2
5,5-dimethylhydantoin;77-71-4;201-051-3;YIROYDNZEPTFOL-UHFFFAOYSA-N;CC1(C(=O)NC(=O)N1)C;DTXSID5021754;6491;PRO-185;NS00005012;REACH-A;FALS;vPvM;HQ;vPvM;FALS;FALS;;;FALS;FALS;FALS;FALS;FALS;FALS;FALS;FALS;FALS;FALS;FALS;FALS;FALS;FALS;FALS;FALS;FALS;FALS;"Cleaning products and household care -> bathroom -> bathroom cleaner; hair conditioning; surfactant; surfactant; viscosity controlling";Ion exchange agents;Ion exchange agents;CERT;CERT;CERT;FALS;FALS;FALS;CERT;FALS;FALS;FALS;CERT;FALS;FALS;FALS;FALS;FALS;FALS;FALS;FALS;FALS;FALS;FALS;FALS;FALS;FALS;P-PNEC pred;128,131;-0,48;-0,523;;7,93;;0,168;1,309630167;0,6238;87,35672301;27,5241907;3,47;;;1170;1,8;;41,32284;;0,83;0,22;0,33;>100 to < 1000 tonnes;100;1000;0;0;0;0;0;0;0;0;0;0;0;0;0;0;0;0;0;0;1;0;0;0;0;0;0;0;0;0;0;0;0;0;0;0;0;1;0;0;0;0;0;0;0;0;0;0;0;0;0;0;1;1;0;0;0;0;0;0;0;0;0;0;0;0;0;;0,208797884;0,655247715;;0,96082927;0,534601961;0,72190066;0,6174002;FALS;0;0;0;0;13590;low ;0,3;10080;low ;0,628;13940;low ;0,428;0,165730964;0,017925189;0,01577824;0,015607659;0,171191831;P_score_sediment_exp_UBA;0,96082927;P_score_sediment_exp_UBA;0,96082927;0,608291623;M_score_exp_UBA;0,534601961;M_score_pred_Episuite;0,72190066;0,624634274;kemi_score;0,83;0,832840491;1;0,71670162;1;0,61640879;1;0,171191831;0,5;0,491513632;0,75;0,444685809;0,75;0,402167429;0,75;0.00;vPvM;vPvM;PM;1
5,6-Dimethyl-1H-benzotriazole;4184-79-6;224-058-3;MVPKIPGHRNIOPT-UHFFFAOYSA-N;CC1=CC2=NNN=C2C=C1C;DTXSID70881186;77849;PRO-186;;;FALS;;;;FALS;FALS;;;FALS;FALS;FALS;FALS;FALS;FALS;FALS;FALS;FALS;FALS;FALS;FALS;FALS;FALS;FALS;FALS;FALS;FALS;;;;FALS;FALS;FALS;FALS;FALS;FALS;FALS;FALS;FALS;FALS;FALS;FALS;FALS;FALS;FALS;FALS;FALS;FALS;FALS;FALS;FALS;FALS;FALS;FALS;FALS;;147,181;;1,9;;6,92;;0,0122;1,459392488;2,2481;6063,242488;26,45548293;4,9;;;;;;4,94039;0,46;0,17;;;;;;0;0;0;0;0;0;0;0;0;0;0;0;0;0;0;0;0;0;0;0;0;0;0;0;0;0;0;0;0;0;0;0;0;0;0;0;0;0;0;0;0;0;0;0;0;0;0;0;0;0;0;0;0;0;0;0;0;0;0;0;0;0;0;0;0;;0,197834116;0,999625863;;;;0,457113187;0,592599141;FALS;0;0;0;0;307,2;low ;0,288;3080;low ;0,307;918,5;low ;0,393;0,333196891;0,029639759;0,076744718;0,049121982;0,34692115;;;P_score_freshwater_pred_Dashboard;0,999625863;0,59872999;;;M_score_pred_Dashboard;0,592599141;0,524856164;kemi_score;0,17;0,769660593;1;;;0,560577493;1;0,399479323;1;0,554493906;1;0,399479323;0,5;0,473222059;1;0.00;vPvM;;PM;1
5:3 fluorotelomer carboxylate;914637-49-3;811-572-3;;C(CC(C(C(C(C(F)(F)F)(F)F)(F)F)(F)F)(F)F)C(=O)O;DTXSID20874028;14632790;PRO-187;;;FALS;;;;FALS;FALS;;;FALS;FALS;FALS;FALS;FALS;CERT;FALS;FALS;FALS;FALS;FALS;FALS;FALS;FALS;CERT;FALS;FALS;FALS;;;;FALS;FALS;FALS;FALS;FALS;FALS;FALS;FALS;FALS;FALS;FALS;FALS;FALS;FALS;FALS;FALS;FALS;FALS;FALS;FALS;FALS;FALS;FALS;FALS;FALS;;342,108;;3,83;;4,25;;0,000427;2,940018155;;120,3013687;;5,89;;;;;;0,90758;;0,02;;;;;;0;0;0;0;0;0;0;0;0;0;0;0;0;0;0;0;0;0;0;0;0;0;0;0;0;0;0;0;0;0;0;0;0;0;0;0;0;0;0;0;0;0;0;0;0;0;0;0;0;0;0;0;0;0;0;0;0;0;0;0;0;0;0;0;0;;;0,76660347;;;;;0,342635618;FALS;0;0;0;0;446,3;low ;0,2;552,5;low ;0,218;1060;low ;0;0,510527215;0,060521158;0,06601201;0,046295643;0,522498163;;;P_score_freshwater_pred_Dashboard;0,76660347;0,76660347;;;M_score_pred_Dashboard;0,342635618;0,342635618;kemi_score;0,02;0,512509174;1;;;0,512509174;1;0,522498163;0,5;0,515817436;0,75;0,522498163;0,25;0,515817436;0,75;0.00;PM;;PM;1
5-aminonaphthalene-2-sulphonic acid;119-79-9;204-351-2;UWPJYQYRSWYIGZ-UHFFFAOYSA-N;Nc1cccc2cc(S(=O)(=O)O)ccc12;DTXSID6059497;8408;PRO-188;NS00004034;REACH-B;FALS;vPvM & PMT;MQ;vPvM & PMT;FALS;FALS;;;FALS;FALS;FALS;FALS;FALS;FALS;FALS;FALS;FALS;FALS;FALS;FALS;FALS;FALS;FALS;FALS;FALS;FALS;;;;CERT;CERT;CERT;FALS;FALS;FALS;FALS;FALS;FALS;FALS;CERT;FALS;FALS;FALS;FALS;FALS;FALS;FALS;FALS;FALS;FALS;FALS;FALS;FALS;FALS;P-PNEC pred;223,25;;-0,235;;8,38;0,00447;0,00567;3,06069784;0,4218;96,54410977;27,03460316;5,75;171;;;;-1,1;5,48279;;0,47;0,02;0,07;>1 to < 10 tonnes;1;10;0;0;0;0;0;0;0;0;0;0;0;0;0;0;0;0;0;1;1;0;1;0;0;0;0;0;0;0;0;0;0;0;0;0;0;0;0;0;0;0;0;0;0;0;0;0;0;0;0;0;1;1;0;0;0;0;0;0;0;0;0;0;0;0;0;0,856976758;0,203774505;0,692777862;;;;0,749120081;0,324050343;FALS;0;0;0;0;163,6;low ;0,214;4980;moderate ;0,85;2200;moderate ;0,85;0,323222502;0,024192342;0,098519555;0,034144171;0,339289292;;;P_score_freshwater_pred_UBA;0,856976758;0,584509708;;;M_score_pred_Episuite;0,749120081;0,536585212;kemi_score;0,47;0,801235607;1;;;0,560035058;1;0,339289292;0,5;0,601677187;0,75;0,339289292;0,25;0,473878342;0,75;0.00;vPvM;;PM;4
5-Chlorobenzotriazole;94-97-3;202-378-4;PZBQVZFITSVHAW-UHFFFAOYSA-N;C1=CC2=NNN=C2C=C1Cl;DTXSID0047450;66760;PRO-189;NS00009697;;FALS;;;;FALS;FALS;;;FALS;FALS;FALS;FALS;FALS;FALS;FALS;FALS;FALS;FALS;FALS;FALS;FALS;FALS;FALS;FALS;FALS;FALS;;;;FALS;FALS;FALS;FALS;FALS;FALS;FALS;FALS;FALS;FALS;FALS;FALS;FALS;FALS;FALS;FALS;FALS;FALS;FALS;FALS;FALS;FALS;FALS;FALS;FALS;;153,57;;1,85;;6,58;;0,0276;1,680335513;1,9992;12,30493006;30,38570784;10,2;;;;;;3,57026;;0,3;;;;;;0;0;0;0;0;0;0;0;0;0;0;0;0;0;0;0;0;0;0;0;0;0;0;0;0;0;0;0;0;0;0;0;0;0;0;0;0;0;0;0;0;0;0;0;0;0;0;0;0;0;0;0;0;0;0;0;0;0;0;0;0;0;0;0;0;;0,238103737;0,06247629;;;;0,500138629;0,555168111;FALS;0;0;0;0;542,5;low ;0,307;1160;low ;0,308;984,2;low ;0,394;0,365238252;0,044597369;0,060973764;0,047739324;0,378201691;;;P_score_freshwater_pred_RIVM;0,238103737;0,150290014;;;M_score_pred_Dashboard;0,555168111;0,52765337;kemi_score;0,3;0,363576129;1;;;0,28160439;1;0,378201691;0,5;0,368387368;0,75;0,378201691;0,25;0,310694884;0,75;0.00;PM;;;4
5-Methyl-1H-benzotriazole;136-85-6;205-265-8;LRUDIIUSNGCQKF-UHFFFAOYSA-N;CC1=CC2=NNN=C2C=C1;DTXSID1038743;8705;PRO-190;NS00008943;;FALS;;;;FALS;FALS;;;FALS;FALS;FALS;FALS;FALS;FALS;CERT;CERT;FALS;CERT;FALS;FALS;FALS;FALS;CERT;FALS;FALS;FALS;;;;CERT;FALS;FALS;FALS;FALS;CERT;CERT;FALS;FALS;FALS;FALS;FALS;FALS;FALS;FALS;FALS;FALS;FALS;FALS;FALS;FALS;FALS;FALS;FALS;FALS;;133,154;;1,56;;6,05;;0,0398;1,800029359;1,9439;12,30493006;21,51758556;3,24;;;;;;150;0,51;0,62;0;0,09;>0 to < 10 tonnes;0;10;0;0;0;0;0;0;0;0;0;0;0;0;0;0;0;0;0;0;0;0;1;0;0;0;0;0;0;0;0;0;0;1;0;0;0;0;0;0;0;0;0;0;0;0;0;0;0;0;0;0;0;1;0;0;0;0;0;0;1;0;0;0;0;0;0;;0,14766173;0,06247629;;;;0,509720164;0,534596898;FALS;0;0;0;0;1840;low ;0,293;3500;low ;0,309;1320;low ;0,398;0,101918142;0,028084036;0,036798065;0,042266533;0,113212524;;;P_score_freshwater_pred_RIVM;0,14766173;0,10506901;;;M_score_pred_Dashboard;0,534596898;0,522158531;kemi_score;0,62;0,280961746;1;;;0,234227838;1;0,240288134;1;0,259830279;1;0,240288134;0,5;0,237238635;1;0.00;;;;3
6:2 fluorotelomer carboxylic acid;53826-12-3 ;;;C(C(=O)O)C(C(C(C(C(C(F)(F)F)(F)F)(F)F)(F)F)(F)F)(F)F;DTXSID50472556;11783764;PRO-191;;;FALS;;;;FALS;FALS;;;FALS;FALS;FALS;FALS;FALS;CERT;FALS;FALS;FALS;FALS;FALS;FALS;FALS;FALS;CERT;FALS;FALS;FALS;;;;FALS;FALS;FALS;FALS;FALS;FALS;FALS;FALS;FALS;FALS;FALS;FALS;FALS;FALS;FALS;FALS;FALS;FALS;FALS;FALS;FALS;FALS;FALS;FALS;FALS;;378,089;;4,74;;4,19;;0,00476;3,380211242;;134,2897797;;5,89;;;;;;;;;;;;;;0;0;0;0;0;0;0;0;0;0;0;0;0;0;0;0;0;0;0;0;0;0;0;0;0;0;0;0;0;0;0;0;0;0;0;0;0;0;0;0;0;0;0;0;0;0;0;0;0;0;0;0;0;0;0;0;0;0;0;0;0;0;0;0;0;;;0,798553329;;;;;0,277541495;FALS;0;0;0;0;262,3;low ;0,193;4,8;low ;0;942,1;low ;0;;0,335984328;0,081750419;0,048609898;0,015777831;;;P_score_freshwater_pred_Dashboard;0,798553329;0,798553329;;;M_score_pred_Dashboard;0,277541495;0,277541495;;;0,470777745;1;;;0,470777745;1;0,015777831;0,5;0,151784136;0,75;0,015777831;0,25;0,151784136;0,75;0.00;PM;;PM;4
6:2 fluorotelomer phosphate diester;57677-95-9;;;C(COP(=O)(O)OCCC(C(C(C(C(C(F)(F)F)(F)F)(F)F)(F)F)(F)F)(F)F)C(C(C(C(C(C(F)(F)F)(F)F)(F)F)(F)F)(F)F)(F)F;DTXSID50561590;14550408;PRO-192;;;FALS;;;;FALS;FALS;;<LOD;FALS;FALS;FALS;FALS;FALS;CERT;FALS;FALS;FALS;FALS;FALS;FALS;FALS;FALS;CERT;FALS;FALS;FALS;;;;FALS;FALS;FALS;FALS;FALS;FALS;FALS;FALS;FALS;FALS;FALS;FALS;FALS;FALS;FALS;FALS;FALS;FALS;FALS;FALS;FALS;FALS;FALS;FALS;FALS;;790,176;;9,14;;9,08;;4,79E-06;5,178976947;;41,26439411;;57,5;;;;;;;;;;;;;;0;0;0;0;0;0;0;0;0;0;0;0;0;0;0;0;0;0;0;0;0;0;0;0;0;0;0;0;0;0;0;0;0;0;0;0;0;0;0;0;0;0;0;0;0;0;0;0;0;0;0;0;0;0;0;0;0;0;0;0;0;0;0;0;0;;;0,345258688;;;;;0,099436726;FALS;0;0;0;0;33,2;low ;0;0,2;low ;0;955,4;low ;0;;0,667959369;0,179293992;0,048329108;0;;;P_score_freshwater_pred_Dashboard;0,345258688;0,345258688;;;M_score_pred_Dashboard;0,099436726;0,099436726;;;0,185287327;1;;;0,185287327;1;0;0,5;0;0,75;0;0,25;0;0,75;1.00;;;;2
6-amino-4-hydroxynaphthalene-2-sulphonic acid;90-51-7;202-000-8;HBZVNWNSRNTWPS-UHFFFAOYSA-N;Nc1ccc2cc(S(=O)(=O)O)cc(O)c2c1;DTXSID0026547;7022;PRO-193;NS00009937;REACH-B;FALS;vPvM & PMT;MQ;vPvM & PMT;FALS;FALS;;;FALS;FALS;FALS;FALS;FALS;FALS;FALS;FALS;FALS;FALS;FALS;FALS;FALS;FALS;FALS;FALS;FALS;FALS;;;;CERT;CERT;CERT;FALS;FALS;FALS;FALS;FALS;FALS;FALS;CERT;FALS;FALS;FALS;FALS;FALS;FALS;FALS;FALS;FALS;FALS;FALS;FALS;FALS;FALS;P-PNEC pred;239,25;;-0,758;;9,21;;0,0234;3,049218023;0,3231;25,53372175;25,94944479;3,16;147;;;;-1,9;3,61656;0,76;0,46;0,02;0,07;>1 to < 10 tonnes;1;10;0;0;0;0;0;0;0;0;0;0;0;0;0;0;0;0;0;0;1;0;1;0;0;0;0;0;0;1;0;0;0;0;0;0;0;0;0;0;0;0;0;0;0;0;0;0;0;0;0;0;1;1;0;0;0;0;0;0;0;0;0;0;0;0;0;0,822280132;0,192646812;0,188389078;;;;0,761757374;0,325795737;FALS;0;0;0;0;176,3;low ;0,212;648,7;moderate ;0,85;1220;low ;0,7;0,363941899;0,056676806;0,095673223;0,043673418;0,363941899;;;P_score_freshwater_pred_UBA;0,822280132;0,401105341;;;M_score_pred_Episuite;0,761757374;0,543776556;kemi_score;0,46;0,79144043;1;;;0,467024283;1;0,5259238;1;0,645164598;1;0,5259238;0,5;0,495599824;1;0.00;vPvM;;PM;
6-methoxy-m-toluidine;120-71-8;204-419-1;WXWCDTXEKCVRRO-UHFFFAOYSA-N;COc1ccc(C)cc1N;DTXSID1020350;8445;PRO-194;NS00011442;REACH-C;FALS;PMT;MQ;Potential PMT/vPvM;FALS;FALS;;;FALS;FALS;FALS;FALS;FALS;FALS;FALS;FALS;FALS;CERT;FALS;FALS;FALS;FALS;CERT;FALS;FALS;FALS;;Dye;Intermediate;CERT;CERT;CERT;FALS;FALS;FALS;FALS;FALS;FALS;FALS;FALS;FALS;FALS;FALS;FALS;FALS;FALS;FALS;FALS;FALS;FALS;FALS;FALS;FALS;FALS;P-PNEC pred;137,182;1,74;1,64;;7,28;;0,025;1,729974286;1,9219;32,13674244;31,91059843;3,55;29;;;;0,9;22,98684;0,51;0,67;0;0;;;;0;0;0;0;0;0;0;0;0;0;0;0;0;0;0;0;0;0;1;0;0;0;0;0;0;0;0;0;0;0;0;0;0;0;0;0;0;0;0;0;0;0;0;0;0;0;0;0;0;0;0;1;0;0;0;0;0;0;0;0;0;0;0;0;0;0,223931947;0,253620275;0,255912303;;;;0,513530395;0,546655767;CERT;0,75;0;0;0;6430;low ;0,7;56,1;good ;1;3490;moderate ;0,85;0,203999987;0,148178059;0,021706224;0,028117974;0,203999987;;;P_score_freshwater_pred_Dashboard;0,255912303;0,244488175;;;M_score_pred_Dashboard;0,546655767;0,530093081;kemi_score;0,67;0,374026652;1;;;0,360002069;1;0,322552311;1;0,347337244;1;0,322552311;0,5;0,340763113;1;0.00;PM;;PM;
6-methyl-1,3,5-triazine-2,4-diyldiamine;542-02-9;208-796-3;NJYZCEFQAIUHSD-UHFFFAOYSA-N;Cc1nc(nc(n1)N)N;DTXSID5029186;10949;PRO-195;NS00003170;REACH-B;FALS;vPvM;HQ;vPvM;FALS;FALS;;;FALS;FALS;FALS;FALS;FALS;FALS;FALS;FALS;FALS;FALS;FALS;FALS;FALS;FALS;FALS;FALS;FALS;FALS;;;;FALS;FALS;CERT;FALS;FALS;FALS;FALS;FALS;FALS;FALS;FALS;FALS;FALS;FALS;FALS;FALS;FALS;FALS;FALS;FALS;FALS;FALS;FALS;FALS;FALS;P-PNEC pred;125,135;;-0,151;;7,94;;0,215;1,439332694;0,8852;244,6919323;56,85925233;2,04;2500;;;;-2,2;1,84143;0,68;0,48;0;0;;;;0;1;0;0;0;0;0;0;0;0;0;0;0;0;0;0;0;0;0;0;0;0;0;0;0;0;0;0;0;0;0;0;0;0;0;0;0;0;0;0;0;0;0;0;0;0;0;0;0;0;0;0;0;0;0;0;0;0;0;0;0;0;0;0;0;0,998300918;0,477037936;0,917054554;;;;0,684109093;0,595951643;FALS;0;0;0;0;15330;low ;0,501;144,2;low ;0,403;13860;low ;0,485;0,434096867;0,10349642;0,01498596;0,015646109;0,434096867;;;P_score_freshwater_pred_UBA;0,998300918;0,797464469;;;M_score_pred_Episuite;0,684109093;0,640030368;kemi_score;0,48;0,826405915;1;;;0,714423878;1;0,543310105;1;0,670070656;1;0,543310105;0,5;0,623019833;1;0.00;vPvM;;vPvM;3
6-methyl-2-pyridinemethanol;1122-71-0;214-358-2;JLVBSBMJQUMAMW-UHFFFAOYSA-N;CC1=NC(=CC=C1)CO;DTXSID90149952;70736;PRO-196;NS00015806;;FALS;;;;FALS;FALS;;;FALS;FALS;FALS;FALS;FALS;FALS;FALS;FALS;FALS;CERT;FALS;FALS;FALS;FALS;CERT;FALS;FALS;FALS;;;;FALS;FALS;FALS;FALS;FALS;FALS;FALS;FALS;FALS;FALS;FALS;FALS;FALS;FALS;FALS;FALS;FALS;FALS;FALS;FALS;FALS;FALS;FALS;FALS;FALS;;123,155;;0,25;;6,05;;2,24;1,540329475;0,9279;34,81331749;22,90813704;4,9;;;;;;45,96988;;0,13;;;;;;0;0;0;0;0;0;0;0;0;0;0;0;0;0;0;0;0;0;0;0;0;0;0;0;0;0;0;0;0;0;0;0;0;0;0;0;0;0;0;0;0;0;0;0;0;0;0;0;0;0;0;0;0;0;0;0;0;0;0;0;0;0;0;0;0;;0,161649342;0,282810472;;;;0,677678413;0,578987735;FALS;0;0;0;0;3810;low ;0,532;5240;low ;0,692;4900;low ;0,692;0,159430256;0,023676031;0,027095323;0,024358934;0,159430256;;;P_score_freshwater_pred_Dashboard;0,282810472;0,222229907;;;M_score_pred_Episuite;0,677678413;0,628333074;kemi_score;0,13;0,437783682;1;;;0,373676867;1;0,159430256;0,5;0,312629503;0,75;0,159430256;0,25;0,281311653;0,75;2.00;PM;;PM;2
6-phenyl-1,3,5-triazine-2,4-diyldiamine;91-76-9;202-095-6;GZVHEAJQGPRDLQ-UHFFFAOYSA-N;C1=CC=C(C=C1)C2=NC(=NC(=N2)N)N;DTXSID1020142;7064;PRO-197;NS00005541;REACH-A;FALS;vPvM;HQ;vPvM;FALS;FALS;;;FALS;FALS;FALS;FALS;FALS;FALS;FALS;FALS;FALS;FALS;FALS;FALS;FALS;FALS;FALS;CERT;FALS;CERT;"antioxidant; antioxidant; fragrance; fragrance component; masking";"Monomers; Paint additives and coating additives not described by other categories; Processing aids, not otherwise listed";Processing aids, not otherwise listed;CERT;CERT;CERT;CERT;CERT;CERT;CERT;FALS;FALS;FALS;CERT;CERT;FALS;CERT;CERT;FALS;FALS;FALS;CERT;FALS;FALS;FALS;FALS;FALS;FALS;P-PNEC pred;187,206;1,36;1,39;;9,03;0,0032;0,00671;2,170261715;1,5102;729416,3698;61,509855;20,4;2500;;;1,4;;0,07293;0,58;0,73;0,36;0,48;>1000 to < 10000 tonnes;1000;10000;1;0;0;0;0;0;0;1;0;0;0;0;0;0;0;0;0;0;0;0;0;0;0;0;0;0;0;0;0;0;1;0;0;0;0;0;0;0;0;0;0;1;0;0;0;1;0;0;0;0;0;1;0;0;1;0;0;0;0;0;0;0;0;0;0;0,998300918;0,510619957;0,999999896;;;0,602498941;0,584069909;0,47053009;CERT;0;0;0;0;311,2;low ;0,304;207,8;;0,85;13830;;0,85;0,757145655;0,08967207;0,076347574;0,015660609;0,757145655;;;P_score_freshwater_pred_Dashboard;0,999999896;0,836306924;M_score_exp_UBA;0,602498941;M_score_exp_UBA;0,602498941;0,552366313;kemi_score;0,73;0,776208012;1;0,602498941;0,5;0,679667398;1;0,662679772;1;0,717201052;1;0,641979616;0,75;0,671119838;1;0.00;vPvM(T);PM(T);PM(T);3
7:3 fluorotelomer carboxylate;812-70-4;696-430-7;HLBRGVKRZQSQHB-UHFFFAOYSA-N;C(CC(C(C(C(C(C(C(F)(F)F)(F)F)(F)F)(F)F)(F)F)(F)F)(F)F)C(=O)O;DTXSID90382620;2783376;PRO-198;NS00008860;;FALS;;;;FALS;FALS;;;FALS;FALS;FALS;FALS;FALS;CERT;FALS;FALS;FALS;FALS;FALS;FALS;FALS;FALS;CERT;FALS;FALS;FALS;;;;FALS;FALS;FALS;FALS;FALS;FALS;FALS;FALS;FALS;FALS;FALS;FALS;FALS;FALS;FALS;FALS;FALS;FALS;FALS;FALS;FALS;FALS;FALS;FALS;FALS;;442,124;;5,29;;4,78;;0,00102;3,650307523;;149,9047361;;30,2;;;;;;0,23376;;0,02;;;;;;0;0;0;0;0;0;0;0;0;0;0;0;0;0;0;0;0;0;0;0;0;0;0;0;0;0;0;0;0;0;0;0;0;0;0;0;0;0;0;0;0;0;0;0;0;0;0;0;0;0;0;0;0;0;0;0;0;0;0;0;0;0;0;0;0;;;0,827115887;;;;;0,241603935;FALS;0;0;0;0;63,3;low ;0,192;1,3;low ;0;610,4;low ;0;0,652768264;0,471544941;0,141680278;0,058106508;0,652768264;;;P_score_freshwater_pred_Dashboard;0,827115887;0,827115887;;;M_score_pred_Dashboard;0,241603935;0,241603935;kemi_score;0,02;0,44702847;1;;;0,44702847;1;0,652768264;0,5;0,507157828;0,75;0,652768264;0,25;0,507157828;0,75;1.00;PM(T);(T);PM(T);4
7-[[2-[(aminocarbonyl)amino]-4-[(4-amino-6-chloro-1,3,5-triazin-2-yl)amino]phenyl]azo]naphthalene-1,3,6-trisulphonic acid;35642-64-9;252-652-2;GFPPLTJOYVDEIS-UHFFFAOYSA-N;NC(=O)Nc1cc(Nc2nc(N)nc(Cl)n2)ccc1N=Nc1cc2c(cc(cc2cc1S(=O)(=O)O)S(=O)(=O)O)S(=O)(=O)O;DTXSID70867869;94656;PRO-199;NS00089269;REACH-B;FALS;vPvM;HQ;vPvM;FALS;FALS;;;FALS;FALS;FALS;FALS;FALS;FALS;FALS;FALS;FALS;FALS;FALS;FALS;FALS;FALS;FALS;FALS;FALS;FALS;;;;CERT;CERT;CERT;FALS;FALS;FALS;FALS;FALS;FALS;FALS;FALS;CERT;FALS;FALS;FALS;FALS;FALS;FALS;FALS;FALS;FALS;FALS;FALS;FALS;FALS;P-PNEC;674,03;;-0,307;;9,58;;0,0588;1,650307523;;2807,360508;;3,8;3760;;;1;;0,009314852;;;0;0;;;;0;0;0;0;0;0;0;0;0;0;0;0;0;0;0;0;0;0;0;0;0;1;0;0;0;0;0;0;0;0;0;0;1;0;0;0;0;0;0;0;0;0;0;0;0;0;1;0;0;0;0;1;0;0;0;0;0;0;0;0;0;0;0;0;0;0,999153596;;0,998606012;;;0,666666667;;0,560302137;FALS;0;0;0;0;405,7;low ;0;3440;low ;0;1440;low ;0;0,883995608;0,028289741;0,068612223;0,040763034;0,883995608;;;P_score_freshwater_pred_UBA;0,999153596;0,998879804;M_score_exp_UBA;0,666666667;M_score_exp_UBA;0,666666667;0,613484402;E_score_min;0;0,816150965;1;0,666666667;0,5;0,78281363;1;0,883995608;0,5;0,838166633;0,75;0,767678582;0,5;0,815183952;0,75;0.00;vPvM(T);PM(T);vPvM(T);1
7-amino-4-hydroxynaphthalene-2-sulphonic acid;87-02-5;201-718-9;KYARBIJYVGJZLB-UHFFFAOYSA-N;Nc1ccc2c(c1)cc(S(=O)(=O)O)cc2O;DTXSID7026520;6868;PRO-200;NS00007596;REACH-B;FALS;vPvM & PMT;MQ;vPvM & PMT;FALS;FALS;;;FALS;FALS;FALS;FALS;FALS;FALS;FALS;FALS;FALS;FALS;FALS;FALS;FALS;FALS;FALS;FALS;FALS;FALS;;Intermediate;Intermediate;CERT;CERT;CERT;FALS;FALS;FALS;CERT;FALS;FALS;FALS;CERT;FALS;FALS;FALS;FALS;FALS;FALS;FALS;FALS;FALS;FALS;FALS;FALS;FALS;FALS;P-PNEC pred;239,25;;-0,758;;9,21;;0,0233;3,079181246;0,3231;25,53372175;25,94944479;3,16;147;;;;-1,7;3,61656;0,76;0,49;0,03;0,09;>1 to < 10 tonnes;1;10;0;0;0;0;0;0;0;0;0;0;0;0;0;0;0;0;0;0;1;0;0;0;0;0;0;0;0;0;0;0;0;0;0;0;0;0;0;0;0;0;0;0;0;0;0;0;1;0;0;0;1;1;1;0;0;0;0;0;0;0;0;0;0;0;0;0,822280132;0,192646812;0,188389078;;;;0,761757374;0,321250392;FALS;0;0;0;0;194,6;low ;0,213;137,8;low ;0,7;1390;low ;0,7;0,363941899;0,105340125;0,092026147;0,041367399;0,363941899;;;P_score_freshwater_pred_UBA;0,822280132;0,401105341;;;M_score_pred_Episuite;0,761757374;0,541503883;kemi_score;0,49;0,79144043;1;;;0,466047315;1;0,5259238;1;0,645164598;1;0,5259238;0,5;0,49508118;1;0.00;vPvM;;PM;4
7H-perfluoroheptanoic acid;1546-95-8;216-283-0;JZHDEEOTEUVLHR-UHFFFAOYSA-N;C(C(C(C(C(C(C(=O)O)(F)F)(F)F)(F)F)(F)F)(F)F)(F)F;DTXSID70165670;15243;PRO-201;NS00009073;;FALS;;;;CERT;CERT;;;FALS;FALS;FALS;CERT;FALS;CERT;FALS;FALS;FALS;FALS;FALS;FALS;FALS;FALS;CERT;FALS;FALS;FALS;;;;FALS;FALS;FALS;FALS;FALS;FALS;FALS;FALS;FALS;FALS;FALS;FALS;FALS;FALS;FALS;FALS;FALS;FALS;FALS;FALS;FALS;FALS;FALS;FALS;FALS;;346,072;;4,44;;4,24;;0,000479;2,980003372;2,1138;87,35672301;181,0171259;5,89;;;;;;0,83625;;0,2;;;;;;0;0;0;0;0;0;0;0;0;0;0;0;0;0;0;0;0;0;0;0;0;0;0;0;0;0;0;0;0;0;0;0;0;0;0;0;0;0;0;0;0;0;0;0;0;0;0;0;0;0;0;0;0;0;0;0;0;0;0;0;0;0;0;0;0;;0,868495674;0,655247715;;;;0,480290181;0,33642055;FALS;0;0;0;0;495,6;low ;0,193;7,4;low ;0;1430;low ;0;0,519406214;0,29541419;0,063261259;0,040881538;0,519406214;;;P_score_freshwater_pred_RIVM;0,868495674;0,761871695;;;M_score_pred_Episuite;0,480290181;0,408355366;kemi_score;0,2;0,645855978;1;;;0,557776294;1;0,519406214;0,5;0,600610384;0,75;0,519406214;0,25;0,544681238;0,75;0.00;PM;;PM;
8:2 chlorinated perfluoroalkylether sulfonate;83329-89-9;;BDKYEEMJFNONPU-UHFFFAOYSA-M;C(C(C(C(C(F)(F)Cl)(F)F)(F)F)(F)F)(C(C(C(OC(C(F)(F)S(=O)(=O)[O-])(F)F)(F)F)(F)F)(F)F)(F)F.[K+];DTXSID00892447;50851128;PRO-202;NS00117956;;FALS;;;;CERT;CERT;;;FALS;FALS;FALS;FALS;FALS;CERT;FALS;FALS;FALS;FALS;FALS;FALS;FALS;FALS;CERT;FALS;FALS;FALS;;;;FALS;FALS;FALS;FALS;FALS;FALS;FALS;FALS;FALS;FALS;FALS;FALS;FALS;FALS;FALS;FALS;FALS;FALS;FALS;FALS;FALS;FALS;FALS;FALS;FALS;;670,68;;6,64;;7,64;;2,16E-05;4,920123326;;87,35672301;;33,1;;;;;;;;;;;;;;0;0;0;0;0;0;0;0;0;0;0;0;0;0;0;0;0;0;0;0;0;0;0;0;0;0;0;0;0;0;0;0;0;0;0;0;0;0;0;0;0;0;0;0;0;0;0;0;0;0;0;0;0;0;0;0;0;0;0;0;0;0;0;0;0;;;0,655247715;;;;;0,116698258;FALS;0;0;0;0;30,5;low ;0,173;1,1;low ;0;416,8;low ;0;;0,489653306;0,184778832;0,067866867;0,031966738;;;P_score_freshwater_pred_Dashboard;0,655247715;0,655247715;;;M_score_pred_Dashboard;0,116698258;0,116698258;;;0,276525346;1;;;0,276525346;1;0,031966738;0,5;0,134706764;0,75;0,031966738;0,25;0,134706764;0,75;1.00;;;;3
8:2 fluorotelomer carboxylic acid;27854-31-5;;XTBXSCIWOVSSGB-UHFFFAOYSA-N;C(C(=O)O)C(C(C(C(C(C(C(C(F)(F)F)(F)F)(F)F)(F)F)(F)F)(F)F)(F)F)(F)F;DTXSID50451109;10994425;PRO-203;NS00011081;;FALS;;;;FALS;FALS;;;FALS;FALS;FALS;FALS;FALS;CERT;FALS;FALS;FALS;FALS;FALS;FALS;FALS;FALS;CERT;FALS;FALS;FALS;;;;FALS;FALS;FALS;FALS;FALS;FALS;FALS;FALS;FALS;FALS;FALS;FALS;FALS;FALS;FALS;FALS;FALS;FALS;FALS;FALS;FALS;FALS;FALS;FALS;FALS;;478,105;;6,08;;4,65;;7,38E-05;2,920123326;;134,2897797;;33,1;;;;;;0,18798;;0,02;;;;;;0;0;0;0;0;0;0;0;0;0;0;0;0;0;0;0;0;0;0;0;0;0;0;0;0;0;0;0;0;0;0;0;0;0;0;0;0;0;0;0;0;0;0;0;0;0;0;0;0;0;0;0;0;0;0;0;0;0;0;0;0;0;0;0;0;;;0,798553329;;;;;0,345748345;FALS;0;0;0;0;118,6;low ;0,187;0,8;low ;0;504,1;low ;0;0,673902353;0,52420856;0,111641286;0,062825015;0,680200584;;;P_score_freshwater_pred_Dashboard;0,798553329;0,798553329;;;M_score_pred_Dashboard;0,345748345;0,345748345;kemi_score;0,02;0,525450751;1;;;0,525450751;1;0,680200584;0,5;0,57266461;0,75;0,680200584;0,25;0,57266461;0,75;1.00;PM(T);(T);PM(T);4
8:2 fluorotelomer phosphate diester;678-41-1;211-649-6;;C(COP(=O)(O)OCCC(C(C(C(C(C(C(C(F)(F)F)(F)F)(F)F)(F)F)(F)F)(F)F)(F)F)(F)F)C(C(C(C(C(C(C(C(F)(F)F)(F)F)(F)F)(F)F)(F)F)(F)F)(F)F)(F)F;DTXSID90218051;3022253;PRO-204;;;FALS;;;;FALS;FALS;;<LOD;FALS;FALS;FALS;FALS;FALS;CERT;FALS;FALS;FALS;FALS;FALS;FALS;FALS;FALS;CERT;FALS;FALS;FALS;;;;FALS;FALS;FALS;FALS;FALS;FALS;FALS;FALS;FALS;FALS;FALS;FALS;FALS;FALS;FALS;FALS;FALS;FALS;FALS;FALS;FALS;FALS;FALS;FALS;FALS;;990,207;;11,7;;9,79;;1,91E-06;5,120573931;7,7213;41,26439411;1816744,676;115;;;;;;0,07339;;0,17;;;;;;0;0;0;0;0;0;0;0;0;0;0;0;0;0;0;0;0;0;0;0;0;0;0;0;0;0;0;0;0;0;0;0;0;0;0;0;0;0;0;0;0;0;0;0;0;0;0;0;0;0;0;0;0;0;0;0;0;0;0;0;0;0;0;0;0;;0,999999978;0,345258688;;;;0,01860211;0,103121081;FALS;0;0;0;0;362;low ;0;0,1;low ;0;908,9;low ;0;0,756643197;0,731058579;0,07184361;0,049335557;0,759667865;;;P_score_freshwater_pred_RIVM;0,999999978;0,672629333;;;M_score_pred_Dashboard;0,103121081;0,060861596;kemi_score;0,17;0,32112471;1;;;0,202329668;1;0,759667865;0,5;0,427881722;0,75;0,759667865;0,25;0,314471263;0,75;1.00;(T);(T);(T);
8:2 fluorotelomer sulfonic acid;39108-34-4;254-295-8;ALVYVCQIFHTIRD-UHFFFAOYSA-N;C(CS(=O)(=O)O)C(C(C(C(C(C(C(C(F)(F)F)(F)F)(F)F)(F)F)(F)F)(F)F)(F)F)(F)F;DTXSID00192353;3016044;PRO-205;NS00011092;;FALS;;;;CERT;CERT;< 0,3;<1.5;CERT;CERT;CERT;FALS;CERT;CERT;FALS;FALS;FALS;FALS;FALS;FALS;FALS;FALS;CERT;FALS;FALS;FALS;;;;FALS;FALS;FALS;FALS;FALS;FALS;FALS;FALS;FALS;FALS;FALS;FALS;FALS;FALS;FALS;FALS;FALS;FALS;FALS;FALS;FALS;FALS;FALS;FALS;FALS;;528,18;;5,22;;6,22;;0,000226;3,230448921;3,1376;134,2897797;3455,288918;31,6;;;;;;0,25269;0,31;0,28;;;;;;0;0;0;0;0;0;0;0;0;0;0;0;0;0;0;0;0;0;0;0;0;0;0;0;0;0;0;0;0;0;0;0;0;0;0;0;0;0;0;0;0;0;0;0;0;0;0;0;0;0;0;0;0;0;0;0;0;0;0;0;0;0;0;0;0;;0,999022165;0,798553329;;;;0,312485633;0,2988286;FALS;0;0;0;0;22,6;low ;0,146;0,8;low ;0;450,1;low ;0;0,645063977;0,52420856;0,205199504;0,065785353;0,657664033;;;P_score_freshwater_pred_RIVM;0,999022165;0,898787747;;;M_score_pred_Episuite;0,312485633;0,305657117;kemi_score;0,28;0,55873077;1;;;0,524138218;1;0,451526135;1;0,502276363;1;0,451526135;0,5;0,486479294;1;1.00;PM;;PM;4
8:2 Fluorotelomerically unsaturated carboxylic acid;70887-84-2;;WHZXTVOEGZRRJM-UHFFFAOYSA-N;C(=C(C(C(C(C(C(C(C(F)(F)F)(F)F)(F)F)(F)F)(F)F)(F)F)(F)F)F)C(=O)O;DTXSID60825615;71404795;PRO-206;NS00117957;;FALS;;;;FALS;FALS;;;FALS;FALS;FALS;FALS;FALS;CERT;FALS;FALS;FALS;FALS;FALS;FALS;FALS;FALS;CERT;FALS;FALS;FALS;;;;FALS;FALS;FALS;FALS;FALS;FALS;FALS;FALS;FALS;FALS;FALS;FALS;FALS;FALS;FALS;FALS;FALS;FALS;FALS;FALS;FALS;FALS;FALS;FALS;FALS;;458,098;;5,93;;4,81;0,00014;9,75E-05;3,230448921;;71,52163562;;5,01;;;;;;;;0,02;;;;;;0;0;0;0;0;0;0;0;0;0;0;0;0;0;0;0;0;0;0;0;0;0;0;0;0;0;0;0;0;0;0;0;0;0;0;0;0;0;0;0;0;0;0;0;0;0;0;0;0;0;0;0;0;0;0;0;0;0;0;0;0;0;0;0;0;;;0,574512175;;;;;0,2988286;FALS;0;0;0;0;92,8;low ;0,196;1,5;low ;0;494;low ;0;;0,456090589;0,122652502;0,063344531;0,02403989;;;P_score_freshwater_pred_Dashboard;0,574512175;0,574512175;;;M_score_pred_Dashboard;0,2988286;0,2988286;kemi_score;0,02;0,41434366;1;;;0,41434366;1;0,02403989;0,5;0,160405022;0,75;0,02403989;0,25;0,160405022;0,75;0.00;PM;;PM;4
Acenaphthene;83-32-9;201-469-6;CWRYPZZKDGJXCA-UHFFFAOYSA-N;C1Cc2cccc3c2c1ccc3;DTXSID3021774;6734;PRO-207;NS00006748;REACH-B;FALS;PMT;HQ;Not PMT/vPvM;FALS;FALS;;;FALS;FALS;FALS;FALS;FALS;FALS;FALS;FALS;FALS;FALS;FALS;FALS;FALS;FALS;FALS;CERT;FALS;FALS;;;;CERT;CERT;CERT;FALS;FALS;FALS;CERT;FALS;FALS;FALS;FALS;FALS;FALS;FALS;FALS;FALS;FALS;FALS;FALS;FALS;FALS;FALS;FALS;FALS;FALS;AA-QSwater_eco;154,212;3,92;4,06;6,31;6,33;4,64E-05;2,71E-05;3,589949601;3,4018;7,84E+16;27,26765758;759;;134;;3,4;;3,7;0,27;0,44;0;0;;;;0;0;0;0;0;0;0;0;0;0;0;0;0;0;0;0;0;0;1;0;0;0;0;0;0;0;0;0;0;0;0;0;0;0;0;0;0;0;0;0;0;0;0;0;0;0;0;0;0;0;0;1;0;0;0;0;0;0;0;0;0;0;0;0;0;;0,206165694;1;0,376482344;;0,274799575;0,274551004;0,249352411;FALS;0;0;0;0;511,1;moderate ;0,85;82,7;;1;78,5;;1;0,361651871;0,128139993;0,062473305;0,130690231;0,369468296;P_score_soil_exp_UBA;0,376482344;P_score_freshwater_pred_Dashboard;1;0,527549346;M_score_exp_UBA;0,274799575;M_score_exp_UBA;0,274799575;0,26623433;kemi_score;0,44;0,524213291;1;0,321647615;1;0,374768924;1;0,315842429;1;0,406901461;1;0,318731806;1;0,344046403;1;1.00;PM;;PM;4
Acetic acid, 2,2-difluoro-2-[[2,2,4,5-tetrafluoro-5-(trifluoromethoxy)-1,3-dioxolan-4-yl]oxy]-, ammonium salt (1:1);1190931-41-9;682-238-0;;C(=O)(C(OC1(C(OC(O1)(F)F)(OC(F)(F)F)F)F)(F)F)[O-].[NH4+];DTXSID00882626;154735201;PRO-208;;REACH-A;FALS;vPvM;HQ;vPvM;FALS;FALS;;;CERT;CERT;CERT;FALS;FALS;FALS;FALS;FALS;FALS;FALS;FALS;FALS;FALS;FALS;CERT;FALS;FALS;FALS;;;;CERT;FALS;CERT;FALS;FALS;FALS;FALS;FALS;FALS;FALS;FALS;FALS;FALS;FALS;FALS;FALS;FALS;FALS;FALS;FALS;FALS;FALS;FALS;FALS;FALS;P-PNEC;357,085;;1,3;;4,29;;7,46;2,670245853;;41,26439411;;4,9;18579;;;1;;4,357843275;;;0;0;;;;0;0;0;0;0;0;0;0;0;0;0;0;0;0;0;0;0;0;1;0;0;0;0;0;0;0;0;0;0;0;0;0;0;0;0;0;0;0;0;0;0;0;0;0;0;0;0;0;0;0;1;0;0;0;0;0;0;0;0;0;0;0;0;0;0;0,999944817;;0,345258688;;;0,666666667;;0,385900116;FALS;0;0;0;0;53,3;low ;0,193;8140;low ;0,194;3510;low ;0;0,345411212;0,019634747;0,151006684;0,028050235;0,36478528;;;P_score_freshwater_pred_UBA;0,999944817;0,672601753;M_score_exp_UBA;0,666666667;M_score_exp_UBA;0,666666667;0,526283391;E_score_min;0;0,816474052;1;0,666666667;0,5;0,594961454;1;0,36478528;0,5;0,624176423;0,75;0,49314317;0,5;0,505442381;0,75;2.00;vPvM;PM;PM;4
Allyl 2,3-epoxypropyl ether;106-92-3;203-442-4;LSWYGACWGAICNM-UHFFFAOYSA-N;C=CCOCC1CO1;DTXSID9039232;7838;PRO-209;NS00002883;REACH-A;CERT;vPvM & PMT;MQ;vPvM & PMT;FALS;FALS;;;FALS;FALS;FALS;FALS;FALS;FALS;FALS;FALS;FALS;FALS;FALS;FALS;FALS;FALS;FALS;FALS;FALS;FALS;"Home maintenance -> adhesives and adhesive removers -> multipurpose adhesive; Home maintenance -> caulk/sealant";"Chemical reaction regulator; Intermediates; Monomers; Not Known or Reasonably Ascertainable";"Intermediate; Monomers; Not Known or Reasonably Ascertainable";CERT;CERT;CERT;FALS;FALS;FALS;CERT;FALS;FALS;FALS;FALS;FALS;FALS;FALS;FALS;FALS;FALS;FALS;FALS;FALS;FALS;FALS;FALS;FALS;FALS;P-PNEC pred;114,144;;0,595;;4,01;;0,626;1,389166084;0,9928;71,52163562;17,72122279;2,95;95;;;0,3;;65,32961;0,67;0,76;0,16;0,24;>100 to < 1000 tonnes;100;1000;0;0;0;0;0;0;0;0;0;0;0;0;0;0;0;0;0;0;1;0;0;0;0;0;0;0;0;0;0;0;1;0;0;0;0;0;0;0;0;0;0;0;0;0;0;0;0;0;0;0;1;1;1;0;0;0;0;0;0;0;0;0;0;0;0;0,68688056;0,110574275;0,574512175;;;0,764651037;0,667774778;0,604296029;CERT;0,5;0,5;0;0;14630;low ;0,594;10770;moderate ;0,85;5780;low ;0,7;0,140021661;0,017425942;0,015288552;0,022711115;0,142598635;;;P_score_freshwater_pred_UBA;0,68688056;0,457322337;M_score_exp_UBA;0,764651037;M_score_exp_UBA;0,764651037;0,678907281;kemi_score;0,76;0,724723349;1;0,764651037;0,5;0,557206841;1;0,30909721;1;0,47329691;1;0,418039979;0,75;0,415007326;1;0.00;vPvM;vPvM;PM;3
Ametryn;834-12-8;212-634-7;RQVYBGPQFYCBGX-UHFFFAOYSA-N;CCNC1=NC(=NC(=N1)SC)NC(C)C;DTXSID1023869;13263;PRO-210;NS00000481;REACH-A;CERT;vPvM & PMT;HQ;PMT;FALS;FALS;;;FALS;FALS;FALS;FALS;FALS;FALS;FALS;FALS;FALS;FALS;FALS;FALS;FALS;FALS;FALS;FALS;FALS;FALS;herbicide;;;FALS;FALS;CERT;FALS;FALS;FALS;FALS;FALS;FALS;FALS;CERT;FALS;FALS;FALS;FALS;FALS;FALS;FALS;FALS;FALS;FALS;FALS;FALS;FALS;FALS;JD-UQN;227,33;2,98;3,11;;9,07;0,000905;0,000751;2,589949601;2,3627;29,66595227;76,33673574;6,46;;150;1780;2,1;;0,5;0,44;0,42;0,27;0,35;>1000 to < 10000 tonnes;1000;10000;0;0;0;0;0;0;0;0;0;0;0;0;0;0;0;0;0;0;0;0;0;0;0;0;0;0;0;0;0;0;0;0;0;0;0;0;0;0;0;0;0;0;0;0;0;0;0;0;0;0;0;0;0;0;0;0;0;0;0;0;0;0;0;0;0;;0,601487513;0,230749318;0,422704538;0,980491321;0,482678255;0,437477838;0,399170657;CERT;0;0;0;0;175,7;low ;0,208;707,5;low ;0,555;180,3;low ;0,674;0,574694288;0,054695459;0,095801397;0,094833539;0,582680285;P_score_sediment_exp_UBA;0,980491321;P_score_sediment_exp_UBA;0,980491321;0,558858172;M_score_exp_UBA;0,482678255;M_score_exp_UBA;0,482678255;0,439775583;kemi_score;0,42;0,687940288;1;0,687940288;1;0,495754152;1;0,506339141;1;0,59019581;1;0,59019581;1;0,501018693;1;0.00;PM;PM;PM;
Ammonium 2,3,3,3-tetrafluoro-2-(heptafluoropropoxy)propanoate;62037-80-3;700-242-3;RJWVKMAIYPNUSL-UHFFFAOYSA-N;C(=O)(C(C(F)(F)F)(OC(C(C(F)(F)F)(F)F)(F)F)F)O;DTXSID40108559;51342034;PRO-211;;REACH-C;FALS;vPvM & PMT;HQ;vPvM & PMT;FALS;FALS;;;FALS;FALS;FALS;FALS;FALS;FALS;FALS;FALS;FALS;FALS;FALS;FALS;FALS;FALS;FALS;FALS;FALS;FALS;;Processing aids, not otherwise listed;;CERT;FALS;CERT;FALS;FALS;FALS;CERT;FALS;FALS;FALS;FALS;FALS;FALS;FALS;FALS;FALS;FALS;FALS;FALS;FALS;FALS;FALS;FALS;FALS;FALS;P-PNEC;347,084;;5,12;;3,74;;0,0141;2,609594409;;87,35672301;;6,31;;;;1,1;;1,085511913;;;0,09;0,16;>10 to < 100 tonnes;10;100;0;0;0;0;0;0;0;0;0;0;0;0;0;0;0;0;0;0;0;1;0;0;0;0;0;0;0;0;0;0;1;0;0;0;0;0;0;0;0;0;0;0;0;0;0;0;0;0;0;0;0;0;0;0;1;0;0;0;0;0;0;0;0;0;0;;;0,655247715;;;0,65108968;;0,395909434;FALS;0;0;0;0;271,6;low ;0,201;3490;low ;0,199;3430;low ;0;0,491092294;0,028117974;0,080621705;0,028324517;0,499133979;;;P_score_freshwater_pred_Dashboard;0,655247715;0,655247715;M_score_exp_UBA;0,65108968;M_score_exp_UBA;0,65108968;0,523499557;E_score_max;0,16;0,653165389;1;0,65108968;0,5;0,585680706;1;0,499133979;0,5;0,597156029;0,75;0,570071033;0,5;0,555281226;0,75;0.00;PM;PM;PM;1
Ammonium difluoro[1,1,2,2-tetrafluoro-2-(pentafluoroethoxy)ethoxy]acetate;908020-52-0;700-323-3;UEVSRUAUNBKSPD-UHFFFAOYSA-N;C(=O)(C(OC(C(OC(C(F)(F)F)(F)F)(F)F)(F)F)(F)F)O;DTXSID50893409;46221768;PRO-212;NS00078489;REACH-A;FALS;vPvM & PMT;MQ;PMT;FALS;FALS;;;FALS;FALS;FALS;FALS;FALS;FALS;FALS;FALS;FALS;FALS;FALS;FALS;FALS;FALS;FALS;FALS;FALS;FALS;;;;CERT;CERT;FALS;FALS;FALS;FALS;CERT;FALS;FALS;FALS;FALS;FALS;FALS;FALS;FALS;FALS;FALS;FALS;FALS;FALS;FALS;FALS;FALS;FALS;FALS;P-PNEC;363,083;;5,5;;3,95;;0,003;2,829946696;;41,26439411;;5,01;4214;;;;0,7;3,196729694;;;0,09;0,16;>10 to < 100 tonnes;10;100;0;0;0;0;0;0;0;0;0;0;0;0;0;0;0;0;0;0;0;0;0;0;0;0;0;0;0;0;0;0;0;0;0;0;0;0;0;0;0;0;0;0;0;0;0;0;0;0;0;0;0;0;0;0;1;0;0;0;0;0;0;0;0;0;0;0,999303356;;0,345258688;;;;;0,36002049;FALS;0;0;0;0;166,7;low ;0,194;4950;low ;0,203;3080;low ;0;0,3764354;0,024254368;0,097797887;0,029639759;0,388388127;;;P_score_freshwater_pred_UBA;0,999303356;0,672281022;;;M_score_pred_Dashboard;0,36002049;0,36002049;E_score_max;0,16;0,59980804;1;;;0,49197047;1;0,388388127;0,5;0,518915731;0,75;0,388388127;0,25;0,454689235;0,75;0.00;PM;;PM;3
Ammonium undecafluorohexanoate;21615-47-4;244-479-6;OWCNWICUDXNCTI-UHFFFAOYSA-N;C(=O)(C(C(C(C(C(F)(F)F)(F)F)(F)F)(F)F)(F)F)O.N;DTXSID90880232;73555621;PRO-213;;REACH-A;FALS;vPvM & PMT;HQ;vPvM & PMT;FALS;FALS;;;FALS;FALS;FALS;FALS;FALS;FALS;FALS;FALS;FALS;FALS;FALS;FALS;FALS;FALS;FALS;FALS;FALS;FALS;;;;CERT;FALS;CERT;FALS;FALS;FALS;FALS;FALS;FALS;FALS;FALS;FALS;FALS;FALS;FALS;FALS;FALS;FALS;FALS;FALS;FALS;FALS;FALS;FALS;FALS;P-PNEC pred;331,085;;3,97;;3,83;;0,00335;3,029383778;1,0277;87,35672301;621,4785853;5,5;1048;;;1,8;;1,15978;0,66;0,46;0,02;0,06;>1 to < 10 tonnes;1;10;1;0;0;0;0;0;0;0;0;0;0;0;0;0;0;0;0;0;0;0;0;0;0;0;0;0;0;0;0;0;0;0;0;0;0;0;0;0;0;0;0;0;0;0;0;0;0;0;0;0;0;0;0;0;1;0;0;0;0;0;0;0;0;0;0;0,992532544;0,98195048;0,655247715;;;0,534601961;0,662386395;0,328822738;FALS;0;0;0;0;354,1;low ;0,195;1630;low ;0,209;1440;low ;0;0,483911652;0,038709649;0,072485228;0,040763034;0,491243773;;;P_score_freshwater_pred_UBA;0,992532544;0,876576913;M_score_exp_UBA;0,534601961;M_score_pred_Episuite;0,662386395;0,508603698;kemi_score;0,46;0,810826772;1;0,534601961;0,5;0,667705219;1;0,569403978;1;0,679476261;1;0,557558594;0,75;0,616598742;1;0.00;vPvM;PM;PM;
Amoxicillin;26787-78-0;248-003-8;MQXQVCLAUDMCEF-CWLIKTDRSA-N;CC1(C(N2C(S1)C(C2=O)NC(=O)C(C3=CC=C(C=C3)O)N)C(=O)O)C;DTXSID3037044;33613;PRO-214;;REACH-A;CERT;vPvM & PMT;MQ;vPvM & PMT;FALS;FALS;;;FALS;FALS;FALS;FALS;FALS;FALS;FALS;FALS;FALS;FALS;FALS;FALS;FALS;FALS;FALS;FALS;FALS;FALS;antibiotic;;;CERT;FALS;CERT;FALS;FALS;FALS;CERT;FALS;FALS;FALS;CERT;FALS;FALS;FALS;FALS;FALS;FALS;FALS;FALS;FALS;FALS;FALS;FALS;FALS;FALS;EQS water (=AA-EQS);365,4;0,87;0,733;;9,43;0,00933;0,00627;1,949877704;0,7091;2,61489E+15;39,66446659;3,24;48;;;;-3,6;0,078;0,71;0,43;0,22;0,33;>100 to < 1000 tonnes;100;1000;1;0;0;0;0;0;0;0;0;0;0;0;0;0;0;0;0;0;1;0;0;0;0;0;0;0;0;0;0;0;0;0;0;0;0;0;0;0;0;0;0;0;0;0;0;0;0;0;0;0;0;1;0;0;0;0;0;0;0;0;0;0;0;0;0;0,405773263;0,330140953;1;;;;0,709876372;0,508684659;FALS;0;0;0;0;300;low ;0,197;1430;low ;0;391,6;low ;0,285;0,751738407;0,040881538;0,07747771;0,069600476;0,755508416;;;P_score_freshwater_pred_Dashboard;1;0,578638072;;;M_score_pred_Episuite;0,709876372;0,609280515;kemi_score;0,43;0,842541614;1;;;0,593761655;1;0,732400829;1;0,785543237;1;0,732400829;0,5;0,659447897;1;0.00;vPvM(T);(T);PM(T);
Anthracene;120-12-7;204-371-1;MWPLVEDNUUSJAV-UHFFFAOYSA-N;c1ccc2cc3ccccc3cc2c1;DTXSID0023878;8418;PRO-215;NS00010699;REACH-C;FALS;PMT;HQ;Not PMT/vPvM;FALS;FALS;;;FALS;FALS;FALS;FALS;FALS;FALS;FALS;FALS;FALS;FALS;FALS;FALS;FALS;FALS;FALS;FALS;FALS;FALS;;Other;;CERT;CERT;CERT;FALS;FALS;FALS;CERT;FALS;FALS;FALS;FALS;FALS;FALS;FALS;FALS;FALS;FALS;FALS;FALS;FALS;FALS;FALS;FALS;FALS;FALS;EQS chronic water (=AA-EQS);178,234;4,45;4,54;7,55;7,55;3,38E-07;2,79E-06;4,309630167;3,8618;2,62E+53;70,82715093;1820;;;;3,9;;0,1;0,22;0,7;0;0;;;;0;0;0;0;0;0;0;0;0;0;0;0;0;0;0;0;0;0;1;0;1;0;0;0;0;0;0;1;0;0;0;0;0;0;0;0;0;0;0;0;0;0;0;0;0;0;0;0;0;0;1;1;0;0;0;0;0;0;0;0;0;0;0;0;0;;0,570429632;1;;;0,211321241;0,215767952;0,16785396;FALS;0;0;0;0;69;low ;0,7;82;;1;58,7;;1;0,731058579;0,128552992;0,137187465;0,145711776;0,738290075;;;P_score_freshwater_pred_Dashboard;1;0,785214816;M_score_exp_UBA;0,211321241;M_score_pred_Episuite;0,215767952;0,198314384;kemi_score;0,7;0,464508291;1;0,211321241;0,5;0,394612966;1;0,403018382;1;0,43267237;1;0,324985727;0,75;0,39879353;1;1.00;PM;;PM;3
Atrazine;1912-24-9;217-617-8;MXWJVTOOROXGIU-UHFFFAOYSA-N;CCNc1nc(nc(n1)Cl)NC(C)C;DTXSID9020112;2256;PRO-216;NS00000262;REACH-C;FALS;vPvM & PMT;MQ;vPvM & PMT;FALS;FALS;;;FALS;FALS;FALS;FALS;FALS;FALS;FALS;FALS;FALS;FALS;FALS;FALS;FALS;FALS;FALS;FALS;FALS;FALS;"Laboratory supplies; Landscape/yard -> herbicide; Landscape/yard -> lawn fertilizer; biocide; herbicide; herbicide or degradate; herbicides and degradates; herbicides and herbicide degradates; pesticide; pesticide and pesticide degradates; pesticide or degradate";;;FALS;CERT;CERT;FALS;FALS;FALS;FALS;FALS;FALS;FALS;FALS;FALS;FALS;FALS;FALS;FALS;FALS;FALS;FALS;FALS;FALS;FALS;FALS;FALS;FALS;AA-EQS;215,69;2,61;2,68;;8,38;0,000212;0,000488;2,240549248;2,1581;134,2897797;108,6209557;7,94;248;;;1,4;;0,6;0,47;0,58;0;0;;;;0;0;0;0;0;0;0;0;0;0;0;0;0;0;0;0;0;0;1;0;0;0;0;0;0;0;0;0;0;0;0;0;0;0;0;0;0;0;0;0;0;0;0;0;0;0;0;0;0;0;0;1;0;0;0;0;0;0;0;0;0;0;0;0;0;0,918784123;0,733925031;0,798553329;;;0,602498941;0,472630742;0,458412295;CERT;0;0;0;0;103,2;low ;0,512;3200;low ;0,403;2140;low ;0,474;0,555235828;0,029166053;0,117774107;0,034542429;0,565502642;;;P_score_freshwater_pred_UBA;0,918784123;0,817087495;M_score_exp_UBA;0,602498941;M_score_exp_UBA;0,602498941;0,511180659;kemi_score;0,58;0,744020471;1;0,602498941;0,5;0,64628115;1;0,515544607;1;0,619334919;1;0,543037217;0,75;0,57722332;1;0.00;vPvM;PM;PM;3
Benzamide, 4-[(4-methyl-1-piperazinyl)methyl]-N-[4-methyl-3-[[4-(3-pyridinyl)-2-pyrimidinyl]amino]phenyl]-;152459-95-5;604-855-6;KTUFNOKKBVMGRW-UHFFFAOYSA-N;CN1CCN(CC1)Cc1ccc(cc1)C(=O)Nc1ccc(C)c(Nc2nccc(n2)c2cccnc2)c1;DTXSID3037125;5291;PRO-217;NS00009172;REACH-B;FALS;PMT;MQ;Potential PMT/vPvM;FALS;FALS;;;FALS;FALS;FALS;FALS;FALS;FALS;FALS;FALS;FALS;FALS;FALS;FALS;FALS;FALS;FALS;FALS;FALS;FALS;;;;CERT;FALS;CERT;FALS;FALS;FALS;FALS;FALS;FALS;FALS;FALS;FALS;FALS;FALS;FALS;FALS;FALS;FALS;FALS;FALS;FALS;FALS;FALS;FALS;FALS;;493,615;;3,14;;9,74;;1,67E-05;4,670245853;;120,3013687;;26,9;3664;;;;0,7;96;;;0;0;;;;0;0;0;0;0;0;0;0;0;0;0;0;0;0;0;0;0;0;0;0;0;0;0;0;0;0;0;1;0;0;0;0;0;0;0;0;0;0;0;0;0;0;0;0;0;0;0;0;0;0;0;1;0;0;0;0;0;0;0;0;0;0;0;0;0;0,999115367;;0,76660347;;;;;0,135770384;FALS;0;0;0;0;149,3;low ;0;1070;low ;0,182;752,6;low ;0;0,121076931;0,046115927;0,102104233;0,053324312;0,138666317;;;P_score_freshwater_pred_UBA;0,999115367;0,882859418;;;M_score_pred_Dashboard;0,135770384;0,135770384;E_score_min;0;0,368307314;1;;;0,34621693;1;0,138666317;0,5;0,265948302;0,75;0,138666317;0,25;0,255205009;0,75;1.00;PM;;PM;2
Benzidine-2,2'-disulphonic acid;117-61-3;204-200-0;MBJAPGAZEWPEFB-UHFFFAOYSA-N;Nc1ccc(c2ccc(N)cc2S(=O)(=O)O)c(S(=O)(=O)O)c1;DTXSID3024572;8337;PRO-218;NS00002417;REACH-B;CERT;PMT;HQ;PMT;FALS;FALS;;;FALS;FALS;FALS;FALS;FALS;FALS;FALS;FALS;FALS;FALS;FALS;FALS;FALS;FALS;FALS;FALS;FALS;FALS;;;;CERT;CERT;CERT;FALS;FALS;FALS;FALS;FALS;FALS;FALS;FALS;FALS;FALS;FALS;FALS;FALS;FALS;FALS;FALS;FALS;FALS;FALS;FALS;FALS;FALS;P-PNEC pred;344,36;;-1,75;;9,42;0,0024;0,0108;1,599883072;-0,3239;48,91088652;44,93036181;2,4;;;;;-4,4;0,93139;0,83;0,42;0;0;;;;0;0;0;0;0;0;0;0;0;0;0;0;0;0;0;0;0;0;1;0;0;0;0;0;0;1;0;0;0;0;0;0;0;0;0;0;0;0;0;0;0;0;0;0;0;0;0;0;0;0;1;1;0;0;0;0;0;0;0;0;0;0;0;0;0;;0,378847401;0,413545065;;;;0,833523083;0,56889395;FALS;0;0;0;0;126,3;low ;0,199;165,4;low ;0,668;1290;low ;0,7;0,507716495;0,098098299;0,108960498;0,042672547;0,518229828;;;P_score_freshwater_pred_Dashboard;0,413545065;0,396196233;;;M_score_pred_Episuite;0,833523083;0,701208516;kemi_score;0,42;0,587111026;1;;;0,5270827;1;0,655843546;1;0,620526371;1;0,655843546;0,5;0,587948796;1;0.00;PM(T);(T);PM(T);2
Benzoic acid;65-85-0;200-618-2;WPYMKLBDIGXBTP-UHFFFAOYSA-N;C1=CC=C(C=C1)C(=O)O;DTXSID6020143;20144841;PRO-219;;;FALS;;;;FALS;FALS;;;FALS;FALS;FALS;FALS;FALS;FALS;FALS;FALS;FALS;FALS;FALS;FALS;FALS;FALS;FALS;CERT;CERT;CERT;;;;CERT;CERT;CERT;CERT;CERT;CERT;CERT;CERT;CERT;CERT;CERT;CERT;CERT;CERT;CERT;CERT;FALS;CERT;FALS;FALS;FALS;FALS;CERT;FALS;FALS;;122,123;1,87;1,88;;5,91;0,0292;0,109;1,499687083;1,1901;742,4830187;14,30990537;3,72;;;;;;44,6;;0,95;0,65;0,78;>100000 to < 1000000 tonnes;100000;1000000;1;0;0;0;1;0;1;1;1;0;0;0;0;0;0;0;0;0;1;1;1;0;1;0;0;0;1;1;0;0;1;0;0;1;0;0;0;1;0;0;0;1;0;0;0;0;0;0;0;0;0;1;1;0;0;0;0;0;0;1;0;0;1;0;1;;0,079409244;0,986620231;;;;0,636771763;0,585839065;CERT;0;0;0;0;5260;moderate ;0,85;2590;good ;1;5800;low ;0,7;0,161198866;0,03188239;0,023637817;0,022677842;0,165085041;;;P_score_freshwater_pred_Dashboard;0,986620231;0,533014737;;;M_score_pred_Episuite;0,636771763;0,611305414;kemi_score;0,95;0,792623431;1;;;0,570819406;1;0,165085041;0,5;0,469836961;0,75;0,165085041;0,25;0,377486763;0,75;0.00;vPvM;;PM;
Benzophenone;119-61-9;204-337-6;RWCCWEUUXYIKHB-UHFFFAOYSA-N;C1=CC=C(C=C1)C(=O)C2=CC=CC=C2;DTXSID0021961;3102;PRO-220;NS00010632;REACH-A;CERT;vPvM & PMT;MQ;PMT;FALS;FALS;;;FALS;FALS;FALS;FALS;FALS;FALS;FALS;FALS;FALS;FALS;FALS;FALS;FALS;FALS;FALS;CERT;CERT;CERT;"Cleaning products and household care -> air freshener; Personal care -> facial cleansing and moisturizing -> face mask; Personal care -> fragrance; Personal care -> general moisturizing; Personal care -> general moisturizing -> hand/body lotion; Personal care -> hair styling and care -> hair styling; Personal care -> hair styling and care -> shampoo; Personal care -> make-up and related -> lip balm; Personal care -> make-up and related -> lip gloss; Personal care -> nails -> nail polish; Personal care -> specialized bath products -> bath salts; Personal care -> sunscreen; UV stabilizer; finish; flavouring; fragrance; fragrance; fragrance component; fragrance ingredient; masking; other chemicals (function unknown); personal care; stabilizer; stabilizing agent; ultraviolet light absorber; uv absorber; uv acrylic layer; uv acrylic layer: photoinitiator; uv layer photoinitiator";"Anti-stain agent; Intermediates; Not Known or Reasonably Ascertainable; Paint additives and coating additives not described by other categories; Photosensitive agent; Process regulators; Semiconductor and photovoltaic agent";"Intermediates; Not Known or Reasonably Ascertainable; Paint additives and coating additives not described by other categories; Photosensitive agent; Process regulators; Semiconductor and photovoltaic agent";CERT;CERT;CERT;CERT;CERT;CERT;CERT;FALS;FALS;CERT;CERT;CERT;CERT;FALS;CERT;CERT;FALS;CERT;FALS;FALS;FALS;FALS;CERT;CERT;FALS;PNEC chronic;182,222;3,18;3,12;;7,25;0,000757;0,000577;2,630427875;2,8796;190,5662685;22,03155132;12;35;;;2,7;;5,4;0,35;0,94;0,33;0,44;>1000 to < 10000 tonnes;1000;10000;1;1;0;1;1;0;1;1;1;1;0;0;0;0;0;0;0;1;1;0;1;0;0;0;1;0;1;1;0;1;1;0;0;1;0;0;0;1;0;0;0;0;0;0;0;0;0;1;1;1;1;1;1;0;1;0;0;1;1;1;1;1;1;0;0;0,284668525;0,15281302;0,878211981;;;0,381024261;0,352129401;0,392460976;CERT;0,75;0;0;0;1230;;0,85;546,1;;1;501,7;;1;0,324669653;0,060809507;0,043525585;0,062947156;0,330430906;;;P_score_freshwater_pred_Dashboard;0,878211981;0,438564509;M_score_exp_UBA;0,381024261;M_score_pred_Dashboard;0,392460976;0,375204879;kemi_score;0,94;0,587080856;1;0,381024261;0,5;0,405649533;1;0,340074723;1;0,446823633;1;0,353210641;0,75;0,37141776;1;0.00;PM;PM;PM;3
Benzothiazole;95-16-9;202-396-2;IOJUPLGTWVMSFF-UHFFFAOYSA-N;C1=CC=C2C(=C1)N=CS2;DTXSID7024586;7222;PRO-221;NS00000291;;FALS;;;;FALS;FALS;;;FALS;FALS;FALS;FALS;FALS;FALS;CERT;CERT;FALS;FALS;FALS;FALS;FALS;FALS;CERT;FALS;FALS;FALS;"flavouring; fragrance; fragrance component; odorant; perfuming";Intermediate;;CERT;CERT;CERT;FALS;FALS;FALS;CERT;FALS;FALS;FALS;FALS;FALS;FALS;FALS;FALS;FALS;FALS;FALS;FALS;FALS;FALS;FALS;FALS;FALS;FALS;;135,18;2,01;2,07;;5,08;0,0317;0,079;2,729974286;1,7441;4964,163088;18,76000453;7,59;;;;;;240;0,54;0,74;0,09;0,16;>10 to < 100 tonnes;10;100;0;0;0;0;0;0;0;0;0;0;0;0;0;0;0;0;0;0;1;0;0;0;0;0;0;0;0;0;0;0;0;0;0;0;0;0;0;0;1;0;0;0;0;0;0;0;0;0;0;0;1;1;0;0;0;0;0;0;0;0;0;0;0;0;0;;0,120520803;0,999473437;;;;0,544228191;0,376136469;FALS;0;0;0;0;1180;low ;0,205;644,3;;1;5490;;1;0,084694189;0,056835042;0,04428211;0,023212633;0,092638397;;;P_score_freshwater_pred_Dashboard;0,999473437;0,55999712;;;M_score_pred_Episuite;0,544228191;0,46018233;kemi_score;0,74;0,73752398;1;;;0,507642374;1;0,223662098;1;0,406147954;1;0,223662098;0,5;0,336957502;1;0.00;vPvM;;PM;1
Benzothiazole-2-sulfonic acid;941-57-1;825-261-5;ZCXGMSGCBDSEOY-UHFFFAOYSA-N;C1=CC=C2C(=C1)N=C(S2)S(=O)(=O)O;DTXSID80240528;30647;PRO-222;;;FALS;;;;FALS;FALS;;;FALS;FALS;FALS;FALS;FALS;FALS;FALS;FALS;FALS;FALS;FALS;FALS;FALS;FALS;FALS;FALS;FALS;FALS;;;;FALS;FALS;FALS;FALS;FALS;FALS;FALS;FALS;FALS;FALS;FALS;FALS;FALS;FALS;FALS;FALS;FALS;FALS;FALS;FALS;FALS;FALS;FALS;FALS;FALS;;215,24;;0,776;;8,76;;0,401;1,530199698;;73130,44183;;5,37;;;;;;9,97271;;0,02;;;;;;0;0;0;0;0;0;0;0;0;0;0;0;0;0;0;0;0;0;0;0;0;0;0;0;0;0;0;0;0;0;0;0;0;0;0;0;0;0;0;0;0;0;0;0;0;0;0;0;0;0;0;0;0;0;0;0;0;0;0;0;0;0;0;0;0;;;0,999994697;;;;;0,580698329;FALS;0;0;0;0;177,3;low ;0,202;419,9;low ;0,578;1200;low ;0,7;0,269174826;0,067663565;0,095460905;0,043974223;0,282848812;;;P_score_freshwater_pred_Dashboard;0,999994697;0,999994697;;;M_score_pred_Dashboard;0,580698329;0,580698329;kemi_score;0,02;0,762033627;1;;;0,762033627;1;0,282848812;0,5;0,547647207;0,75;0,282848812;0,25;0,547647207;0,75;0.00;vPvM;;vPvM;1
Benzotriazole;95-14-7;202-394-1;QRUDEWIWKLJBPS-UHFFFAOYSA-N;C1=CC2=NNN=C2C=C1;DTXSID6020147;7220;PRO-223;NS00010261;REACH-A;FALS;vPvM & PMT;MQ;vPvM & PMT;FALS;FALS;;;FALS;FALS;FALS;FALS;FALS;FALS;FALS;FALS;FALS;CERT;FALS;FALS;FALS;FALS;CERT;CERT;CERT;CERT;"Arts and crafts/office supplies -> home office -> pens and markers; Cleaning products and household care; Cleaning products and household care -> dishwasher and dishes -> automatic dishwashing detergent; Raw materials; Specialty occupational products -> Firefighting foam; antimicrobial; biocide; corrosion inhibitor; corrosion inhibitor; preservative; preservative; stabilizer; stabilizing agent";"Anti-scaling agent; Cleaning agent; Corrosion inhibitor; Corrosion inhibitors and anti-scaling agents; Functional fluids (closed systems); Intermediate; Intermediates; Lubricants and lubricant additives; Lubricating agent; Plating agents and surface treating agents; Processing aids not otherwise specified";"Corrosion inhibitor; Corrosion inhibitors and anti-scaling agents; Functional fluids (closed systems); Lubricants and lubricant additives";CERT;CERT;CERT;CERT;CERT;CERT;CERT;CERT;CERT;CERT;CERT;CERT;CERT;FALS;FALS;CERT;FALS;FALS;CERT;CERT;CERT;CERT;CERT;CERT;FALS;;119,127;1,44;1,37;;5,03;0,166;0,0981;1,69019608;1,7945;53,51703423;17,50475783;4,37;95;;;1,5;;19;0,54;0,89;0,33;0,44;>1000 to < 10000 tonnes;1000;10000;0;0;0;0;1;0;1;1;0;0;0;0;0;1;1;1;0;0;0;1;0;0;1;0;1;0;0;0;0;0;1;1;0;1;0;0;0;0;0;0;0;0;0;0;0;0;0;0;0;0;1;1;0;0;1;0;0;1;1;1;0;0;0;0;0;0,68688056;0,108524807;0,451286682;;;0,585786438;0,535550348;0,553479577;FALS;0;0;0;1;5310;low ;0,293;3130;low ;0,305;619,9;low ;0,389;0,217762463;0,029439274;0,023543176;0,057740513;0,221372069;;;P_score_freshwater_pred_UBA;0,68688056;0,415564017;M_score_exp_UBA;0,585786438;M_score_exp_UBA;0,585786438;0,558272121;kemi_score;0,89;0,634322723;1;0,585786438;0,5;0,481661504;1;0,345746897;1;0,468310915;1;0,412178466;0,75;0,408084514;1;0.00;PM;PM;PM;1
"benzovindiflupyr (ISO); N-[9-(dichloromethylene)-1,2,3,4-tetrahydro-1,4-methanonaphthalen-5-yl]-3-(difluoromethyl)-1-methyl-1H-pyrazole-4-carboxamide";1072957-71-1;691-719-4;CCCGEKHKTPTUHJ-UHFFFAOYSA-N;Cn1cc(C(=O)Nc2cccc3c2[C@@H]2CC[C@H]3C2=C(Cl)Cl)c(n1)C(F)F;DTXSID8057930;53491464;PRO-224;NS00007313;REACH-B;FALS;PMT;HQ;Not PMT/vPvM;FALS;FALS;;;FALS;FALS;FALS;FALS;FALS;FALS;FALS;FALS;FALS;FALS;FALS;FALS;FALS;FALS;FALS;FALS;FALS;FALS;"biocide; fungicide";;;FALS;FALS;CERT;FALS;FALS;FALS;FALS;FALS;FALS;FALS;CERT;FALS;FALS;FALS;FALS;FALS;FALS;FALS;FALS;FALS;FALS;FALS;FALS;FALS;FALS;P-PNEC pred;398,23;;4,09;;10,5;;2,37E-05;3,161368002;;1652,426347;;282;;1000;;3,7;;0,00063;;0,29;0;0;;;;0;0;0;0;0;0;0;0;0;0;0;0;0;0;0;0;0;0;0;0;0;0;0;0;0;0;0;0;0;0;0;0;0;0;0;0;0;0;0;0;0;0;0;0;0;0;0;0;0;0;0;0;0;0;0;0;0;0;0;0;0;0;0;0;0;;;0,996557642;0,949380235;;0,235348963;;0,30895721;CERT;0;0;0;0;50,9;low ;0,195;197,9;low ;0,194;53,5;low ;0,195;0,960859086;0,091417747;0,153589919;0,15079827;0,962037369;P_score_soil_exp_UBA;0,949380235;P_score_freshwater_pred_Dashboard;0,996557642;0,972968939;M_score_exp_UBA;0,235348963;M_score_pred_Dashboard;0,30895721;0,272153087;kemi_score;0,29;0,554881671;1;0,472689807;1;0,514583812;1;0,962037369;0,5;0,666598349;0,75;0,599029402;0,75;0,633920399;0,75;1.00;PM(T);PM(T);PM(T);4
Benzyl butyl phthalate;85-68-7;201-622-7;IRIAEXORFWYRCZ-UHFFFAOYSA-N;CCCCOC(=O)C1=CC=CC=C1C(=O)OCC2=CC=CC=C2;DTXSID3020205;2347;PRO-225;NS00009734;;FALS;;;;FALS;FALS;;;FALS;FALS;FALS;FALS;FALS;FALS;FALS;FALS;FALS;CERT;FALS;FALS;FALS;FALS;CERT;CERT;CERT;CERT;"Home maintenance -> adhesives and adhesive removers -> multipurpose adhesive; Home maintenance -> adhesives and adhesive removers -> wood adhesive; Home maintenance -> caulk/sealant; Home maintenance -> paint/stain and related products; Home maintenance -> paint/stain and related products -> paint; Home maintenance -> paint/stain and related products -> water-based paint; Home maintenance -> surface sealers; Personal care -> make-up and related -> eye shadow; Vehicle -> auto body work -> auto paint; Vehicle -> engine maintenance -> motor oil; plasticiser; plasticizer; plasticizer; plastisizer; primary component of backing";"Plasticizer; Viscosity modifiers";"Plasticizer; Sealant (barrier); Viscosity modifiers";CERT;CERT;CERT;CERT;FALS;CERT;FALS;FALS;FALS;FALS;CERT;CERT;CERT;CERT;CERT;FALS;FALS;CERT;FALS;FALS;FALS;FALS;CERT;FALS;FALS;;312,365;4,82;4,83;;9,83;6,54E-06;1,30E-05;3,720159303;3,4102;29,66595227;12,47358925;16,2;;;;;;5,2;0,27;0,82;0,04;0,14;>1 to < 10 tonnes;1;10;1;1;0;0;0;0;0;1;0;0;0;0;0;0;0;0;0;0;0;0;0;0;0;0;0;0;0;0;0;0;0;0;0;0;0;0;0;0;0;0;0;0;0;0;0;0;0;0;0;0;0;0;0;0;0;0;0;0;0;0;0;0;0;0;0;;0,063853391;0,230749318;;;;0,273392857;0,232843625;CERT;0;0;0,75;0;79;;1;152,8;;1;479,6;moderate ;0,85;0,32827368;0,101185305;0,130377277;0,064111105;0,345438939;;;P_score_freshwater_pred_Dashboard;0,230749318;0,147301355;;;M_score_pred_Episuite;0,273392857;0,253118241;kemi_score;0,82;0,251167704;1;;;0,193092361;1;0,305398941;1;0,276959114;1;0,305398941;0,5;0,242837811;1;1.00;;;;1
Benzyl(3-hydroxyphenacyl)methylammonium chloride;71786-67-9;276-017-4;XZXKMYOWHGSGAD-UHFFFAOYSA-N;C(=O)(c1cc(O)ccc1)CN(C)Cc1ccccc1;DTXSID6072421;172900;PRO-226;NS00076492;REACH-B;FALS;vPvM & PMT;MQ;PMT;FALS;FALS;;;FALS;FALS;FALS;FALS;FALS;FALS;FALS;FALS;FALS;FALS;FALS;FALS;FALS;FALS;FALS;FALS;FALS;FALS;;;;FALS;FALS;CERT;FALS;FALS;FALS;FALS;FALS;FALS;FALS;FALS;FALS;FALS;FALS;FALS;FALS;FALS;FALS;FALS;FALS;FALS;FALS;FALS;FALS;FALS;P-PNEC;291,78;;2,27;;10,6;;0,000676;2,959994838;1,2775;34,81331749;33,03815045;19,5;56;;;;-0,4;1,186302598;0,62;0,27;0;0;;;;0;0;0;0;0;0;0;0;0;0;0;0;0;0;0;0;0;0;1;0;0;0;0;0;0;0;0;0;0;0;0;0;0;0;0;0;0;0;0;0;0;0;0;0;0;0;0;0;0;0;0;0;0;0;0;0;0;0;0;0;0;0;0;0;0;0,470548111;0,265020793;0,282810472;;;;0,622647043;0,339523649;FALS;0;0;0;0;102,3;low ;0,411;1540;low ;0,413;402,5;low ;0,696;0,481459634;0,03963805;0,118169937;0,068832325;0,493469707;;;P_score_freshwater_pred_UBA;0,470548111;0,339459792;;;M_score_pred_Episuite;0,622647043;0,481085346;kemi_score;0,27;0,541281248;1;;;0,404115245;1;0,553128573;1;0,547172847;1;0,553128573;0,5;0,47278715;1;1.00;PM;;PM;4
Benzyltrimethylammonium chloride;56-93-9;200-300-3;KXHPPCXNWTUNSB-UHFFFAOYSA-M;C[N+](C)(C)CC1=CC=CC=C1.[Cl-];DTXSID8024600;5963;PRO-227;NS00077217;REACH-A;FALS;vPvM;MQ;vPvM;FALS;FALS;;;FALS;FALS;FALS;FALS;FALS;FALS;FALS;FALS;FALS;FALS;FALS;FALS;FALS;FALS;FALS;FALS;FALS;FALS;;"Etching agent; Surface modifier";"Etching agent; Surface modifier";CERT;CERT;CERT;FALS;FALS;CERT;FALS;FALS;FALS;FALS;CERT;FALS;FALS;FALS;FALS;FALS;FALS;FALS;FALS;FALS;FALS;FALS;FALS;FALS;FALS;P-PNEC;185,7;-2,17;-2,21;;4,42;;0,75;3,829946696;0,578;219695,9887;19,26063527;24;2500;;;;-2,2;31,26007904;;0,56;0,22;0,33;>100 to < 1000 tonnes;100;1000;0;0;0;0;0;0;0;0;0;0;0;0;0;0;1;0;0;0;1;1;0;0;0;0;0;0;0;0;0;0;0;0;0;0;0;0;0;0;0;0;0;0;0;0;0;0;0;0;0;0;0;0;0;0;0;0;0;0;1;0;0;0;0;0;0;0,998300918;0,125375053;0,999999191;;;;0,728228907;0,219527432;FALS;0;0;0;0;1800;low ;0,323;6790;low ;0,423;2960;moderate ;0,85;0,183173926;0,021209472;0,037137889;0,0301402;0,189119624;;;P_score_freshwater_pred_Dashboard;0,999999191;0,707891721;;;M_score_pred_Episuite;0,728228907;0,47387817;kemi_score;0,56;0,853362946;1;;;0,579184282;1;0,189119624;0,5;0,516418018;0,75;0,189119624;0,25;0,398832044;0,75;0.00;vPvM;;PM;1
Bis(2-(2-methoxyethoxy)ethyl) ether;143-24-8;205-594-7;ZUHZGEOKBKGPSW-UHFFFAOYSA-N;COCCOCCOCCOCCOC;DTXSID7044396;8925;PRO-228;NS00010103;REACH-A;CERT;vPvM & PMT;HQ;vPvM & PMT;FALS;FALS;;;FALS;FALS;FALS;FALS;FALS;FALS;FALS;FALS;FALS;FALS;FALS;FALS;FALS;FALS;FALS;CERT;FALS;CERT;Vehicle -> engine maintenance -> auto fluids and additives;"Absorbent; Processing aids, not otherwise listed; Solids separation (precipitating) agent, not otherwise specified; Solvent";Solvent;CERT;CERT;CERT;FALS;FALS;FALS;CERT;CERT;CERT;FALS;CERT;FALS;CERT;FALS;CERT;FALS;FALS;FALS;FALS;FALS;FALS;FALS;CERT;FALS;FALS;PNEC aqua (freshwater);222,281;;-0,791;;6,35;;1,79;2,320146286;-0,0976;1978,313514;29,71740493;3,63;1289;;;1,5;;32000;0,81;0,71;0,24;0;>100 tonnes;100;;1;0;0;0;0;0;0;0;0;0;0;0;0;0;0;0;0;1;0;0;0;0;0;0;0;1;0;0;0;0;0;0;0;0;0;0;1;0;1;0;0;1;0;0;0;0;0;0;0;1;1;1;0;0;0;0;0;0;0;0;0;0;0;0;0;0,994746249;0,231275577;0,997467121;;;0,585786438;0,810604912;0,444749417;CERT;0;0;0,75;0;637;low ;0,681;7600;low ;0,7;2580;low ;0,7;0,010931122;0,020216875;0,057100898;0,031934287;0,02200056;;;P_score_freshwater_pred_Dashboard;0,997467121;0,741162982;M_score_exp_UBA;0,585786438;M_score_pred_Episuite;0,810604912;0,613713589;kemi_score;0,71;0,899195055;1;0,585786438;0,5;0,674434425;1;0,133493271;1;0,346462826;1;0,218550945;0,75;0,300054091;1;2.00;vPvM;PM;PM;4
Bis(2-chloroethyl) ether;111-44-4;203-870-1;ZNSMNVMLTJELDZ-UHFFFAOYSA-N;C(CCl)OCCCl;DTXSID9020168;8115;PRO-229;NS00003159;REACH-A;FALS;vPvM & PMT;MQ;vPvM & PMT;FALS;FALS;;;FALS;FALS;FALS;FALS;FALS;FALS;FALS;FALS;FALS;FALS;FALS;FALS;FALS;FALS;FALS;FALS;FALS;FALS;;"Intermediate; Intermediates; Paint additives and coating additives not described by other categories; Surface active agents";Paint additives and coating additives not described by other categories;CERT;CERT;CERT;FALS;FALS;FALS;CERT;FALS;FALS;FALS;CERT;FALS;FALS;FALS;FALS;FALS;FALS;FALS;FALS;FALS;FALS;FALS;FALS;FALS;FALS;P-PNEC pred;143,01;1,29;1,39;;3,8;0,0985;0,0766;1,880241776;1,548;34,81331749;38,78451984;10;88;;;1,9;;17,81606;0,58;0,64;0,18;0,27;>100 to < 1000 tonnes;100;1000;0;0;0;0;0;0;0;0;0;0;0;0;0;0;0;0;0;0;1;0;0;0;0;0;0;0;0;0;0;0;1;0;0;0;0;0;0;0;0;0;0;0;0;0;0;0;0;0;0;0;1;1;0;0;0;0;0;0;0;0;0;0;0;0;0;0,65807547;0,321715386;0,282810472;;;0,517321745;0,577691165;0,52074061;CERT;0,5;0;0;0;4570;low ;0,654;1470;;1;29700;;1;0,222559667;0,040414324;0,025089012;0,011286956;0,226382688;;;P_score_freshwater_pred_UBA;0,65807547;0,420867109;M_score_exp_UBA;0,517321745;M_score_pred_Episuite;0,577691165;0,538584507;kemi_score;0,64;0,616574719;1;0,517321745;0,5;0,476101359;1;0,362356122;1;0,472672851;1;0,408016112;0,75;0,415353154;1;0.00;PM;PM;PM;2
Bis(2-dimethylaminoethyl)(methyl)amine;3030-47-5;221-201-1;UKODFQOELJFMII-UHFFFAOYSA-N;CN(C)CCN(C)CCN(C)C;DTXSID7029249;18196;PRO-230;NS00004531;REACH-A;CERT;vPvM;HQ;vPvM;FALS;FALS;;;FALS;FALS;FALS;FALS;FALS;FALS;FALS;FALS;FALS;FALS;FALS;FALS;FALS;FALS;FALS;CERT;FALS;FALS;catalyst;"Catalyst; Intermediates; Other (specify); Process regulators; Propellants and blowing agents";"Catalyst; Not Known or Reasonably Ascertainable";CERT;CERT;CERT;CERT;CERT;CERT;CERT;FALS;FALS;CERT;CERT;CERT;FALS;FALS;CERT;FALS;FALS;CERT;FALS;FALS;FALS;FALS;FALS;FALS;FALS;P-PNEC pred;173,304;;0,114;;4,61;;2,14;2,369215857;0,4137;17500,76722;98,21918107;2,63;2500;;;;-7,2;22,2327;0,75;0,69;0,35;0,46;>1000 to < 10000 tonnes;1000;10000;0;1;0;0;0;0;0;1;0;0;0;0;0;0;0;0;0;0;1;0;1;0;0;0;0;0;0;0;0;0;1;0;0;0;0;0;0;0;0;0;0;0;0;1;0;0;0;0;0;0;1;1;0;0;1;0;0;0;0;1;1;1;0;0;0;0,998300918;0,699000855;0,999938879;;;;0,750173788;0,436366697;CERT;0;0;0;0;2010;low ;0,608;8310;moderate ;0,85;3330;;1;0,206362544;0,019462697;0,035461708;0,028680327;0,211878717;;;P_score_freshwater_pred_Dashboard;0,999938879;0,899080217;;;M_score_pred_Episuite;0,750173788;0,593270242;kemi_score;0,69;0,866099265;1;;;0,7303407;1;0,398633965;1;0,587585384;1;0,398633965;0,5;0,539572617;1;2.00;vPvM;;vPvM;1
Bis(2-ethylhexyl) amine;106-20-7;203-372-4;SAIKULLUBZKPDA-UHFFFAOYSA-N;CCCCC(CC)CNCC(CC)CCCC;DTXSID7025053;7791;PRO-231;NS00010732;;CERT;;;;FALS;FALS;;;FALS;FALS;FALS;FALS;FALS;FALS;FALS;FALS;FALS;CERT;FALS;FALS;FALS;FALS;CERT;CERT;FALS;FALS;;"Corrosion inhibitors and anti-scaling agents; Intermediate; Intermediates";;CERT;CERT;CERT;FALS;FALS;FALS;CERT;CERT;CERT;FALS;CERT;FALS;CERT;FALS;FALS;CERT;FALS;FALS;FALS;FALS;FALS;FALS;FALS;FALS;FALS;;241,463;;6,5;;8,51;;0,00011;3,670245853;2,7898;149,9047361;9,301807321;661;;;;;;0,520775557;0,37;0,59;0,23;0,35;>100 to < 1000 tonnes;100;1000;0;0;0;0;0;0;0;0;0;0;0;0;0;0;0;0;1;0;0;0;1;0;1;1;0;0;0;0;0;0;0;0;0;0;0;0;0;0;0;0;0;0;0;0;0;0;0;0;0;0;0;0;0;0;0;0;0;0;0;0;0;0;0;0;0;;0,03966697;0,827115887;;;;0,366456778;0,239080691;FALS;0;0;0;0;33,9;low ;0,555;141,3;moderate ;0,85;136,1;low ;0,7;0,570367184;0,104317939;0,177964469;0,105849283;0,585353222;;;P_score_freshwater_pred_Dashboard;0,827115887;0,433391428;;;M_score_pred_Episuite;0,366456778;0,302768735;kemi_score;0,59;0,550547203;1;;;0,362239388;1;0,465382307;1;0,506176775;1;0,465382307;0,5;0,410584708;1;1.00;PM;;PM;2
Bis(2-methoxyethyl) ether;111-96-6;203-924-4;SBZXBUIDTXKZTM-UHFFFAOYSA-N;COCCOCCOC;DTXSID1024621;8150;PRO-232;NS00000296;REACH-C;CERT;vPvM & PMT;MQ;vPvM & PMT;FALS;FALS;;;FALS;FALS;FALS;FALS;FALS;FALS;FALS;FALS;FALS;FALS;FALS;FALS;FALS;FALS;FALS;FALS;FALS;CERT;"solvent; solvent";"Monomers; Not Known or Reasonably Ascertainable; Processing aids, not otherwise listed; Solvent; Solvents (which become part of product formulation or mixture)";"Monomers; Not Known or Reasonably Ascertainable";CERT;CERT;CERT;FALS;FALS;FALS;CERT;FALS;FALS;FALS;CERT;CERT;FALS;FALS;FALS;FALS;FALS;FALS;FALS;FALS;FALS;FALS;CERT;FALS;FALS;P-PNEC pred;134,175;-0,36;-0,455;;3,96;7,45;3,88;1,42975228;0,4542;478,1861061;19,65156421;2;38;;;1,2;;436,29729;0,74;0,83;0,23;0,34;>100 to < 1000 tonnes;100;1000;1;0;0;0;0;0;0;0;0;0;0;0;0;0;0;0;0;0;0;0;1;0;0;0;0;0;0;1;0;0;1;0;0;0;0;0;0;0;0;0;0;1;0;0;0;0;0;0;0;0;1;1;0;0;1;0;0;0;1;0;0;0;0;0;1;0,314140244;0,129190481;0,97203278;;;0,635183106;0,744875782;0,59754964;CERT;0;0;0,75;0;3000;low ;0,7;12180;low ;0,7;5180;low ;0,7;0,066621558;0,016534275;0,029970258;0,023791919;0,072104382;;;P_score_freshwater_pred_Dashboard;0,97203278;0,471787835;M_score_exp_UBA;0,635183106;M_score_pred_Episuite;0,744875782;0,659202842;kemi_score;0,83;0,850907561;1;0,635183106;0,5;0,55767722;1;0,230991868;1;0,443342674;1;0,323616587;0,75;0,358913503;1;2.00;vPvM;PM;PM;2
Bis(4-chlorophenyl) sulphone;80-07-9;201-247-9;GPAPPPVRLPGFEQ-UHFFFAOYSA-N;c1cc(ccc1S(=O)(=O)c1ccc(cc1)Cl)Cl;DTXSID9024986;6625;PRO-233;NS00003990;REACH-A;FALS;PMT;HQ;Not PMT/vPvM;FALS;FALS;;;FALS;FALS;FALS;FALS;FALS;FALS;FALS;FALS;FALS;FALS;FALS;FALS;FALS;FALS;FALS;FALS;FALS;CERT;;"Intermediates; Monomers; Process regulators; Processing aids, not otherwise listed";;CERT;CERT;CERT;FALS;FALS;FALS;CERT;FALS;FALS;CERT;FALS;CERT;FALS;FALS;FALS;FALS;FALS;FALS;FALS;FALS;FALS;FALS;CERT;FALS;FALS;P-PNEC pred;287,15;;3,8;;8,95;;6,07E-05;3,380211242;3,1062;73130,44183;80,87452301;363;;;1287;3,5;;2,18921;0,32;0,57;0,34;0,45;>1000 to < 10000 tonnes;1000;10000;1;0;0;0;0;0;0;0;0;0;0;0;0;0;0;0;0;0;1;0;0;0;0;0;0;0;0;0;0;0;1;0;0;0;0;0;0;0;0;0;0;0;0;0;0;0;0;0;0;0;1;1;0;1;1;0;0;0;0;0;0;0;0;0;0;;0,624896005;0,999994697;;0,966521522;0,261203875;0,317180527;0,277541495;FALS;0;0;0;0;48,2;low ;0,409;21,9;low ;0,7;378,5;low ;0,476;0,41573966;0,207437034;0,156692412;0,070563473;0,433683296;P_score_sediment_exp_UBA;0,966521522;P_score_freshwater_pred_Dashboard;0,999994697;0,863804074;M_score_exp_UBA;0,261203875;M_score_pred_Episuite;0,317180527;0,285308632;kemi_score;0,57;0,563186333;1;0,502453149;1;0,496438072;1;0,372530072;1;0,458043497;1;0,432641778;1;0,430044313;1;1.00;PM;PM;PM;2
Bis(4-fluorophenyl) ketone;345-92-6;206-466-3;LSQARZALBDFYQZ-UHFFFAOYSA-N;c1cc(ccc1C(=O)c1ccc(cc1)F)F;DTXSID30188062;9582;PRO-234;NS00011109;REACH-A;CERT;PMT;HQ;Potential PMT/vPvM;FALS;FALS;;;FALS;FALS;FALS;FALS;FALS;FALS;FALS;FALS;FALS;FALS;FALS;FALS;FALS;FALS;FALS;FALS;FALS;CERT;;;;FALS;FALS;CERT;FALS;FALS;FALS;FALS;FALS;FALS;FALS;FALS;FALS;FALS;FALS;FALS;FALS;FALS;FALS;FALS;FALS;FALS;FALS;FALS;FALS;FALS;P-PNEC pred;218,203;;3,41;;7,25;;6,57E-05;2,640481437;3,0843;87,35672301;137,1648681;38,9;1369;;;;3,4;5,04998;0,32;0,33;0,19;0,26;>1000 to < 10000 tonnes;1000;10000;0;0;0;0;0;0;0;0;0;0;0;0;0;0;0;0;0;0;1;0;0;0;0;0;0;0;0;0;0;0;1;0;0;0;0;0;0;0;0;0;0;0;0;0;0;0;0;0;0;0;0;0;0;0;1;0;0;0;0;0;0;0;0;0;0;0,99525771;0,804315936;0,655247715;;;;0,320477236;0,390800666;FALS;0;0;0;0;128,4;low ;0,334;133,7;low ;0,281;296,6;moderate ;0,85;0,331083272;0,10658281;0,108267129;0,077832259;0,345277924;;;P_score_freshwater_pred_UBA;0,99525771;0,818273787;;;M_score_pred_Dashboard;0,390800666;0,355638951;kemi_score;0,33;0,623656457;1;;;0,539453456;1;0,33239876;1;0,455304989;1;0,33239876;0,5;0,423454437;1;0.00;PM;;PM;1
Bis(?,?-dimethylbenzyl) peroxide;80-43-3;201-279-3;XMNIXWIUMCBBBL-UHFFFAOYSA-N;CC(C)c1ccccc1OOc1ccccc1C(C)C;DTXSID1025017;6641;PRO-235;NS00005939;REACH-A;FALS;PMT;MQ;Not PMT/vPvM;FALS;FALS;;;FALS;FALS;FALS;FALS;FALS;FALS;FALS;FALS;FALS;FALS;FALS;FALS;FALS;FALS;FALS;FALS;FALS;CERT;"Construction and building materials; additive - non-reactive, ethylene/propylene/diene terpolymer (epdm)";"Chemical reaction regulator; Hardener; Intermediate; Intermediates; Monomers; Polymerization promoter; Processing aids not otherwise specified; Viscosity adjustors";;CERT;CERT;CERT;CERT;FALS;CERT;CERT;FALS;FALS;FALS;CERT;CERT;FALS;FALS;FALS;FALS;FALS;FALS;FALS;FALS;FALS;FALS;CERT;FALS;FALS;P-PNEC pred;270,372;5,5;5,63;;8,61;1,70E-06;1,60E-06;3,589949601;4,7731;73130,44183;70,53758384;417;139;;;4;;0,04311;0,13;0,79;0,45;0,56;>1000 to < 10000 tonnes;1000;10000;0;0;0;0;0;0;0;0;0;0;0;0;0;0;0;0;0;0;0;0;0;0;0;0;0;0;0;0;0;0;1;0;0;0;0;0;0;0;0;0;0;1;0;0;0;0;0;0;0;0;1;1;1;1;1;0;0;0;0;0;0;0;0;0;0;0,807867162;0,568712674;0,999994697;;;0,2;0,127620174;0,249352411;CERT;0;0;0,75;0;14,3;low ;0,468;61;low ;0,523;71,1;low ;0,503;0,796639498;0,143646254;0,239515784;0,135653534;0,806186276;;;P_score_freshwater_pred_Dashboard;0,999994697;0,792191511;M_score_exp_UBA;0,2;M_score_pred_Dashboard;0,249352411;0,192324195;kemi_score;0,79;0,499350667;1;0,2;0,5;0,39033011;1;0,323734792;1;0,402066145;1;0,275720834;0,75;0,355476352;1;1.00;PM;;PM;2
Bis[hydrogen [4-[4-(diethylamino)-5'-hydroxy-2',4'-disulphonatobenzhydrylidene]cyclohexa-2,5-dien-1-ylidene]diethylammonium], calcium salt;3536-49-0;222-573-8;;CCN(CC)C1=CC=C(C=C1)C(=C2C=CC(=[N+](CC)CC)C=C2)C3=CC(=C(C=C3S(=O)(=O)O)S(=O)(=O)O)O;DTXSID00873918;77073;PRO-236;;REACH-B;FALS;vPvM;HQ;vPvM;FALS;FALS;;;FALS;FALS;FALS;FALS;FALS;FALS;FALS;FALS;FALS;FALS;FALS;FALS;FALS;FALS;FALS;CERT;CERT;CERT;"colourant; cosmetic colorant; dye; dye; hair dyeing";;;CERT;CERT;CERT;CERT;CERT;CERT;CERT;FALS;FALS;CERT;CERT;CERT;CERT;FALS;CERT;CERT;FALS;CERT;FALS;FALS;FALS;FALS;CERT;FALS;FALS;P-PNEC pred;1159,42;;2,03;;9,49;;0,0162;4,710117365;0,0201;5389698,476;99,74461605;3,89;684;;;;-2,4;0,05679;;0,71;0,04;0,14;>1 to < 10 tonnes;1;10;1;1;1;1;1;1;1;1;1;1;1;1;1;1;1;1;1;1;0;1;1;1;1;1;1;1;1;1;1;1;1;1;1;1;1;1;1;1;1;1;1;1;1;0;0;1;1;1;1;1;0;1;0;1;1;1;0;1;0;1;0;1;0;0;0;0,984636675;0,704514838;0,999999997;;;;0,797761519;0,132560088;FALS;0;0;0;0;355,6;low ;0;320,5;low ;0,188;1870;low ;0,248;0,776559504;0,075450622;0,072361901;0,036549923;0,779728546;;;P_score_freshwater_pred_Dashboard;0,999999997;0,896383836;;;M_score_pred_Episuite;0,797761519;0,465160803;kemi_score;0,71;0,893174964;1;;;0,645726432;1;0,779728546;0,5;0,853634919;0,75;0,779728546;0,25;0,687617394;0,75;1.00;vPvM(T);(T);PM(T);4
Bisphenol A;80-05-7;201-245-8;IISBACLAFKSPIT-UHFFFAOYSA-N;CC(C)(C1=CC=C(C=C1)O)C2=CC=C(C=C2)O;DTXSID7020182;6623;PRO-237;NS00008865;;FALS;;;;FALS;FALS;;;FALS;FALS;FALS;FALS;FALS;FALS;FALS;FALS;FALS;FALS;FALS;FALS;FALS;FALS;FALS;CERT;CERT;CERT;"Construction and building materials; Furniture and furnishings; Home maintenance -> adhesives and adhesive removers; Home maintenance -> adhesives and adhesive removers -> multipurpose adhesive; Home maintenance -> caulk/sealant; Home maintenance -> surface sealers; binder; binder; catalyst; epoxy hardener, curing agent; fire retardant; hardener; monom er, epichlorohydrin-bisphenol a resin; monomer, bisphenol a-epichlorohydrin acrylate; monomer, epichlorohydrin bisphenol a resin; monomer, epichlorohydrin-bisphenol a resin; monomer, polycarbonate; not reported; plastic component; resin amide";;;CERT;CERT;CERT;CERT;CERT;CERT;CERT;FALS;FALS;FALS;CERT;CERT;FALS;FALS;CERT;FALS;FALS;CERT;FALS;FALS;FALS;FALS;CERT;FALS;FALS;;228,291;3,32;3,5;;8,38;0,000855;0,000781;3,161368002;3,0952;3612822,931;34,0192118;43,7;;;;;;0,24;0,32;0,84;0,78;0,01;>1000000 tonnes;1000000;;1;0;0;0;0;0;0;0;0;0;0;0;0;0;0;0;0;0;1;0;0;0;0;0;1;0;0;0;0;0;1;0;0;0;0;0;0;0;0;0;0;0;0;0;0;0;0;0;1;0;1;0;1;1;1;0;0;0;1;1;0;1;0;0;1;;0,274878622;0,999999993;;;;0,318834142;0,30895721;CERT;0;0;0,75;0;44,2;low ;0,505;640,5;;0,85;252,9;;1;0,650170503;0,056972909;0,161728603;0,08294811;0,661259681;;;P_score_freshwater_pred_Dashboard;0,999999993;0,637439308;;;M_score_pred_Episuite;0,318834142;0,313895676;kemi_score;0,84;0,564654;1;;;0,447313584;1;0,460003367;1;0,509649626;1;0,460003367;0,5;0,453614103;1;1.00;PM;;PM;1
Butanamide, 2,2'-[(3,3'-dichloro[1,1'-biphenyl]-4,4'-diyl)bis(azo)]bis[3-oxo-, N,N'-bis(4-chloro-2,5-dimethoxyphenyl and 2,4-xylyl) derivs.;90268-24-9;290-824-9;CTCGHGAGCLXAHB-UHFFFAOYSA-N;CC1=CC(=C(C=C1)NC(=O)C(C(=O)C)N=NC2=C(C=C(C=C2)C3=CC(=C(C=C3)N=NC(C(=O)C)C(=O)NC4=CC(=C(C=C4OC)Cl)OC)Cl)Cl)C;DTXSID70894655;44153097;PRO-238;NS00076477;REACH-A;FALS;vPvM;HQ;vPvM;FALS;FALS;;;FALS;FALS;FALS;FALS;FALS;FALS;FALS;FALS;FALS;FALS;FALS;FALS;FALS;FALS;FALS;CERT;CERT;CERT;;Pigment;;FALS;FALS;CERT;CERT;CERT;CERT;CERT;FALS;FALS;CERT;CERT;CERT;CERT;FALS;CERT;CERT;FALS;CERT;FALS;FALS;FALS;FALS;CERT;FALS;FALS;P-PNEC;;;1,9;;6,92;;0,0122;1,459392488;6,7148;6063,242488;6568,689832;4,9;12894;;;;1,3;0,001085801;;;0,14;0,26;>10 to < 100 tonnes;10;100;0;0;0;0;0;0;0;1;1;0;0;0;0;0;0;0;0;1;0;0;0;0;0;0;0;0;0;0;0;0;1;0;0;0;0;0;0;0;0;0;0;0;0;0;0;0;0;1;1;1;0;0;0;1;1;0;0;0;0;1;1;1;0;0;0;0,999896968;0,999673709;0,999625863;;;;0,036683664;0,592599141;FALS;0;0;0;0;277,4;low ;0;1030;low ;0;620;low ;0;0,950932667;0,046849288;0,079944124;0,057736702;0,951701506;;;P_score_freshwater_pred_UBA;0,999896968;0,99973218;;;M_score_pred_Dashboard;0,592599141;0,314641402;E_score_max;0,26;0,769764954;1;;;0,560853934;1;0,951701506;0,5;0,826175557;0,75;0,951701506;0,25;0,668959921;0,75;0.00;vPvM(T);(T);PM(T);1
caprolactam;105-60-2;203-313-2;JBKVHLHDHHXQEQ-UHFFFAOYSA-N;C1CCC(=O)NCC1;DTXSID4020240;7768;PRO-239;NS00008125;;CERT;;;;FALS;FALS;;;FALS;FALS;FALS;FALS;FALS;FALS;FALS;FALS;FALS;CERT;FALS;FALS;FALS;FALS;CERT;CERT;CERT;CERT;"Arts and crafts/office supplies -> general arts and crafts supplies -> arts and crafts adhesive; Construction and building materials; Electronics/small appliances -> computers and accessories/supplies -> printer ink; Furniture and furnishings; filler; filler; flavouring; impurity; monomer; not reported; residual";"Catalyst; Dye; Finishing agents; Intermediate; Intermediates; Monomers; Not Known or Reasonably Ascertainable; Other (specify); Paint additives and coating additives not described by other categories; Terminator/Blocker";"Agricultural chemicals (non-pesticidal); Catalyst; Dye; Finishing agents; Intermediate; Intermediates; Monomers; Not Known or Reasonably Ascertainable; Paint additives and coating additives not described by other categories";CERT;CERT;FALS;CERT;FALS;CERT;CERT;FALS;FALS;FALS;CERT;CERT;CERT;CERT;CERT;CERT;CERT;CERT;FALS;FALS;FALS;FALS;CERT;FALS;FALS;;113,16;;-0,218;;6,29;;0,37;1,399673721;1,2646;96,54410977;18,96237495;2,14;;;;;;67,44056;;0,81;0,78;0,9;>1000000 to < 10000000 tonnes;1000000;10000000;1;1;0;0;0;0;0;1;1;0;0;0;0;0;0;0;0;1;1;0;1;1;0;0;1;0;0;0;0;0;1;0;1;0;0;0;0;0;0;0;0;0;0;0;0;0;1;0;1;0;1;0;0;0;1;0;0;0;0;0;0;0;0;0;1;;0,122478579;0,692777862;;;;0,624745625;0,602553103;CERT;0;0;0;0;9430;low ;0,585;7900;moderate ;0,85;2640;moderate ;0,85;0,138366843;0,019886504;0,018441977;0,031627068;0,141481326;;;P_score_freshwater_pred_Dashboard;0,692777862;0,40762822;;;M_score_pred_Episuite;0,624745625;0,613649364;E_score_max;0,9;0,657882922;1;;;0,500140778;1;0,141481326;0,5;0,394153556;0,75;0,141481326;0,25;0,328317892;0,75;0.00;PM;;PM;1
Carbon tetrachloride;56-23-5;200-262-8;VZGDMQKNWNREIO-UHFFFAOYSA-N;ClC(Cl)(Cl)Cl;DTXSID8020250;5943;PRO-240;NS00005620;REACH-C;FALS;vPvM & PMT;MQ;vPvM & PMT;FALS;FALS;;;FALS;FALS;FALS;FALS;FALS;FALS;FALS;FALS;FALS;FALS;FALS;FALS;FALS;FALS;FALS;FALS;FALS;FALS;"Home maintenance -> adhesives and adhesive removers -> multipurpose adhesive; Home maintenance -> caulk/sealant; Manufactured formulations -> Flame retardants; solvent; solvents";"Intermediate; Intermediates; Process regulators; Processing aids, not otherwise listed";;CERT;CERT;CERT;FALS;FALS;FALS;CERT;FALS;FALS;FALS;FALS;FALS;FALS;FALS;FALS;FALS;FALS;FALS;FALS;FALS;FALS;FALS;FALS;FALS;FALS;EQS chronic water (=AA-EQS);153,81;2,83;2,73;2,79;2,78;0,00504;0,00391;1,850033258;2,4558;485165195,4;118,7727929;7,41;172;;;1,9;;12;0,42;0,67;0,24;0,33;>1000 to < 10000 tonnes;1000;10000;0;0;0;0;0;0;0;0;0;0;0;0;0;0;0;0;0;0;1;0;0;0;0;0;0;0;0;0;0;0;0;0;0;0;0;0;0;0;0;0;0;0;0;0;0;0;0;0;0;0;1;1;0;1;0;0;0;0;0;0;0;0;0;0;0;0,858194172;0,762669342;1;;;0,517321745;0,421666376;0,525963881;CERT;0,5;0;0;0;777,5;low ;0,514;840,8;;0,6;3930;low ;0,501;0,25366099;0,050946326;0,052615195;0,026742554;0,261357669;;;P_score_freshwater_pred_Dashboard;1;0,873621171;M_score_exp_UBA;0,517321745;M_score_pred_Dashboard;0,525963881;0,488317334;kemi_score;0,67;0,725233673;1;0,517321745;0,5;0,65314957;1;0,331315893;1;0,49018511;1;0,384369062;0,75;0,46518688;1;0.00;vPvM;PM;PM;
Carboxymethyldimethyl-3-[[(3,3,4,4,5,5,6,6,7,7,8,8,8-tridecafluorooctyl)sulphonyl]amino]propylammonium hydroxide;34455-29-3;252-046-8;OKOCIUJVPQKDLL-UHFFFAOYSA-N;C[N+](C)(CCCNS(=O)(=O)CCC(C(C(C(C(C(F)(F)F)(F)F)(F)F)(F)F)(F)F)(F)F)CC(=O)[O-];DTXSID4041284;118691;PRO-241;NS00011051;REACH-A;FALS;vPvM;HQ;vPvM;FALS;FALS;;;FALS;FALS;FALS;FALS;FALS;FALS;FALS;FALS;FALS;FALS;FALS;FALS;FALS;FALS;FALS;CERT;CERT;CERT;;"Fire extinguishing agent; Surface active agents";;CERT;CERT;CERT;FALS;CERT;FALS;FALS;FALS;FALS;FALS;CERT;FALS;CERT;FALS;CERT;CERT;FALS;FALS;FALS;FALS;FALS;FALS;CERT;FALS;FALS;P-PNEC;570,37;;2,22;;8,76;;0,0273;4,720159303;1,8123;275,8893832;1306,330732;10,5;4052;;;1,3;;1,88476801;0,53;0,56;0,26;0,39;>100 to < 1000 tonnes;100;1000;1;0;0;0;0;0;0;0;0;0;0;0;0;0;0;0;0;1;0;0;0;0;0;0;1;0;0;0;0;1;1;1;1;1;0;0;0;0;0;0;0;0;0;0;0;0;0;0;0;0;0;1;0;0;1;0;0;0;0;0;1;1;0;0;0;0,999255106;0,994864232;0,931382676;;;0,618975739;0,532480128;0,131761755;FALS;0;0;0;0;285,6;low ;0,154;55,4;low ;0;4480;low ;0;0,431616746;0,148867678;0,079018481;0,025301167;0,440419651;;;P_score_freshwater_pred_UBA;0,999255106;0,975167338;M_score_exp_UBA;0,618975739;M_score_exp_UBA;0,618975739;0,427739207;kemi_score;0,56;0,786457035;1;0,618975739;0,5;0,645846192;1;0,483138091;1;0,616414917;1;0,524733424;0,75;0,558599048;1;1.00;vPvM;PM;PM;1
Chlorhexidine;55-56-1;200-238-7;GHXZTYHSJHQHIJ-UHFFFAOYSA-N;N=C(NCCCCCCNC(=N)NC(=N)Nc1ccc(Cl)cc1)NC(=N)Nc1ccc(Cl)cc1;DTXSID2033314;88536661;PRO-242;;REACH-B;FALS;PMT;HQ;Not PMT/vPvM;FALS;FALS;;;FALS;FALS;FALS;FALS;FALS;FALS;FALS;FALS;FALS;FALS;FALS;FALS;FALS;FALS;FALS;FALS;FALS;FALS;;;;CERT;FALS;CERT;FALS;FALS;FALS;FALS;FALS;FALS;FALS;FALS;FALS;FALS;FALS;FALS;FALS;FALS;FALS;FALS;FALS;FALS;FALS;FALS;FALS;FALS;P-PNEC pred;505,45;0,08;3,26;;9,6;0,00158;0,000696;4,309630167;2,5115;2,61489E+15;209,0885783;27,5;2360;;;3,9;;0,0068;;0,63;0;0;;;;0;0;0;0;0;0;0;0;0;0;0;0;0;0;0;0;0;0;1;0;0;0;0;0;0;0;0;1;0;0;0;0;0;0;0;0;0;0;0;0;0;0;0;0;0;0;0;0;0;0;0;0;0;0;0;0;0;0;0;0;0;0;1;0;0;0,998125335;0,894180878;1;;;0,211321241;0,412280759;0,16785396;FALS;0;0;0;0;42,2;low ;0,229;261,6;low ;0;482,6;low ;0;0,897291978;0,081837581;0,164473521;0,063948806;0,900602957;;;P_score_freshwater_pred_Dashboard;1;0,964102071;M_score_exp_UBA;0,211321241;M_score_pred_Episuite;0,412280759;0,263818653;kemi_score;0,63;0,642090927;1;0,211321241;0,5;0,504329367;1;0,900602957;0,5;0,718746062;0,75;0,436252833;0,5;0,611862675;0,75;1.00;PM(T);(T);PM(T);2
Chlorobenzene;108-90-7;203-628-5;MVPPADPHJFYWMZ-UHFFFAOYSA-N;C1=CC=C(C=C1)Cl;DTXSID4020298;7964;PRO-243;NS00010206;REACH-A;CERT;vPvM;MQ;PM;FALS;FALS;;;FALS;FALS;FALS;FALS;FALS;FALS;FALS;FALS;FALS;FALS;FALS;FALS;FALS;FALS;FALS;CERT;FALS;FALS;"Home maintenance -> caulk/sealant; Raw materials; impurity; residual; solvent; solvents; unknown";"Functional fluids (closed systems); Intermediate; Intermediates; Laboratory chemicals; Monomers; Not Known or Reasonably Ascertainable; Paint additives and coating additives not described by other categories; Solvent";"Not Known or Reasonably Ascertainable; Paint additives and coating additives not described by other categories; Solvent";CERT;CERT;CERT;FALS;FALS;FALS;CERT;FALS;FALS;FALS;FALS;FALS;CERT;FALS;FALS;FALS;FALS;FALS;CERT;FALS;FALS;FALS;FALS;FALS;FALS;JG-MKN (opgelost);112,56;2,87;2,74;3,31;3,39;0,00431;0,00399;2,149219113;2,4644;149,9047361;24,39330972;17,8;28;;;2,5;;32;0,42;0,88;0,38;0,48;>10000 to < 100000 tonnes;10000;100000;1;0;0;0;0;0;0;0;0;0;0;0;0;0;0;1;0;0;1;1;1;0;0;0;0;0;0;0;0;0;0;0;0;0;0;0;0;0;0;0;0;0;0;0;0;0;0;0;0;0;1;1;0;0;0;0;0;0;0;0;0;0;0;0;1;0,213679536;0,176735812;0,827115887;;;0,414213562;0,42021337;0,474165325;CERT;0;0;0;0;562,4;;1;184,8;;1;706,4;moderate ;0,85;0,181658679;0,093918492;0,060084091;0,054730409;0,19129586;;;P_score_freshwater_pred_Dashboard;0,827115887;0,405843745;M_score_exp_UBA;0,414213562;M_score_pred_Dashboard;0,474165325;0,436197419;kemi_score;0,88;0,626250488;1;0,414213562;0,5;0,420746948;1;0,283450633;1;0,421320658;1;0,321657038;0,75;0,345341843;1;0.00;PM;PM;PM;2
Chloroethane;75-00-3;200-830-5;HRYZWHHZPQKTII-UHFFFAOYSA-N;CCCl;DTXSID1020302;6337;PRO-244;NS00019447;REACH-A;FALS;vPvM & PMT;MQ;vPvM & PMT;FALS;FALS;;;FALS;FALS;FALS;FALS;FALS;FALS;FALS;FALS;FALS;FALS;FALS;FALS;FALS;FALS;FALS;CERT;CERT;FALS;Construction and building materials;Intermediate;;CERT;CERT;CERT;FALS;FALS;FALS;FALS;FALS;FALS;FALS;CERT;FALS;CERT;FALS;FALS;FALS;FALS;FALS;FALS;FALS;FALS;FALS;FALS;FALS;FALS;P-PNEC pred;64,51;1,43;1,53;;2,19;0,093;0,0931;1,340444115;1,2407;639,0610566;19,39259505;8,51;24;;;0,8;;16,25598;0,63;0,7;0,21;0,32;>100 to < 1000 tonnes;100;1000;1;0;0;0;0;0;0;0;0;0;0;0;1;0;0;0;0;0;1;0;0;0;0;0;0;0;0;0;0;0;0;0;0;0;0;0;0;0;0;0;0;0;0;0;0;0;0;0;0;0;1;1;0;1;0;0;0;0;0;0;0;0;0;0;0;0,17272887;0,126660608;0,98277663;;;0,696730455;0,628621287;0,612342441;CERT;0,5;0;0;0;580,9;low ;0,633;1450;good ;1;5280;low ;0,7;0,229521834;0,040645677;0,05929518;0,023599809;0,23847622;;;P_score_freshwater_pred_Dashboard;0,98277663;0,427388703;M_score_exp_UBA;0,696730455;M_score_exp_UBA;0,696730455;0,645898061;kemi_score;0,7;0,827484386;1;0,696730455;0,5;0,525404163;1;0,387608073;1;0,566338793;1;0,471284845;0,75;0,451276961;1;0.00;vPvM;PM;PM;2
Chloroethylene;75-01-4;200-831-0;BZHJMEDXRYGGRV-UHFFFAOYSA-N;C=CCl;DTXSID8021434;6338;PRO-245;NS00008276;REACH-C;FALS;vPvM & PMT;MQ;vPvM & PMT;FALS;FALS;;;FALS;FALS;FALS;FALS;FALS;FALS;FALS;FALS;FALS;FALS;FALS;FALS;FALS;FALS;FALS;CERT;FALS;CERT;"Home maintenance -> caulk/sealant; Home maintenance -> paint/stain and related products; Home maintenance -> paint/stain and related products -> paint; impurity; monomer; not reported; residual; vinyl residual";"Binder; Intermediate; Intermediates; Monomers; Other (specify)";"Binder; Intermediate; Intermediates; Other (specify)";CERT;CERT;CERT;CERT;CERT;FALS;CERT;FALS;FALS;FALS;CERT;CERT;FALS;FALS;CERT;FALS;FALS;CERT;CERT;FALS;FALS;FALS;CERT;FALS;FALS;EQS water (=AA-EQS);62,5;;1,56;;1,96;0,0923;0,0849;1,309630167;1,4056;1394,093971;19,22309767;8,51;24;;;0,9;;0,05;0,6;0,81;0,71;0,83;>1000000 to < 10000000 tonnes;1000000;10000000;0;1;0;0;0;0;0;1;0;0;0;0;0;0;0;0;0;0;1;0;0;0;0;0;0;0;0;0;0;0;1;0;0;0;0;0;0;0;0;0;0;0;0;0;0;0;0;0;0;0;1;1;1;1;1;0;0;0;0;0;0;0;0;0;0;0,17272887;0,12500981;0,995402038;;;0,681888;0,601568946;0,6174002;CERT;1;0;0;0;645,4;low ;0;1530;moderate ;0,85;7920;low ;0,698;0,786008279;0,039745893;0,056795343;0,019865112;0,78839041;;;P_score_freshwater_pred_Dashboard;0,995402038;0,431046906;M_score_exp_UBA;0,681888;M_score_exp_UBA;0,681888;0,633619049;E_score_max;0,83;0,823864494;1;0,681888;0,5;0,522608391;1;0,687774851;1;0,752750477;1;0,685806942;0,75;0,599530573;1;0.00;vPvM(T);PM(T);PM(T);1
Chloroform;67-66-3;200-663-8;HEDRZPFGACZZDS-UHFFFAOYSA-N;ClC(Cl)Cl;DTXSID1020306;6212;PRO-246;NS00007346;REACH-C;FALS;vPvM & PMT;MQ;PMT;FALS;FALS;;;FALS;FALS;FALS;FALS;FALS;FALS;FALS;FALS;FALS;FALS;FALS;FALS;FALS;FALS;FALS;CERT;FALS;FALS;"Cleaning products and household care -> laundry and fabric treatment -> laundry starch; disinfection by-products; solvent; solvent";"Intermediate; Intermediates; Laboratory chemicals; Solvent";;CERT;CERT;CERT;FALS;FALS;FALS;CERT;FALS;FALS;FALS;CERT;FALS;CERT;CERT;FALS;FALS;FALS;FALS;FALS;FALS;FALS;FALS;FALS;FALS;FALS;EQS chronic water (=AA-EQS);119,37;1,97;1,8;2,8;2,75;0,067;0,0346;1,599883072;1,7094;4,81417E+11;48,28395944;12,9;55;;;2;;2,5;0,55;0,74;0,58;0,69;>100000 to < 1000000 tonnes;100000;1000000;1;0;0;0;0;0;0;0;0;0;0;0;0;0;0;0;0;0;1;1;1;0;0;0;0;0;0;0;0;0;0;0;0;0;0;0;0;0;0;0;0;0;0;0;0;0;0;0;0;0;1;1;1;0;0;0;0;0;0;0;0;0;1;0;1;0,462881681;0,40820687;1;;;0,5;0,550187567;0,56889395;CERT;0,5;0;0;0;1620;;1;1750;low ;0,555;40020;low ;0,534;0,401807375;0,037577863;0,038809222;0,009929391;0,406357592;;;P_score_freshwater_pred_Dashboard;1;0,623696183;M_score_exp_UBA;0,5;M_score_pred_Dashboard;0,56889395;0,539693839;kemi_score;0,74;0,754250588;1;0,5;0,5;0,580176687;1;0,47275435;1;0,597139219;1;0,481667145;0,75;0,523718486;1;0.00;vPvM;PM;PM;2
Chromate(2-), [2,4-dihydro-4-[(2-hydroxy-4-nitrophenyl)azo]-5-methyl-3H-pyrazol-3-onato(2-)][3-[[4,5-dihydro-3-methyl-1-(4-methylphenyl)-5-oxo-1H-pyrazol-4-yl]azo]-4-hydroxy-5-nitrobenzenesulfonato(3-)]-, disodium;75199-08-5;278-113-1;;CC1=CC=C(C=C1)N2C(=O)C(=C(N2)C)N=NC3=C(C(=CC(=C3)S(=O)(=O)O)[N+](=O)[O-])O;DTXSID20904930;136192459;PRO-247;;REACH-B;FALS;vPvM;HQ;vPvM;FALS;FALS;;;FALS;FALS;FALS;FALS;FALS;FALS;FALS;FALS;FALS;FALS;FALS;FALS;FALS;FALS;FALS;CERT;CERT;CERT;;;;FALS;FALS;FALS;CERT;FALS;CERT;FALS;FALS;FALS;FALS;CERT;CERT;FALS;FALS;CERT;FALS;FALS;FALS;FALS;FALS;FALS;FALS;CERT;FALS;FALS;;789,54;;3,18;;9,48;;0,211;3,969881644;;29,66595227;;4,68;6950;;;;-1,5;;;;0,05;0,15;>1 to < 10 tonnes;1;10;0;0;0;0;0;0;0;0;0;0;0;0;0;0;0;0;0;0;0;0;0;0;0;0;0;0;0;0;0;0;0;0;1;0;0;0;0;0;0;0;0;0;0;0;0;0;1;0;0;0;0;0;0;0;0;0;0;0;0;0;0;0;0;0;0;0,999703705;;0,230749318;;;;;0,203361161;FALS;0;0;0;0;168,2;low ;0,189;393,4;low ;0,202;1350;low ;0,506;;0,069471613;0,097455161;0,041873214;0,052699541;;;P_score_freshwater_pred_UBA;0,999703705;0,615226512;;;M_score_pred_Dashboard;0,203361161;0,203361161;E_score_max;0,15;0,450889018;1;;;0,353713412;1;0,052699541;0,5;0,22045268;0,75;0,052699541;0,25;0,187515266;0,75;1.00;PM;;PM;1
cis1,2-Dichloroethylene;156-59-2;205-859-7;KFUSEUYYWQURPO-UPHRSURJSA-N;C(=CCl)Cl;DTXSID2024030;643833;PRO-248;NS00079283;;FALS;;;;FALS;FALS;;;FALS;FALS;FALS;FALS;FALS;FALS;FALS;FALS;FALS;FALS;FALS;FALS;FALS;CERT;CERT;FALS;FALS;FALS;"solvent; solvent; solvents";;;FALS;FALS;FALS;FALS;FALS;FALS;FALS;FALS;FALS;FALS;FALS;FALS;FALS;FALS;FALS;FALS;FALS;FALS;FALS;FALS;FALS;FALS;FALS;FALS;FALS;;96,94;1,86;1,88;2,56;2,7;0,0493;0,0312;1,740362689;1,7354;6063,242488;31,26359992;10,2;;;;;;43,52361779;0,55;;;;;;;0;0;0;0;0;0;0;0;0;0;0;0;0;0;0;0;0;0;0;0;0;0;0;0;0;0;0;0;0;0;0;0;0;0;0;0;0;0;0;0;0;0;0;0;0;0;0;0;0;0;0;0;0;0;0;0;0;0;0;0;0;0;0;0;0;;0,247048999;0,999625863;;;;0,545723587;0,544870677;FALS;0;0;0;0;4250;low ;0;1710;;1;36800;;1;0,162638628;0,037942728;0,02587181;0,010293989;0,177426671;;;P_score_freshwater_pred_Dashboard;0,999625863;0,623337431;;;M_score_pred_Episuite;0,545723587;0,545297132;;;0,738592859;1;;;0,583012962;1;0,31238545;1;0,480339112;1;0,31238545;0,5;0,426760783;1;0.00;vPvM;;PM;1
cis-2-(2,4-dichlorophenyl)-2-(1H-1,2,4-triazol-1-ylmethyl)-1,3-dioxolan-4-ylmethyl methanesulphonate;67914-86-7;267-749-5;QIMASXGTWQEFGS-UHFFFAOYSA-N;CS(=O)(=O)OCC1COC(Cn2cncn2)(O1)c1ccc(Cl)cc1Cl;DTXSID90987295;3114841;PRO-249;NS00056349;REACH-B;FALS;vPvM;HQ;vPvM;FALS;FALS;;;FALS;FALS;FALS;FALS;FALS;FALS;FALS;FALS;FALS;FALS;FALS;FALS;FALS;FALS;FALS;FALS;FALS;FALS;;;;FALS;FALS;FALS;FALS;FALS;FALS;FALS;FALS;FALS;FALS;FALS;FALS;FALS;FALS;FALS;FALS;FALS;FALS;FALS;FALS;FALS;FALS;FALS;FALS;FALS;P-PNEC pred;408,25;;1,87;;10,8;;5,61E-05;1,800029359;1,8909;4105,160008;213,2907904;5,5;1028;;;;1;3,861097628;0,52;0,24;0;0;;;;0;0;0;0;0;0;0;0;0;0;0;0;0;0;0;0;0;0;0;0;0;0;0;0;0;0;0;0;0;0;0;0;0;0;0;0;0;0;0;0;0;0;0;0;0;0;0;0;0;0;0;0;0;0;0;0;0;0;0;0;0;0;0;0;0;0,992284402;0,897356692;0,999271508;;;;0,518896585;0,534596898;FALS;0;0;0;0;125,1;low ;0,196;488,6;low ;0,277;701;low ;0,234;0,357389909;0,063628342;0,109363682;0,054903081;0,396019799;;;P_score_freshwater_pred_Dashboard;0,999271508;0,962970868;;;M_score_pred_Dashboard;0,534596898;0,526746742;kemi_score;0,24;0,730894964;1;;;0,712209075;1;0,453795433;1;0,57591388;1;0,453795433;0,5;0,568504376;1;0.00;vPvM;;vPvM;
Climbazole;38083-17-9;253-775-4;OWEGWHBOCFMBLP-UHFFFAOYSA-N;CC(C)(C)C(=O)C(Oc1ccc(Cl)cc1)n1ccnc1;DTXSID6046555;37907;PRO-250;NS00008150;REACH-A;CERT;PMT;MQ;Not PMT/vPvM;FALS;FALS;;;FALS;FALS;FALS;FALS;FALS;FALS;FALS;FALS;FALS;FALS;FALS;FALS;FALS;FALS;FALS;FALS;CERT;FALS;"Personal care -> child specific -> baby shampoo; Personal care -> foot care; Personal care -> hair styling and care; Personal care -> hair styling and care -> shampoo - dandruff; antidandruff; antidandruff agent; antimicrobial; biocide; cleaning agent, humectant; cosmetic biocide; preservative; preservative";;;CERT;FALS;CERT;FALS;FALS;FALS;CERT;FALS;FALS;FALS;CERT;FALS;CERT;FALS;FALS;FALS;FALS;FALS;FALS;FALS;FALS;FALS;FALS;FALS;FALS;PNEC aqua (freshwater);292,76;;3,46;;9,46;;0,000435;3,068185862;3,6548;134,2897797;98,00863724;110;95;;;3,8;;0,52;0,24;0,59;0,12;0,24;>10 to < 100 tonnes;10;100;0;0;0;0;0;0;0;0;0;0;0;0;0;0;0;0;0;0;0;0;0;0;0;0;0;0;0;0;0;0;0;0;0;0;0;0;0;1;0;0;0;0;0;0;0;0;0;0;0;0;0;0;0;0;0;0;0;0;0;0;0;0;0;0;0;0,68688056;0,698228452;0,798553329;;;0,223104613;0,241033821;0,32291449;FALS;0;0;0;0;52,7;low ;0,255;352,3;low ;0,249;446,5;low ;0,251;0,570525784;0,072634171;0,151638092;0,066000014;0,602682301;;;P_score_freshwater_pred_Dashboard;0,798553329;0,727887447;M_score_exp_UBA;0,223104613;M_score_pred_Dashboard;0,32291449;0,262350975;kemi_score;0,59;0,507803546;1;0,223104613;0,5;0,43699197;1;0,380320591;1;0,439463474;1;0,318372888;0,75;0,407672717;1;1.00;PM;;PM;
Cyanoguanidine;461-58-5;207-312-8;QGBSISYHAICWAH-UHFFFAOYSA-N;C(#N)N=C(N)N;DTXSID1020354;10005;PRO-251;NS00003801;REACH-A;CERT;vPvM;HQ;vPvM;FALS;FALS;;;FALS;FALS;FALS;FALS;FALS;FALS;FALS;FALS;FALS;FALS;FALS;FALS;FALS;FALS;FALS;CERT;FALS;CERT;;"Adhesives and sealant chemicals; Agricultural chemicals (non-pesticidal); Bleaching agent; Catalyst; Dye; Hardener; Intermediate; Intermediates; Not Known or Reasonably Ascertainable; Other (specify); Paint additives and coating additives not described by other categories; Plasticizers; Process regulators; Processing aids, not otherwise listed; Viscosity adjustors";"Adhesives and sealant chemicals; Hardener; Intermediate; Intermediates; Not Known or Reasonably Ascertainable; Other (specify); Paint additives and coating additives not described by other categories";CERT;CERT;CERT;CERT;CERT;CERT;CERT;FALS;FALS;CERT;CERT;CERT;CERT;CERT;CERT;CERT;CERT;CERT;FALS;FALS;FALS;FALS;CERT;FALS;FALS;P-PNEC pred;84,082;-1,15;-1,31;;6,24;0,491;1,3;0,820201459;-1,9566;58,55696259;15,11624969;3,09;2500;;;1,1;;38,35784;0,94;0,78;0,39;0,49;>10000 to < 100000 tonnes;10000;100000;1;1;0;0;1;0;0;1;1;0;0;1;0;0;1;0;0;0;1;0;1;1;0;0;0;0;0;0;0;0;1;0;1;0;0;0;0;1;0;0;0;1;1;0;0;0;1;0;0;0;0;1;0;0;1;0;0;1;1;1;0;1;0;0;0;0,998300918;0,08653562;0,489597175;;;0,65108968;0,939488727;0,693763625;FALS;0;0;0;0;11630;low ;0,217;4260;low ;0,273;41580;low ;0,569;0,170250334;0,0258461;0,016863777;0,009767449;0,181279683;;;P_score_freshwater_pred_UBA;0,998300918;0,524811238;M_score_exp_UBA;0,65108968;M_score_pred_Episuite;0,939488727;0,761447344;kemi_score;0,78;0,96844848;1;0,65108968;0,5;0,632151978;1;0,412798863;1;0,63227718;1;0,480513875;0,75;0,510834237;1;2.00;vPvM;PM;PM;4
Cyanuric acid;108-80-5;203-618-0;ZFSLODLOARCGLH-UHFFFAOYSA-N;C1(=O)NC(=O)NC(=O)N1;DTXSID7024873;7956;PRO-252;NS00009566;REACH-A;CERT;vPvM & PMT;HQ;vPvM & PMT;FALS;FALS;;;FALS;FALS;FALS;FALS;FALS;FALS;FALS;FALS;FALS;FALS;FALS;FALS;FALS;FALS;FALS;CERT;CERT;CERT;"Landscape/yard -> pool chemicals; Landscape/yard -> pool chemicals -> chlorine and bromine; Landscape/yard -> pool chemicals -> pH control; Personal care -> hair styling and care -> hair conditioner; flame retardant; flame retardants";"Intermediate; Intermediates; Not Known or Reasonably Ascertainable; Other (specify); Process regulators; Stabilizing agent; UV stabilizer";"Bleaching agent; Intermediate; Not Known or Reasonably Ascertainable; Other (specify); Processing aids, not otherwise listed; Stabilizing agent; UV stabilizer";CERT;CERT;CERT;FALS;FALS;FALS;CERT;FALS;FALS;FALS;CERT;CERT;CERT;CERT;FALS;CERT;CERT;FALS;FALS;FALS;FALS;FALS;CERT;FALS;FALS;P-PNEC pred;129,075;;-0,72;;7,89;0,0155;0,362;1,57054294;1,9832;478,1861061;18,27238639;0,501;;;;1,7;;92,99201;;0,72;0,52;0,65;>10000 to < 100000 tonnes;10000;100000;1;0;0;0;0;0;1;0;0;0;0;0;0;0;0;0;0;0;1;0;1;0;0;0;0;0;0;0;0;0;1;0;0;0;0;1;0;0;0;0;0;0;0;0;0;0;0;0;0;0;1;1;0;1;1;0;0;0;0;0;0;0;1;1;0;;0,115829609;0,97203278;;;0,551799519;0,502911185;0,57387453;FALS;0;0;0;0;13720;low ;0,552;13800;;1;20310;low ;0,424;0,122555939;0,015675154;0,01571416;0,013285469;0,133794429;;;P_score_freshwater_pred_Dashboard;0,97203278;0,543931194;M_score_exp_UBA;0,551799519;M_score_pred_Dashboard;0,57387453;0,542861745;kemi_score;0,72;0,746876733;1;0,551799519;0,5;0,543396206;1;0,133794429;0,5;0,421028954;0,75;0,271712534;0,5;0,34058361;0,75;0.00;vPvM;PM;PM;2
Cyclohexene;110-83-8;203-807-8;HGCIXCUEYOPUTN-UHFFFAOYSA-N;C1CCC=CC1;DTXSID9038717;8079;PRO-253;NS00008978;REACH-B;FALS;vPvM;MQ;vPvM;FALS;FALS;;;FALS;FALS;FALS;FALS;FALS;FALS;FALS;FALS;FALS;FALS;FALS;FALS;FALS;FALS;FALS;FALS;FALS;FALS;;;;CERT;CERT;CERT;FALS;FALS;FALS;CERT;FALS;FALS;FALS;FALS;FALS;FALS;FALS;FALS;FALS;FALS;FALS;FALS;FALS;FALS;FALS;FALS;FALS;FALS;P-PNEC pred;82,146;2,86;2,88;2,83;2,93;0,00258;0,00264;1,949877704;2,4818;1652,426347;14,92577985;12,9;19;;;2;;11,82448;0,42;0,47;0;0;;;;0;0;0;0;0;0;0;0;0;0;0;0;0;0;0;0;0;0;1;0;0;0;0;0;0;0;0;0;0;0;0;0;0;0;0;0;0;0;0;0;0;0;0;0;0;0;0;0;0;0;1;1;0;0;0;0;0;0;0;0;0;0;0;0;0;0,122843248;0,084837379;0,996557642;;;0,5;0,417277818;0,508684659;FALS;0;0;0;0;2570;low ;0,7;702,9;;1;1590;;1;0,254874375;0,054842116;0,031986468;0,03911318;0,282079117;;;P_score_freshwater_pred_Dashboard;0,996557642;0,401412757;M_score_exp_UBA;0,5;M_score_pred_Dashboard;0,508684659;0,475320825;kemi_score;0,47;0,711992685;1;0,5;0,5;0,436806413;1;0,344199403;1;0,495042884;1;0,389819365;0,75;0,387747994;1;0.00;vPvM;PM;PM;1
Dapsone;80-08-0;201-248-4;MQJKPEGWNLWLTK-UHFFFAOYSA-N;C1=CC(=CC=C1N)S(=O)(=O)C2=CC=C(C=C2)N;DTXSID4020371;2955;PRO-254;NS00000683;REACH-A;FALS;vPvM & PMT;HQ;vPvM & PMT;FALS;FALS;;;FALS;FALS;FALS;FALS;FALS;FALS;FALS;FALS;FALS;FALS;FALS;FALS;FALS;FALS;FALS;CERT;FALS;CERT;;"Hardener; Intermediate; Not Known or Reasonably Ascertainable";Not Known or Reasonably Ascertainable;CERT;CERT;CERT;CERT;CERT;CERT;CERT;FALS;FALS;FALS;CERT;CERT;FALS;FALS;CERT;FALS;FALS;FALS;FALS;FALS;FALS;FALS;CERT;FALS;FALS;P-PNEC pred;248,3;0,97;0,938;;9,08;0,00104;0,00416;2,029383778;1,4423;53757835,98;51,71607279;2,75;2500;;;1,8;;1,37603;0,6;0,8;0;0;>100 tonnes;100;;1;1;0;0;0;0;0;0;0;0;0;0;0;0;0;0;0;0;1;0;0;0;0;0;0;0;0;0;0;0;1;0;0;0;0;0;0;0;0;0;0;0;0;0;0;0;0;0;0;0;0;1;1;1;1;0;0;0;0;0;0;0;0;0;0;0,998300918;0,436841115;1;;;0,534601961;0,595456287;0,494908355;CERT;0;0;0;0;242,1;low ;0,325;176,9;low ;0,7;425,6;low ;0,492;0,46539842;0,095545638;0,084401344;0,067295088;0,50164741;;;P_score_freshwater_pred_Dashboard;1;0,811714011;M_score_exp_UBA;0,534601961;M_score_pred_Episuite;0,595456287;0,541655535;kemi_score;0,8;0,771658141;1;0,534601961;0,5;0,663075702;1;0,548624139;1;0,650653736;1;0,543909684;0,75;0,603141224;1;0.00;vPvM;PM;PM;1
Decahydronaphthalene;91-17-8;202-046-9;NNBZCPXTIHJBJL-UHFFFAOYSA-N;C1CCC2CCCCC2C1;DTXSID1024912;7044;PRO-255;NS00003533;REACH-A;FALS;PMT;HQ;Not PMT/vPvM;FALS;FALS;;;FALS;FALS;FALS;FALS;FALS;FALS;FALS;FALS;FALS;FALS;FALS;FALS;FALS;FALS;FALS;FALS;FALS;FALS;;"Fuels and fuel additives; Solvents (which become part of product formulation or mixture)";Solvents (which become part of product formulation or mixture);CERT;CERT;CERT;FALS;FALS;FALS;CERT;FALS;FALS;FALS;CERT;FALS;FALS;FALS;FALS;FALS;FALS;FALS;FALS;FALS;FALS;FALS;FALS;FALS;FALS;P-PNEC pred;138,254;;4,6;;4,84;1,92E-05;3,78E-05;3,670245853;3,6448;3,50E+18;19,01052606;1740;73;;;3,3;;0,53763;0,24;0,55;0,22;0,33;>100 to < 1000 tonnes;100;1000;0;0;0;0;0;0;0;0;0;0;0;0;0;0;0;1;0;0;0;0;0;0;0;0;0;0;0;0;0;0;0;0;0;0;0;0;0;0;0;0;0;0;0;0;0;0;0;0;0;1;0;1;0;0;1;0;0;0;0;1;0;0;0;0;0;0,583038809;0,122945306;1;;;0,288826279;0,242304116;0,239080691;FALS;0;0;0;0;130,9;moderate ;0,85;61,5;good ;1;42,9;;0,85;0,566974204;0,143210693;0,107461247;0,163494015;0,622121922;;;P_score_freshwater_pred_Dashboard;1;0,568661372;M_score_exp_UBA;0,288826279;M_score_exp_UBA;0,288826279;0,256737029;kemi_score;0,55;0,537425604;1;0,288826279;0,5;0,382094793;1;0,386405566;1;0,455701925;1;0,350677432;0,75;0,384244134;1;1.00;PM;;PM;3
Diammonio(ethyl)[4-[[4-[ethyl(3-sulphonatobenzyl)amino]phenyl](2-sulphonatophenyl)methylene]cyclohexa-2,5-dien-1-ylidene](3-sulphonatobenzyl)ammonium;2650-18-2;220-168-0;ZESJVAFJNMXDFZ-UHFFFAOYSA-N;CCN(CC1=CC(=CC=C1)S(=O)(=O)[O-])C2=CC=C(C=C2)C(=C3C=CC(=[N+](CC)CC4=CC(=CC=C4)S(=O)(=O)[O-])C=C3)C5=CC=CC=C5S(=O)(=O)[O-].[NH4+].[NH4+];DTXSID4034310;17559;PRO-256;;REACH-A;FALS;vPvM;HQ;PM;FALS;FALS;;;FALS;FALS;FALS;FALS;FALS;FALS;FALS;FALS;FALS;FALS;FALS;FALS;FALS;FALS;FALS;CERT;CERT;CERT;"Home maintenance -> paint/stain and related products; Personal care -> body hygiene -> body wash; Personal care -> fragrance; Personal care -> general moisturizing -> hand/body lotion; Personal care -> make-up and related -> lip gloss; Personal care -> nails -> nail polish; colorant; cosmetic colorant; dye; dye; hair dyeing";;"Not Known or Reasonably Ascertainable; Pigment";CERT;CERT;CERT;CERT;CERT;CERT;CERT;CERT;CERT;CERT;CERT;CERT;CERT;FALS;CERT;CERT;FALS;CERT;FALS;FALS;FALS;FALS;CERT;FALS;FALS;P-PNEC pred;782,94;;4,64;;9,61;;0,000114;5,139879086;0,3531;5389698,476;410,4914071;4,79;837;;;2,1;;39746,25526;;0,81;0,14;0,26;>10 to < 100 tonnes;10;100;1;1;1;1;1;1;1;1;1;1;1;1;1;1;1;1;1;1;0;1;1;1;1;1;1;1;1;1;1;1;1;1;1;1;1;1;1;1;1;1;1;0;1;0;0;1;1;1;1;1;0;1;0;1;1;1;0;1;0;1;0;1;0;0;0;0,989071386;0,963994297;0,999999997;;;0,482678255;0,757963023;0,101890038;FALS;0;0;0;0;458,9;low ;0;0,7;low ;0,172;1260;low ;0;0,009958738;0,538648242;0,065270436;0,043091973;0,147567682;;;P_score_freshwater_pred_Dashboard;0,999999997;0,984355227;M_score_exp_UBA;0,482678255;M_score_pred_Episuite;0,757963023;0,447510439;kemi_score;0,81;0,870610717;1;0,482678255;0,5;0,663708701;1;0,147567682;0,5;0,48181438;0,75;0,266885202;0,5;0,402082735;0,75;1.00;vPvM;PM;PM;1
dibutyl adipate;105-99-7;203-350-4;XTJFFFGAUHQWII-UHFFFAOYSA-N;CCCCOC(=O)CCCCC(=O)OCCCC;DTXSID2021866;7784;PRO-257;NS00011516;;CERT;;;;FALS;FALS;;;FALS;FALS;FALS;FALS;FALS;FALS;FALS;FALS;FALS;CERT;FALS;FALS;FALS;FALS;CERT;CERT;CERT;CERT;"Personal care -> make-up and related -> mascara; emollient; film forming; plasticiser; plasticisers; plasticizer; plasticizer; skin conditioning; skin-conditioning agent - emollient; softener and conditioner; solvent; solvent";Processing aids not otherwise specified;;CERT;CERT;CERT;CERT;CERT;CERT;CERT;CERT;CERT;CERT;CERT;CERT;CERT;CERT;CERT;CERT;CERT;CERT;CERT;CERT;CERT;CERT;CERT;CERT;FALS;;258,358;;4,04;;7,38;;0,000596;3,089905111;3,189;275,8893832;5,764221571;63,1;;;;;;6,95943542;0,3;0,74;0,39;0,01;>1000 tonnes;1000;;1;1;1;1;1;0;1;1;1;1;0;1;1;1;1;1;1;1;0;1;1;1;1;1;0;1;1;0;0;1;1;0;1;1;0;0;0;1;0;0;0;0;1;0;0;0;0;0;0;0;0;0;0;0;0;0;0;0;0;0;0;0;0;0;0;;0,017901125;0,931382676;;;;0,304883018;0,319631748;FALS;0;0;0;0;109,9;moderate ;0,85;1030;low ;0,7;1070;low ;0,7;0,300992945;0,046849288;0,11496518;0,046115927;0,33845829;;;P_score_freshwater_pred_Dashboard;0,931382676;0,474641901;;;M_score_pred_Dashboard;0,319631748;0,312257383;kemi_score;0,74;0,545618431;1;;;0,384981087;1;0,318649474;1;0,416966457;1;0,318649474;0,5;0,350248513;1;1.00;PM;;PM;2
dibutyl hydrogen phosphate;16980-89-5;241-059-4;JYFHYPJRHGVZDY-UHFFFAOYSA-N;CCCC(=O)NC1=C2C(=NC=N1)N(C=N2)C3C(C4C(O3)COP(=O)(O4)[O-])OC(=O)CCC.[Na+];DTXSID60937686;6604694;PRO-258;;;FALS;;;;FALS;FALS;;;FALS;FALS;FALS;FALS;FALS;FALS;FALS;FALS;FALS;CERT;FALS;FALS;FALS;FALS;CERT;FALS;FALS;FALS;;;;FALS;FALS;FALS;FALS;FALS;FALS;FALS;FALS;FALS;FALS;FALS;FALS;FALS;FALS;FALS;FALS;FALS;FALS;FALS;FALS;FALS;FALS;FALS;FALS;FALS;;491,373;;0,18;;9,46;;0,00117;1,729974286;;275,8893832;;3,16;;;;;;;;;;;;;;0;0;0;0;0;0;0;0;0;0;0;0;0;0;0;0;0;0;0;0;0;0;0;0;0;0;0;0;0;0;0;0;0;0;0;0;0;0;0;0;0;0;0;0;0;0;0;0;0;0;0;0;0;0;0;0;0;0;0;0;0;0;0;0;0;;;0,931382676;;;;;0,546655767;FALS;0;0;0;0;343,3;low ;0,176;8020;low ;0,223;1080;low ;0,181;;0,019759291;0,073394847;0,045938537;0,025438199;;;P_score_freshwater_pred_Dashboard;0,931382676;0,931382676;;;M_score_pred_Dashboard;0,546655767;0,546655767;;;0,713544471;1;;;0,713544471;1;0,025438199;0,5;0,234842206;0,75;0,025438199;0,25;0,234842206;0,75;0.00;vPvM;;vPvM;1
Dibutyl hydrogen phosphate;107-66-4;203-509-8;JYFHYPJRHGVZDY-UHFFFAOYSA-N;CCCCOP(=O)(O)OCCCC;DTXSID3040728;7881;PRO-259;NS00009170;REACH-A;CERT;vPvM;MQ;vPvM;FALS;FALS;;;FALS;FALS;FALS;FALS;FALS;FALS;FALS;FALS;FALS;FALS;FALS;FALS;FALS;FALS;FALS;CERT;FALS;CERT;;"Anti-static agent; Chemical reaction regulator; Finishing agents; Intermediate; Intermediates; Lubricants and lubricant additives; Lubricating agent; Paint additives and coating additives not described by other categories; Plasticizer; Processing aids not otherwise specified";"Chemical reaction regulator; Lubricants and lubricant additives; Lubricating agent; Paint additives and coating additives not described by other categories; Plasticizer; Processing aids not otherwise specified";CERT;CERT;CERT;CERT;CERT;CERT;CERT;FALS;FALS;FALS;CERT;CERT;CERT;CERT;FALS;FALS;FALS;FALS;FALS;FALS;FALS;FALS;CERT;FALS;FALS;P-PNEC pred;210,21;;1,8;;9,22;0,0815;0,0754;1,301029996;2,2951;41,26439411;8,093931132;6,76;25;;;0,5;;50,81144;0,45;0,79;0,24;0,36;>100 to < 1000 tonnes;100;1000;0;0;0;0;0;0;0;0;0;0;0;0;0;0;0;0;0;0;0;1;1;0;0;0;0;0;0;0;0;0;1;0;0;0;0;0;0;0;0;0;0;0;0;0;0;0;0;0;0;0;0;1;0;0;1;0;0;0;0;0;0;0;1;0;1;0,182929628;0,031537137;0,345258688;;;0,738796125;0,44904062;0,618807346;FALS;0;0;0;0;757,6;low ;0,293;3040;low ;0,424;13260;low ;0;0,153688261;0,029803477;0,053179328;0,01594489;0,169584995;;;P_score_freshwater_pred_Dashboard;0,345258688;0,186575151;M_score_exp_UBA;0,738796125;M_score_exp_UBA;0,738796125;0,602214697;kemi_score;0,79;0,505050276;1;0,738796125;0,5;0,335198893;1;0,276248525;1;0,373522949;1;0,383449505;0,75;0,304299523;1;0.00;PM;vPvM;PM;1
Dibutylphthalate;84-74-2;201-557-4;DOIRQSBPFJWKBE-UHFFFAOYSA-N;CCCCOC(=O)C1=CC=CC=C1C(=O)OCCCC;DTXSID2021781;3026;PRO-260;NS00010095;;FALS;;;;FALS;FALS;;;FALS;FALS;FALS;FALS;FALS;FALS;FALS;FALS;FALS;CERT;FALS;FALS;FALS;FALS;CERT;CERT;FALS;CERT;"Home maintenance -> caulk/sealant; Home maintenance -> paint/stain and related products; Home maintenance -> paint/stain and related products -> paint; Home maintenance -> patch and repair -> putty or filler; Home maintenance -> surface sealers; Manufactured formulations -> Flame retardants; Personal care -> nails -> nail polish; Personal care -> nails -> nail polish remover; chemical added to raw material by supplier; fragrance; fragrance component; fragrance ingredient; impurites; masking; perfuming; plasticiser; plasticisers; plasticizer; plasticizer; solvent; solvent";"Absorbent; Not Known or Reasonably Ascertainable; Other; Plasticizer; Solvent";"Not Known or Reasonably Ascertainable; Plasticizer";CERT;CERT;CERT;CERT;FALS;CERT;CERT;CERT;CERT;CERT;CERT;CERT;CERT;FALS;FALS;FALS;FALS;FALS;FALS;FALS;FALS;FALS;CERT;FALS;FALS;;278,348;4,61;4,68;;8,84;4,02E-05;4,45E-05;3,139879086;3,283;79,0436317;6,282083675;166;;;;;;10;0,29;0,81;0,36;0,48;>1000 to < 10000 tonnes;1000;10000;1;0;1;0;0;0;0;0;0;0;1;0;0;0;0;0;0;0;1;0;1;0;0;1;0;0;0;0;0;0;1;0;0;1;0;0;0;0;0;0;0;1;0;1;1;0;0;0;0;0;1;1;1;1;1;0;0;1;0;1;0;0;0;0;1;;0,020678683;0,615676279;;;;0,291252687;0,312146344;CERT;0;0;0,75;0;59;;1;547,3;;1;538;;1;0,268941421;0,060755087;0,145436405;0,061181215;0,305086822;;;P_score_freshwater_pred_Dashboard;0,615676279;0,318177481;;;M_score_pred_Dashboard;0,312146344;0,301699516;kemi_score;0,81;0,438384648;1;;;0,309828972;1;0,297447774;1;0,361104608;1;0,297447774;0,5;0,30357526;1;1.00;PM;;;
Dibutyltin bis(2-ethylhexanoate);04/10/2781;220-481-2;GPDWNEFHGANACG-UHFFFAOYSA-L;CCCCC(CC)C(=O)O[Sn](CCCC)(CCCC)OC(=O)C(CC)CCCC;DTXSID9051953;16682803;PRO-261;;REACH-A;FALS;PMT;MQ;Potential PMT/vPvM;FALS;FALS;;;FALS;FALS;FALS;FALS;FALS;FALS;FALS;FALS;FALS;FALS;FALS;FALS;FALS;FALS;FALS;FALS;FALS;CERT;;Heat stabilizer;;FALS;FALS;CERT;FALS;FALS;FALS;FALS;FALS;FALS;FALS;FALS;FALS;FALS;FALS;FALS;FALS;FALS;FALS;FALS;FALS;FALS;FALS;FALS;FALS;FALS;;519,354;;9,52;;9,72;;1,34E-09;4,630427875;;4,96E+38;;224;109;;;;2,6;;;;0,09;0,17;;;;0;0;0;0;0;0;0;0;0;0;0;0;0;0;0;0;0;0;0;0;0;0;0;0;0;0;0;0;0;0;0;0;0;0;0;0;0;0;0;0;0;0;0;0;0;0;0;0;0;0;0;0;0;0;0;0;0;0;0;0;0;0;0;0;0;0,735086324;;1;;;;;0,139041523;CERT;0;0,5;0,75;0;241,6;low ;0;125,7;low ;0,298;3050;low ;0;;0,109161445;0,084470755;0,029762264;0,032530111;;;P_score_freshwater_pred_Dashboard;1;0,867543162;;;M_score_pred_Dashboard;0,139041523;0,139041523;E_score_max;0,17;0,37288272;1;;;0,347310412;1;0,032530111;0,5;0,1653776;0,75;0,032530111;0,25;0,157727365;0,75;1.00;PM;;PM;1
Dibutyltin oxide;818-08-6;212-449-1;JGFBRKRYDCGYKD-UHFFFAOYSA-N;CCCC[Sn](=O)CCCC;DTXSID4027315;61221;PRO-262;;REACH-A;FALS;vPvM & PMT;MQ;PMT;FALS;FALS;;;FALS;FALS;FALS;FALS;FALS;FALS;FALS;FALS;FALS;FALS;FALS;FALS;FALS;FALS;FALS;CERT;CERT;CERT;Home maintenance -> caulk/sealant;"Catalyst; Intermediate; Paint additives and coating additives not described by other categories; Processing aids, not otherwise listed; Sealant (barrier)";"Catalyst; Paint additives and coating additives not described by other categories; Sealant (barrier)";CERT;CERT;CERT;CERT;CERT;CERT;CERT;FALS;FALS;FALS;CERT;CERT;CERT;FALS;CERT;CERT;FALS;CERT;FALS;FALS;FALS;FALS;CERT;FALS;FALS;P-PNEC pred;248,941;;5,33;;2,7;;2,70E-06;0,840106094;;639,0610566;;1,15;24;;;;1,5;64,20877526;;0,74;0,26;0,39;>100 to < 1000 tonnes;100;1000;1;1;0;0;0;0;0;1;0;0;0;0;0;0;0;0;0;0;1;0;1;1;0;0;1;0;0;0;0;0;1;0;1;0;0;0;0;0;0;0;0;0;0;0;0;0;1;1;1;0;1;1;0;1;0;0;0;1;1;1;1;1;1;1;0;0,17272887;;0,98277663;;;;;0,690824597;FALS;0;0;0;0;81,6;low ;0,279;3050;low ;0,3;2080;low ;0,306;0,140929117;0,029762264;0,128791091;0,034956683;0,14854835;;;P_score_freshwater_pred_Dashboard;0,98277663;0,57775275;;;M_score_pred_Dashboard;0,690824597;0,690824597;kemi_score;0,74;0,823969823;1;;;0,631764047;1;0,14854835;0,5;0,465475487;0,75;0,14854835;0,25;0,389935296;0,75;0.00;vPvM;;PM;1
Dichlobenil;1194-65-6;214-787-5;YOYAIZYFCNQIRF-UHFFFAOYSA-N;N#Cc1c(Cl)cccc1Cl;DTXSID5032365;3031;PRO-263;NS00002192;REACH-A;CERT;vPvM;HQ;PM;FALS;FALS;;;FALS;FALS;FALS;FALS;FALS;FALS;FALS;FALS;FALS;FALS;FALS;FALS;FALS;FALS;FALS;FALS;FALS;FALS;"Landscape/yard; Landscape/yard -> herbicide; herbicide";;;FALS;CERT;CERT;FALS;FALS;FALS;FALS;FALS;FALS;FALS;CERT;FALS;FALS;FALS;FALS;FALS;FALS;FALS;FALS;FALS;FALS;FALS;FALS;FALS;FALS;JG-MKN (opgelost);172,01;2,74;2,84;;5,87;0,000114;0,000803;2,499687083;2,8328;214,8628677;57,80995611;32,4;1040;324;;2,4;;0,63;0,36;0,57;0,18;0,27;>100 to < 1000 tonnes;100;1000;0;0;0;0;0;0;0;0;0;0;0;0;0;0;0;0;0;0;1;0;0;0;0;0;0;1;0;0;0;0;0;0;0;0;0;0;0;0;0;0;0;0;0;0;0;0;0;0;0;0;0;1;0;0;0;0;0;0;0;0;0;0;0;0;0;0,992434823;0,484113924;0,898507247;0,73200675;;0,431125928;0,359564929;0,414266192;CERT;0;0;0;0;269,6;low ;0,7;522;moderate ;0,85;231,2;low ;0,7;0,549997217;0,061938677;0,080859948;0,085960348;0,558303245;P_score_soil_exp_UBA;0,73200675;P_score_freshwater_pred_UBA;0,992434823;0,776765686;M_score_exp_UBA;0,431125928;M_score_exp_UBA;0,431125928;0,40165235;kemi_score;0,57;0,654113434;1;0,561771385;1;0,558560438;1;0,448318155;1;0,541526479;1;0,501848893;1;0,500412615;1;0.00;PM;PM;PM;
Dichlorodifluoromethane;75-71-8;200-893-9;PXBRQCKWGAHEHS-UHFFFAOYSA-N;C(F)(F)(Cl)Cl;DTXSID6020436;6391;PRO-264;NS00002142;REACH-A;FALS;vPvM;MQ;vPvM;FALS;FALS;;;FALS;FALS;FALS;FALS;FALS;FALS;FALS;FALS;FALS;FALS;FALS;FALS;FALS;FALS;FALS;FALS;FALS;FALS;"Cleaning products and household care -> air freshener; Cleaning products and household care -> laundry and fabric treatment -> anti-static spray; Construction and building materials; Home maintenance -> caulk/sealant; Home maintenance -> degreaser; Home maintenance -> insulation; Home maintenance -> insulation -> spray foam; Home maintenance -> paint/stain and related products; Home maintenance -> paint/stain and related products -> stripper; Manufactured formulations; Personal care; Personal care -> sexual wellness; Pesticides -> insect repellent; Pesticides -> insecticide; refrigerant";;;CERT;FALS;FALS;FALS;FALS;FALS;FALS;FALS;FALS;FALS;FALS;FALS;FALS;FALS;FALS;FALS;FALS;FALS;FALS;FALS;FALS;FALS;FALS;FALS;FALS;PNEC aqua (freshwater);120,91;2,16;2,05;;1,31;0,00495;0,00627;1,780317312;1,8743;4105,160008;52,43737036;6,17;70;;;1,2;;19;0,52;0,63;0;0,06;>0 to < 10 tonnes;0;10;0;0;0;0;0;0;0;0;0;0;0;0;0;0;0;0;0;0;0;1;0;0;0;0;0;0;0;0;0;0;0;0;0;0;0;0;0;0;0;0;0;0;0;0;0;0;0;0;0;0;0;1;0;0;0;0;0;0;0;0;0;0;0;0;0;0,56550196;0,442674677;0,999271508;;;0,635183106;0,521768381;0,537994722;FALS;0;0;0;0;684;low ;0,371;1770;low ;0,415;2220;low ;0,365;0,217762463;0,037399783;0,055458947;0,034014794;0,226480606;;;P_score_freshwater_pred_Dashboard;0,999271508;0,669149382;M_score_exp_UBA;0,635183106;M_score_exp_UBA;0,635183106;0,56498207;kemi_score;0,63;0,796693404;1;0,635183106;0,5;0,614863727;1;0,343176216;1;0,522882614;1;0,421351393;0,75;0,459354555;1;0.00;vPvM;PM;PM;1
"dichloromethane; methylene chloride";75-09-2;200-838-9;YMWUJEATGCHHMB-UHFFFAOYSA-N;ClCCl;DTXSID0020868;6344;PRO-265;NS00004151;REACH-C;FALS;vPvM & PMT;HQ;vPvM & PMT;FALS;FALS;;;FALS;FALS;FALS;FALS;FALS;FALS;FALS;FALS;FALS;FALS;FALS;FALS;FALS;FALS;FALS;CERT;CERT;FALS;"Arts and crafts/office supplies -> general arts and crafts supplies -> arts and crafts adhesive; Arts and crafts/office supplies -> general arts and crafts supplies -> arts and crafts cleaner; Arts and crafts/office supplies -> pottery making -> glaze; Cleaning and safety; Cleaning products and household care -> general household cleaning; Cleaning products and household care -> general household cleaning -> glass cleaner; Cleaning products and household care -> laundry and fabric treatment -> anti-static spray; Electronics/small appliances -> computers and accessories/supplies; Furniture and furnishings; Home maintenance; Home maintenance -> adhesives and adhesive removers -> multipurpose adhesive; Home maintenance -> caulk/sealant; Home maintenance -> degreaser; Home maintenance -> finish -> wood finish; Home maintenance -> insulation; Home maintenance -> paint/stain and related products; Home maintenance -> paint/stain and related products -> paint; Home maintenance -> paint/stain and related products -> paint thinner; Home maintenance -> paint/stain and related products -> stripper; Home maintenance -> surface sealers; Home maintenance -> welding; Laboratory supplies; Manufactured formulations; Personal care -> fragrance; Pesticides; Pesticides -> animal repellent; Pesticides -> insecticide; Sports equipment -> bicycling; Sports equipment -> gun cleaner; Vehicle -> car interior -> auto air freshener; Vehicle -> engine maintenance -> auto fluids and additives; Vehicle -> engine maintenance -> auto refrigerant; Vehicle -> engine maintenance -> motor oil; solvent; solvent; solvents; upholstry: foam: adhesive";"Adhesives and sealant chemicals; Cleaning agent; Intermediate; Intermediates; Laboratory chemicals; Not Known or Reasonably Ascertainable; Other; Other (specify); Plasticizers; Processing aids not otherwise specified; Refrigerants; Solvent; Solvents (for cleaning or degreasing)";"Adhesives and sealant chemicals; Cleaning agent; Laboratory chemicals; Not Known or Reasonably Ascertainable; Plasticizers; Solvent; Solvents (for cleaning or degreasing)";CERT;CERT;CERT;CERT;CERT;CERT;CERT;FALS;FALS;CERT;CERT;FALS;CERT;CERT;FALS;CERT;FALS;FALS;FALS;FALS;FALS;FALS;FALS;FALS;FALS;EQS chronic water (=AA-EQS);84,93;1,25;1,27;2,27;2,29;0,181;0,114;1,439332694;1,0845;3612822,931;29,68843226;22,9;;191;;;1,3;20;0,65;0,81;0,53;0,63;>100000 to < 1000000 tonnes;100000;1000000;1;1;0;0;0;0;1;1;0;0;0;0;0;0;0;1;0;0;1;1;1;0;0;0;0;1;0;0;0;0;0;0;0;1;0;0;0;1;1;0;0;1;1;0;0;0;1;0;0;1;1;1;1;1;1;1;0;0;0;1;1;1;1;0;1;;0,230979253;0,999999993;0,52532889;;;0,653526386;0,595951643;CERT;0,5;0;0;0;1090;low ;0,507;1910;low ;0,508;51240;low ;0,5;0,213991721;0,036227619;0,045763422;0,008927873;0,222477333;P_score_soil_exp_UBA;0,52532889;P_score_freshwater_pred_Dashboard;0,999999993;0,585436045;;;M_score_pred_Episuite;0,653526386;0,624739015;kemi_score;0,81;0,808409786;1;0,52532889;0,5;0,604768334;1;0,380276566;1;0,554454053;1;0,423522809;0,75;0,479561493;1;0.00;vPvM;PM;PM;2
diethyl phthalate;84-66-2;201-550-6;FLKPEMZONWLCSK-UHFFFAOYSA-N;CCOC(=O)C1=CC=CC=C1C(=O)OCC;DTXSID7021780;6781;PRO-266;NS00009893;;FALS;;;;FALS;FALS;;;FALS;FALS;FALS;FALS;FALS;FALS;FALS;FALS;FALS;CERT;FALS;FALS;FALS;FALS;CERT;CERT;CERT;CERT;"Cleaning products and household care -> air freshener; Cleaning products and household care -> laundry and fabric treatment -> dry cleaner; Home maintenance -> paint/stain and related products -> paint; Personal care; Personal care -> body hygiene -> body wash; Personal care -> fragrance; Personal care -> general moisturizing -> hand/body lotion; Personal care -> hair styling and care; Personal care -> hair styling and care -> hair styling; Personal care -> hair styling and care -> shampoo; denaturant; film forming; flavoring and nutrient; fragrance; fragrance; fragrance component; hair conditioning; masking; plasticiser; solvent; solvent";"Adhesives and sealant chemicals; Fragrance; Odor agents; Plasticizer; Plasticizers; Surface active agents";"Fragrance; Not Known or Reasonably Ascertainable; Odor agents; Plasticizer; Plasticizers; Surface active agents";CERT;CERT;CERT;CERT;CERT;CERT;CERT;FALS;FALS;CERT;CERT;CERT;CERT;CERT;CERT;CERT;CERT;CERT;CERT;FALS;FALS;CERT;CERT;FALS;FALS;;222,24;2,45;2,63;;6,75;0,00467;0,00253;1,840106094;2,1325;169,017118;15,79761631;8,51;;;;;;73;0,48;0,87;0,39;0,52;>1000 to < 10000 tonnes;1000;10000;1;1;0;1;1;1;1;1;1;0;0;0;1;1;0;0;0;0;1;1;1;0;0;1;0;1;1;1;1;1;1;0;1;1;1;1;0;1;1;0;0;1;1;1;1;1;0;1;1;0;1;1;1;0;1;1;1;0;1;1;0;0;1;1;1;;0,092682058;0,854515447;;;;0,477055625;0,527679176;FALS;0;0;0;0;158,1;moderate ;0,85;1380;good ;1;1480;moderate ;0,85;0,134316215;0,041491928;0,099846449;0,040300292;0,145020044;;;P_score_freshwater_pred_Dashboard;0,854515447;0,473598752;;;M_score_pred_Dashboard;0,527679176;0,5023674;kemi_score;0,87;0,67149833;1;;;0,487771026;1;0,263836353;1;0,420910526;1;0,263836353;0,5;0,358736294;1;0.00;PM;;PM;2
Diethylmethylbenzenediamine;68479-98-1;270-877-4;HQCMWRZLSGSQND-UHFFFAOYSA-N;CCC1=C(C(=C(C=C1C)N)CC)N;DTXSID0028618;22419268;PRO-267;;REACH-A;CERT;vPvM & PMT;MQ;vPvM & PMT;FALS;FALS;;;FALS;FALS;FALS;FALS;FALS;FALS;FALS;FALS;FALS;FALS;FALS;FALS;FALS;FALS;FALS;CERT;CERT;FALS;;;;CERT;CERT;CERT;CERT;CERT;CERT;CERT;FALS;FALS;FALS;CERT;FALS;FALS;FALS;CERT;FALS;FALS;CERT;FALS;FALS;FALS;FALS;FALS;FALS;FALS;P-PNEC pred;;;-6,95;;9,6;;1,06;1,770115295;2,32;58,55696259;44,26048909;3,09;146;;;;0,6;1,055598543;;0,7;0,38;0,5;>1000 to < 10000 tonnes;1000;10000;0;1;0;0;0;0;0;1;0;0;0;0;0;0;0;0;0;0;0;0;0;0;0;0;0;0;0;0;0;0;1;0;0;0;0;0;0;0;0;0;0;1;0;0;0;0;1;0;0;0;0;0;0;0;1;1;0;0;0;0;1;1;0;0;0;0,82056845;0,372823582;0,489597175;;;;0,444774457;0,539751909;FALS;0;0;0;0;448,3;low ;0,645;49,2;low ;0,7;1700;low ;0,7;0,494125575;0,155517585;0,065892387;0,038035818;0,517569941;;;P_score_freshwater_pred_UBA;0,82056845;0,560996402;;;M_score_pred_Dashboard;0,539751909;0,492263183;kemi_score;0,7;0,66550987;1;;;0,525507255;1;0,517569941;0,5;0,612011171;0,75;0,517569941;0,25;0,52284805;0,75;2.00;PM;;PM;1
Diisopropyl ether;108-20-3;203-560-6;ZAFNJMIOTHYJRJ-UHFFFAOYSA-N;CC(C)OC(C)C;DTXSID4021890;7914;PRO-268;NS00003939;REACH-A;CERT;vPvM;MQ;PM;FALS;FALS;;;FALS;FALS;FALS;FALS;FALS;FALS;FALS;FALS;FALS;FALS;FALS;FALS;FALS;FALS;FALS;CERT;CERT;FALS;;"Fuels and fuel additives; Intermediates; Solvents (which become part of product formulation or mixture)";"Fuels and fuel additives; Solvents (which become part of product formulation or mixture)";CERT;CERT;CERT;CERT;CERT;CERT;CERT;FALS;FALS;CERT;CERT;CERT;CERT;CERT;FALS;CERT;FALS;FALS;CERT;CERT;CERT;FALS;FALS;FALS;FALS;P-PNEC pred;102,177;1,52;1,74;2,66;2,69;0,0794;0,0904;1,530199698;1,6753;7405,661098;16,54839;6,61;59;;;;1,6;10,53091;0,56;0,72;0,38;0,5;>1000 to < 10000 tonnes;1000;10000;1;1;0;0;1;0;0;1;1;1;0;0;1;0;1;1;1;1;0;1;1;1;1;0;0;0;0;0;0;1;0;0;1;0;0;0;0;0;1;0;0;1;0;0;0;0;0;0;0;0;1;1;0;0;0;0;0;0;0;0;0;0;1;0;1;0,492817504;0,099575888;0,999734178;;;;0,556029909;0,580698329;FALS;0;0;0;0;20940;low ;0,666;1540;low ;0,7;30540;;0,85;0,264547351;0,03963805;0,013112673;0,011152582;0,27323462;;;P_score_freshwater_pred_Dashboard;0,999734178;0,53070919;;;M_score_pred_Dashboard;0,580698329;0,568364119;kemi_score;0,72;0,761934358;1;;;0,54921404;1;0,3911667;1;0,545933465;1;0,3911667;0,5;0,463502151;1;0.00;vPvM;;PM;1
dimethyl(phenyl)sulfanium nonafluorobutane-1-sulfonate;220133-51-7;452-310-4;MLBXQNFRDRQIOL-UHFFFAOYSA-M;C[S+](C)c1ccccc1;DTXSID90881840;22625545;PRO-269;;REACH-C;FALS;PMT;HQ;Potential PMT/vPvM;FALS;FALS;;;FALS;FALS;FALS;FALS;FALS;FALS;FALS;FALS;FALS;FALS;FALS;FALS;FALS;FALS;FALS;FALS;FALS;FALS;;;;FALS;FALS;FALS;FALS;FALS;FALS;FALS;FALS;FALS;FALS;FALS;FALS;FALS;FALS;FALS;FALS;FALS;FALS;FALS;FALS;FALS;FALS;FALS;FALS;FALS;P-PNEC;438,32;;3,52;;7,58;;0,00178;3,178976947;;87,35672301;;3,55;;;;;1,3;0,312366289;;;0;0;;;;0;0;0;0;0;0;0;0;0;0;0;0;0;0;0;0;0;0;0;0;0;0;0;0;0;0;0;0;0;0;0;0;0;0;0;0;0;0;0;0;0;0;0;0;0;0;0;0;0;0;0;0;0;0;0;0;0;0;0;0;0;0;0;0;0;;;0,655247715;;;;;0,306357379;FALS;0;0;0;0;1740;low ;0,391;49,3;low ;0,466;1490;low ;0,5;0,623712452;0,155401809;0,037667976;0,040187333;0,64113823;;;P_score_freshwater_pred_Dashboard;0,655247715;0,655247715;;;M_score_pred_Dashboard;0,306357379;0,306357379;E_score_min;0;0,448040146;1;;;0,448040146;1;0,64113823;0,5;0,504888151;0,75;0,64113823;0,25;0,504888151;0,75;0.00;PM(T);(T);PM(T);2
Dinitrotoluene;25321-14-6;246-836-1;DYSXLQBUUOPLBB-UHFFFAOYSA-N;Cc1cccc(c1N(=O)=O)N(=O)=O;DTXSID5027859;11761;PRO-270;NS00075459;REACH-B;FALS;vPvM & PMT;MQ;vPvM & PMT;FALS;FALS;;;FALS;FALS;FALS;FALS;FALS;FALS;FALS;FALS;FALS;FALS;FALS;FALS;FALS;FALS;FALS;FALS;FALS;FALS;;;;CERT;FALS;CERT;FALS;FALS;FALS;FALS;FALS;FALS;FALS;CERT;FALS;FALS;FALS;FALS;FALS;FALS;FALS;FALS;FALS;FALS;FALS;FALS;FALS;FALS;;182,135;;1,36;;3,49;;0,00589;2,068185862;2,5691;7,389056099;51,51468738;8,32;;;;1;;;;;0;0,07;>0 to < 10 tonnes;0;10;0;0;0;0;0;0;0;0;0;0;1;0;0;0;0;0;0;0;1;0;0;0;0;0;0;0;0;0;0;0;0;0;0;0;0;0;0;0;0;0;0;0;0;0;0;0;0;0;0;0;1;1;0;0;0;1;0;0;0;0;0;0;0;0;0;;0,435200936;0,027111653;;;0,666666667;0,402641689;0,488186489;FALS;0;0;0;0;215,6;good ;1;1290;good ;1;475,6;low ;0,7;;0,042672547;0,088374262;0,064329694;0,166575117;;;P_score_freshwater_pred_RIVM;0,435200936;0,231156294;M_score_exp_UBA;0,666666667;M_score_exp_UBA;0,666666667;0,519164949;E_score_max;0,07;0,538640842;1;0,666666667;0,5;0,346422063;1;0,166575117;0,5;0,364252798;0,75;0,333241772;0,5;0,271398268;0,75;0.00;PM;PM;PM;Priority group
Dinoseb;88-85-7;201-861-7;OWZPCEFYPSAJFR-UHFFFAOYSA-N;CCC(C)c1cc(N(=O)=O)cc(N(=O)=O)c1O;DTXSID3020207;6950;PRO-271;NS00000239;REACH-C;FALS;vPvM & PMT;HQ;PMT;FALS;FALS;;;FALS;FALS;FALS;FALS;FALS;FALS;FALS;FALS;FALS;FALS;FALS;FALS;FALS;FALS;FALS;FALS;FALS;FALS;"Landscape/yard -> herbicide; herbicide; herbicides and herbicide degradates";"Chemical reaction regulator; Process regulators";;CERT;CERT;CERT;FALS;FALS;FALS;FALS;FALS;FALS;FALS;FALS;FALS;FALS;FALS;FALS;FALS;FALS;FALS;FALS;FALS;FALS;FALS;FALS;FALS;FALS;MTR (totaal);240,215;3,56;3,54;;8,76;0,000298;0,000282;2,699837726;3,4993;96,54410977;59,27168093;61,7;;340;;2,9;;0,03;0,26;0,7;0,18;0,24;>1000 to < 10000 tonnes;1000;10000;0;0;0;0;0;0;0;0;0;0;0;0;0;0;0;0;0;0;0;0;0;0;0;0;0;0;0;0;0;0;1;0;0;0;0;0;0;0;0;0;0;0;0;0;0;0;0;0;0;0;1;0;0;0;1;0;0;0;0;0;0;0;0;0;0;;0,494780656;0,692777862;0,74785975;;0,34891032;0,261297519;0,381050789;CERT;0;0;0,75;0;109,1;;1;405,5;;0,85;275,9;;1;0,820961999;0,06862591;0,115288415;0,080117495;0,860746782;P_score_soil_exp_UBA;0,74785975;P_score_soil_exp_UBA;0,74785975;0,645139423;M_score_exp_UBA;0,34891032;M_score_pred_Dashboard;0,381050789;0,330419543;kemi_score;0,7;0,533828201;1;0,510818935;1;0,461699765;1;0,473068878;1;0,502531102;1;0,491581672;1;0,467349751;1;1.00;PM;PM;PM;1
Diphenylamine;122-39-4;204-539-4;DMBHHRLKUKUOEG-UHFFFAOYSA-N;c1ccccc1Nc1ccccc1;DTXSID4021975;11487;PRO-272;NS00010366;REACH-A;FALS;PMT;MQ;Not PMT/vPvM;FALS;FALS;;;FALS;FALS;FALS;FALS;FALS;FALS;FALS;FALS;FALS;FALS;FALS;FALS;FALS;FALS;FALS;CERT;CERT;CERT;"Specialty occupational products -> Firefighting foam; Vehicle -> engine maintenance -> auto fluids and additives; Vehicle -> engine maintenance -> motor oil; biocide; fungicide";"Antioxidant; Chemical reaction regulator; Dyes; Intermediate; Intermediates";"Antioxidant; Dyes";CERT;CERT;CERT;CERT;CERT;CERT;CERT;FALS;FALS;FALS;CERT;CERT;CERT;FALS;FALS;CERT;FALS;FALS;CERT;CERT;CERT;FALS;CERT;FALS;FALS;AA-QSwater_eco;169,227;3,5;3,22;7,64;7,66;0,000271;0,000573;2,780317312;2,8178;742,4830187;25,93932217;151;67;;;3,4;;1,2;0,36;0,96;0,11;0,22;>1 to <110 tonnes;1;110;1;0;0;0;0;0;0;0;0;0;1;0;0;0;0;0;1;0;1;0;0;0;1;1;0;0;0;0;0;0;1;0;1;0;0;0;0;0;0;0;0;0;0;0;0;0;1;0;0;0;1;1;0;0;0;0;0;0;0;0;0;0;0;0;0;0,547020956;0,192543094;0,986620231;;;0,274799575;0,361962657;0,367984118;CERT;0;0;0;0;804,2;low ;0,681;176,6;;1;76;;0,85;0,480215025;0,095609357;0,051889034;0,132295451;0,595578287;;;P_score_freshwater_pred_Dashboard;0,986620231;0,57539476;M_score_exp_UBA;0,274799575;M_score_pred_Dashboard;0,367984118;0,33491545;kemi_score;0,96;0,602545081;1;0,274799575;0,5;0,438985871;1;0,463042312;1;0,528208167;1;0,389122017;0,75;0,450853671;1;1.00;PM;;PM;
Disodium [(9,10-dihydro-9,10-dioxo-1,4-anthrylene)diimino]bis[ethyltoluenesulphonate];83027-61-6;280-163-4;;CCc1cc(Nc2c3C(=O)c4c(cccc4)C(=O)c3c(Nc3c(C)c(cc(CC)c3)S(=O)(=O)O)cc2)c(C)c(c1)S(=O)(=O)O;DTXSID601003085;44145069;PRO-273;;REACH-B;FALS;vPvM;HQ;vPvM;FALS;FALS;;;FALS;FALS;FALS;FALS;FALS;FALS;FALS;FALS;FALS;FALS;FALS;FALS;FALS;FALS;FALS;CERT;CERT;CERT;;;;FALS;FALS;FALS;CERT;FALS;CERT;FALS;FALS;FALS;FALS;CERT;CERT;FALS;FALS;CERT;FALS;FALS;FALS;FALS;FALS;FALS;FALS;CERT;FALS;FALS;;678,68;;-2,77;;9,56;;32,5;5,120573931;3,5299;2,99E+41;307,5483024;5,62;721;;;;-1,4;;0,26;;0,05;0,15;>1 to < 10 tonnes;1;10;0;0;0;0;0;0;0;0;0;0;0;0;0;0;0;0;0;0;0;0;0;0;0;0;0;0;0;0;0;0;0;0;1;0;0;0;0;0;0;0;0;0;0;0;0;0;1;0;0;0;0;0;0;0;0;0;0;0;0;0;0;0;0;0;0;0,985941206;0,942341665;1;;;;0,257224257;0,103121081;FALS;0;0;0;0;183,4;low ;0;680,9;low ;0,452;429,9;low ;0;;0,055562377;0,094199916;0,067021578;0,025114195;;;P_score_freshwater_pred_Dashboard;1;0,97609429;;;M_score_pred_Episuite;0,257224257;0,180172669;E_score_max;0,15;0,507172808;1;;;0,419363224;1;0,080806501;1;0,202442239;1;0,080806501;0,5;0,184084966;1;2.00;PM;;PM;
Disodium [3-[(4,5-dihydro-3-methyl-5-oxo-1-phenyl-1H-pyrazol-4-yl)azo]-4-hydroxy-5-nitrobenzenesulphonato(3-)][2-[(2-hydroxybenzylidene)amino]-4-nitrophenolato(2-)-N2,O1,O2]chromate(2-);83733-23-7;280-676-3;;CC1=NN(C(=O)C1N=NC2=C(C(=CC(=C2)S(=O)(=O)O)[N+](=O)[O-])O)C3=CC=CC=C3;DTXSID701335877;91844481;PRO-274;;REACH-B;FALS;vPvM;HQ;vPvM;FALS;FALS;;;FALS;FALS;FALS;FALS;FALS;FALS;FALS;FALS;FALS;FALS;FALS;FALS;FALS;FALS;FALS;CERT;FALS;CERT;;;;FALS;FALS;FALS;CERT;FALS;CERT;FALS;FALS;FALS;FALS;CERT;CERT;FALS;FALS;CERT;FALS;FALS;FALS;FALS;FALS;FALS;FALS;CERT;FALS;FALS;;770,54;;4,81;;9,56;;0,126;4,6599162;;5389698,476;;4,79;9184;;;;-1,6;;;;0,04;0,14;>1 to < 10 tonnes;1;10;0;0;0;0;0;0;0;0;0;0;0;0;0;0;0;0;0;0;0;0;0;0;0;0;0;0;0;0;0;0;0;0;0;0;0;0;0;0;0;0;0;0;0;0;0;0;1;0;0;0;0;0;0;0;0;0;0;0;0;0;0;0;0;0;0;0,99981599;;0,999999997;;;;;0,136612705;FALS;0;0;0;0;142,9;low ;0,193;602,8;low ;0,501;723,3;low ;0,501;;0,058405027;0,103861916;0,054201628;0,074551754;;;P_score_freshwater_pred_Dashboard;0,999999997;0,999907993;;;M_score_pred_Dashboard;0,136612705;0,136612705;E_score_max;0,14;0,369611559;1;;;0,369594556;1;0,074551754;0,5;0,216761918;0,75;0,074551754;0,25;0,21675527;0,75;1.00;PM;;PM;2
Disodium [?-[[7,7'-iminobis[4-hydroxy-3-[[2-hydroxy-5-sulphamoylphenyl]azo]naphthalene-2-sulphonato]](6-)]]dicuprate(2-);04/03/6798;229-872-2;;NS(=O)(=O)c1ccc(O)c(c1)N=Nc1c(O)c2ccc(Nc3cc4cc(c(N=Nc5cc(ccc5O)S(=O)(=O)N)c(O)c4cc3)S(=O)(=O)O)cc2cc1S(=O)(=O)O;DTXSID80904411;81253;PRO-275;;REACH-B;FALS;vPvM;HQ;vPvM;FALS;FALS;;;FALS;FALS;FALS;FALS;FALS;FALS;FALS;FALS;FALS;FALS;FALS;FALS;FALS;FALS;FALS;FALS;FALS;FALS;;;;CERT;CERT;CERT;CERT;FALS;FALS;FALS;FALS;FALS;FALS;FALS;FALS;FALS;FALS;FALS;FALS;FALS;FALS;FALS;FALS;FALS;FALS;FALS;FALS;FALS;;1026,85;;-0,227;;9,6;;0,0411;4,51054501;;4,38E+48;;3,98;934;;;;-4;;;;0;0;;;;0;0;0;0;0;0;0;0;0;0;0;0;0;0;0;0;0;0;0;0;0;0;0;0;0;0;0;0;0;0;0;0;0;0;0;0;0;0;0;0;0;0;0;0;0;0;0;0;0;0;0;0;0;0;0;0;0;0;0;0;0;0;0;0;0;0,990922468;;1;;;;;0,149290429;FALS;0;0;0;0;304,2;low ;0;308,6;low ;0;1700;low ;0;;0,076604917;0,077047247;0,038035818;0;;;P_score_freshwater_pred_Dashboard;1;0,995461234;;;M_score_pred_Dashboard;0,149290429;0,149290429;E_score_min;0;0,386381196;1;;;0,385503352;1;0;0,5;0;0,75;0;0,25;0;0,75;0.00;PM;;PM;1
disodium 2-({2-hydroxy-3-[2-(4-nonylphenoxy)ethoxy]propyl}(methyl)amino)acetate 2-{[3-({1-chloro-3-[2-(4-nonylphenoxy)ethoxy]propan-2-yl}oxy)-2-hydroxypropyl](methyl)amino}acetate;75627-31-5;616-248-3;WNNQRXXRRYDBEF-UHFFFAOYSA-L;CCCCCCCCCc1ccc(OCCOCC(O)CN(C)CC(=O)OC(=O)CN(C)CC(O)COC(CCl)COCCOc2ccc(CCCCCCCCC)cc2)cc1;DTXSID701013108;;PRO-276;NS00101325;REACH-A;FALS;vPvM;HQ;PM;FALS;FALS;;;FALS;FALS;FALS;FALS;FALS;FALS;FALS;FALS;FALS;FALS;FALS;FALS;FALS;FALS;FALS;FALS;FALS;FALS;;;;FALS;FALS;FALS;FALS;FALS;FALS;CERT;FALS;FALS;FALS;FALS;FALS;FALS;FALS;FALS;FALS;FALS;FALS;FALS;FALS;FALS;FALS;FALS;FALS;FALS;;;;0,18;;9,46;;0,00117;1,729974286;;275,8893832;;3,16;831;;;2,5;;;;;0;0;;;;0;0;0;0;0;0;0;0;0;0;0;0;0;0;0;0;0;0;0;0;0;0;0;0;0;0;0;0;0;0;0;0;0;0;0;0;0;0;0;0;0;0;0;0;0;0;0;0;0;0;0;0;0;0;0;0;0;0;0;0;0;0;0;0;0;0,988937644;;0,931382676;;;0,414213562;;0,546655767;FALS;0;0;0;0;285,3;low ;0;12;low ;0;1200;low ;0;;0,25366099;0,079051704;0,043974223;0;;;P_score_freshwater_pred_UBA;0,988937644;0,96016016;M_score_exp_UBA;0,414213562;M_score_pred_Dashboard;0,546655767;0,480434665;E_score_min;0;0,735260815;1;0,414213562;0,5;0,679186443;1;0;0,5;0;0,75;0;0,5;0;0,75;0.00;vPvM;PM;PM;
Disodium 2-(2,4,5,7-tetraiodo-6-oxido-3-oxoxanthen-9-yl)benzoate;16423-68-0;240-474-8;IINNWAYUJNWZRM-UHFFFAOYSA-L;C1=CC=C2C(=C1)C(=O)OC23C4=CC(=C(C(=C4OC5=C(C(=C(C=C35)I)[O-])I)I)[O-])I.[Na+].[Na+];DTXSID7021233;12961638;PRO-277;;REACH-A;FALS;vPvM;HQ;vPvM;FALS;FALS;;;FALS;FALS;FALS;FALS;FALS;FALS;FALS;FALS;FALS;FALS;FALS;FALS;FALS;FALS;FALS;CERT;CERT;CERT;"Arts and crafts/office supplies -> general arts and crafts supplies -> arts and crafts adhesive; Personal care -> fragrance; Personal care -> general moisturizing; Personal care -> specialized bath products -> bath salts; Toys and children's products; color additive; colorant; cosmetic colorant; dye; hair dyeing";Dyes;"Dyes; Not Known or Reasonably Ascertainable";CERT;CERT;CERT;CERT;CERT;CERT;CERT;CERT;CERT;CERT;CERT;CERT;CERT;FALS;CERT;CERT;CERT;CERT;CERT;CERT;CERT;CERT;CERT;FALS;FALS;P-PNEC;879,86;;7,15;;9,71;0,000855;0,000781;4,810232518;0,4137;3,79E+65;404,9239153;43,7;3003903;;;1,3;;0,016516841;;0,74;0,14;0,26;>10 to < 100 tonnes;10;100;1;1;1;1;1;1;1;1;1;1;1;1;1;1;1;1;1;1;0;1;1;1;1;1;1;1;1;1;1;1;1;1;1;1;1;1;1;1;1;1;1;1;1;0;0;1;1;1;1;1;0;1;1;1;1;1;0;1;0;1;0;1;1;0;0;0,999999991;0,963175182;1;;;0,618975739;0,750173788;0,124782004;FALS;0;0;0;0;295,1;low ;0;121,5;low ;0;118,5;low ;0;0,855952652;0,110604988;0,077990449;0,111677624;0,855952652;;;P_score_freshwater_pred_Dashboard;1;0,987725058;M_score_exp_UBA;0,618975739;M_score_pred_Episuite;0,750173788;0,497977177;kemi_score;0,74;0,866125734;1;0,618975739;0,5;0,701330547;1;0,855952652;0,5;0,862721343;0,75;0,727883181;0,5;0,749488691;0,75;1.00;vPvM(T);PM(T);vPvM(T);
Disodium 4,4'-diamino-9,9',10,10'-tetrahydro-9,9',10,10'-tetraoxo[1,1'-bianthracene]-3,3'-disulphonate;6022-22-6;227-877-4;OKHQKAVALRCESS-UHFFFAOYSA-L;C1=CC=C2C(=C1)C(=O)C3=C(C2=O)C(=C(C=C3C4=CC(=C(C5=C4C(=O)C6=CC=CC=C6C5=O)N)S(=O)(=O)O)S(=O)(=O)O)N;DTXSID1064085;80119;PRO-278;NS00078375;REACH-B;FALS;vPvM;HQ;vPvM;FALS;FALS;;;FALS;FALS;FALS;FALS;FALS;FALS;FALS;FALS;FALS;FALS;FALS;FALS;FALS;FALS;FALS;FALS;FALS;FALS;;;;CERT;FALS;CERT;FALS;FALS;FALS;FALS;FALS;FALS;FALS;FALS;FALS;FALS;FALS;FALS;FALS;FALS;FALS;FALS;FALS;FALS;FALS;FALS;FALS;FALS;P-PNEC;648,52;;1,87;;9,54;;0,274;4,42975228;3,2862;1,30E+52;164,3865461;3,8;2937;;;;-1,2;0,015087726;0,29;0,34;0;0;;;;0;0;0;0;0;0;0;0;0;0;0;0;0;0;0;0;0;0;0;0;0;0;0;0;0;0;0;0;0;0;0;0;0;0;0;0;0;0;0;0;0;0;0;0;0;0;0;0;0;0;0;1;0;0;0;0;0;0;0;0;0;0;0;0;0;0,998709411;0,848511708;1;;;;0,290795035;0,156543297;FALS;0;0;0;0;382,7;low ;0;461;low ;0,448;553,6;low ;0;0,86073118;0,065149565;0,070249802;0,060472062;0,86073118;;;P_score_freshwater_pred_Dashboard;1;0,949073706;;;M_score_pred_Episuite;0,290795035;0,223669166;kemi_score;0,34;0,539254147;1;;;0,460736936;1;0,499611891;1;0,519054703;1;0,499611891;0,5;0,479780838;1;1.00;PM;;PM;
Disodium 4-[4-[[5-[(2-bromo-1-oxoallyl)amino]-2-sulphonatophenyl]azo]-4,5-dihydro-3-methyl-5-oxo-1H-pyrazol-1-yl]-2,5-dichlorobenzenesulphonate;70247-70-0;274-499-0;JVURCOFLRNSPQI-UHFFFAOYSA-L;CC1=NN(C(=O)C1N=NC2=C(C=CC(=C2)NC(=O)C(=C)Br)S(=O)(=O)[O-])C3=CC(=C(C=C3Cl)S(=O)(=O)[O-])Cl.[Na+].[Na+];DTXSID10890075;153115;PRO-279;;REACH-A;CERT;vPvM & PMT;HQ;vPvM & PMT;FALS;FALS;;;FALS;FALS;FALS;FALS;FALS;FALS;FALS;FALS;FALS;FALS;FALS;FALS;FALS;FALS;FALS;CERT;CERT;CERT;;;;FALS;CERT;CERT;CERT;FALS;CERT;CERT;FALS;FALS;FALS;CERT;CERT;FALS;FALS;CERT;FALS;FALS;FALS;FALS;FALS;FALS;FALS;CERT;FALS;FALS;P-PNEC pred;745,21;;1,16;;9,49;;0,0221;3,149219113;2,1848;4105,160008;428,492509;5,5;4777;;;;-4,7;0,016706478;0,47;0,52;0,14;0,26;>10 to < 100 tonnes;10;100;0;0;0;0;0;0;0;0;0;0;0;0;0;0;0;0;0;1;0;0;0;1;0;0;1;0;0;0;0;0;1;0;1;0;0;0;0;0;0;0;0;0;0;0;0;0;1;1;1;1;0;0;0;0;1;0;0;0;0;0;0;0;0;0;0;0,9994377;0,966455985;0,999271508;;;;0,468020315;0,310757996;FALS;0;0;0;0;393,2;low ;0;42,8;low ;0;1180;low ;0;0,855340273;0,163632675;0,069485891;0,04428211;0,855340273;;;P_score_freshwater_pred_UBA;0,9994377;0,988388398;;;M_score_pred_Episuite;0,468020315;0,389389155;kemi_score;0,52;0,683927735;1;;;0,620377082;1;0,634042529;1;0,658512924;1;0,634042529;0,5;0,627172587;1;0.00;PM(T);(T);PM(T);
Disodium 6-hydroxy-5-[(2-methoxy-4-sulphonato-m-tolyl)azo]naphthalene-2-sulphonate;25956-17-6;247-368-0;CEZCCHQBSQPRMU-UHFFFAOYSA-L;CC1=CC(=C(C=C1S(=O)(=O)[O-])OC)N=NC2=C(C=CC3=C2C=CC(=C3)S(=O)(=O)[O-])O.[Na+].[Na+];DTXSID4024436;33258;PRO-280;NS00100125;REACH-A;CERT;vPvM & PMT;HQ;vPvM & PMT;FALS;FALS;;;FALS;FALS;FALS;FALS;FALS;FALS;FALS;FALS;FALS;FALS;FALS;FALS;FALS;FALS;FALS;CERT;CERT;CERT;"Arts and crafts/office supplies -> children's art and toys; Arts and crafts/office supplies -> children's art and toys -> crayons; Arts and crafts/office supplies -> home office -> pens and markers; Cleaning and safety; Personal care; Personal care -> acne treatment -> face wash; Personal care -> body care set; Personal care -> body hygiene -> body scrub; Personal care -> body hygiene -> body wash; Personal care -> body hygiene -> feminine hygiene; Personal care -> body hygiene -> hand sanitizer; Personal care -> body hygiene -> hand soap; Personal care -> child specific; Personal care -> child specific -> baby oil; Personal care -> child specific -> bath paints/crayons; Personal care -> dental care; Personal care -> dental care -> mouthwash; Personal care -> dental care -> toothpaste; Personal care -> eye care and contacts -> eye cream; Personal care -> facial cleansing and moisturizing -> face cream/moisturizer; Personal care -> fragrance; Personal care -> general moisturizing; Personal care -> general moisturizing -> hand/body lotion; Personal care -> glitter; Personal care -> hair styling and care -> hair conditioner; Personal care -> hair styling and care -> hair conditioner - leave-in; Personal care -> hair styling and care -> hair styling; Personal care -> hair styling and care -> shampoo; Personal care -> hair styling and care -> shampoo - dandruff; Personal care -> make-up and related -> eye liner; Personal care -> make-up and related -> eye shadow; Personal care -> make-up and related -> foundation/concealer; Personal care -> make-up and related -> lip balm; Personal care -> make-up and related -> lip color; Personal care -> make-up and related -> lip gloss; Personal care -> make-up and related -> makeup remover; Personal care -> nails -> nail polish; Personal care -> specialized bath products -> bath salts; Personal care -> specialized bath products -> bubble bath; Pesticides -> fungicide; color; color additive; colorant; cosmetic colorant; dye; dye; fragrance; fragrance component; hair dyeing";"Dye; Dyes";"Dye; Dyes";CERT;CERT;CERT;CERT;CERT;CERT;CERT;CERT;CERT;CERT;CERT;CERT;CERT;FALS;CERT;CERT;CERT;CERT;FALS;FALS;FALS;FALS;CERT;CERT;FALS;P-PNEC;496,42;;1,64;;9,37;;0,0951;1,980003372;2,7018;2344,904605;88,22636779;2,34;2500;;;1,3;;0,331751041;0,38;0,82;0,14;0,26;>10 to < 100 tonnes;10;100;1;1;1;1;1;1;1;1;1;1;1;1;1;1;1;1;1;1;0;1;1;1;1;1;1;1;1;1;1;1;1;1;1;1;1;1;1;1;1;1;1;0;1;0;0;1;1;1;1;1;0;1;0;1;1;1;0;1;0;1;0;1;0;0;0;0,998300918;0,659062999;0,998104697;;;0,618975739;0,38073005;0,503465096;FALS;0;0;0;0;223,1;low ;0;214,8;low ;0,51;1390;low ;0,642;0,617556045;0,088504418;0,087185108;0,041367399;0,617556045;;;P_score_freshwater_pred_UBA;0,998300918;0,885156205;M_score_exp_UBA;0,618975739;M_score_exp_UBA;0,618975739;0,501056962;kemi_score;0,82;0,786081451;1;0,618975739;0,5;0,665968226;1;0,484428836;1;0,617090368;1;0,525667588;0,75;0,567991384;1;0.00;vPvM;PM;PM;1
Disodium 7-[(4-amino-3-methoxyphenyl)azo]naphthalene-1,3-disulphonate;65151-26-0;265-529-3;QRSFZPZKWSGHRQ-UHFFFAOYSA-L;COc1cc(ccc1N)N=Nc1cc2c(cc(cc2cc1)S(=O)(=O)O)S(=O)(=O)O;DTXSID30889840;103260;PRO-281;;REACH-B;FALS;vPvM;HQ;vPvM;FALS;FALS;;;FALS;FALS;FALS;FALS;FALS;FALS;FALS;FALS;FALS;FALS;FALS;FALS;FALS;FALS;FALS;FALS;FALS;FALS;;;;FALS;CERT;CERT;FALS;FALS;FALS;FALS;FALS;FALS;FALS;FALS;FALS;FALS;FALS;FALS;FALS;FALS;FALS;FALS;FALS;FALS;FALS;FALS;FALS;FALS;P-PNEC pred;481,4;;1,27;;9,37;;0,0137;1,630427875;1,584;71,52163562;103,7941916;2,34;947;;;;-2;0,103407353;0,57;0,3;0;0;;;;0;0;0;0;0;0;0;0;0;0;0;0;0;0;0;0;0;0;0;0;0;0;0;0;0;0;0;0;0;0;0;0;0;0;0;0;0;0;0;0;0;0;0;0;0;0;0;0;0;0;0;0;0;0;0;0;0;0;0;0;0;0;0;0;0;0,991132576;0,718477916;0,574512175;;;;0,571591948;0,563694039;FALS;0;0;0;0;172,7;low ;0;722,2;low ;0,527;1130;low ;0,648;0,728187995;0,054235522;0,096451252;0,045084754;0,728187995;;;P_score_freshwater_pred_UBA;0,991132576;0,761374222;;;M_score_pred_Episuite;0,571591948;0,567642994;kemi_score;0,3;0,752677487;1;;;0,657410635;1;0,644257058;1;0,696360384;1;0,644257058;0,5;0,650800616;1;0.00;vPvM(T);(T);PM(T);4
Disodium oxybis[methylbenzenesulphonate];73037-34-0;277-242-0;KIJXFUZOQIQMKG-UHFFFAOYSA-L;CC1=C(C(=CC=C1)S(=O)(=O)[O-])OC2=C(C=CC=C2S(=O)(=O)[O-])C.[Na+].[Na+];DTXSID00890327;175398;PRO-282;;REACH-A;CERT;vPvM;HQ;vPvM;FALS;FALS;;;FALS;FALS;FALS;FALS;FALS;FALS;FALS;FALS;FALS;FALS;FALS;FALS;FALS;FALS;FALS;FALS;FALS;FALS;;;;CERT;FALS;CERT;FALS;FALS;CERT;FALS;FALS;FALS;FALS;CERT;FALS;FALS;FALS;FALS;FALS;FALS;FALS;FALS;FALS;FALS;FALS;FALS;FALS;FALS;P-PNEC pred;402,34;;1,2;;9,36;;1,23;2,51054501;1,0916;59874,14172;42,2854461;2,4;2500;;;;-1,9;10,56777;;0,41;0,22;0,33;>100 to < 1000 tonnes;100;1000;0;0;0;0;0;0;0;0;0;0;0;0;0;0;0;0;0;0;0;1;0;1;0;0;0;0;0;0;0;0;0;0;0;0;0;0;0;0;0;0;0;0;0;0;0;0;1;0;0;0;0;0;0;0;0;0;0;0;0;0;0;0;0;0;0;0,998300918;0,354764601;0,999992535;;;;0,652411207;0,412441162;FALS;0;0;0;0;95,1;low ;0,209;73,9;low ;0,404;3300;low ;0,7;0,264252218;0,13369865;0,12151293;0,028790019;0,264252218;;;P_score_freshwater_pred_Dashboard;0,999992535;0,784352685;;;M_score_pred_Episuite;0,652411207;0,532426185;kemi_score;0,41;0,807716743;1;;;0,646227442;1;0,264252218;0,5;0,55656036;0,75;0,264252218;0,25;0,479655923;0,75;0.00;vPvM;;PM;3
Ditolyl ether;28299-41-4;248-948-6;CYXMOAZSOPXQOD-UHFFFAOYSA-N;Cc1cc(ccc1)Oc1cc(C)ccc1;DTXSID8051962;78462;PRO-283;NS00008768;REACH-A;CERT;PMT;MQ;Not PMT/vPvM;FALS;FALS;;;FALS;FALS;FALS;FALS;FALS;FALS;FALS;FALS;FALS;FALS;FALS;FALS;FALS;FALS;FALS;FALS;FALS;FALS;;;;CERT;CERT;CERT;FALS;FALS;FALS;CERT;FALS;FALS;FALS;FALS;FALS;FALS;FALS;FALS;FALS;FALS;FALS;FALS;FALS;FALS;FALS;FALS;FALS;FALS;P-PNEC pred;;4;7,9;;4,7;1,41E-05;0;4,220108088;3,8241;134,2897797;36,93114972;33,9;32;;;3,7;;0,77881;0,22;0,71;0,24;0,33;>1000 to < 10000 tonnes;1000;10000;0;0;0;0;0;0;0;0;0;0;0;0;0;0;0;1;0;0;1;0;0;1;0;0;0;1;0;1;0;0;0;0;0;0;0;0;0;0;0;0;0;0;0;0;0;0;1;0;0;0;1;1;0;0;0;0;0;0;0;0;0;0;0;1;0;0,254526695;0,303728096;0,798553329;;;0,235348963;0,220222578;0,176700817;FALS;0;0;0;0;62,9;low ;0,688;113;low ;0,502;98,5;moderate ;0,85;0,527115491;0,113741691;0,1420154;0,1198938;0,527115491;;;P_score_freshwater_pred_Dashboard;0,798553329;0,452269374;M_score_exp_UBA;0,235348963;M_score_exp_UBA;0,235348963;0,210757452;kemi_score;0,71;0,433518971;1;0,235348963;0,5;0,308737981;1;0,340536941;1;0,384225486;1;0,301078851;0,75;0,32424788;1;1.00;PM;;;1
"diuron (ISO); 3-(3,4-dichlorophenyl)-1,1-dimethylurea";330-54-1;206-354-4;XMTQQYYKAHVGBJ-UHFFFAOYSA-N;CN(C)C(=O)Nc1cc(c(cc1)Cl)Cl;DTXSID0020446;3120;PRO-284;NS00000265;REACH-C;FALS;vPvM & PMT;HQ;PMT;FALS;FALS;;;FALS;FALS;FALS;FALS;FALS;FALS;FALS;FALS;FALS;FALS;FALS;FALS;FALS;FALS;FALS;FALS;FALS;CERT;"Home maintenance -> adhesives and adhesive removers -> multipurpose adhesive; Landscape/yard -> herbicide; herbicide; herbicides and herbicide degradates; pesticide or degradate";"Adhesives and sealant chemicals; Hardener; Other; Paint additives and coating additives not described by other categories; Processing aids, not otherwise listed";"Hardener; Other";CERT;FALS;CERT;CERT;FALS;CERT;FALS;FALS;FALS;CERT;CERT;CERT;FALS;FALS;FALS;FALS;FALS;FALS;FALS;FALS;FALS;CERT;CERT;FALS;FALS;AA-EQS;233,09;2,68;2,72;;9,96;0,000173;0,000326;2,399673721;2,3321;87,35672301;64,05708698;14,1;;1920;232;2,6;;0,07;0,44;0,81;0,23;0,34;>100 to < 1000 tonnes;100;1000;0;0;0;0;0;0;0;0;0;0;0;0;0;0;0;0;0;0;0;0;0;0;0;0;0;0;0;0;0;0;1;0;0;0;0;0;0;0;0;0;0;0;0;0;0;0;0;0;0;0;0;0;0;1;0;0;0;0;0;0;0;0;0;0;0;;0,527934259;0,655247715;0,982819062;0,60679041;0,397501059;0,442704238;0,431181396;CERT;0,5;0;0;0;276,6;low ;0,654;312;low ;0,686;1400;low ;0,508;0,760405141;0,076268982;0,080036429;0,041244116;0,760405141;P_score_soil_exp_UBA;0,982819062;P_score_soil_exp_UBA;0,982819062;0,693197862;M_score_exp_UBA;0,397501059;M_score_pred_Episuite;0,442704238;0,423795564;kemi_score;0,81;0,659619711;1;0,625037294;1;0,54200939;1;0,578427404;1;0,617690956;1;0,601280882;1;0,559922391;1;0.00;PM;PM;PM;4
erucamide;112-84-5;204-009-2;UAUDZVJPLUQNMU-KTKRTIGZSA-N;CCCCCCCCC=CCCCCCCCCCCCC(=O)N;DTXSID4026929;5365371;PRO-285;NS00010726;;CERT;;;;FALS;FALS;;;FALS;FALS;FALS;FALS;FALS;FALS;FALS;FALS;FALS;CERT;FALS;FALS;FALS;FALS;CERT;CERT;CERT;CERT;"Construction and building materials; Furniture and furnishings; additive; lubricant; lubricating agent; opacifying; processing aid not otherwise specified; slip promoter; viscosity controlling";"Adhesives and sealant chemicals; Adsorbents and absorbents; Anti-adhesive agents; Anti-adhesive/cohesive; Antioxidant; Corrosion inhibitor; Lubricants and lubricant additives; Lubricating agent; Not Known or Reasonably Ascertainable; Other (specify); Processing aids not otherwise specified; Processing aids, not otherwise listed";"Anti-adhesive agents; Anti-adhesive/cohesive; Antioxidant; Lubricants and lubricant additives; Lubricating agent; Not Known or Reasonably Ascertainable; Processing aids, not otherwise listed";CERT;CERT;CERT;CERT;CERT;CERT;CERT;FALS;FALS;CERT;CERT;CERT;CERT;FALS;CERT;CERT;CERT;CERT;FALS;FALS;FALS;CERT;CERT;FALS;FALS;;337,592;;8,5;;10,4;;1,35E-05;4,139879086;5,5897;214,8628677;27,88086909;295;;;;;;0,00708;0,08;0,8;0,52;0,65;>10000 to < 100000 tonnes;10000;100000;0;1;0;0;0;0;0;1;1;1;0;0;0;0;0;0;0;1;1;0;0;0;0;0;0;0;0;0;0;0;1;0;0;0;0;0;0;0;0;0;0;0;0;0;0;0;0;0;1;0;1;0;1;1;1;1;0;1;1;1;1;1;0;0;0;;0,212457402;0,898507247;;;;0,076690233;0,184936854;FALS;0;0;0;0;50,5;low ;0;50,6;good ;1;10,6;moderate ;0,85;0,895665669;0,153923961;0,154035881;0,263995172;0,895665669;;;P_score_freshwater_pred_Dashboard;0,898507247;0,555482324;;;M_score_pred_Dashboard;0,184936854;0,130813543;kemi_score;0,8;0,407635994;1;;;0,269563742;1;0,267681254;1;0,330327888;1;0,267681254;0,5;0,268620849;1;1.00;PM;;;3
Erythromycin;114-07-8;204-040-1;ULGZDMOVFRHVEP-RWJQBGPGSA-N;CCC1C(C)(O)C(O)C(C)C(=O)C(C)CC(C)(O)C(OC2C(O)C(N(C)C)CC(C)O2)C(C)C(OC2CC(C)(OC)C(O)C(C)O2)C(C)C(=O)O1;DTXSID4022991;12560;PRO-286;;REACH-B;FALS;vPvM & PMT;MQ;vPvM & PMT;FALS;FALS;;;FALS;FALS;FALS;FALS;FALS;FALS;FALS;FALS;FALS;FALS;FALS;FALS;FALS;FALS;FALS;FALS;FALS;FALS;antibiotic;;;CERT;CERT;CERT;FALS;FALS;FALS;CERT;FALS;FALS;FALS;FALS;FALS;FALS;FALS;FALS;FALS;FALS;FALS;FALS;FALS;FALS;FALS;FALS;FALS;FALS;EQS-proposal;733,937;3,06;2,7;;9,53;0,000355;0,00939;4,650307523;1,4064;5389698,476;478,236311;3,39;6161;;;;-0,9;0,2;0,6;0,49;0;0;;;;1;0;0;0;0;0;0;0;0;0;0;0;0;0;0;0;0;0;0;0;0;0;0;0;0;0;0;0;0;0;0;0;0;0;0;0;0;0;0;0;0;0;0;0;0;0;0;0;0;0;0;1;0;0;0;0;0;0;0;0;0;0;0;0;0;0,999635951;0,972037658;0,999999997;;;;0,60143603;0,13740018;FALS;0;0;0;0;415,1;low ;0;355,5;low ;0;4600;low ;0;0,667959369;0,0723701;0,067979239;0,0250196;0,667959369;;;P_score_freshwater_pred_Dashboard;0,999999997;0,990557869;;;M_score_pred_Episuite;0,60143603;0,369418105;kemi_score;0,49;0,775523067;1;;;0,604921491;1;0,633068418;1;0,70068478;1;0,633068418;0,5;0,618834947;1;1.00;vPvM(T);(T);PM(T);1
"ethametsulfuron-methyl (ISO); methyl 2-[(4-ethoxy-6-methylamino-1,3,5-triazin-2-yl)carbamoylsulfamoyl]benzoate";97780-06-8;619-290-0;ZINJLDJMHCUBIP-UHFFFAOYSA-N;CCOc1nc(NC)nc(NC(=O)NS(=O)(=O)c2ccccc2C(=O)OC)n1;DTXSID9034573;91756;PRO-287;NS00005321;REACH-B;FALS;vPvM;HQ;vPvM;FALS;FALS;;;FALS;FALS;FALS;FALS;FALS;FALS;FALS;FALS;FALS;FALS;FALS;FALS;FALS;FALS;FALS;FALS;FALS;FALS;;;;FALS;FALS;CERT;FALS;FALS;FALS;CERT;FALS;FALS;FALS;CERT;FALS;FALS;FALS;FALS;FALS;FALS;FALS;FALS;FALS;FALS;FALS;FALS;FALS;FALS;P-PNEC pred;410,41;1,59;1,36;;9,41;4,38E-05;0,000289;1,92992956;1,7572;71,52163562;110,0500114;2,75;2422;1092;;1,6;;0,02562;0,54;0,46;0,04;0,11;>1 to < 10 tonnes;1;10;0;0;0;0;0;0;0;0;0;0;0;0;0;0;0;0;0;0;0;0;0;0;0;0;0;1;0;0;0;0;0;0;0;0;0;0;0;0;0;0;0;0;0;0;0;0;0;0;0;0;0;0;0;0;0;0;0;0;0;0;0;0;0;0;0;0,99820648;0,738265532;0,574512175;0,956140892;;0,568874072;0,541975007;0,512139896;CERT;0;0;0;0;259,4;low ;0,188;683,3;low ;0,202;1450;low ;0,245;0,830815916;0,055482245;0,082113601;0,040645677;0,830815916;P_score_soil_exp_UBA;0,956140892;P_score_freshwater_pred_UBA;0,99820648;0,81678127;M_score_exp_UBA;0,568874072;M_score_exp_UBA;0,568874072;0,540996325;kemi_score;0,46;0,753560738;1;0,737511873;1;0,66473729;1;0,669806386;1;0,710450417;1;0,702844337;1;0,667267025;1;0.00;vPvM(T);vPvM(T);PM(T);1
Ethisterone;434-03-7;207-096-5;CHNXZKVNWQUJIB-CEGNMAFCSA-N;C[C@]12CCC(=O)C=C1CC[C@@H]1[C@@H]2CC[C@@]2(C)[C@H]1CC[C@@]2(O)C#C;DTXSID2023016;5284557;PRO-288;NS00007266;REACH-B;FALS;PMT;MQ;Potential PMT/vPvM;FALS;FALS;;;FALS;FALS;FALS;FALS;FALS;FALS;FALS;FALS;FALS;FALS;FALS;FALS;FALS;FALS;FALS;FALS;FALS;FALS;;;;CERT;FALS;CERT;FALS;FALS;FALS;CERT;FALS;FALS;FALS;FALS;FALS;FALS;FALS;FALS;FALS;FALS;FALS;FALS;FALS;FALS;FALS;FALS;FALS;FALS;P-PNEC pred;312,453;3,11;3,43;;11,4;2,19E-06;6,94E-05;5,720159303;2,4295;2,70E+42;145,6591325;60,3;228;;;;2,7;4,34194;0,43;0,28;0;0;;;;0;0;0;0;0;0;0;0;0;0;0;0;0;0;0;0;0;0;1;0;0;0;0;0;0;0;0;0;0;0;0;0;0;0;0;0;0;0;0;0;0;0;0;0;0;0;0;0;0;0;0;1;0;0;0;0;0;0;0;0;0;0;0;0;0;0,907392032;0,819979359;1;;;;0,426118191;0,070527276;FALS;0;0;0;0;65,8;low ;0,293;527,3;low ;0,556;79,5;low ;0,693;0,345770303;0,061684256;0,139646888;0,130066928;0,345770303;;;P_score_freshwater_pred_Dashboard;1;0,909123797;;;M_score_pred_Episuite;0,426118191;0,248322734;kemi_score;0,28;0,652777291;1;;;0,475137987;1;0,385592052;1;0,501702835;1;0,385592052;0,5;0,428029708;1;1.00;PM;;PM;1
Ethyl 2-(4-chloro-6-methoxypyrimidin-2-ylcarbamoylsulfamoyl)benzoate;90982-32-4;618-690-2;NSWAMPCUPHPTTC-UHFFFAOYSA-N;CCOC(=O)c1ccccc1S(=O)(=O)NC(=O)Nc1nc(Cl)cc(OC)n1;DTXSID0023955;56160;PRO-289;NS00000106;REACH-B;FALS;vPvM;HQ;PM;FALS;FALS;;;FALS;FALS;FALS;FALS;FALS;FALS;FALS;FALS;FALS;FALS;FALS;FALS;FALS;FALS;FALS;FALS;FALS;FALS;"herbicide; herbicides and herbicide degradates";;;FALS;FALS;CERT;FALS;FALS;FALS;CERT;FALS;FALS;FALS;CERT;FALS;FALS;FALS;FALS;FALS;FALS;FALS;FALS;FALS;FALS;FALS;FALS;FALS;FALS;;414,82;2,5;2,71;;9,58;0,00288;0,000791;2,041392685;3,2688;71,52163562;79,83989979;7,24;210;53;;;1,3;0,12954;0,29;;0,04;0,11;>1 to < 10 tonnes;1;10;0;0;0;0;0;0;0;0;0;0;0;0;0;0;0;0;0;0;0;0;0;0;0;0;0;1;0;0;0;0;0;0;0;0;0;0;0;0;0;0;0;0;0;0;0;0;0;0;0;0;0;0;0;0;0;0;0;0;0;0;0;0;0;0;0;0,894882386;0,619722644;0,574512175;0,11005695;;;0,293288627;0,492827686;FALS;0;0;0;0;209,6;low ;0,196;1150;low ;0,204;742,6;low ;0,247;0,708393845;0,044757858;0,089366772;0,053618331;0,708393845;P_score_soil_exp_UBA;0,11005695;P_score_freshwater_pred_UBA;0,894882386;0,549793539;;;M_score_pred_Dashboard;0,492827686;0,393058157;E_score_max;0,11;0,664095487;1;0,11005695;0,5;0,46486647;1;0,453248513;1;0,548634935;1;0,282767885;0,75;0,459020736;1;0.00;PM;;PM;3
Ethylenediamine, ethoxylated and propoxylated;26316-40-5;500-047-1;BFKFABWTAFNFID-UHFFFAOYSA-N;CC1CO1.C1CO1.C(CN)N;DTXSID101015544;21961114;PRO-290;NS00114707;REACH-A;FALS;vPvM;HQ;vPvM;FALS;FALS;;;FALS;FALS;FALS;FALS;FALS;FALS;FALS;FALS;FALS;FALS;FALS;FALS;FALS;FALS;FALS;CERT;CERT;FALS;;;;CERT;CERT;CERT;CERT;CERT;CERT;CERT;FALS;FALS;FALS;CERT;CERT;CERT;FALS;CERT;FALS;FALS;CERT;FALS;FALS;FALS;FALS;FALS;FALS;FALS;;;;2,49;;9,73;;6,62E-05;4,92992956;;1,89E+64;;5,01;29565;;;;-4;;;;0,25;0,38;>100 to < 1000 tonnes;100;1000;1;1;0;0;0;0;0;1;0;0;0;0;0;0;0;0;0;0;0;0;0;0;0;0;0;0;0;0;0;0;0;0;0;0;0;0;0;0;0;0;0;0;0;0;0;0;0;0;0;0;1;1;1;0;1;0;0;0;1;0;0;0;1;0;0;0,999975059;;1;;;;;0,115999432;FALS;0;0;0;0;;;;;;;;;;;;;;;;;P_score_freshwater_pred_Dashboard;1;0,99998753;;;M_score_pred_Dashboard;0,115999432;0,115999432;E_score_max;0,38;0,340586893;1;;;0,340584769;1;;;0,340586893;0,5;;;0,340584769;0,5;1.00;PM;;PM;3
F-53B (9-Chlorohexadecafluoro-3-oxanonane-1-sulfonic acid);73606-19-6;;;C(C(C(C(F)(F)Cl)(F)F)(F)F)(C(C(OC(C(F)(F)S(=O)(=O)[O-])(F)F)(F)F)(F)F)(F)F.[K+];DTXSID60881236;25210512;PRO-291;;;FALS;;;;CERT;CERT;< 0,5;;FALS;FALS;FALS;CERT;FALS;CERT;FALS;FALS;FALS;FALS;FALS;FALS;FALS;FALS;CERT;FALS;FALS;FALS;;;;FALS;FALS;FALS;FALS;FALS;FALS;FALS;FALS;FALS;FALS;FALS;FALS;FALS;FALS;FALS;FALS;FALS;FALS;FALS;FALS;FALS;FALS;FALS;FALS;FALS;;570,67;;5,13;;6,33;;0,000441;2,519827994;;107,7700726;;5,5;;;;;;0,3263;;0,06;;;;;;0;0;0;0;0;0;0;0;0;0;0;0;0;0;0;0;0;0;0;0;0;0;0;0;0;0;0;0;0;0;0;0;0;0;0;0;0;0;0;0;0;0;0;0;0;0;0;0;0;0;0;0;0;0;0;0;0;0;0;0;0;0;0;0;0;;;0,731291418;;;;;0,410882757;FALS;0;0;0;0;25,1;low ;0,177;1,8;low ;0;546,3;low ;0;0,619253973;0,436526184;0,197867892;0,060800426;0,619253973;;;P_score_freshwater_pred_Dashboard;0,731291418;0,731291418;;;M_score_pred_Dashboard;0,410882757;0,410882757;kemi_score;0,06;0,548156031;1;;;0,548156031;1;0,619253973;0,5;0,570898714;0,75;0,619253973;0,25;0,570898714;0,75;0.00;PM(T);(T);PM(T);4
Fluocortolone;152-97-6;205-811-5;GAKMQHDJQHZUTJ-ULHLPKEOSA-N;C[C@@H]1C[C@H]2[C@@H]3C[C@H](F)C4=CC(=O)C=C[C@]4(C)[C@H]3[C@@H](O)C[C@]2(C)[C@H]1C(=O)CO;DTXSID00861835;9053;PRO-292;;REACH-B;FALS;vPvM & PMT;MQ;PMT;FALS;FALS;;;FALS;FALS;FALS;FALS;FALS;FALS;FALS;FALS;FALS;FALS;FALS;FALS;FALS;FALS;FALS;FALS;FALS;FALS;;;;FALS;CERT;CERT;FALS;FALS;FALS;CERT;FALS;FALS;FALS;FALS;FALS;FALS;FALS;FALS;FALS;FALS;FALS;FALS;FALS;FALS;FALS;FALS;FALS;FALS;P-PNEC pred;376,468;;2,1;;9,38;;0,000208;4,829946696;1,6329;2,70E+42;71,02085575;8,13;76;;;;2,3;3,23867;0,56;0,43;0,03;0,09;>1 to < 10 tonnes;1;10;0;0;0;0;0;0;0;0;0;0;0;0;0;0;0;0;0;0;0;0;0;0;0;0;0;0;0;0;0;0;0;0;0;0;0;0;0;0;0;0;0;0;0;0;0;0;0;0;0;0;0;1;0;0;0;0;0;0;0;0;0;0;0;0;0;0,599674558;0,571573332;1;;;;0,563272558;0,123297284;FALS;0;0;0;0;352,3;low ;0,361;4710;low ;0,31;312,7;low ;0,368;0,375107567;0,024770464;0,072634171;0,07620044;0,375107567;;;P_score_freshwater_pred_Dashboard;1;0,723749297;;;M_score_pred_Episuite;0,563272558;0,343284921;kemi_score;0,43;0,750514862;1;;;0,498449817;1;0,458323289;1;0,586496752;1;0,458323289;0,5;0,477965647;1;1.00;vPvM;;PM;
Galaxolidone;507442-49-1;;;CC1COC(=O)C2=CC3=C(C=C12)C(C(C3(C)C)C)(C)C;DTXSID10881089;69131857;PRO-293;;;FALS;;;;FALS;FALS;;;FALS;FALS;FALS;FALS;FALS;FALS;FALS;FALS;FALS;CERT;FALS;FALS;FALS;FALS;CERT;FALS;FALS;FALS;;;;FALS;FALS;FALS;FALS;FALS;FALS;FALS;FALS;FALS;FALS;FALS;FALS;FALS;FALS;FALS;FALS;FALS;FALS;FALS;FALS;FALS;FALS;FALS;FALS;FALS;;272,388;;5,34;;8,63;;1,53E-05;3,810232518;;478,1861061;;617;;;;;;;;;;;;;;0;0;0;0;0;0;0;0;0;0;0;0;0;0;0;0;0;0;0;0;0;0;0;0;0;0;0;0;0;0;0;0;0;0;0;0;0;0;0;0;0;0;0;0;0;0;0;0;0;0;0;0;0;0;0;0;0;0;0;0;0;0;0;0;0;;;0,97203278;;;;;0,221877668;FALS;0;0;0;0;45,6;low ;0,659;127,4;low ;0,667;195,9;moderate ;0,85;;0,108595395;0,159901003;0,091784818;0,234915781;;;P_score_freshwater_pred_Dashboard;0,97203278;0,97203278;;;M_score_pred_Dashboard;0,221877668;0,221877668;;;0,46440539;1;;;0,46440539;1;0,234915781;0,5;0,370028832;0,75;0,234915781;0,25;0,370028832;0,75;1.00;PM;;PM;
Guanidinium chloride;50-01-1;200-002-3;PJJJBBJSCAKJQF-UHFFFAOYSA-N;C(=N)(N)N.Cl;DTXSID7058757;5742;PRO-294;NS00078832;REACH-A;FALS;vPvM;HQ;vPvM;FALS;FALS;;;FALS;FALS;FALS;FALS;FALS;FALS;FALS;FALS;FALS;FALS;FALS;FALS;FALS;FALS;FALS;CERT;CERT;FALS;"buffering; not reported";"Flame retardants; Other (specify); Plating agents and surface treating agents";Laboratory chemicals;CERT;CERT;CERT;CERT;FALS;CERT;CERT;FALS;FALS;FALS;CERT;FALS;CERT;CERT;FALS;FALS;FALS;FALS;FALS;FALS;FALS;FALS;FALS;FALS;FALS;P-PNEC;95,53;;-1,48;;5,9;;5,66;0,559906625;-3,5767;314,1906603;13,6287459;2,75;70;70;;;-1,4;64,43829431;;;0,25;0,38;>100 to < 1000 tonnes;100;1000;1;0;0;0;0;0;0;0;0;0;0;0;0;0;0;0;0;0;0;1;1;0;0;0;0;0;0;1;1;0;1;0;0;0;0;0;0;0;1;0;0;0;0;0;0;0;0;0;0;0;0;1;0;0;0;0;0;1;0;0;0;0;1;0;1;0,56550196;0,073524089;0,94429463;0,165955402;;;0,979477027;0,730703873;CERT;0;0;0;0;854,2;low ;0;3300;moderate ;0,85;16440;low ;0,7;0,140741609;0,028790019;0,05061533;0,014544346;0,195423755;P_score_soil_exp_UBA;0,165955402;P_score_freshwater_pred_Dashboard;0,94429463;0,43731902;;;M_score_pred_Episuite;0,979477027;0,85509045;E_score_max;0,38;0,961724959;1;0,165955402;0,5;0,61151232;1;0,195423755;0,5;0,565405084;0,75;0,180087834;0,5;0,418083081;0,75;2.00;vPvM;;PM;4
hexafluoropropylene oxide dimer acid /perfluoro-2-propoxypropanoic acid ;13252-13-6;236-236-8;;C(=O)(C(C(F)(F)F)(OC(C(C(F)(F)F)(F)F)(F)F)F)O;DTXSID70880215;114481;PRO-295;;;FALS;;;;CERT;CERT;x;<LOD;CERT;CERT;CERT;CERT;FALS;CERT;FALS;FALS;FALS;FALS;FALS;FALS;FALS;FALS;CERT;FALS;FALS;FALS;;"Intermediates; Processing aids, not otherwise listed";;FALS;FALS;FALS;FALS;FALS;FALS;FALS;FALS;FALS;FALS;FALS;FALS;FALS;FALS;FALS;FALS;FALS;FALS;FALS;FALS;FALS;FALS;FALS;FALS;FALS;;330,053;;5,41;;3,74;;0,0141;2,609594409;1,9236;87,35672301;555,7501901;6,31;;;;;;1,35122;;0,2;;;;;;0;0;0;0;0;0;0;0;0;0;0;0;0;0;0;0;0;0;0;0;0;0;0;0;0;0;0;0;0;0;0;0;0;0;0;0;0;0;0;0;0;0;0;0;0;0;0;0;0;0;0;0;0;0;0;0;0;0;0;0;0;0;0;0;0;;0,978232477;0,655247715;;;;0,513236018;0,395909434;FALS;0;0;0;0;271,6;low ;0,201;3490;low ;0,199;3430;low ;0;0,467364946;0,028117974;0,080621705;0,028324517;0,517036954;;;P_score_freshwater_pred_RIVM;0,978232477;0,816740096;;;M_score_pred_Episuite;0,513236018;0,454572726;kemi_score;0,2;0,708564846;1;;;0,609317464;1;0,517036954;0,5;0,637911252;0,75;0,517036954;0,25;0,576858919;0,75;0.00;vPvM;;PM;3
Hexahydro-4-methylphthalic anhydride;19438-60-9;243-072-0;FKBMTBAXDISZGN-UHFFFAOYSA-N;CC1CCC2C(C1)C(=O)OC2=O;DTXSID8044333;86876;PRO-296;NS00009296;REACH-C;CERT;vPvM & PMT;MQ;PMT;FALS;FALS;;;FALS;FALS;FALS;FALS;FALS;FALS;FALS;FALS;FALS;FALS;FALS;FALS;FALS;FALS;FALS;FALS;FALS;FALS;;"Adhesives and sealant chemicals; Intermediate; Paint additives and coating additives not described by other categories";"Adhesives and sealant chemicals; Paint additives and coating additives not described by other categories";CERT;CERT;CERT;CERT;FALS;CERT;CERT;FALS;FALS;FALS;CERT;CERT;FALS;FALS;FALS;FALS;FALS;FALS;FALS;FALS;FALS;FALS;FALS;FALS;FALS;P-PNEC pred;168,192;;0,86;;6,65;;0,0468;1,969881644;1,8991;34,81331749;21,62700341;4,37;37;;;;1,9;88,81663;0,52;0,56;0,33;0,44;>1000 to < 10000 tonnes;1000;10000;0;0;0;0;0;0;0;0;0;0;0;0;0;0;0;0;0;0;0;0;0;0;0;0;0;0;0;0;0;0;1;0;0;0;0;0;0;0;0;0;0;1;0;0;0;0;0;0;0;0;1;0;0;0;0;0;0;0;0;0;0;0;0;0;0;0,304401872;0,148756368;0,282810472;;;;0,517477514;0,505218924;FALS;0;0;0;0;662,4;low ;0,7;3550;low ;0,7;7020;moderate ;0,85;0,124717633;0,027916376;0,056193487;0,020911207;0,187527716;;;P_score_freshwater_pred_UBA;0,304401872;0,245322904;;;M_score_pred_Episuite;0,517477514;0,511348219;kemi_score;0,56;0,396889309;1;;;0,354182764;1;0,312272977;1;0,352048017;1;0,312272977;0,5;0,332568348;1;0.00;PM;;PM;
Hexahydromethylphthalic anhydride;25550-51-0;247-094-1;VYKXQOYUCMREIS-UHFFFAOYSA-N;CC12CCCCC1C(=O)OC2=O;DTXSID1029330;3016472;PRO-297;;REACH-C;CERT;vPvM & PMT;MQ;PMT;FALS;FALS;;;FALS;FALS;FALS;FALS;FALS;FALS;FALS;FALS;FALS;FALS;FALS;FALS;FALS;FALS;FALS;CERT;CERT;FALS;;Intermediate;;CERT;CERT;CERT;CERT;FALS;CERT;CERT;FALS;FALS;FALS;CERT;CERT;CERT;CERT;CERT;CERT;CERT;CERT;CERT;CERT;CERT;FALS;FALS;FALS;FALS;P-PNEC pred;;;2,65;;8,15;;0,00248;3,008600172;1,9213;5389698,476;32,71107596;49;39;;;;2,1;98,69844;;0,78;0,38;0,5;>1000 to < 10000 tonnes;1000;10000;1;0;0;0;0;0;0;0;0;0;0;0;0;0;0;0;0;0;0;0;0;0;0;0;0;0;0;0;0;0;0;0;0;0;0;0;0;0;0;0;0;0;0;0;0;0;0;0;0;0;0;0;0;0;0;0;0;0;0;0;0;0;0;0;0;0,323785678;0,261721097;0,999999997;;;;0,51363429;0,332009944;FALS;0;0;0;0;1800;low ;0,7;3430;low ;0,672;6270;moderate ;0,85;0,119801601;0,028324517;0,037137889;0,021939829;0,173276026;;;P_score_freshwater_pred_Dashboard;0,999999997;0,528502257;;;M_score_pred_Episuite;0,51363429;0,422822117;kemi_score;0,78;0,716682837;1;;;0,472718144;1;0,173276026;0,5;0,446475359;0,75;0,173276026;0,25;0,338309615;0,75;1.00;vPvM;;PM;
Hexamethyldisiloxane;107-46-0;203-492-7;UQEAIHBTYFGYIE-UHFFFAOYSA-N;C[Si](C)(C)O[Si](C)(C)C;DTXSID4026769;24764;PRO-298;;REACH-A;CERT;vPvM & PMT;HQ;PMT;FALS;FALS;;;FALS;FALS;FALS;FALS;FALS;FALS;FALS;FALS;FALS;FALS;FALS;FALS;FALS;FALS;FALS;CERT;CERT;CERT;"Personal care -> hair styling and care; Personal care -> make-up and related -> blush/bronzer; Personal care -> make-up and related -> makeup primer";"Adhesives and sealant chemicals; Anti-adhesive agents; Cleaning agent; Diluent; Insulators; Intermediate; Intermediates; Other; Paint additives and coating additives not described by other categories; Solvent; Surface active agents; Terminator/Blocker; Viscosity modifiers";"Diluent; Insulators; Intermediate; Lubricating agent; Other; Solvent";CERT;CERT;CERT;CERT;CERT;CERT;CERT;CERT;CERT;CERT;CERT;CERT;CERT;FALS;CERT;CERT;FALS;CERT;CERT;FALS;FALS;FALS;CERT;FALS;FALS;P-PNEC pred;162,379;;4,33;;2,82;5,73E-06;0,000311;2,710117365;4,5561;1,14E+28;21,09365043;42,7;;408;192;2,9;;26,32526466;;0,81;0,52;0,65;>10000 to < 100000 tonnes;10000;100000;1;1;0;0;0;0;0;1;0;0;0;0;0;0;1;1;0;1;1;1;1;1;1;0;0;0;0;1;0;1;1;1;1;1;0;1;0;1;0;0;0;1;0;0;1;1;1;0;0;1;1;1;1;1;1;1;0;0;1;1;1;1;0;1;1;;0,143431578;1;0,802010982;0,527554388;0,34891032;0,145324399;0,379371709;FALS;0;0;0;0;1140;low ;0,241;2180;low ;0;1200;low ;0;0,194603155;0,034275212;0,044920306;0,043974223;0,264857655;P_score_soil_exp_UBA;0,802010982;P_score_freshwater_pred_Dashboard;1;0,618249237;M_score_exp_UBA;0,34891032;M_score_pred_Dashboard;0,379371709;0,291202143;kemi_score;0,81;0,615931578;1;0,528989517;1;0,424305907;1;0,264857655;0,5;0,464899583;0,75;0,420051191;0,75;0,362624293;0,75;0.00;PM;PM;PM;4
Hydrogen [4-[[4-(diethylamino)phenyl][4-[ethyl[(3-sulphonatobenzyl)amino]-o-tolyl]methylene]-3-methylcyclohexa-2,5-dien-1-ylidene](ethyl)(3-sulphonatobenzyl)ammonium, sodium salt;6505-30-2;229-390-2;;CCN(CC1=CC(=CC=C1)S(=O)(=O)O)C2=CC(=C(C=C2)C(=C3C=CC(=[N+](CC)CC)C=C3)C4=C(C=C(C=C4)N(CC)CC5=CC(=CC=C5)S(=O)(=O)O)C)C;DTXSID70904405;23679261;PRO-299;;REACH-B;FALS;vPvM;HQ;vPvM;FALS;FALS;;;FALS;FALS;FALS;FALS;FALS;FALS;FALS;FALS;FALS;FALS;FALS;FALS;FALS;FALS;FALS;CERT;CERT;CERT;"cosmetic colorant; dye";;;FALS;FALS;CERT;FALS;FALS;CERT;CERT;FALS;FALS;FALS;CERT;CERT;CERT;FALS;CERT;FALS;FALS;FALS;FALS;FALS;FALS;FALS;CERT;FALS;FALS;P-PNEC pred;790,99;;4,53;;11,7;;5,75E-08;5,130333768;1,4862;3612822,931;519,9827261;12;7947;;;;-2,5;0,00308;0,59;0,69;0,04;0,14;>1 to < 10 tonnes;1;10;0;0;0;0;0;0;0;0;0;0;0;0;0;0;0;0;0;1;0;0;1;0;0;0;0;0;0;0;0;0;1;0;0;0;0;0;0;0;0;0;0;0;0;0;0;0;0;0;1;0;0;0;0;0;0;0;0;0;0;0;0;0;0;0;1;0,999764373;0,975674549;0,999999993;;;;0,58810548;0,102497083;FALS;0;0;0;0;222,2;low ;0;1,5;low ;0,171;1050;low ;0;0,92494057;0,456090589;0,087324921;0,046477739;0,952724493;;;P_score_freshwater_pred_Dashboard;0,999999993;0,991812972;;;M_score_pred_Episuite;0,58810548;0,345301282;kemi_score;0,69;0,766880353;1;;;0,58521303;1;0,749738255;1;0,758260864;1;0,749738255;0,5;0,662387044;1;1.00;vPvM(T);(T);PM(T);2
Hydrogen [4-[4-(diethylamino)-2',4'-disulphonatobenzhydrylidene]cyclohexa-2,5-dien-1-ylidene]diethylammonium, sodium salt;129-17-9;204-934-1;SJEYSFABYSGQBG-UHFFFAOYSA-M;CCN(CC)C1=CC=C(C=C1)C(=C2C=CC(=[N+](CC)CC)C=C2)C3=C(C=C(C=C3)S(=O)(=O)[O-])S(=O)(=O)[O-].[Na+];DTXSID3026065;8507;PRO-300;NS00079128;REACH-A;FALS;vPvM & PMT;HQ;vPvM & PMT;FALS;FALS;;;FALS;FALS;FALS;FALS;FALS;FALS;FALS;FALS;FALS;FALS;FALS;FALS;FALS;FALS;FALS;CERT;FALS;FALS;"cosmetic colorant; dye; hair dyeing";;;FALS;FALS;CERT;FALS;FALS;FALS;FALS;FALS;FALS;FALS;FALS;CERT;FALS;FALS;CERT;FALS;FALS;FALS;FALS;FALS;FALS;FALS;FALS;FALS;FALS;P-PNEC;566,66;;1,04;;9,7;;0,000876;4,710117365;-2,0938;5389698,476;103,9157537;3,98;2154;;;1;;0,168824694;0,94;0,72;0,12;0,23;;;;1;0;0;0;0;0;0;0;0;0;0;0;0;0;0;0;0;0;0;0;0;1;0;0;0;0;0;0;0;0;0;0;0;0;0;0;0;0;0;0;0;0;0;0;0;1;0;0;0;0;0;0;0;0;0;0;0;0;0;0;0;0;0;0;0;0,997809234;0,718882472;0,999999997;;;0,666666667;0,94467447;0,132560088;FALS;0;0;0;0;327,3;low ;0;12,1;low ;0,19;1210;low ;0,251;0,684075283;0,252979273;0,074817029;0,043822953;0,759631704;;;P_score_freshwater_pred_Dashboard;0,999999997;0,905563901;M_score_exp_UBA;0,666666667;M_score_pred_Episuite;0,94467447;0,581300408;kemi_score;0,72;0,971943654;1;0,666666667;0,5;0,725537501;1;0,845017042;1;0,906260973;1;0,780812143;0,75;0,78300163;1;1.00;vPvM(T);PM(T);vPvM(T);1
Ibuprofen;15687-27-1;239-784-6;HEFNNWSXXWATRW-UHFFFAOYSA-N;CC(C)Cc1ccc(cc1)C(C)C(=O)O;DTXSID5020732;3672;PRO-301;NS00000214;REACH-B;FALS;PMT;HQ;PMT;FALS;FALS;;;FALS;FALS;FALS;FALS;FALS;FALS;FALS;FALS;FALS;FALS;FALS;FALS;FALS;FALS;FALS;FALS;FALS;FALS;"Personal care -> body hygiene; Personal care -> deodorant; Personal care -> general moisturizing -> hand/body lotion; Personal care -> make-up and related -> lip balm; analgesic; antipyretic; skin conditioning";;;CERT;FALS;CERT;FALS;FALS;FALS;CERT;FALS;FALS;FALS;FALS;FALS;FALS;FALS;FALS;FALS;FALS;FALS;FALS;FALS;FALS;FALS;FALS;FALS;FALS;P-PNEC pred;206,285;3,74;3,66;;8,76;0,000194;0,000441;2,139879086;2,3517;34,81331749;16,75956619;72,4;;;;2,8;;1,00477;0,44;;0;0;;;;0;0;0;0;0;0;0;0;0;0;0;0;0;0;0;0;0;0;1;0;0;0;0;0;0;0;0;0;0;0;0;0;0;0;0;0;0;0;0;0;0;0;0;0;0;0;0;0;0;0;0;1;0;0;0;0;0;0;0;0;0;0;0;0;0;;0,101536425;0,282810472;;;0,364816894;0,439355074;0,475779772;FALS;0;0;0;0;157,3;;0,85;1140;low ;0,7;370,2;moderate ;0,85;0,499483335;0,044920306;0,100044636;0,071197632;0,573935329;;;P_score_freshwater_pred_Dashboard;0,282810472;0,192173449;M_score_exp_UBA;0,364816894;M_score_pred_Dashboard;0,475779772;0,42665058;E_score_min;0;0,366818078;1;0,364816894;0,5;0,286340555;1;0,502525168;1;0,429342889;1;0,451644638;0,75;0,37933275;1;1.00;PM;PM;;1
Iohexol;66108-95-0;266-164-2;NTHXOOBQLCIOLC-UHFFFAOYSA-N;CC(=O)N(CC(O)CO)c1c(I)c(C(=O)NCC(O)CO)c(I)c(C(=O)NCC(O)CO)c1I;DTXSID6023157;3730;PRO-302;NS00000223;REACH-B;FALS;vPvM;MQ;vPvM;FALS;FALS;;;FALS;FALS;FALS;FALS;FALS;FALS;FALS;FALS;FALS;FALS;FALS;FALS;FALS;FALS;FALS;FALS;FALS;FALS;x-ray contrast medium;;;CERT;FALS;CERT;FALS;FALS;FALS;CERT;FALS;FALS;FALS;CERT;FALS;FALS;FALS;FALS;FALS;FALS;FALS;FALS;FALS;FALS;FALS;FALS;FALS;FALS;P-PNEC pred;821,142;-3,05;-3,3;;9,58;;0,017;1,680335513;-2,1342;3,31E+40;99,16256657;3,24;2500;;;;-0,5;0,13884;0,95;0,46;0;0;;;;0;0;0;0;0;0;0;0;0;0;0;0;0;0;0;0;0;0;1;0;0;0;0;0;0;0;0;0;0;0;0;0;0;0;0;0;0;0;0;0;0;0;0;0;0;0;0;0;0;0;0;1;0;0;0;0;0;0;0;0;0;0;0;0;0;0,998300918;0,702427829;1;;;;0,94611995;0,555168111;FALS;0;0;0;0;570,8;low ;0;731,1;low ;0,216;1060;low ;0;0,702135014;0,05396332;0,059721503;0,046295643;0,735011965;;;P_score_freshwater_pred_Dashboard;1;0,900242916;;;M_score_pred_Episuite;0,94611995;0,75064403;kemi_score;0,46;0,972686974;1;;;0,822047426;1;0,835620348;1;0,901552565;1;0,835620348;0,5;0,828806103;1;0.00;vPvM(T);(T);vPvM(T);2
Ioxitalamic acid;28179-44-4;248-887-5;OLAOYPRJVHUHCF-UHFFFAOYSA-N;CC(=O)Nc1c(I)c(C(=O)O)c(I)c(C(=O)NCCO)c1I;DTXSID60182457;34536;PRO-303;NS00000290;REACH-B;FALS;vPvM;HQ;vPvM;FALS;FALS;;;FALS;FALS;FALS;FALS;FALS;FALS;FALS;FALS;FALS;FALS;FALS;FALS;FALS;FALS;FALS;FALS;FALS;FALS;;;;CERT;FALS;CERT;FALS;FALS;FALS;CERT;FALS;FALS;FALS;FALS;FALS;FALS;FALS;FALS;FALS;FALS;FALS;FALS;FALS;FALS;FALS;FALS;FALS;FALS;P-PNEC pred;643,942;;0,452;;9,46;;-0,759;2,029383778;-0,2556;1,17495E+15;166,6792882;3,16;28561;;;;-1,5;0,09404;0,83;0,31;0;0;;;;0;0;0;0;0;0;0;0;0;0;0;0;0;0;0;0;0;0;0;0;1;0;0;0;0;0;0;1;0;0;0;0;0;0;0;0;0;0;0;0;0;0;0;0;0;0;0;0;0;0;0;1;0;0;0;0;0;0;0;0;0;0;0;0;0;0,999973542;0,851530251;1;;;;0,826849678;0,494908355;FALS;0;0;0;0;280,7;low ;0;6380;low ;0,235;529,3;low ;0;0,736273171;0,021778334;0,079567173;0,061589164;0,766624028;;;P_score_freshwater_pred_Dashboard;1;0,950501264;;;M_score_pred_Episuite;0,826849678;0,660879017;kemi_score;0,31;0,90931275;1;;;0,792569455;1;0,797682859;1;0,851670825;1;0,797682859;0,5;0,795122046;1;0.00;vPvM(T);(T);vPvM(T);1
kresoxim-methyl (ISO);143390-89-0;604-351-6;ZOTBXTZVPHCKPN-HTXNQAPBSA-N;CON=C(C(=O)OC)c1ccccc1COc1ccccc1C;DTXSID2032558;6112114;PRO-304;NS00008540;REACH-B;FALS;vPvM & PMT;HQ;PMT;FALS;FALS;;;FALS;FALS;FALS;FALS;FALS;FALS;FALS;FALS;FALS;FALS;FALS;FALS;FALS;FALS;FALS;FALS;FALS;FALS;"biocide; fungicide";;;FALS;FALS;FALS;FALS;FALS;FALS;FALS;FALS;FALS;FALS;FALS;FALS;FALS;FALS;FALS;FALS;FALS;FALS;FALS;FALS;FALS;FALS;FALS;FALS;FALS;AA-EQS;313,353;3,4;4,41;;9,43;6,42E-06;4,11E-05;3,100370545;2,7961;87,35672301;39,87394009;339;2;511;;2,5;;0,63;0,37;0,64;0;0;;;;0;0;0;0;0;0;0;0;0;0;0;0;0;0;0;0;0;0;0;0;0;0;0;0;0;0;0;0;0;0;0;0;0;0;0;0;0;0;0;0;0;0;0;0;0;0;0;0;0;0;0;0;0;0;0;0;0;0;0;0;0;0;0;0;0;0,002975435;0,332135296;0,655247715;0,856156325;;0,414213562;0,365443541;0,318056289;CERT;0,5;0;0;0;116,4;low ;0,277;500,8;low ;0,27;322,1;low ;0,27;0,549997217;0,062993167;0,112450319;0,075299896;0,626398444;P_score_soil_exp_UBA;0,856156325;P_score_soil_exp_UBA;0,856156325;0,461628693;M_score_exp_UBA;0,414213562;M_score_exp_UBA;0,414213562;0,365904464;kemi_score;0,64;0,595509497;1;0,595509497;1;0,41098905;1;0,481422293;1;0,535435848;1;0,535435848;1;0,444813771;1;1.00;PM;PM;PM;
Loperamide;53179-11-6;258-416-5;RDOIQAHITMMDAJ-UHFFFAOYSA-N;CN(C)C(=O)C(CCN1CCC(O)(CC1)c1ccc(Cl)cc1)(c1ccccc1)c1ccccc1;DTXSID6045165;3955;PRO-305;NS00002516;REACH-B;FALS;vPvM;HQ;PM;FALS;FALS;;;FALS;FALS;FALS;FALS;FALS;FALS;FALS;FALS;FALS;FALS;FALS;FALS;FALS;FALS;FALS;FALS;FALS;FALS;;;;FALS;FALS;CERT;FALS;FALS;FALS;CERT;FALS;FALS;FALS;FALS;FALS;FALS;FALS;FALS;FALS;FALS;FALS;FALS;FALS;FALS;FALS;FALS;FALS;FALS;P-PNEC pred;477,05;;4,74;;10,2;;3,80E-05;4,459392488;3,2496;2,95E+46;470,1880701;275;892;;;2,7;;0,0399;0,3;0,46;0,03;0,09;>1 to < 10 tonnes;1;10;0;0;0;0;0;0;0;0;0;0;0;0;0;0;0;0;0;0;1;0;0;0;0;0;0;0;0;0;0;0;0;0;0;0;0;0;0;0;0;0;0;0;0;0;0;0;0;0;0;0;0;1;0;0;0;0;0;0;0;0;0;0;0;0;0;0,990186932;0,971238145;1;;;0,381024261;0,296054638;0,153849685;FALS;0;0;0;0;139,6;low ;0;277,8;low ;0,371;166,1;low ;0;0,802029459;0,079898108;0,10481013;0,097936144;0,840049122;;;P_score_freshwater_pred_Dashboard;1;0,987141693;M_score_exp_UBA;0,381024261;M_score_exp_UBA;0,381024261;0,276976195;kemi_score;0,46;0,617271627;1;0,381024261;0,5;0,522890763;1;0,502010694;1;0,55666593;1;0,45792342;0,75;0,512344371;1;1.00;PM;PM;PM;3
Melamine;108-78-1;203-615-4;JDSHMPZPIAZGSV-UHFFFAOYSA-N;C1(=NC(=NC(=N1)N)N)N;DTXSID6020802;7955;PRO-306;NS00010262;REACH-A;CERT;vPvM & PMT;HQ;vPvM & PMT;FALS;FALS;;;FALS;FALS;FALS;FALS;FALS;FALS;CERT;CERT;FALS;CERT;FALS;FALS;FALS;FALS;CERT;CERT;FALS;CERT;"Cleaning products and household care -> general household cleaning -> bleach; Construction and building materials; Furniture and furnishings; Manufactured formulations -> Flame retardants; flame retardant; flame retardants; impurity; melamine; monomer; not reported; residual; sound absorber";"Adhesives and sealant chemicals; Fire extinguishing agent; Flame retardant; Flame retardants; Foamant; Intermediate; Intermediates; Not Known or Reasonably Ascertainable; Paint additives and coating additives not described by other categories; Pigment; Processing aids not otherwise specified";"Adhesion/cohesion promoter; Flame retardant; Flame retardants; Foamant; Hardener; Intermediates; Not Known or Reasonably Ascertainable; Pigment; Plasticizer; Processing aids, not otherwise listed";CERT;CERT;CERT;CERT;CERT;CERT;CERT;FALS;FALS;CERT;CERT;CERT;CERT;CERT;CERT;CERT;CERT;CERT;FALS;FALS;FALS;CERT;CERT;FALS;FALS;AA-QSwater_eco;126,123;-1,37;-1,07;;8,32;0,0283;0,0375;1,6599162;0,0002;87,35672301;64,20722003;3,8;;913;;1,1;;360;0,8;0,84;0,49;0,59;>100000 to < 1000000 tonnes;100000;1000000;1;1;0;0;0;0;0;1;1;1;0;0;0;0;1;0;0;1;1;1;1;1;0;0;1;0;0;0;0;0;1;0;1;1;0;0;0;1;0;1;0;0;1;1;1;0;1;1;1;1;1;1;1;1;1;1;0;0;0;1;1;1;0;1;1;;0,528931513;0,655247715;0,941357792;;0,65108968;0,799977818;0,558660646;CERT;0,5;0;0;0;15030;low ;0,484;181,4;low ;0;16450;moderate ;0,85;0,072004217;0,09460703;0,015113188;0,014540561;0,149861422;P_score_soil_exp_UBA;0,941357792;P_score_soil_exp_UBA;0,941357792;0,70851234;M_score_exp_UBA;0,65108968;M_score_pred_Episuite;0,799977818;0,669909381;kemi_score;0,84;0,867793381;1;0,78288463;1;0,688940537;1;0,346250109;1;0,54815468;1;0,520647566;1;0,488411441;1;0.00;vPvM;vPvM;PM;4
Merbromin;129-16-8;204-933-6;SQFDQLBYJKFDDO-UHFFFAOYSA-K;Oc1c(Br)cc2c(Oc3c(cc(Br)c(O)c3[Hg])C32OC(=O)c2ccccc32)c1;DTXSID0045545;441373;PRO-307;NS00079127;REACH-B;FALS;vPvM;HQ;vPvM;FALS;FALS;;;FALS;FALS;FALS;FALS;FALS;FALS;FALS;FALS;FALS;FALS;FALS;FALS;FALS;FALS;FALS;FALS;FALS;FALS;;;;CERT;CERT;CERT;FALS;FALS;FALS;FALS;FALS;FALS;FALS;CERT;CERT;FALS;FALS;FALS;FALS;FALS;FALS;FALS;FALS;FALS;FALS;FALS;FALS;FALS;P-PNEC;750,66;;1,32;;9,39;0,00163;0,00129;2,519827994;1,354;8,77199E+11;239,869833;3,47;643;;;1,6;;0,105264885;;;0;0;;;;0;0;0;0;0;0;0;0;0;0;0;0;0;0;0;0;0;0;0;0;0;0;0;0;0;0;0;1;0;0;0;0;0;0;0;0;0;0;0;0;0;0;0;0;0;0;0;0;0;0;0;1;0;0;0;0;0;0;0;0;0;0;1;0;0;0,982953538;0,914429395;1;;;0,568874072;0,610109633;0,410882757;FALS;0;0;0;0;488,9;low ;0;667,2;low ;0,251;141;low ;0;0,726654881;0,056027413;0,063612462;0,104404217;0,770272661;;;P_score_freshwater_pred_Dashboard;1;0,965794311;M_score_exp_UBA;0,568874072;M_score_pred_Episuite;0,610109633;0,529955487;E_score_min;0;0,78109515;1;0,568874072;0,5;0,71542155;1;0,770272661;0,5;0,777470863;0,75;0,661957812;0,5;0,733256925;0,75;0.00;vPvM(T);PM(T);vPvM(T);2
Metformin hydrochloride;1115-70-4;214-230-6;OETHQSJEHLVLGH-UHFFFAOYSA-N;CN(C)C(=N)N=C(N)N.Cl;DTXSID9037246;14219;PRO-308;;REACH-A;CERT;vPvM;MQ;vPvM;FALS;FALS;;;FALS;FALS;FALS;FALS;FALS;FALS;FALS;FALS;FALS;FALS;FALS;FALS;FALS;FALS;FALS;FALS;FALS;FALS;;;;CERT;CERT;CERT;FALS;FALS;FALS;CERT;FALS;FALS;FALS;FALS;FALS;FALS;FALS;FALS;FALS;FALS;FALS;FALS;FALS;FALS;FALS;FALS;FALS;FALS;P-PNEC;165,63;;-1,04;;5,93;;2,78;0,980003372;-0,6659;120,3013687;18,27951705;1,95;35;;;;-3,5;4,640069078;0,86;;0,12;0,18;>100 to < 1000 tonnes;100;1000;0;0;0;0;0;0;0;0;0;0;0;0;0;0;0;0;0;0;0;0;1;0;0;0;0;0;0;1;0;0;0;0;0;0;0;0;0;0;0;0;0;0;0;0;0;0;0;0;0;0;0;1;0;0;0;0;0;0;0;0;0;0;1;0;0;0,284668525;0,115897935;0,76660347;;;;0,863875772;0,669739653;FALS;0;0;0;0;7220;low ;0,269;13110;low ;0,389;27850;low ;0,649;0,339275512;0,0160226;0,020662878;0,011602949;0,361596523;;;P_score_freshwater_pred_Dashboard;0,76660347;0,389056643;;;M_score_pred_Episuite;0,863875772;0,766807713;E_score_max;0,18;0,813787543;1;;;0,546197432;1;0,557649541;1;0,673652915;1;0,557649541;0,5;0,551893782;1;2.00;vPvM;;PM;3
Methyl 2,2,3-trifluoro-3-[1,1,2,2,3,3-hexafluoro-3-(trifluoromethoxy)propoxy]propanoate;958445-54-0;640-001-9;VOKIUIIBMBYXNU-UHFFFAOYSA-N;COC(=O)C(F)(F)C(F)OC(F)(F)C(F)(F)C(F)(F)OC(F)(F)F;DTXSID60893410;131727912;PRO-309;;REACH-B;FALS;vPvM;HQ;vPvM;FALS;FALS;;;FALS;FALS;FALS;FALS;FALS;FALS;FALS;FALS;FALS;FALS;FALS;FALS;FALS;FALS;FALS;FALS;FALS;FALS;;;;CERT;FALS;FALS;FALS;FALS;FALS;FALS;FALS;FALS;FALS;FALS;FALS;FALS;FALS;FALS;FALS;FALS;FALS;FALS;FALS;FALS;FALS;FALS;FALS;FALS;P-PNEC pred;392,097;;5,66;;3,18;;0,00183;3,260071388;;41,26439411;;2,57;5242;;;1,3;;0,49425;;0,27;0;0;;;;0;0;0;0;0;0;0;0;0;0;0;0;0;0;0;0;0;0;0;0;0;0;0;0;0;0;0;0;0;0;0;0;0;0;0;0;0;0;0;0;0;0;0;0;0;0;0;0;0;0;0;0;0;0;0;0;0;0;0;0;0;0;0;0;0;0,999520223;;0,345258688;;;0,618975739;;0,294544223;FALS;0;0;0;0;43;low ;0,202;86,1;low ;0;2690;low ;0;0,575921631;0,12619784;0,163355771;0,031378461;0,662671539;;;P_score_freshwater_pred_UBA;0,999520223;0,672389456;M_score_exp_UBA;0,618975739;M_score_exp_UBA;0,618975739;0,456759981;kemi_score;0,27;0,786561357;1;0,618975739;0,5;0,554184622;1;0,662671539;0,5;0,742884295;0,75;0,640451095;0,5;0,588214537;0,75;0.00;vPvM(T);PM(T);PM(T);1
Methyl 5-methyl-4-[(oxomethylene)sulfamoyl]thiophene-3-carboxylate;897671-34-0;618-297-6;FFCIPXJXUSHWCI-UHFFFAOYSA-N;C(=O)(c1c(S(=O)(=O)N=C=O)c(C)sc1)OC;DTXSID201045095;57957831;PRO-310;NS00008404;REACH-B;FALS;vPvM & PMT;MQ;vPvM & PMT;FALS;FALS;;;FALS;FALS;FALS;FALS;FALS;FALS;FALS;FALS;FALS;FALS;FALS;FALS;FALS;FALS;FALS;FALS;FALS;FALS;;;;CERT;FALS;CERT;FALS;FALS;FALS;FALS;FALS;FALS;FALS;FALS;FALS;FALS;FALS;FALS;FALS;FALS;FALS;FALS;FALS;FALS;FALS;FALS;FALS;FALS;P-PNEC pred;261,27;;0,39;;6,9;;0,00105;0,980003372;;169,017118;;1,91;34;;;;-0,6;1,41372;;0,26;0;0;;;;0;0;0;0;0;0;0;0;0;0;0;0;0;0;0;0;0;0;1;0;0;0;0;0;0;0;0;0;0;0;0;0;0;0;0;0;0;0;0;0;0;0;0;0;0;0;0;0;0;0;1;1;0;0;0;0;0;0;0;0;0;0;0;0;0;0,274686182;;0,854515447;;;;;0,669739653;FALS;0;0;0;0;171,6;low ;0,192;161,8;low ;0,242;1810;low ;0,242;0,462479815;0,098947108;0,096693365;0,037051947;0,544749663;;;P_score_freshwater_pred_Dashboard;0,854515447;0,564600814;;;M_score_pred_Dashboard;0,669739653;0,669739653;kemi_score;0,26;0,756507025;1;;;0,614927275;1;0,544749663;0,5;0,678069641;0,75;0,544749663;0,25;0,590583752;0,75;0.00;vPvM;;PM;
methyl paraben;99-76-3;202-785-7;LXCFILQKKLGQFO-UHFFFAOYSA-N;COC(=O)C1=CC=C(C=C1)O;DTXSID4022529;7456;PRO-311;NS00001849;;FALS;;;;FALS;FALS;;;FALS;FALS;FALS;FALS;FALS;FALS;FALS;FALS;FALS;FALS;FALS;FALS;FALS;FALS;FALS;CERT;CERT;FALS;"Arts and crafts/office supplies -> body paint; Arts and crafts/office supplies -> children's art and toys; Arts and crafts/office supplies -> children's art and toys -> bubble solution; Arts and crafts/office supplies -> children's art and toys -> crayons; Arts and crafts/office supplies -> children's art and toys -> finger paint; Arts and crafts/office supplies -> general arts and crafts supplies -> arts and crafts adhesive; Arts and crafts/office supplies -> home office -> pens and markers; Cleaning products and household care -> air freshener; Cleaning products and household care -> carpet and floor; Cons. electronics, mech. appliances, and machinery; Personal care; Personal care -> acne treatment -> face wash; Personal care -> bite relief; Personal care -> body care set; Personal care -> body hygiene; Personal care -> body hygiene -> bar soap; Personal care -> body hygiene -> body scrub; Personal care -> body hygiene -> body wash; Personal care -> body hygiene -> feminine hygiene; Personal care -> body hygiene -> hand sanitizer; Personal care -> body hygiene -> hand soap; Personal care -> body hygiene -> hand wipes; Personal care -> body powder; Personal care -> child specific; Personal care -> child specific -> baby lotion; Personal care -> child specific -> baby oil; Personal care -> child specific -> baby wash; Personal care -> child specific -> bath paints/crayons; Personal care -> child specific -> diaper cream; Personal care -> dental care; Personal care -> dental care -> mouthwash; Personal care -> dental care -> toothpaste; Personal care -> deodorant; Personal care -> eye care and contacts -> eye cream; Personal care -> facial cleansing and moisturizing; Personal care -> facial cleansing and moisturizing -> face cleansing wipes; Personal care -> facial cleansing and moisturizing -> face cream/moisturizer; Personal care -> facial cleansing and moisturizing -> face mask; Personal care -> facial cleansing and moisturizing -> face scrub; Personal care -> facial cleansing and moisturizing -> face wash; Personal care -> foot care; Personal care -> fragrance; Personal care -> general moisturizing; Personal care -> general moisturizing -> hand/body lotion; Personal care -> glitter; Personal care -> hair coloring; Personal care -> hair coloring -> hair color - temporary; Personal care -> hair styling and care; Personal care -> hair styling and care -> hair conditioner; Personal care -> hair styling and care -> hair conditioner - leave-in; Personal care -> hair styling and care -> hair conditioning treatment; Personal care -> hair styling and care -> hair relaxer; Personal care -> hair styling and care -> hair spray; Personal care -> hair styling and care -> hair styling; Personal care -> hair styling and care -> lice shampoo; Personal care -> hair styling and care -> shampoo; Personal care -> hair styling and care -> shampoo - dandruff; Personal care -> make-up and related; Personal care -> make-up and related -> blush/bronzer; Personal care -> make-up and related -> eye liner; Personal care -> make-up and related -> eye shadow; Personal care -> make-up and related -> foundation/concealer; Personal care -> make-up and related -> lip balm; Personal care -> make-up and related -> lip color; Personal care -> make-up and related -> lip gloss; Personal care -> make-up and related -> lip liner; Personal care -> make-up and related -> makeup remover; Personal care -> make-up and related -> mascara; Personal care -> nails; Personal care -> nails -> nail adhesive; Personal care -> nails -> nail polish; Personal care -> nails -> nail polish remover; Personal care -> self-tanner; Personal care -> sexual wellness; Personal care -> shaving and hair removal -> aftershave; Personal care -> shaving and hair removal -> shaving cream; Personal care -> specialized bath products -> bath oil; Personal care -> specialized bath products -> bubble bath; Personal care -> sunscreen; Pesticides -> insect repellent -> insect repellent - skin; Pet care -> all pets; Pet care -> all pets -> other pet treatments; Pet care -> all pets -> pesticide - pet; Pet care -> all pets -> pet shampoo; Pet care -> cats; Raw materials; Toys and children's products; contains fragrance allergens; cosmetics; fragrance; fragrance component; fragrance ingredient; liquid concentrate; personal care; preservative; preservative; skin-care; sunscreen";;;CERT;CERT;CERT;FALS;CERT;FALS;CERT;FALS;FALS;FALS;CERT;FALS;CERT;CERT;FALS;CERT;FALS;FALS;FALS;FALS;FALS;FALS;FALS;FALS;FALS;;152,149;1,96;1,99;8,57;8,55;0,0173;0,0266;1,749736316;2,1105;34,81331749;13,75428115;7,08;;;;;;5;;0,88;0,25;0,38;>100 to < 1000 tonnes;100;1000;1;0;0;0;0;0;0;0;0;0;0;0;0;0;0;0;0;0;0;1;1;0;0;0;0;1;1;0;0;0;0;0;0;0;0;0;0;1;0;0;0;0;1;0;0;0;0;0;0;0;0;1;0;0;0;0;0;0;0;0;0;0;1;0;1;;0,074598962;0,282810472;;;;0,480861165;0,543258968;FALS;0;0;0;1;2220;low ;0,685;1390;;0,85;11250;;1;0,332040631;0,041367399;0,034014794;0,017104646;0,374262468;;;P_score_freshwater_pred_Dashboard;0,282810472;0,178704717;;;M_score_pred_Dashboard;0,543258968;0,512060066;kemi_score;0,88;0,391968526;1;;;0,302502148;1;0,374262468;0,5;0,385975338;0,75;0,374262468;0,25;0,324746441;0,75;0.00;PM;;;
Methyl-1H-benzotriazole;29385-43-1;249-596-6;HXQHRUJXQJEGER-UHFFFAOYSA-N;CC1=CC=CC2=NNN=C12;DTXSID0026171;;PRO-312;NS00073843;REACH-A;CERT;vPvM;MQ;vPvM;FALS;FALS;;;FALS;FALS;FALS;FALS;FALS;FALS;FALS;FALS;FALS;FALS;FALS;FALS;FALS;FALS;FALS;CERT;CERT;FALS;;;;CERT;CERT;CERT;CERT;CERT;CERT;CERT;CERT;CERT;CERT;CERT;FALS;CERT;CERT;FALS;CERT;FALS;FALS;CERT;CERT;CERT;FALS;FALS;FALS;FALS;PNEC aqua (freshwater);133,154;1,88;1,85;;6,21;0,0425;0,0238;2,130333768;1,9439;6063,242488;21,51758556;2,29;33;;;1,5;;8;0,51;0,89;0,38;0,5;>1000 to < 10000 tonnes;1000;10000;1;1;0;0;1;0;1;1;0;0;0;0;0;0;0;1;1;0;0;1;0;0;1;1;0;0;0;0;0;1;1;0;0;1;0;1;0;0;0;0;0;0;0;0;0;0;0;0;0;0;0;1;0;0;0;0;0;1;0;1;0;0;1;0;0;0,264636236;0,14766173;0,999625863;;;0,585786438;0,509720164;0,477430227;FALS;0;0;0;0;1470;low ;0,293;2860;low ;0,31;1250;low ;0,397;0,288415918;0,030579577;0,040414324;0,043234894;0,346429728;;;P_score_freshwater_pred_Dashboard;0,999625863;0,470641276;M_score_exp_UBA;0,585786438;M_score_exp_UBA;0,585786438;0,524312276;kemi_score;0,89;0,765223675;1;0,585786438;0,5;0,496752452;1;0,420332204;1;0,56714033;1;0,469506433;0,75;0,456947539;1;0.00;vPvM;PM;PM;4
m-phenylenediamine;108-45-2;203-584-7;WZCQRUWWHSTZEM-UHFFFAOYSA-N;C1=CC(=CC(=C1)N)N;DTXSID4021137;7935;PRO-313;NS00005820;REACH-A;CERT;vPvM & PMT;MQ;vPvM & PMT;FALS;FALS;;;FALS;FALS;FALS;FALS;FALS;FALS;FALS;FALS;FALS;FALS;FALS;FALS;FALS;FALS;FALS;CERT;FALS;FALS;"Home maintenance -> adhesives and adhesive removers -> multipurpose adhesive; hair colorant; hair dyeing";"Adhesion/cohesion promoter; Flame retardant; Hardener; Intermediate; Intermediates; Other; Paint additives and coating additives not described by other categories; Processing aids, not otherwise listed";"Adhesion/cohesion promoter; Paint additives and coating additives not described by other categories";CERT;CERT;CERT;FALS;FALS;FALS;CERT;FALS;FALS;FALS;CERT;FALS;CERT;CERT;CERT;FALS;FALS;FALS;FALS;FALS;FALS;FALS;FALS;FALS;FALS;P-PNEC pred;108,144;-0,33;-0,28;;7,64;2,2;1,25;1,620136055;0,6994;984609,1112;28,26421644;6,46;109;;;;-1,3;16,56139;0,71;0,75;0,29;0,38;>1000 to < 10000 tonnes;1000;10000;0;0;0;0;0;0;0;0;0;0;0;0;0;0;0;0;0;0;0;1;1;0;0;0;0;0;0;0;0;0;1;0;0;0;0;0;0;0;0;0;0;0;0;0;0;0;0;0;0;0;1;1;0;0;0;0;0;0;0;1;0;0;1;0;1;0,735086324;0,216389647;0,999999938;;;;0,711259139;0,56544773;CERT;0;0,5;0;0;14680;low ;0,7;111,6;;1;3530;;0,85;0,228095439;0,114288614;0,015266261;0,027983038;0,31090181;;;P_score_freshwater_pred_Dashboard;0,999999938;0,650491969;;;M_score_pred_Episuite;0,711259139;0,638353434;kemi_score;0,75;0,843361782;1;;;0,644394121;1;0,46983006;1;0,629473364;1;0,46983006;0,5;0,550232431;1;2.00;vPvM;;PM;4
m-tolyl isocyanate;621-29-4;210-676-0;CPPGZWWUPFWALU-UHFFFAOYSA-N;Cc1cc(ccc1)N=C=O;DTXSID9060732;69303;PRO-314;NS00020856;REACH-B;FALS;vPvM & PMT;MQ;vPvM & PMT;FALS;FALS;;;FALS;FALS;FALS;FALS;FALS;FALS;FALS;FALS;FALS;FALS;FALS;FALS;FALS;FALS;FALS;FALS;FALS;FALS;;;;CERT;FALS;CERT;FALS;FALS;FALS;FALS;FALS;FALS;FALS;FALS;FALS;FALS;FALS;FALS;FALS;FALS;FALS;FALS;FALS;FALS;FALS;FALS;FALS;FALS;P-PNEC pred;133,15;;2,59;;4;;0,00968;1,749736316;2,7248;71,52163562;21,51758556;7,76;28;;;1,4;;9,69391;0,38;0,4;0;0;;;;0;0;0;0;0;0;0;0;0;0;0;0;0;0;0;0;0;0;1;0;0;0;0;0;0;0;0;0;0;0;0;0;0;0;0;0;0;0;0;0;0;0;0;0;0;0;0;0;0;0;1;1;0;0;0;0;0;0;0;0;0;0;0;0;0;0,213679536;0,14766173;0,574512175;;;0,602498941;0,376978452;0,543258968;FALS;0;0;0;0;1200;low ;0,425;683,1;low ;0;6310;low ;0,34;0,271604148;0,055488908;0,043974223;0,021880643;0,331557496;;;P_score_freshwater_pred_Dashboard;0,574512175;0,311951147;M_score_exp_UBA;0,602498941;M_score_exp_UBA;0,602498941;0,507578787;kemi_score;0,4;0,588339168;1;0,602498941;0,5;0,397919319;1;0,354953304;1;0,45698242;1;0,423415005;0,75;0,3758228;1;0.00;PM;PM;PM;1
N'-(1,3-dimethylbutylidene)-3-hydroxy-2-naphthohydrazide;214417-91-1;435-860-1;HPTJCEPNQHYWIH-UHFFFAOYSA-N;CC(C)CC(=NNC(=O)C1=CC2=CC=CC=C2C=C1O)C;DTXSID501036158;5779530;PRO-315;NS00077765;REACH-A;FALS;vPvM & PMT;MQ;PMT;FALS;FALS;;;FALS;FALS;FALS;FALS;FALS;FALS;FALS;FALS;FALS;FALS;FALS;FALS;FALS;FALS;FALS;FALS;FALS;CERT;;;;CERT;FALS;FALS;FALS;FALS;FALS;FALS;FALS;FALS;FALS;FALS;CERT;FALS;FALS;FALS;FALS;FALS;FALS;FALS;FALS;FALS;FALS;FALS;FALS;FALS;;284,359;;4,47;;10,6;;0,00049;3,42975228;;19,10595373;;38,9;111;;;;0,6;0,027667237;;;0,23;0,34;>100 to < 1000 tonnes;100;1000;0;0;0;0;0;0;0;0;0;0;0;0;0;0;0;0;0;0;0;0;0;0;0;0;0;0;0;0;0;0;0;0;0;0;0;0;0;0;0;0;0;0;0;0;0;0;0;0;0;0;0;0;0;1;0;0;0;0;0;0;0;0;0;0;0;0,741094841;;0,123871292;;;;;0,270708926;CERT;0;0;0;0;254,2;low ;0,264;988,8;low ;0,329;219,8;low ;0,548;0,826071094;0,047647347;0,082778886;0,087701544;0,852654075;;;P_score_freshwater_pred_UBA;0,741094841;0,432483067;;;M_score_pred_Dashboard;0,270708926;0,270708926;E_score_max;0,34;0,447907344;1;;;0,342165203;1;0,852654075;0,5;0,555115149;0,75;0,852654075;0,25;0,46388983;0,75;1.00;PM(T);(T);PM(T);1
N-(2-ethylhexyl)-8,9,10-trinorborn-5-ene-2,3-dicarboximide;113-48-4;204-029-1;WLLGXSLBOPFWQV-UHFFFAOYSA-N;CCCCC(CC)CN1C(=O)C2C3CC(C=C3)C2C1=O;DTXSID6032562;8227;PRO-316;NS00006960;REACH-A;FALS;vPvM;HQ;PM;FALS;FALS;;;FALS;FALS;FALS;FALS;FALS;FALS;FALS;FALS;FALS;FALS;FALS;FALS;FALS;FALS;FALS;FALS;FALS;FALS;"Pesticides; Pesticides -> insect repellent; Pesticides -> insect repellent -> insect repellent - skin; Pesticides -> insecticide; Pet care -> all pets -> pesticide - pet; Pet care -> all pets -> pet shampoo; antimicrobial; biocide; flea or tick repellant - liquid; insecticide";;;FALS;FALS;CERT;FALS;FALS;FALS;FALS;FALS;FALS;FALS;CERT;FALS;FALS;FALS;FALS;FALS;FALS;FALS;FALS;FALS;FALS;FALS;FALS;FALS;FALS;P-PNEC pred;275,392;3,7;3,76;;9,94;;0,000493;3,439332694;2,9423;107,7700726;19,18563323;7,08;;388;;2,8;;0,21937;0,34;0,67;0,03;0,09;>1 to < 10 tonnes;1;10;0;0;0;0;0;0;1;0;0;0;0;0;0;0;0;0;0;0;0;0;0;0;0;0;0;0;0;0;0;0;0;0;0;0;0;0;0;0;0;0;0;0;0;0;0;0;0;0;0;0;0;0;0;0;0;0;0;0;0;0;0;0;0;0;0;;0,12464548;0,731291418;0,788012654;;0,364816894;0,342279461;0,269399892;FALS;0;0;0;0;235,4;low ;0,618;1040;moderate ;0,85;180,5;low ;0,7;0,658995889;0,046662269;0,085348015;0,094792217;0,713315263;P_score_soil_exp_UBA;0,788012654;P_score_soil_exp_UBA;0,788012654;0,547983184;M_score_exp_UBA;0,364816894;M_score_exp_UBA;0,364816894;0,325498749;kemi_score;0,67;0,536171921;1;0,536171921;1;0,42233617;1;0,492470496;1;0,51385684;1;0,51385684;1;0,456057127;1;1.00;PM;PM;PM;1
N-(2-nitrophenyl)phosphoric triamide;874819-71-3;477-690-9;GDPVISFVPDYFPN-UHFFFAOYSA-N; NP(N)(=O)NC1=CC=CC=C1[N+]([O-])=O;;;PRO-317;NS00022857;REACH-A;FALS;vPvM & PMT;MQ;vPvM & PMT;FALS;FALS;;;FALS;FALS;FALS;FALS;FALS;FALS;FALS;FALS;FALS;FALS;FALS;FALS;FALS;FALS;FALS;CERT;FALS;FALS;;;;CERT;FALS;CERT;FALS;CERT;FALS;CERT;FALS;FALS;FALS;CERT;FALS;FALS;FALS;FALS;CERT;CERT;FALS;FALS;FALS;FALS;FALS;FALS;FALS;FALS;;;;;;;;;;;;;;164;;;;-1,9;19,51593;;0,13;0,23;0,35;>100 to < 1000 tonnes;100;1000;0;0;0;0;0;0;0;0;0;0;0;1;0;0;0;0;0;0;0;0;0;0;0;0;0;0;0;0;0;0;0;0;0;0;0;0;0;0;0;0;0;0;1;0;0;0;0;0;0;0;0;0;0;0;0;0;0;0;0;0;0;0;0;0;0;0,847993667;;;;;;;;CERT;0;0;0,75;0;570,3;low ;0,329;3230;low ;0,323;6770;low ;0,282;0,215786933;0,029051522;0,059742879;0,021236084;0,274594308;;;P_score_freshwater_pred_UBA;0,847993667;0,847993667;;;;;;E_score_max;0,35;0,847993667;0,5;;;0,847993667;0,5;0,274594308;0,5;0,482549722;0,5;0,274594308;0,25;0,482549722;0,5;;vPvM;;vPvM;3
N-(4-{[3-(dimethylamino)propyl]sulfamoyl}phenyl)-2-[(2-methoxy-4-nitrophenyl)diazenyl]-3-oxobutanamide;1065519-44-9;700-222-4;MQLUSMUCKZNBBC-UHFFFAOYSA-N;CC(=O)C(C(=O)NC1=CC=C(C=C1)S(=O)(=O)NCCCN(C)C)N=NC2=C(C=C(C=C2)[N+](=O)[O-])OC;DTXSID301035685;102295369;PRO-318;NS00010022;REACH-B;FALS;vPvM;HQ;vPvM;FALS;FALS;;;FALS;FALS;FALS;FALS;FALS;FALS;FALS;FALS;FALS;FALS;FALS;FALS;FALS;FALS;FALS;CERT;FALS;FALS;;;;FALS;CERT;FALS;CERT;FALS;FALS;FALS;FALS;FALS;FALS;CERT;CERT;FALS;FALS;CERT;FALS;FALS;FALS;FALS;FALS;FALS;FALS;FALS;FALS;FALS;P-PNEC pred;520,56;;2,93;;9,63;;0,00123;4,350248018;;107,7700726;;5,5;1548;;;;-1,3;0,01886;;0,3;0,04;0,12;>1 to < 10 tonnes;1;10;1;0;0;0;0;0;0;1;0;0;0;0;0;0;0;0;0;1;0;0;0;0;0;0;1;0;0;0;0;0;0;0;0;0;0;0;0;0;0;0;0;0;0;0;0;0;0;0;0;1;0;0;1;0;0;0;0;0;0;0;0;0;0;0;0;0,996152788;;0,731291418;;;;;0,163958105;FALS;0;0;0;0;250,2;low ;0,193;579;low ;0;1580;low ;0;0,848702204;0,059374594;0,083303391;0,03921629;0,867248589;;;P_score_freshwater_pred_UBA;0,996152788;0,863722103;;;M_score_pred_Dashboard;0,163958105;0,163958105;kemi_score;0,3;0,404137753;1;;;0,376316674;1;0,867248589;0,5;0,521275703;0,75;0,867248589;0,25;0,497069186;0,75;1.00;PM(T);(T);PM(T);
N-(4-Methyl-3-nitro-phenyl)-4-(4-methyl-piperazin-1-ylmethyl)-benzamide;581076-60-0;611-622-2;GHWOXPOJAZVXAK-UHFFFAOYSA-N;C(=O)(c1ccc(CN2CCN(C)CC2)cc1)Nc1cc(N(=O)=O)c(C)cc1;DTXSID30652652;29984087;PRO-319;NS00009237;REACH-B;FALS;vPvM;HQ;PM;FALS;FALS;;;FALS;FALS;FALS;FALS;FALS;FALS;FALS;FALS;FALS;FALS;FALS;FALS;FALS;FALS;FALS;FALS;FALS;FALS;;;;CERT;FALS;CERT;FALS;FALS;FALS;FALS;FALS;FALS;FALS;FALS;FALS;FALS;FALS;FALS;FALS;FALS;FALS;FALS;FALS;FALS;FALS;FALS;FALS;FALS;P-PNEC pred;368,437;;2,59;;10,3;;0,000156;3,068185862;;34,81331749;;17,4;980;;;;0;0,10801;;0,31;0;0;;;;0;0;0;0;0;0;0;0;0;0;0;0;0;0;0;0;0;0;1;0;0;0;0;0;0;0;0;1;0;0;0;0;0;0;0;0;0;0;0;0;0;0;0;0;0;0;0;0;0;0;0;1;0;0;0;0;0;0;0;0;0;0;0;0;0;0,991632693;;0,282810472;;;;;0,32291449;FALS;0;0;0;0;122,9;low ;0,391;573,7;low ;0,37;183,7;low ;0,649;0,724428518;0,059598032;0,110116478;0,094139367;0,774223101;;;P_score_freshwater_pred_UBA;0,991632693;0,637221582;;;M_score_pred_Dashboard;0,32291449;0,32291449;kemi_score;0,31;0,565873277;1;;;0,453616669;1;0,774223101;0,5;0,628205159;0,75;0,774223101;0,25;0,542102461;0,75;1.00;PM(T);(T);PM(T);2
N,N,N',N'-tetramethyl-2,2'-oxybis(ethylamine);3033-62-3;221-220-5;GTEXIOINCJRBIO-UHFFFAOYSA-N;CN(C)CCOCCN(C)C;DTXSID5027512;18204;PRO-320;NS00005315;REACH-A;CERT;vPvM;HQ;vPvM;FALS;FALS;;;FALS;FALS;FALS;FALS;FALS;FALS;FALS;FALS;FALS;FALS;FALS;FALS;FALS;FALS;FALS;CERT;FALS;CERT;"Construction and building materials; Furniture and furnishings; catalyst";"Catalyst; Intermediates; Other (specify); Process regulators; Propellants and blowing agents";"Catalyst; Not Known or Reasonably Ascertainable";CERT;CERT;CERT;CERT;CERT;CERT;CERT;CERT;CERT;FALS;CERT;CERT;FALS;FALS;CERT;FALS;FALS;CERT;FALS;FALS;FALS;FALS;CERT;FALS;FALS;P-PNEC pred;160,261;;-0,461;;4,42;;2,6;1,989894564;0,4051;214,8628677;57,45019255;2,69;2500;;;;-5,5;34,72673;0,75;0,75;0,36;0,48;>1000 to < 10000 tonnes;1000;10000;1;1;0;0;0;0;0;1;1;0;0;0;0;0;0;0;0;0;0;0;0;0;0;0;0;0;0;0;0;0;1;0;0;0;0;0;0;0;0;0;0;0;0;1;0;0;0;0;0;0;0;0;0;0;1;0;0;0;0;1;1;1;0;0;0;0,998300918;0,481449122;0,898507247;;;;0,751289303;0,501751131;FALS;0;0;0;0;1150;low ;0,653;8100;moderate ;0,85;1490;low ;0,7;0,176438785;0,019675971;0,044757858;0,040187333;0,238163727;;;P_score_freshwater_pred_UBA;0,998300918;0,792752429;;;M_score_pred_Episuite;0,751289303;0,626520217;kemi_score;0,75;0,866032794;1;;;0,70475203;1;0,422637901;1;0,604994448;1;0,422637901;0,5;0,545760862;1;2.00;vPvM;;vPvM;4
N,N-bis[3-(dimethylamino)propyl]-N',N'-dimethylpropane-1,3-diamine;33329-35-0;251-459-0;DTKANQSCBACEPK-UHFFFAOYSA-N;CN(C)CCCN(CCCN(C)C)CCCN(C)C;DTXSID5052703;118456;PRO-321;NS00006390;REACH-A;CERT;vPvM;HQ;vPvM;FALS;FALS;;;FALS;FALS;FALS;FALS;FALS;FALS;FALS;FALS;FALS;FALS;FALS;FALS;FALS;FALS;FALS;CERT;FALS;CERT;;"Catalyst; Process regulators; Propellants and blowing agents";"Catalyst; Not Known or Reasonably Ascertainable";CERT;CERT;CERT;CERT;CERT;CERT;CERT;CERT;CERT;FALS;CERT;CERT;CERT;FALS;CERT;FALS;FALS;CERT;FALS;FALS;FALS;FALS;CERT;FALS;FALS;P-PNEC pred;272,481;;0,702;;7,77;;0,468;2,720159303;0,9955;134,2897797;247,6199084;30,9;981;;;;-6,1;2,37969;0,67;0,64;0,24;0,36;>100 to < 1000 tonnes;100;1000;0;1;0;0;0;0;0;1;1;0;0;0;0;0;0;0;0;0;0;0;0;0;0;0;0;0;0;0;0;0;1;0;0;0;0;0;0;0;0;0;0;0;0;1;0;0;0;0;0;0;0;0;0;0;1;0;0;0;0;1;1;1;0;0;0;0,991647147;0,918588251;0,798553329;;;;0,667359453;0,37773424;FALS;0;0;0;0;315,6;low ;0,599;4150;low ;0,69;305,2;low ;0;0,406966411;0,026133707;0,075918702;0,076945953;0,482660241;;;P_score_freshwater_pred_UBA;0,991647147;0,902929576;;;M_score_pred_Episuite;0,667359453;0,522546846;kemi_score;0,64;0,81350175;1;;;0,686893734;1;0,56866718;1;0,680155678;1;0,56866718;0,5;0,624991138;1;0.00;vPvM;;PM;4
N,N-dibutylformamide;761-65-9;212-090-0;NZMAJUHVSZBJHL-UHFFFAOYSA-N;CCCCN(CCCC)C=O;DTXSID3022114;12975;PRO-322;NS00009641;REACH-A;FALS;PMT;HQ;PMT;FALS;FALS;;;FALS;FALS;FALS;FALS;FALS;FALS;FALS;FALS;FALS;FALS;FALS;FALS;FALS;FALS;FALS;FALS;FALS;FALS;;;;CERT;CERT;CERT;FALS;FALS;FALS;CERT;FALS;FALS;FALS;FALS;FALS;FALS;FALS;FALS;FALS;FALS;FALS;FALS;FALS;FALS;FALS;FALS;FALS;FALS;P-PNEC pred;157,257;;2,02;;5,79;;0,0866;2,049218023;1,764;41,26439411;7,16066185;10,7;;;;;2;9,41567;0,54;0,63;0,06;0,12;>10 to < 100 tonnes;10;100;0;0;0;0;0;0;0;0;0;0;0;0;0;0;0;0;0;0;0;0;0;0;0;0;0;1;0;0;0;0;0;0;0;0;0;0;0;0;0;0;0;0;0;0;0;0;0;0;0;0;0;1;0;0;0;0;0;0;0;0;0;0;0;0;0;;0,02573127;0,345258688;;;;0,540804732;0,491471994;FALS;0;0;0;0;826,8;low ;0,404;1290;moderate ;0,85;3080;low ;0,7;0,274113536;0,042672547;0,051300068;0,029639759;0,335782196;;;P_score_freshwater_pred_Dashboard;0,345258688;0,185494979;;;M_score_pred_Episuite;0,540804732;0,516138363;kemi_score;0,63;0,432108242;1;;;0,309420547;1;0,425819663;1;0,428952429;1;0,425819663;0,5;0,362983957;1;0.00;PM;;;4
N,N-dicyclohexylbenzothiazole-2-sulphenamide;4979-32-2;225-625-8;CMAUJSNXENPPOF-UHFFFAOYSA-N;C1CCCCC1N(C1CCCCC1)Sc1nc2ccccc2s1;DTXSID3027584;21080;PRO-323;NS00003781;REACH-A;CERT;PMT;HQ;Not PMT/vPvM;FALS;FALS;;;FALS;FALS;FALS;FALS;FALS;FALS;FALS;FALS;FALS;FALS;FALS;FALS;FALS;FALS;FALS;CERT;CERT;CERT;;"Antioxidant; Catalyst; Fuel; Other; Other (specify); Polymerization promoter";"Catalyst; Fuel; Not Known or Reasonably Ascertainable; Other";CERT;CERT;CERT;CERT;FALS;CERT;CERT;FALS;FALS;FALS;FALS;CERT;FALS;FALS;FALS;FALS;FALS;CERT;FALS;FALS;FALS;CERT;CERT;CERT;FALS;P-PNEC pred;346,55;4,8;6,08;;11,7;1,63E-07;3,56E-07;3,170261715;2,865;5,15E+140;46,66338817;389;;1000;;3;;0,02743;0,35;0,57;0,39;0,52;>1000 to < 10000 tonnes;1000;10000;0;0;0;0;0;0;0;0;0;0;0;0;0;0;0;0;0;0;0;0;0;0;0;0;0;0;0;0;0;0;1;0;0;0;0;0;0;0;0;0;0;1;0;0;0;0;0;0;0;0;0;0;1;1;1;0;0;0;0;0;0;0;0;0;0;;0,394187235;1;0,949380235;;0,333333333;0,354441548;0,307642593;FALS;0;0;0;0;33,4;low ;0,186;21,8;low ;0,398;19;;1;0,826607791;0,207764002;0,178910495;0,217762463;0,892633844;P_score_soil_exp_UBA;0,949380235;P_score_freshwater_pred_Dashboard;1;0,781189157;M_score_exp_UBA;0,333333333;M_score_pred_Episuite;0,354441548;0,331805825;kemi_score;0,57;0,595349938;1;0,562547845;1;0,509119939;1;0,558947086;1;0,576861433;1;0,560744576;1;0,533452066;1;3.00;PM;PM;PM;1
N,N-Dimethyl-3-((perfluorohexyl)ethylsulfonyl)aminopropanamine N-oxide;80475-32-7;279-481-6;KBDMGVIUNQWTND-UHFFFAOYSA-N;O=N(C)(C)CCCNS(=O)(=O)CCC(F)(F)C(F)(F)C(F)(F)C(F)(F)C(F)(F)C(F)(F)F;DTXSID80880983;157337;PRO-324;NS00014253;;FALS;;;;FALS;FALS;;;FALS;FALS;FALS;FALS;FALS;FALS;FALS;FALS;FALS;FALS;FALS;FALS;FALS;FALS;FALS;CERT;FALS;CERT;;;;CERT;FALS;CERT;CERT;CERT;FALS;CERT;FALS;FALS;FALS;CERT;FALS;FALS;FALS;FALS;CERT;FALS;FALS;FALS;FALS;FALS;FALS;CERT;FALS;FALS;;528,33;;3,44;;8,39;;0,033;2,820201459;;134,2897797;;42,7;;;;;;5,537963175;;0,65;0,12;0,24;>10 to < 100 tonnes;10;100;1;0;0;0;0;0;0;1;0;0;0;0;0;0;0;0;0;0;0;0;0;0;0;0;0;0;0;0;0;0;0;0;0;0;0;0;0;0;0;0;0;0;0;0;0;0;0;0;0;0;0;1;0;0;0;0;0;0;0;0;0;0;0;0;0;;;0,798553329;;;;;0,361578321;FALS;0;0;0;0;45,1;low ;0,152;37,8;low ;0;1320;low ;0;0,322272012;0,171150998;0,160545277;0,042266533;0,48244449;;;P_score_freshwater_pred_Dashboard;0,798553329;0,798553329;;;M_score_pred_Dashboard;0,361578321;0,361578321;kemi_score;0,65;0,537344929;1;;;0,537344929;1;0,48244449;0,5;0,51838356;0,75;0,48244449;0,25;0,51838356;0,75;1.00;PM;;PM;2
N-[3-({[2,2-dimethyl-3-(morpholin-4-yl)propylidene]amino}methyl)-3,5,5-trimethylcyclohexyl]-2,2-dimethyl-3-(morpholin-4-yl)propan-1-imine;1217271-02-7;700-584-3;YXDMBOANBIPTTC-UHFFFAOYSA-N;CC(C)(CN1CCOCC1)C=NCC1(C)CC(CC(C)(C)C1)N=CC(C)(C)CN1CCOCC1;DTXSID301020191;89999443;PRO-325;NS00005355;REACH-B;FALS;vPvM;HQ;vPvM;FALS;FALS;;;FALS;FALS;FALS;FALS;FALS;FALS;FALS;FALS;FALS;FALS;FALS;FALS;FALS;FALS;FALS;CERT;CERT;CERT;;;Hardener;CERT;CERT;CERT;CERT;CERT;CERT;CERT;FALS;FALS;FALS;CERT;CERT;FALS;FALS;CERT;FALS;FALS;CERT;FALS;FALS;FALS;FALS;CERT;FALS;FALS;P-PNEC;476,75;;5,25;;11,7;;0,000537;4,11058971;;3612822,931;;89,1;8821;;;;-2,1;0,047984105;;0,34;0,01;0,01;Tonnage data confidential;;;1;1;0;0;0;0;0;1;1;0;0;0;0;0;0;0;0;0;0;0;0;0;0;0;0;0;0;0;0;0;1;0;0;0;0;0;0;0;0;0;0;0;0;0;0;0;0;0;0;0;0;0;0;0;0;0;0;0;0;0;0;1;0;0;0;0,999802859;;0,999999993;;;;;0,188016651;FALS;0;0;0;0;139,6;low ;0;5430;low ;0,229;671,6;low ;0;0,78899907;0,02332109;0,10481013;0,055876627;0,815812548;;;P_score_freshwater_pred_Dashboard;0,999999993;0,999901426;;;M_score_pred_Dashboard;0,188016651;0,188016651;kemi_score;0,34;0,433608867;1;;;0,433587497;1;0,815812548;0,5;0,535297929;0,75;0,815812548;0,25;0,535280341;0,75;1.00;PM(T);(T);PM(T);2
N-butylbenzenesulphonamide;3622-84-2;222-823-6;IPRJXAGUEGOFGG-UHFFFAOYSA-N;CCCCNS(=O)(=O)C1=CC=CC=C1;DTXSID7027540;19241;PRO-326;NS00007746;REACH-A;CERT;vPvM;HQ;PM;FALS;FALS;;;FALS;FALS;FALS;FALS;FALS;FALS;FALS;FALS;FALS;CERT;FALS;FALS;FALS;FALS;CERT;FALS;FALS;CERT;plasticisers;"Intermediate; Other (specify); Plasticizer; Plasticizers";Plasticizers;FALS;CERT;CERT;FALS;FALS;CERT;CERT;FALS;FALS;FALS;CERT;CERT;FALS;FALS;FALS;FALS;FALS;FALS;FALS;FALS;FALS;FALS;CERT;FALS;FALS;P-PNEC pred;213,3;;2,18;;8,47;;0,00524;1,940018155;2,3425;79,0436317;14,06085241;3,63;985;;;;2;21,11155;0,44;0,56;0,34;0,45;>1000 to < 10000 tonnes;1000;10000;0;0;0;0;0;0;0;0;0;0;0;0;0;0;0;0;0;0;0;0;0;0;0;0;0;0;0;0;0;0;1;0;0;0;0;0;0;0;0;0;0;0;0;0;0;0;0;0;0;0;0;0;0;0;1;0;0;0;0;1;0;0;0;0;0;0,99170457;0,077242582;0,615676279;;;;0,440926462;0,510392565;FALS;0;0;0;0;424,1;low ;0,249;484,5;low ;0,417;1590;moderate ;0,85;0,210067246;0,063846734;0,067391395;0,03911318;0,301322014;;;P_score_freshwater_pred_UBA;0,99170457;0,561541144;;;M_score_pred_Dashboard;0,510392565;0,475659513;kemi_score;0,56;0,711448268;1;;;0,516819492;1;0,364117682;1;0,508970426;1;0,364117682;0,5;0,433800778;1;0.00;vPvM;;PM;2
N-EtFOSE;;;;;;74322;PRO-327;;;FALS;;;;FALS;FALS;< 0,8;;FALS;FALS;FALS;FALS;FALS;FALS;FALS;FALS;FALS;FALS;FALS;FALS;FALS;FALS;CERT;FALS;FALS;FALS;;;;FALS;FALS;FALS;FALS;FALS;FALS;FALS;FALS;FALS;FALS;FALS;FALS;FALS;FALS;FALS;FALS;FALS;FALS;FALS;FALS;FALS;FALS;FALS;FALS;FALS;;;;;;;;;;;;;;;;;;;;;;;;;;;0;0;0;0;0;0;0;0;0;0;0;0;0;0;0;0;0;0;0;0;0;0;0;0;0;0;0;0;0;0;0;0;0;0;0;0;0;0;0;0;0;0;0;0;0;0;0;0;0;0;0;0;0;0;0;0;0;0;0;0;0;0;0;0;0;;;;;;;;;CERT;0;0;0;0;;;;;;;;;;;;;;;;;;;;;;;;;;;;;;;;;;;;;;;;;;;;;2
N-Ethyl perfluorooctane sulfonamide;4151-50-2;223-980-3;CCEKAJIANROZEO-UHFFFAOYSA-N;CCNS(=O)(=O)C(C(C(C(C(C(C(C(F)(F)F)(F)F)(F)F)(F)F)(F)F)(F)F)(F)F)(F)F;DTXSID1032646;77797;PRO-328;NS00000371;;FALS;;;;FALS;FALS;< 0,6;<LOD;FALS;FALS;FALS;CERT;FALS;CERT;FALS;FALS;FALS;FALS;FALS;FALS;FALS;FALS;CERT;FALS;FALS;FALS;"Pesticides -> insecticide; Raw materials";;;FALS;FALS;FALS;FALS;FALS;FALS;FALS;FALS;FALS;FALS;FALS;FALS;FALS;FALS;FALS;FALS;FALS;FALS;FALS;FALS;FALS;FALS;FALS;FALS;FALS;;527,2;6,8;7,57;;4,92;;3,20E-07;2,519827994;4,8039;134,2897797;5009,540072;93,3;;;;;;0,19129;;0,52;;;;;;0;0;0;0;0;0;0;0;0;0;0;0;0;0;0;0;0;0;0;0;0;0;0;0;0;0;0;0;0;0;0;0;0;0;0;0;0;0;0;0;0;0;0;0;0;0;0;0;0;0;0;0;0;0;0;0;0;0;0;0;0;0;0;0;0;;0,99948156;0,798553329;;;;0,125262163;0,410882757;FALS;0;0;0;0;25,7;low ;0,18;0,8;low ;0;176,3;low ;0;0,67223426;0,52420856;0,196244605;0,095673223;0,67223426;;;P_score_freshwater_pred_RIVM;0,99948156;0,899017445;;;M_score_pred_Dashboard;0,410882757;0,26807246;kemi_score;0,52;0,640835188;1;;;0,49091936;1;0,67223426;0,5;0,651135111;0,75;0,67223426;0,25;0,545147034;0,75;1.00;PM(T);(T);PM(T);4
N-Ethyl perfluorooctane sulfonamidoacetic acid;2991-50-6;221-061-1;CKRXVVGETMYFIO-UHFFFAOYSA-N;CCN(CC(=O)O)S(=O)(=O)C(C(C(C(C(C(C(C(F)(F)F)(F)F)(F)F)(F)F)(F)F)(F)F)(F)F)(F)F;DTXSID5062760;18134;PRO-329;NS00000428;;FALS;;;;CERT;CERT;<0,3;<LOD;CERT;CERT;CERT;FALS;FALS;CERT;FALS;FALS;FALS;FALS;FALS;FALS;FALS;FALS;CERT;FALS;FALS;FALS;;;;FALS;FALS;FALS;FALS;FALS;FALS;FALS;FALS;FALS;FALS;FALS;FALS;FALS;FALS;FALS;FALS;FALS;FALS;FALS;FALS;FALS;FALS;FALS;FALS;FALS;;585,23;;7,35;;7,71;;1,15E-06;4,910090546;3,7141;87,35672301;3158,723205;26,9;;;;;;0,3008;0,23;;;;;;;0;0;0;0;0;0;0;0;0;0;0;0;0;0;0;0;0;0;0;0;0;0;0;0;0;0;0;0;0;0;0;0;0;0;0;0;0;0;0;0;0;0;0;0;0;0;0;0;0;0;0;0;0;0;0;0;0;0;0;0;0;0;0;0;0;;0,998860223;0,655247715;;;;0,2335947;0,117417008;FALS;0;0;0;0;48,3;low ;0,182;1,2;low ;0;203,5;low ;0;0,627550379;0,480215025;0,156573511;0,090416139;0,627550379;;;P_score_freshwater_pred_RIVM;0,998860223;0,827053969;;;M_score_pred_Episuite;0,2335947;0,175505854;;;0,483040841;1;;;0,380989256;1;0,379916553;1;0,428386754;1;0,379916553;0,5;0,380452526;1;1.00;PM;;PM;2
N-isopropyl-N'-phenyl-p-phenylenediamine;101-72-4;202-969-7;OUBMGJOQLXMSNT-UHFFFAOYSA-N;CC(C)NC1=CC=C(C=C1)NC2=CC=CC=C2;DTXSID1025485;7573;PRO-330;NS00008626;REACH-A;FALS;vPvM & PMT;MQ;PMT;FALS;FALS;;;FALS;FALS;FALS;FALS;FALS;FALS;FALS;FALS;FALS;FALS;FALS;FALS;FALS;FALS;FALS;FALS;FALS;CERT;;"Antioxidant; Other (specify); Processing aids, not otherwise listed";Not Known or Reasonably Ascertainable;CERT;CERT;CERT;CERT;FALS;CERT;CERT;FALS;FALS;FALS;FALS;CERT;FALS;FALS;FALS;FALS;FALS;FALS;FALS;FALS;FALS;CERT;CERT;FALS;FALS;P-PNEC pred;226,323;;3,16;;9,11;;0,000268;2,459392488;2,6744;639,0610566;45,07082331;27,5;290;;;;0,4;0,13707;0,39;0,72;0,34;0,45;>1000 to < 10000 tonnes;1000;10000;0;0;0;0;0;0;0;0;0;0;0;0;0;0;0;0;0;0;0;0;0;0;0;0;0;0;0;0;0;0;1;0;0;0;0;0;0;0;0;0;0;0;0;0;0;0;0;0;0;0;0;0;1;1;1;0;0;0;0;0;0;0;0;0;0;0,936635902;0,380103876;0,98277663;;;;0,385217969;0,421059243;CERT;0;0;0;0;82,1;low ;0,7;352,7;moderate ;0,85;89,2;good ;1;0,703299076;0,072600982;0,128493707;0,12451358;0,703299076;;;P_score_freshwater_pred_Dashboard;0,98277663;0,766505469;;;M_score_pred_Dashboard;0,421059243;0,403138606;kemi_score;0,72;0,643278466;1;;;0,555884832;1;0,52372382;1;0,580431094;1;0,52372382;0,5;0,539564758;1;0.00;PM;;PM;
Nitrobenzene;98-95-3;202-716-0;LQNUZADURLCDLV-UHFFFAOYSA-N;O=N(=O)c1ccccc1;DTXSID3020964;7416;PRO-331;NS00001683;REACH-C;FALS;vPvM & PMT;MQ;vPvM & PMT;FALS;FALS;;;FALS;FALS;FALS;FALS;FALS;FALS;FALS;FALS;FALS;FALS;FALS;FALS;FALS;FALS;FALS;FALS;FALS;FALS;;"Intermediate; Intermediates; Laboratory chemicals";;CERT;CERT;CERT;FALS;FALS;FALS;CERT;FALS;FALS;FALS;CERT;FALS;FALS;FALS;FALS;FALS;FALS;FALS;FALS;FALS;FALS;FALS;FALS;FALS;FALS;P-PNEC exp;123,111;1,85;1,85;;3,87;0,0164;0,013;1,940018155;2,1675;190,5662685;23,75000003;4,68;;;;1,7;;0,36;0,47;0,75;0;0;;;;0;0;0;0;0;0;0;0;0;0;0;0;0;0;0;0;0;0;1;0;0;0;0;0;0;0;0;0;0;0;0;0;0;0;0;0;0;0;0;0;0;0;0;0;0;0;0;0;0;0;1;1;1;0;0;0;0;0;0;0;0;0;0;0;0;;0,170185925;0,878211981;;;0,551799519;0,471007023;0,510392565;CERT;0,5;0;0,75;0;4220;moderate ;0,85;1240;good ;1;387,2;moderate ;0,85;0,609139717;0,043379421;0,025949458;0,069918929;0,609139717;;;P_score_freshwater_pred_Dashboard;0,878211981;0,524198953;M_score_exp_UBA;0,551799519;M_score_exp_UBA;0,551799519;0,511066369;kemi_score;0,75;0,69612998;1;0,551799519;0,5;0,517591012;1;0,53506604;1;0,610307719;1;0,540586709;0,75;0,526255996;1;0.00;PM;PM;PM;3
N-MeFOSE;;;;;;;PRO-332;;;FALS;;;;FALS;FALS;< 0,6;;FALS;FALS;FALS;FALS;FALS;FALS;FALS;FALS;FALS;FALS;FALS;FALS;FALS;FALS;CERT;FALS;FALS;FALS;;;;FALS;FALS;FALS;FALS;FALS;FALS;FALS;FALS;FALS;FALS;FALS;FALS;FALS;FALS;FALS;FALS;FALS;FALS;FALS;FALS;FALS;FALS;FALS;FALS;FALS;;;;;;;;;;;;;;;;;;;;;;;;;;;0;0;0;0;0;0;0;0;0;0;0;0;0;0;0;0;0;0;0;0;0;0;0;0;0;0;0;0;0;0;0;0;0;0;0;0;0;0;0;0;0;0;0;0;0;0;0;0;0;0;0;0;0;0;0;0;0;0;0;0;0;0;0;0;0;;;;;;;;;CERT;0;0;0;0;320,6;low ;0,205;;;;2530;low ;0;;;0,075441171;0,032198083;;;;;;;;;;;;;;;;;;;;;;;;;;;;;;;;
N-Methyl perfluorobutane sulfonamide;68298-12-4;614-396-3;GFZPUWKGPNHWHD-UHFFFAOYSA-N;CNS(=O)(=O)C(C(C(C(F)(F)F)(F)F)(F)F)(F)F;DTXSID1071373;109968;PRO-333;NS00011240;;FALS;;;;FALS;FALS;;;FALS;FALS;FALS;FALS;FALS;CERT;FALS;FALS;FALS;FALS;FALS;FALS;FALS;FALS;CERT;FALS;FALS;FALS;;Intermediate;;FALS;FALS;CERT;FALS;FALS;FALS;FALS;FALS;FALS;FALS;FALS;FALS;FALS;FALS;FALS;FALS;FALS;FALS;FALS;FALS;FALS;FALS;FALS;FALS;FALS;;313,14;;3,64;;4,07;;0,000532;1,640481437;;87,35672301;;2,19;;;;;;1,14001;;0,35;0;0;;;;0;0;0;0;0;0;0;0;0;0;0;0;0;0;0;0;0;0;0;0;0;0;0;0;0;0;0;0;0;0;0;0;0;0;0;0;0;0;0;0;0;0;0;0;0;0;0;0;0;0;0;0;0;0;0;0;0;0;0;0;0;0;0;0;0;;;0,655247715;;;;;0,561979406;FALS;0;0;0;0;165;low ;0,199;707,8;low ;0,197;3010;low ;0;0,485776673;0,054685941;0,098191375;0,02992827;0,496127594;;;P_score_freshwater_pred_Dashboard;0,655247715;0,655247715;;;M_score_pred_Dashboard;0,561979406;0,561979406;kemi_score;0,35;0,606824293;1;;;0,606824293;1;0,496127594;0,5;0,567422343;0,75;0,496127594;0,25;0,567422343;0,75;0.00;PM;;PM;1
N-Methyl Perfluorobutane Sulfonylamide Acetate;159381-10-9;;SKGBGOQHXBAKKO-UHFFFAOYSA-N;CN(CC(=O)O)S(=O)(=O)C(C(C(C(F)(F)F)(F)F)(F)F)(F)F;DTXSID101022260;22286935;PRO-334;NS00074974;;FALS;;;;FALS;FALS;;;FALS;FALS;FALS;FALS;FALS;CERT;FALS;FALS;FALS;FALS;FALS;FALS;FALS;FALS;CERT;FALS;FALS;FALS;;;;FALS;FALS;FALS;FALS;FALS;FALS;FALS;FALS;FALS;FALS;FALS;FALS;FALS;FALS;FALS;FALS;FALS;FALS;FALS;FALS;FALS;FALS;FALS;FALS;FALS;;371,17;;3,16;;5,68;;6,03E-05;2,469822016;;87,35672301;;6,31;;;;;;2,966694776;;;;;;;;0;0;0;0;0;0;0;0;0;0;0;0;0;0;0;0;0;0;0;0;0;0;0;0;0;0;0;0;0;0;0;0;0;0;0;0;0;0;0;0;0;0;0;0;0;0;0;0;0;0;0;0;0;0;0;0;0;0;0;0;0;0;0;0;0;;;0,655247715;;;;;0,419298006;FALS;0;0;0;0;;;;986,8;low ;0,217;;;;0,384078428;0,047687263;;;;;;P_score_freshwater_pred_Dashboard;0,655247715;0,655247715;;;M_score_pred_Dashboard;0,419298006;0,419298006;;;0,524160339;1;;;0,524160339;1;;;0,524160339;0,5;;;0,524160339;0,5;0.00;PM;;PM;1
N-Methyl perfluorooctane sulfonamide;31506-32-8;250-665-8;SRMWNTGHXHOWBT-UHFFFAOYSA-N;CNS(=O)(=O)C(C(C(C(C(C(C(C(F)(F)F)(F)F)(F)F)(F)F)(F)F)(F)F)(F)F)(F)F;DTXSID1067629;3034468;PRO-335;NS00010968;;FALS;;;;FALS;FALS;< 0,7;<LOD;FALS;FALS;FALS;FALS;FALS;CERT;FALS;FALS;FALS;FALS;FALS;FALS;FALS;FALS;CERT;FALS;FALS;FALS;;;;FALS;FALS;FALS;FALS;FALS;FALS;FALS;FALS;FALS;FALS;FALS;FALS;FALS;FALS;FALS;FALS;FALS;FALS;FALS;FALS;FALS;FALS;FALS;FALS;FALS;;513,17;;6,84;;4,56;;3,64E-07;2,250420002;4,5329;134,2897797;4715,563301;81,3;;;;;;0,18329;;0,49;;;;;;0;0;0;0;0;0;0;0;0;0;0;0;0;0;0;0;0;0;0;0;0;0;0;0;0;0;0;0;0;0;0;0;0;0;0;0;0;0;0;0;0;0;0;0;0;0;0;0;0;0;0;0;0;0;0;0;0;0;0;0;0;0;0;0;0;;0,999425126;0,798553329;;;;0,147333158;0,456714147;FALS;0;0;0;0;33,2;low ;0,175;1;low ;0;279,4;low ;0;0,676309112;0,5;0,179293992;0,079714943;0,688206458;;;P_score_freshwater_pred_RIVM;0,999425126;0,898989228;;;M_score_pred_Dashboard;0,456714147;0,302023653;kemi_score;0,49;0,675612014;1;;;0,521071982;1;0,688206458;0,5;0,679784342;0,75;0,688206458;0,25;0,571704217;0,75;1.00;PM(T);(T);PM(T);
N-Methyl perfluorooctane sulfonamidoacetic acid;2355-31-9;;QNDHIRFIMVNHBN-UHFFFAOYSA-N;CN(CC(=O)O)S(=O)(=O)C(C(C(C(C(C(C(C(F)(F)F)(F)F)(F)F)(F)F)(F)F)(F)F)(F)F)(F)F;DTXSID10624392;22286931;PRO-336;NS00000427;;FALS;;;;FALS;FALS;< 0,2;< LOD;CERT;CERT;CERT;FALS;FALS;CERT;FALS;FALS;FALS;FALS;FALS;FALS;FALS;FALS;CERT;FALS;FALS;FALS;;;;FALS;FALS;FALS;FALS;FALS;FALS;FALS;FALS;FALS;FALS;FALS;FALS;FALS;FALS;FALS;FALS;FALS;FALS;FALS;FALS;FALS;FALS;FALS;FALS;FALS;;571,2;;6,63;;7,46;;1,72E-06;4,170261715;;87,35672301;;5,37;;;;;;0,41093;;0,06;;;;;;0;0;0;0;0;0;0;0;0;0;0;0;0;0;0;0;0;0;0;0;0;0;0;0;0;0;0;0;0;0;0;0;0;0;0;0;0;0;0;0;0;0;0;0;0;0;0;0;0;0;0;0;0;0;0;0;0;0;0;0;0;0;0;0;0;;;0,655247715;;;;;0,181783465;FALS;0;0;0;0;49,7;low ;0,178;1,3;low ;0;199,1;low ;0;0,595375338;0,471544941;0,154941741;0,091199908;0,608227455;;;P_score_freshwater_pred_Dashboard;0,655247715;0,655247715;;;M_score_pred_Dashboard;0,181783465;0,181783465;kemi_score;0,06;0,345127803;1;;;0,345127803;1;0,608227455;0,5;0,416877674;0,75;0,608227455;0,25;0,416877674;0,75;1.00;PM(T);(T);PM(T);4
Nonadecafluorodecanoic acid;335-76-2;206-400-3;PCIUEQPBYFRTEM-UHFFFAOYSA-N;C(=O)(C(C(C(C(C(C(C(C(C(F)(F)F)(F)F)(F)F)(F)F)(F)F)(F)F)(F)F)(F)F)(F)F)O;DTXSID3031860;9555;PRO-337;NS00000369;;FALS;;;;CERT;CERT;x;<3.5;CERT;CERT;CERT;CERT;CERT;CERT;FALS;FALS;FALS;FALS;FALS;FALS;FALS;FALS;CERT;FALS;FALS;FALS;;;;FALS;FALS;FALS;FALS;FALS;FALS;FALS;FALS;FALS;FALS;FALS;FALS;FALS;FALS;FALS;FALS;FALS;FALS;FALS;FALS;FALS;FALS;FALS;FALS;FALS;;514,086;4,15;7,32;;4,28;0,00525;0,00081;2,599883072;3,5575;134,2897797;3515,804812;29,5;;;;;;0,16553;0,25;0,39;;;;;;0;0;0;0;0;0;0;0;0;0;0;0;0;0;0;0;0;0;0;0;0;0;0;0;0;0;0;0;0;0;0;0;0;0;0;0;0;0;0;0;0;0;0;0;0;0;0;0;0;0;0;0;0;0;0;0;0;0;0;0;0;0;0;0;0;;0,999050734;0,798553329;;;;0,253586124;0,39752047;FALS;0;0;0;0;59,3;low ;0,182;0,6;low ;0;465,5;low ;0;0,685922157;0,555235828;0,145162859;0,064893092;0,695268607;;;P_score_freshwater_pred_RIVM;0,999050734;0,898802032;;;M_score_pred_Dashboard;0,39752047;0,325553297;kemi_score;0,39;0,630192921;1;;;0,540932496;1;0,416913842;1;0,512577947;1;0,416913842;0,5;0,474891825;1;1.00;PM;;PM;
Norethisterone;68-22-4;200-681-6;VIKNJXKGJWUCNN-XGXHKTLJSA-N;C[C@]12CC[C@H]3[C@@H](CCC4=CC(=O)CC[C@H]34)[C@@H]1CC[C@@]2(O)C#C;DTXSID9023380;6230;PRO-338;NS00009098;REACH-B;FALS;PMT;MQ;Potential PMT/vPvM;FALS;FALS;;;FALS;FALS;FALS;FALS;FALS;FALS;FALS;FALS;FALS;FALS;FALS;FALS;FALS;FALS;FALS;FALS;FALS;FALS;;;;FALS;CERT;CERT;FALS;FALS;FALS;CERT;FALS;FALS;FALS;FALS;FALS;FALS;FALS;FALS;FALS;FALS;FALS;FALS;FALS;FALS;FALS;FALS;FALS;FALS;P-PNEC pred;298,426;2,97;3,08;;11;2,60E-05;0,000119;5,720159303;2,352;2,70E+42;90,63381042;79,4;108;;;;2,7;4,51556;0,44;0,44;0,03;0,09;>1 to < 10 tonnes;1;10;0;0;0;0;0;0;0;0;0;0;0;0;0;0;0;0;0;0;0;0;0;0;0;0;0;0;0;0;0;0;0;0;0;0;0;0;0;0;0;0;0;0;0;0;0;0;0;0;0;0;0;1;0;0;0;0;0;0;0;0;0;0;0;0;0;0,73200675;0,669327262;1;;;;0,439303854;0,070527276;FALS;0;0;0;0;33,4;;0,34;363,4;low ;0,553;84,7;low ;0,694;0,341928572;0,071731907;0,178910495;0,12698504;0,366064428;;;P_score_freshwater_pred_Dashboard;1;0,800444671;;;M_score_pred_Episuite;0,439303854;0,254915565;kemi_score;0,44;0,66280001;1;;;0,451714296;1;0,401333214;1;0,515755425;1;0,401333214;0,5;0,425779227;1;1.00;PM;;PM;3
Octyl (R)-2-(4-chloro-2-methylphenoxy)propionate;66423-13-0;266-358-7;QWQMRXFSCXUHMR-OAHLLOKOSA-N;CCCCCCCCOC(=O)C(C)OC1=C(C=C(C=C1)Cl)C;DTXSID00216644;6455325;PRO-339;NS00003605;REACH-A;CERT;vPvM;HQ;vPvM;FALS;FALS;;;FALS;FALS;FALS;FALS;FALS;FALS;FALS;FALS;FALS;FALS;FALS;FALS;FALS;FALS;FALS;CERT;CERT;CERT;antiroot;;;CERT;CERT;CERT;FALS;FALS;FALS;CERT;FALS;FALS;FALS;FALS;CERT;FALS;FALS;FALS;FALS;FALS;CERT;FALS;FALS;FALS;FALS;FALS;FALS;FALS;P-PNEC pred;326,86;;6,26;;9,24;;2,83E-06;3,399673721;4,5993;107,7700726;35,33827319;407;67;;;1,9;;0,03819;0,14;0,3;0,26;0,39;>100 to < 1000 tonnes;100;1000;1;1;0;0;0;0;0;0;0;0;0;0;0;0;0;0;0;0;0;0;0;0;0;0;0;0;0;0;0;0;0;0;0;0;0;0;0;0;0;0;0;0;0;0;0;0;0;0;0;0;0;0;1;0;0;0;0;0;0;0;0;1;0;0;0;0,547020956;0,288028674;0,731291418;;;0,517321745;0,141644559;0,274844647;FALS;0;0;0;0;20,8;low ;0,68;58,3;moderate ;0,85;128,3;low ;0,7;0,80503259;0,146081814;0,211140685;0,108299801;0,813471528;;;P_score_freshwater_pred_Dashboard;0,731291418;0,522113683;M_score_exp_UBA;0,517321745;M_score_exp_UBA;0,517321745;0,311270317;E_score_max;0,39;0,615071502;1;0,517321745;0,5;0,403135823;1;0,337470019;1;0,455596523;1;0,389114166;0,75;0,368844485;1;1.00;PM;PM;PM;4
o-phenylenediamine;95-54-5;202-430-6;GEYOCULIXLDCMW-UHFFFAOYSA-N;Nc1ccccc1N;DTXSID3025881;7243;PRO-340;;REACH-B;FALS;vPvM & PMT;MQ;vPvM & PMT;FALS;FALS;;;FALS;FALS;FALS;FALS;FALS;FALS;FALS;FALS;FALS;FALS;FALS;FALS;FALS;FALS;FALS;FALS;FALS;FALS;;;;CERT;CERT;CERT;FALS;FALS;FALS;CERT;FALS;FALS;FALS;CERT;FALS;FALS;FALS;FALS;FALS;FALS;FALS;FALS;FALS;FALS;FALS;FALS;FALS;FALS;P-PNEC pred;108,144;0,15;0,179;;7,6;0,38;0,425;1,620136055;0,9649;5348061523;28,26421644;7,94;109;;;0;;15,94137;0,67;0,72;0,03;0,09;>1 to < 10 tonnes;1;10;0;0;0;0;0;0;0;0;0;0;0;0;0;0;0;0;0;0;1;0;1;0;0;0;0;0;1;0;0;0;0;0;0;1;0;0;0;1;0;0;0;1;0;0;0;0;0;0;0;0;1;1;0;0;0;0;0;0;0;0;0;0;0;0;0;0,735086324;0,216389647;1;;;0,8;0,672051116;0,56544773;CERT;0,5;0,5;0;0;8000;low ;0,7;112,8;;1;326,1;;1;0,231026224;0,113819267;0,019780305;0,074927523;0,234144383;;;P_score_freshwater_pred_Dashboard;1;0,65049199;M_score_exp_UBA;0,8;M_score_exp_UBA;0,8;0,679166282;kemi_score;0,72;0,894427191;1;0,8;0,5;0,664674527;1;0,396076681;1;0,595198919;1;0,500667627;0,75;0,513090713;1;0.00;vPvM;vPvM;PM;3
Oxybenzone;131-57-7;205-031-5;DXGLGDHPHMLXJC-UHFFFAOYSA-N;COc1ccc(C(=O)c2ccccc2)c(O)c1;DTXSID3022405;4632;PRO-341;NS00000222;REACH-A;CERT;PMT;HQ;Not PMT/vPvM;FALS;FALS;;;FALS;FALS;FALS;FALS;FALS;FALS;FALS;FALS;FALS;FALS;FALS;CERT;CERT;FALS;CERT;CERT;CERT;CERT;"Cleaning products and household care -> air freshener; Construction and building materials; Personal care; Personal care -> body care set; Personal care -> body hygiene; Personal care -> body hygiene -> bar soap; Personal care -> body hygiene -> body wash; Personal care -> body hygiene -> hand sanitizer; Personal care -> body hygiene -> hand soap; Personal care -> child specific; Personal care -> child specific -> baby lotion; Personal care -> eye care and contacts -> eye cream; Personal care -> facial cleansing and moisturizing; Personal care -> facial cleansing and moisturizing -> face cream/moisturizer; Personal care -> facial cleansing and moisturizing -> face mask; Personal care -> fragrance; Personal care -> general moisturizing -> hand/body lotion; Personal care -> hair styling and care; Personal care -> hair styling and care -> hair conditioner; Personal care -> hair styling and care -> hair conditioner - leave-in; Personal care -> hair styling and care -> hair spray; Personal care -> hair styling and care -> hair styling; Personal care -> hair styling and care -> shampoo; Personal care -> make-up and related; Personal care -> make-up and related -> blush/bronzer; Personal care -> make-up and related -> eye liner; Personal care -> make-up and related -> foundation/concealer; Personal care -> make-up and related -> lip balm; Personal care -> make-up and related -> lip color; Personal care -> make-up and related -> lip gloss; Personal care -> make-up and related -> makeup primer; Personal care -> make-up and related -> mascara; Personal care -> nails -> nail polish; Personal care -> nails -> nail polish remover; Personal care -> self-tanner; Personal care -> shaving and hair removal -> aftershave; Personal care -> shaving and hair removal -> depilatory; Personal care -> sunscreen; Raw materials; UV stabilizer; Vehicle -> car interior -> auto air freshener; fragrance; fragrance component; sunscreen agent; ultraviolet light absorber; uv absorber; uv absorber / uv filter; uv filter";"Adsorbents and absorbents; Photosensitive chemicals; UV stabilizer";"Adsorbents and absorbents; Fragrance; Other (specify); Photosensitive chemicals";CERT;CERT;CERT;CERT;CERT;CERT;CERT;FALS;FALS;CERT;CERT;CERT;CERT;FALS;CERT;CERT;FALS;CERT;FALS;FALS;FALS;FALS;CERT;FALS;FALS;P-PNEC pred;228,247;3,79;3,71;;9,72;;0,000336;2,630427875;3,4398;34,81331749;28,13768156;93,3;;;;3,2;;1,5411;0,27;0,84;0,26;0,39;>100 to < 1000 tonnes;100;1000;0;1;0;0;0;0;0;1;1;1;0;0;0;0;0;0;0;0;0;0;0;0;0;0;0;0;0;0;1;0;1;0;0;0;0;0;0;1;0;0;0;0;0;0;0;0;0;1;0;0;0;0;1;0;1;0;0;0;0;1;0;1;0;0;0;;0,21509184;0,282810472;;;0,303269545;0,269336143;0,392460976;FALS;0;0;0;0;95;moderate ;0,85;1010;moderate ;0,85;226,4;;1;0,453179867;0,047231029;0,121561712;0,086678948;0,466806707;;;P_score_freshwater_pred_Dashboard;0,282810472;0,248951156;M_score_exp_UBA;0,303269545;M_score_pred_Dashboard;0,392460976;0,321688888;kemi_score;0,84;0,33315473;1;0,303269545;0,5;0,282992616;1;0,355018043;1;0,343912693;1;0,33685517;0,75;0,316966062;1;1.00;PM;;;3
pentasodium 4-amino-3-[(2,4-disulfonatophenyl)diazenyl]-5-hydroxy-6-[(4-nitro-2-sulfonatophenyl)diazenyl]naphthalene-1,7-disulfonate;1422649-48-6;811-858-8;JKDCQKIJABFULD-UHFFFAOYSA-I;Nc1c2c(O)c(N=Nc3c(cc(cc3)N(=O)=O)S(=O)(=O)O)c(cc2c(cc1N=Nc1c(cc(cc1)S(=O)(=O)O)S(=O)(=O)O)S(=O)(=O)O)S(=O)(=O)O;DTXSID301019609;137271308;PRO-342;;REACH-B;FALS;vPvM;HQ;vPvM;FALS;FALS;;;FALS;FALS;FALS;FALS;FALS;FALS;FALS;FALS;FALS;FALS;FALS;FALS;FALS;FALS;FALS;FALS;FALS;FALS;;;;FALS;FALS;FALS;FALS;FALS;FALS;FALS;FALS;FALS;FALS;FALS;FALS;FALS;FALS;FALS;FALS;FALS;FALS;FALS;FALS;FALS;FALS;FALS;FALS;FALS;;922,6;;1,47;;9,57;;33,2;3,359835482;;540364,9372;;3,98;10354;;;1,3;;;;;;;>1 to < 10 tonnes;1;10;0;0;0;0;0;0;0;0;0;0;0;0;0;0;0;0;0;0;0;0;0;0;0;0;0;0;0;0;0;0;0;0;0;0;0;0;0;0;0;0;0;0;0;0;0;0;0;0;0;0;0;0;0;0;0;0;0;0;0;0;0;0;0;0;0;0,99985009;;0,999999826;;;0,618975739;;0,280382288;FALS;0;0;0;0;545,7;low ;0;256,8;low ;0;1710;low ;0;;0,082443948;0,060827684;0,037942728;0;;;P_score_freshwater_pred_Dashboard;0,999999826;0,999924958;M_score_exp_UBA;0,618975739;M_score_exp_UBA;0,618975739;0,449679013;;;0,786750044;1;0,618975739;0,5;0,67055594;1;0;0,5;0;0,75;0;0,5;0;0,75;2.00;vPvM;PM;PM;4
Perfluoro-1-butanesulfonamide;30334-69-1;816-392-9;FUVKFLJWBHVMHX-UHFFFAOYSA-N;C(C(C(F)(F)S(=O)(=O)N)(F)F)(C(F)(F)F)(F)F;DTXSID30880251;10958205;PRO-343;;;FALS;;;;FALS;FALS;;;FALS;FALS;FALS;FALS;FALS;CERT;FALS;FALS;FALS;FALS;FALS;FALS;FALS;FALS;CERT;FALS;FALS;FALS;;;;FALS;FALS;FALS;FALS;FALS;FALS;FALS;FALS;FALS;FALS;FALS;FALS;FALS;FALS;FALS;FALS;FALS;FALS;FALS;FALS;FALS;FALS;FALS;FALS;FALS;;299,11;;3,37;;3,67;;0,00295;1,51054501;;87,35672301;;1,91;;;;;;1,17274;;0,09;;;;;;0;0;0;0;0;0;0;0;0;0;0;0;0;0;0;0;0;0;0;0;0;0;0;0;0;0;0;0;0;0;0;0;0;0;0;0;0;0;0;0;0;0;0;0;0;0;0;0;0;0;0;0;0;0;0;0;0;0;0;0;0;0;0;0;0;;;0,655247715;;;;;0,584011813;FALS;0;0;0;0;187,7;low ;0,202;897;low ;0,196;10710;low ;0;0,482706466;0,049604699;0,093344613;0,017467533;0,482706466;;;P_score_freshwater_pred_Dashboard;0,655247715;0,655247715;;;M_score_pred_Dashboard;0,584011813;0,584011813;kemi_score;0,09;0,61860521;1;;;0,61860521;1;0,482706466;0,5;0,569512711;0,75;0,482706466;0,25;0,569512711;0,75;0.00;PM;;PM;1
Perfluoro-3,7-dimethyloctanoic acid;172155-07-6;671-192-7;KZUSAXRVIONPJU-UHFFFAOYSA-N;C(=O)(C(C(C(C(C(C(C(F)(F)F)(C(F)(F)F)F)(F)F)(F)F)(F)F)(C(F)(F)F)F)(F)F)O;DTXSID40379808;2776093;PRO-344;NS00018817;;FALS;;;;FALS;FALS;;;FALS;FALS;FALS;FALS;FALS;CERT;FALS;FALS;FALS;FALS;FALS;FALS;FALS;FALS;CERT;FALS;FALS;FALS;;;;FALS;FALS;FALS;FALS;FALS;FALS;FALS;FALS;FALS;FALS;FALS;FALS;FALS;FALS;FALS;FALS;FALS;FALS;FALS;FALS;FALS;FALS;FALS;FALS;FALS;;514,086;;7,3;;4,24;;0,000636;2,840106094;;87,35672301;;31,6;;;;;;0,14831;;0,02;;;;;;0;0;0;0;0;0;0;0;0;0;0;0;0;0;0;0;0;0;0;0;0;0;0;0;0;0;0;0;0;0;0;0;0;0;0;0;0;0;0;0;0;0;0;0;0;0;0;0;0;0;0;0;0;0;0;0;0;0;0;0;0;0;0;0;0;;;0,655247715;;;;;0,358399587;FALS;0;0;0;0;50,2;low ;0,184;0,9;low ;0;487,3;low ;0;0,696107391;0,511437377;0,154373378;0,063697314;0,696107391;;;P_score_freshwater_pred_Dashboard;0,655247715;0,655247715;;;M_score_pred_Dashboard;0,358399587;0,358399587;kemi_score;0,02;0,484603457;1;;;0,484603457;1;0,696107391;0,5;0,546784784;0,75;0,696107391;0,25;0,546784784;0,75;1.00;PM(T);(T);PM(T);1
Perfluoro-4-ethyl-hexanesulphonic acid;646-83-3;;ICKAEAFPESRWOT-UHFFFAOYSA-N;C1(C(C(C(C(C1(F)F)(F)F)(F)S(=O)(=O)O)(F)F)(F)F)(C(C(F)(F)F)(F)F)F;DTXSID70275965;101650;PRO-345;NS00112295;;FALS;;;;FALS;FALS;;;FALS;FALS;FALS;FALS;FALS;CERT;FALS;FALS;FALS;FALS;FALS;FALS;FALS;FALS;CERT;FALS;FALS;FALS;;;;FALS;FALS;FALS;FALS;FALS;FALS;FALS;FALS;FALS;FALS;FALS;FALS;FALS;FALS;FALS;FALS;FALS;FALS;FALS;FALS;FALS;FALS;FALS;FALS;FALS;;462,13;;4,84;;4,92;;0,217;3,980003372;;190,5662685;;4,37;;;;;;0,072270139;;;;;;;;0;0;0;0;0;0;0;0;0;0;0;0;0;0;0;0;0;0;0;0;0;0;0;0;0;0;0;0;0;0;0;0;0;0;0;0;0;0;0;0;0;0;0;0;0;0;0;0;0;0;0;0;0;0;0;0;0;0;0;0;0;0;0;0;0;;;0,878211981;;;;;0,202226921;FALS;0;0;0;0;130,7;low ;0,147;1,3;low ;0;470,8;low ;0;0,757870737;0,471544941;0,107524955;0,06459537;0,757870737;;;P_score_freshwater_pred_Dashboard;0,878211981;0,878211981;;;M_score_pred_Dashboard;0,202226921;0,202226921;;;0,421423902;1;;;0,421423902;1;0,757870737;0,5;0,512481063;0,75;0,757870737;0,25;0,512481063;0,75;0.00;PM(T);(T);PM(T);
perfluoro-4-methoxybutanoic acid;863090-89-5;640-688-5;CZTBTZZANBJSLY-UHFFFAOYSA-N;C(=O)(C(C(C(OC(F)(F)F)(F)F)(F)F)(F)F)O;DTXSID60500450;12498036;PRO-346;NS00019287;;FALS;;;;FALS;FALS;;;FALS;FALS;FALS;FALS;FALS;FALS;FALS;FALS;FALS;FALS;FALS;FALS;FALS;FALS;FALS;FALS;FALS;FALS;;;;FALS;FALS;FALS;FALS;FALS;FALS;FALS;FALS;FALS;FALS;FALS;FALS;FALS;FALS;FALS;FALS;FALS;FALS;FALS;FALS;FALS;FALS;FALS;FALS;FALS;;280,046;;4,18;;3,66;;0,00453;1,359835482;;87,35672301;;5,5;;;;;;3,66384;;0,02;;;;;;0;0;0;0;0;0;0;0;0;0;0;0;0;0;0;0;0;0;0;0;0;0;0;0;0;0;0;0;0;0;0;0;0;0;0;0;0;0;0;0;0;0;0;0;0;0;0;0;0;0;0;0;0;0;0;0;0;0;0;0;0;0;0;0;0;;;0,655247715;;;;;0,609147034;FALS;0;0;0;0;173,3;low ;0,205;3490;low ;0,208;7350;low ;0;0,36263712;0,028117974;0,096320067;0,020506628;0,36263712;;;P_score_freshwater_pred_Dashboard;0,655247715;0,655247715;;;M_score_pred_Dashboard;0,609147034;0,609147034;kemi_score;0,02;0,63177702;1;;;0,63177702;1;0,36263712;0,5;0,525049161;0,75;0,36263712;0,25;0,525049161;0,75;0.00;PM;;PM;4
perfluorobutanoic acid ;375-22-4;206-786-3;YPJUNDFVDDCYIH-UHFFFAOYSA-N;C(=O)(C(C(C(F)(F)F)(F)F)(F)F)O;DTXSID4059916;9777;PRO-347;NS00000364;;FALS;;;;CERT;CERT;x;<3.5;CERT;CERT;CERT;CERT;CERT;CERT;FALS;FALS;FALS;FALS;FALS;FALS;FALS;FALS;CERT;FALS;FALS;FALS;;;;FALS;FALS;FALS;FALS;FALS;FALS;FALS;FALS;FALS;FALS;FALS;FALS;FALS;FALS;FALS;FALS;FALS;FALS;FALS;FALS;FALS;FALS;FALS;FALS;FALS;;214,039;1,43;2,6;;3,46;0,00209;0,0138;1,949877704;1,3394;87,35672301;80,52816741;5,5;;;;;;27,75326;0,61;0,39;;;;;;0;0;0;0;0;0;0;0;0;0;0;0;0;0;0;0;0;0;0;0;0;0;0;0;0;0;0;0;0;0;0;0;0;0;0;0;0;0;0;0;0;0;0;0;0;0;0;0;0;0;0;0;0;0;0;0;0;0;0;0;0;0;0;0;0;;0,623174652;0,655247715;;;;0,612514225;0,508684659;FALS;0;0;0;0;3940;low ;0,208;14620;low ;0,22;13390;low ;0;0,191032681;0,015293023;0,026713844;0,015878544;0,191032681;;;P_score_freshwater_pred_Dashboard;0,655247715;0,639211184;;;M_score_pred_Episuite;0,612514225;0,560599442;kemi_score;0,39;0,633520755;1;;;0,598616265;1;0,341364812;1;0,465039454;1;0,341364812;0,5;0,452047043;1;0.00;PM;;PM;4
perfluorodecane sulfonic acid;335-77-3;206-401-9;HYWZIAVPBSTISZ-UHFFFAOYSA-N;C(C(C(C(C(C(F)(F)S(=O)(=O)O)(F)F)(F)F)(F)F)(F)F)(C(C(C(C(F)(F)F)(F)F)(F)F)(F)F)(F)F;DTXSID3040148;67636;PRO-348;NS00011418;;FALS;;;;CERT;CERT;x;<1.5;CERT;CERT;CERT;CERT;CERT;CERT;FALS;FALS;FALS;FALS;FALS;FALS;FALS;FALS;CERT;FALS;FALS;FALS;;;;FALS;FALS;FALS;FALS;FALS;FALS;FALS;FALS;FALS;FALS;FALS;FALS;FALS;FALS;FALS;FALS;FALS;FALS;FALS;FALS;FALS;FALS;FALS;FALS;FALS;;600,14;;7,06;;5,76;;0,000188;4,281033367;4,1498;134,2897797;10779,327;37,2;;;;;;0,16234;0,18;;;;;;;0;0;0;0;0;0;0;0;0;0;0;0;0;0;0;0;0;0;0;0;0;0;0;0;0;0;0;0;0;0;0;0;0;0;0;0;0;0;0;0;0;0;0;0;0;0;0;0;0;0;0;0;0;0;0;0;0;0;0;0;0;0;0;0;0;;0,999860058;0,798553329;;;;0,183902545;0,170640905;FALS;0;0;0;0;41,3;low ;0,169;0,7;low ;0;292,1;low ;0;0,687739951;0,538648242;0,165764165;0,07831015;0,687739951;;;P_score_freshwater_pred_RIVM;0,999860058;0,899206694;;;M_score_pred_Episuite;0,183902545;0,177271725;;;0,428808593;1;;;0,399254207;1;0,351842566;1;0,388423886;1;0,351842566;0,5;0,374799446;1;1.00;PM;;PM;
perfluorodecylphosphonic acid;52299-26-0;;CTGNCBOZEMOASL-UHFFFAOYSA-N;C(C(C(C(C(C(F)(F)P(=O)(O)O)(F)F)(F)F)(F)F)(F)F)(C(C(C(C(F)(F)F)(F)F)(F)F)(F)F)(F)F;DTXSID40879833;85828788;PRO-349;NS00011281;;FALS;;;;FALS;FALS;;;FALS;FALS;FALS;FALS;FALS;CERT;FALS;FALS;FALS;FALS;FALS;FALS;FALS;FALS;CERT;FALS;FALS;FALS;;;;FALS;FALS;FALS;FALS;FALS;FALS;FALS;FALS;FALS;FALS;FALS;FALS;FALS;FALS;FALS;FALS;FALS;FALS;FALS;FALS;FALS;FALS;FALS;FALS;FALS;;600,063;;6,26;;7,84;;0,000575;4,260071388;;134,2897797;;3,72;;;;;;0,29094;;0,06;;;;;;0;0;0;0;0;0;0;0;0;0;0;0;0;0;0;0;0;0;0;0;0;0;0;0;0;0;0;0;0;0;0;0;0;0;0;0;0;0;0;0;0;0;0;0;0;0;0;0;0;0;0;0;0;0;0;0;0;0;0;0;0;0;0;0;0;;;0,798553329;;;;;0,172707042;FALS;0;0;0;0;48,3;low ;0,171;1;low ;0;353,9;low ;0;0,630927199;0,5;0,156573511;0,072501726;0,630927199;;;P_score_freshwater_pred_Dashboard;0,798553329;0,798553329;;;M_score_pred_Dashboard;0,172707042;0,172707042;kemi_score;0,06;0,371370144;1;;;0,371370144;1;0,630927199;0,5;0,44312992;0,75;0,630927199;0,25;0,44312992;0,75;1.00;PM(T);(T);PM(T);4
perfluorododecane sulfonic acid;79780-39-5;279-259-9;CFCRODHVHXGTPC-UHFFFAOYSA-N;C(C(C(C(C(C(C(F)(F)S(=O)(=O)O)(F)F)(F)F)(F)F)(F)F)(F)F)(C(C(C(C(C(F)(F)F)(F)F)(F)F)(F)F)(F)F)(F)F;DTXSID20873011;3018866;PRO-350;;;FALS;;;;CERT;CERT;;<2.7;CERT;CERT;CERT;FALS;CERT;CERT;FALS;FALS;FALS;FALS;FALS;FALS;FALS;FALS;CERT;FALS;FALS;FALS;;;;FALS;FALS;FALS;FALS;FALS;FALS;FALS;FALS;FALS;FALS;FALS;FALS;FALS;FALS;FALS;FALS;FALS;FALS;FALS;FALS;FALS;FALS;FALS;FALS;FALS;;700,16;;8;;6,3;;2,29E-05;5,359835482;4,891;58,55696259;37958,77612;81,3;;;;;;0,11673;;0,13;;;;;;0;0;0;0;0;0;0;0;0;0;0;0;0;0;0;0;0;0;0;0;0;0;0;0;0;0;0;0;0;0;0;0;0;0;0;0;0;0;0;0;0;0;0;0;0;0;0;0;0;0;0;0;0;0;0;0;0;0;0;0;0;0;0;0;0;;0,99998373;0,489597175;;;;0,118795259;0,088760786;FALS;0;0;0;0;33,7;low ;0;0,3;low ;0;284,9;low ;0;0,717646548;0,627820666;0,178340724;0,079096076;0,717646548;;;P_score_freshwater_pred_RIVM;0,99998373;0,744790453;;;M_score_pred_Episuite;0,118795259;0,103778022;kemi_score;0,13;0,344664077;1;;;0,278015971;1;0,717646548;0,5;0,440116395;0,75;0,717646548;0,25;0,381373077;0,75;1.00;PM(T);(T);(T);3
perfluorododecanoic acid ;307-55-1;206-203-2;CXGONMQFMIYUJR-UHFFFAOYSA-N;C(=O)(C(C(C(C(C(C(C(C(C(C(C(F)(F)F)(F)F)(F)F)(F)F)(F)F)(F)F)(F)F)(F)F)(F)F)(F)F)(F)F)O;DTXSID8031861;67545;PRO-351;NS00009617;;FALS;;;;CERT;CERT;< 0,6;<4.2;CERT;CERT;CERT;FALS;CERT;CERT;FALS;FALS;FALS;FALS;FALS;FALS;FALS;FALS;CERT;FALS;FALS;FALS;;;;FALS;FALS;FALS;FALS;FALS;FALS;FALS;FALS;FALS;FALS;FALS;FALS;FALS;FALS;FALS;FALS;FALS;FALS;FALS;FALS;FALS;FALS;FALS;FALS;FALS;;614,101;;8,76;;4,75;;5,40E-05;4,92992956;4,2987;244,6919323;12380,70315;83,2;;;;;;0,1149;0,17;0,43;;;;;;0;0;0;0;0;0;0;0;0;0;0;0;0;0;0;0;0;0;0;0;0;0;0;0;0;0;0;0;0;0;0;0;0;0;0;0;0;0;0;0;0;0;0;0;0;0;0;0;0;0;0;0;0;0;0;0;0;0;0;0;0;0;0;0;0;;0,99988956;0,917054554;;;;0,168914863;0,115999432;FALS;0;0;0;0;14,1;low ;0,178;0,3;low ;0;257,3;low ;0;0,719035009;0,627820666;0,240631744;0,082380067;0,719035009;;;P_score_freshwater_pred_RIVM;0,99988956;0,958472057;;;M_score_pred_Episuite;0,168914863;0,142457147;kemi_score;0,43;0,410969838;1;;;0,36951481;1;0,349622584;1;0,379057168;1;0,349622584;0,5;0,35943111;1;1.00;PM;;PM;
perfluoroheptane sulfonic acid;375-92-8;206-800-8;OYGQVDSRYXATEL-UHFFFAOYSA-N;C(C(C(C(F)(F)F)(F)F)(F)F)(C(C(C(F)(F)S(=O)(=O)O)(F)F)(F)F)(F)F;DTXSID8059920;67820;PRO-352;NS00011291;;FALS;;;;CERT;CERT;< 0,3;<1.0;CERT;CERT;CERT;FALS;CERT;CERT;FALS;FALS;FALS;FALS;FALS;FALS;FALS;FALS;CERT;FALS;FALS;FALS;;;;FALS;FALS;FALS;FALS;FALS;FALS;FALS;FALS;FALS;FALS;FALS;FALS;FALS;FALS;FALS;FALS;FALS;FALS;FALS;FALS;FALS;FALS;FALS;FALS;FALS;;450,12;;4,84;;4,71;;0,00701;3,089905111;3,0381;87,35672301;1631,372648;5,89;;;;;;0,48059;0,33;0,2;;;;;;0;0;0;0;0;0;0;0;0;0;0;0;0;0;0;0;0;0;0;0;0;0;0;0;0;0;0;0;0;0;0;0;0;0;0;0;0;0;0;0;0;0;0;0;0;0;0;0;0;0;0;0;0;0;0;0;0;0;0;0;0;0;0;0;0;;0,996481618;0,655247715;;;;0,327490743;0,319631748;FALS;0;0;0;0;48,2;low ;0,177;1,4;low ;0;742,6;low ;0;0,578891676;0,463532859;0,156692412;0,053618331;0,578891676;;;P_score_freshwater_pred_RIVM;0,996481618;0,825864667;;;M_score_pred_Episuite;0,327490743;0,323561245;kemi_score;0,2;0,571260453;1;;;0,516931137;1;0,437074654;1;0,499683365;1;0,437074654;0,5;0,475328831;1;0.00;PM;;PM;4
perfluoroheptanoic acid ;375-85-9;206-798-9;ZWBAMYVPMDSJGQ-UHFFFAOYSA-N;C(=O)(C(C(C(C(C(C(F)(F)F)(F)F)(F)F)(F)F)(F)F)(F)F)O;DTXSID1037303;67818;PRO-353;NS00000367;;FALS;;;;CERT;CERT;x;x;CERT;CERT;CERT;FALS;CERT;CERT;FALS;FALS;FALS;FALS;FALS;FALS;FALS;FALS;CERT;FALS;FALS;FALS;used as a stain or water repellent.;;;FALS;FALS;FALS;FALS;FALS;FALS;FALS;FALS;FALS;FALS;FALS;FALS;FALS;FALS;FALS;FALS;FALS;FALS;FALS;FALS;FALS;FALS;FALS;FALS;FALS;;364,062;2,05;4,78;;4,09;0,324;0,0797;3,320146286;2,4512;87,35672301;532,0914568;5,01;;;;;;0,50495;0,42;0,39;;;;;;0;0;0;0;0;0;0;0;0;0;0;0;0;0;0;0;0;0;0;0;0;0;0;0;0;0;0;0;0;0;0;0;0;0;0;0;0;0;0;0;0;0;0;0;0;0;0;0;0;0;0;0;0;0;0;0;0;0;0;0;0;0;0;0;0;;0,976591255;0,655247715;;;;0,422444123;0,285966405;CERT;0;0;0,75;0;431,2;low ;0,19;6,9;low ;0;950,2;low ;0;0,573648233;0,301777234;0,066939629;0,048438239;0,573648233;;;P_score_freshwater_pred_RIVM;0,976591255;0,815919485;;;M_score_pred_Episuite;0,422444123;0,354205264;kemi_score;0,39;0,642304629;1;;;0,537589971;1;0,490848508;1;0,561492893;1;0,490848508;0,5;0,513687877;1;0.00;PM;;PM;4
Perfluorohexane sulfonamidopropyl amine;50598-28-2;256-639-2;INDOGKYZYLAGEM-UHFFFAOYSA-N;CN(C)CCCNS(=O)(=O)C(C(C(C(C(C(F)(F)F)(F)F)(F)F)(F)F)(F)F)(F)F;DTXSID7068556;111913;PRO-354;NS00011249;;FALS;;;;FALS;FALS;;;FALS;FALS;FALS;FALS;FALS;CERT;FALS;FALS;FALS;FALS;FALS;FALS;FALS;FALS;CERT;FALS;FALS;FALS;;;;FALS;FALS;FALS;FALS;FALS;FALS;FALS;FALS;FALS;FALS;FALS;FALS;FALS;FALS;FALS;FALS;FALS;FALS;FALS;FALS;FALS;FALS;FALS;FALS;FALS;;484,28;;5,53;;6,99;;2,08E-06;2,969881644;3,8314;87,35672301;2991,394719;19,5;;;;;;0,05737;;0,2;;;;;;0;0;0;0;0;0;0;0;0;0;0;0;0;0;0;0;0;0;0;0;0;0;0;0;0;0;0;0;0;0;0;0;0;0;0;0;0;0;0;0;0;0;0;0;0;0;0;0;0;0;0;0;0;0;0;0;0;0;0;0;0;0;0;0;0;;0,998749221;0,655247715;;;;0,219354886;0,337988574;FALS;0;0;0;0;34,1;low ;0,184;16,7;low ;0;298,1;low ;0;0,775792852;0,227458755;0,177591045;0,077675159;0,775792852;;;P_score_freshwater_pred_RIVM;0,998749221;0,826998468;;;M_score_pred_Dashboard;0,337988574;0,27867173;kemi_score;0,2;0,581004152;1;;;0,480063635;1;0,775792852;0,5;0,639786024;0,75;0,775792852;0,25;0,563353674;0,75;1.00;PM(T);(T);PM(T);3
perfluorohexane sulfonic acid;355-46-4;206-587-1;QZHDEAJFRJCDMF-UHFFFAOYSA-N;C(C(C(C(F)(F)S(=O)(=O)O)(F)F)(F)F)(C(C(F)(F)F)(F)F)(F)F;DTXSID7040150;67734;PRO-355;;;FALS;;;;CERT;CERT;x;x;CERT;CERT;CERT;CERT;CERT;CERT;FALS;FALS;FALS;FALS;FALS;FALS;FALS;FALS;CERT;FALS;FALS;FALS;;;;FALS;FALS;FALS;FALS;FALS;FALS;FALS;FALS;FALS;FALS;FALS;FALS;FALS;FALS;FALS;FALS;FALS;FALS;FALS;FALS;FALS;FALS;FALS;FALS;FALS;;400,11;2,2;3,69;;4,27;0,000608;0,0352;3,359835482;2,673;87,35672301;869,4312801;5,89;;;;;;0,8712;0,39;;;;;;;0;0;0;0;0;0;0;0;0;0;0;0;0;0;0;0;0;0;0;0;0;0;0;0;0;0;0;0;0;0;0;0;0;0;0;0;0;0;0;0;0;0;0;0;0;0;0;0;0;0;0;0;0;0;0;0;0;0;0;0;0;0;0;0;0;;0,989751976;0,655247715;;;;0,385447811;0,280382288;FALS;0;0;0;0;267,2;low ;0,18;376,8;low ;0,187;1110;low ;0;0,514966061;0,070691797;0,081149041;0,045419824;0,514966061;;;P_score_freshwater_pred_RIVM;0,989751976;0,822499846;;;M_score_pred_Episuite;0,385447811;0,332915049;;;0,617655027;1;;;0,523280591;1;0,44814815;1;0,526118767;1;0,44814815;0,5;0,484259464;1;0.00;PM;;PM;4
perfluorohexanesulfonamide;41997-13-1;816-398-1;WDZLGCSJJWEQJO-UHFFFAOYSA-N;C(C(C(C(F)(F)S(=O)(=O)N)(F)F)(F)F)(C(C(F)(F)F)(F)F)(F)F;DTXSID50469320;11603678;PRO-356;NS00010964;;FALS;;;;FALS;FALS;;;FALS;FALS;FALS;FALS;FALS;CERT;FALS;FALS;FALS;FALS;FALS;FALS;FALS;FALS;CERT;FALS;FALS;FALS;;;;FALS;FALS;FALS;FALS;FALS;FALS;FALS;FALS;FALS;FALS;FALS;FALS;FALS;FALS;FALS;FALS;FALS;FALS;FALS;FALS;FALS;FALS;FALS;FALS;FALS;;399,13;;4,26;;4,09;;9,36E-05;3,021189299;;87,35672301;;2,57;;;;;;0,15476;;0,06;;;;;;0;0;0;0;0;0;0;0;0;0;0;0;0;0;0;0;0;0;0;0;0;0;0;0;0;0;0;0;0;0;0;0;0;0;0;0;0;0;0;0;0;0;0;0;0;0;0;0;0;0;0;0;0;0;0;0;0;0;0;0;0;0;0;0;0;;;0,655247715;;;;;0,330077517;FALS;0;0;0;0;232,6;low ;0,184;408,2;low ;0,189;1030;low ;0;0,692182224;0,068441922;0,085754568;0,046849288;0,692182224;;;P_score_freshwater_pred_Dashboard;0,655247715;0,655247715;;;M_score_pred_Dashboard;0,330077517;0,330077517;kemi_score;0,06;0,465061865;1;;;0,465061865;1;0,692182224;0,5;0,53098302;0,75;0,692182224;0,25;0,53098302;0,75;0.00;PM(T);(T);PM(T);3
perfluorohexanoic acid ;307-24-4;206-196-6;PXUULQAPEKKVAH-UHFFFAOYSA-N;C(=O)(C(C(C(C(C(F)(F)F)(F)F)(F)F)(F)F)(F)F)O;DTXSID3031862;67542;PRO-357;NS00000366;;FALS;;;;CERT;CERT;x;x;CERT;CERT;CERT;CERT;CERT;CERT;FALS;FALS;FALS;FALS;FALS;FALS;FALS;FALS;CERT;FALS;FALS;FALS;"Furniture and furnishings; stain resistant finish";;;FALS;FALS;FALS;FALS;FALS;FALS;FALS;FALS;FALS;FALS;FALS;FALS;FALS;FALS;FALS;FALS;FALS;FALS;FALS;FALS;FALS;FALS;FALS;FALS;FALS;;314,054;2,85;4,27;;3,83;9,34E-05;0,0017;3,029383778;2,0806;87,35672301;283,5752806;5,5;;;;;;140;0,49;0,39;;;;;;0;0;0;0;0;0;0;0;0;0;0;0;0;0;0;0;0;0;0;0;0;0;0;0;0;0;0;0;0;0;0;0;0;0;0;0;0;0;0;0;0;0;0;0;0;0;0;0;0;0;0;0;0;0;0;0;0;0;0;0;0;0;0;0;0;;0,93432454;0,655247715;;;;0,486036716;0,328822738;FALS;0;0;0;0;354,1;low ;0,195;1630;low ;0,209;1440;low ;0;0,104693598;0,038709649;0,072485228;0,040763034;0,104693598;;;P_score_freshwater_pred_RIVM;0,93432454;0,794786128;;;M_score_pred_Episuite;0,486036716;0,407429727;kemi_score;0,39;0,673881318;1;;;0,569051399;1;0,226494731;1;0,390679623;1;0,226494731;0,5;0,359008556;1;0.00;PM;;PM;4
perfluorohexylphosphonic acid;40143-76-8;;AGCUFKNHQDVTAD-UHFFFAOYSA-N;C(C(C(C(F)(F)P(=O)(O)O)(F)F)(F)F)(C(C(F)(F)F)(F)F)(F)F;DTXSID90880439;15930820;PRO-358;NS00011279;;FALS;;;;FALS;FALS;;;FALS;FALS;FALS;FALS;FALS;CERT;FALS;FALS;FALS;FALS;FALS;FALS;FALS;FALS;CERT;FALS;FALS;FALS;;;;FALS;FALS;FALS;FALS;FALS;FALS;FALS;FALS;FALS;FALS;FALS;FALS;FALS;FALS;FALS;FALS;FALS;FALS;FALS;FALS;FALS;FALS;FALS;FALS;FALS;;400,032;;3,52;;7,58;;0,00178;3,178976947;;87,35672301;;3,55;;;;;;1,81398;;0,02;;;;;;0;0;0;0;0;0;0;0;0;0;0;0;0;0;0;0;0;0;0;0;0;0;0;0;0;0;0;0;0;0;0;0;0;0;0;0;0;0;0;0;0;0;0;0;0;0;0;0;0;0;0;0;0;0;0;0;0;0;0;0;0;0;0;0;0;;;0,655247715;;;;;0,306357379;FALS;0;0;0;0;263,2;low ;0,182;2390;low ;0,196;1750;low ;0;0,435699901;0,032977447;0,081638819;0,037577863;0,435699901;;;P_score_freshwater_pred_Dashboard;0,655247715;0,655247715;;;M_score_pred_Dashboard;0,306357379;0,306357379;kemi_score;0,02;0,448040146;1;;;0,448040146;1;0,435699901;0,5;0,443888378;0,75;0,435699901;0,25;0,443888378;0,75;0.00;PM;;PM;
Perfluoro-n-hexadecanoic acid;67905-19-5;267-638-1;OJMBMWRMTMHMSZ-UHFFFAOYSA-N;C(=O)(C(C(C(C(C(C(C(C(C(C(C(C(C(C(C(F)(F)F)(F)F)(F)F)(F)F)(F)F)(F)F)(F)F)(F)F)(F)F)(F)F)(F)F)(F)F)(F)F)(F)F)(F)F)O;DTXSID1070800;106027;PRO-359;NS00011276;;FALS;;;;FALS;FALS;< 1;<5.2;FALS;FALS;FALS;FALS;FALS;CERT;FALS;FALS;FALS;FALS;FALS;FALS;FALS;FALS;CERT;FALS;FALS;FALS;;;;FALS;FALS;FALS;FALS;FALS;FALS;FALS;FALS;FALS;FALS;FALS;FALS;FALS;FALS;FALS;FALS;FALS;FALS;FALS;FALS;FALS;FALS;FALS;FALS;FALS;;814,132;;11,3;;6,29;;8,81E-06;5,178976947;5,7811;862,6421958;153497,6378;1290;;;;;;0,07772;;0,17;;;;;;0;0;0;0;0;0;0;0;0;0;0;0;0;0;0;0;0;0;0;0;0;0;0;0;0;0;0;0;0;0;0;0;0;0;0;0;0;0;0;0;0;0;0;0;0;0;0;0;0;0;0;0;0;0;0;0;0;0;0;0;0;0;0;0;0;;0,999998507;0,98961515;;;;0,067807988;0,099436726;FALS;0;0;0;0;42;low ;0;0,2;low ;0;488,6;low ;0;0,752029769;0,667959369;0,164757241;0,063628342;0,752029769;;;P_score_freshwater_pred_RIVM;0,999998507;0,994806828;;;M_score_pred_Dashboard;0,099436726;0,083622357;kemi_score;0,17;0,315335658;1;;;0,288423459;1;0,752029769;0,5;0,421302206;0,75;0,752029769;0,25;0,396977048;0,75;1.00;(T);(T);(T);4
Perfluoro-n-octadecanoic acid;16517-11-6;240-582-5;ZTSDOGSKTICNPQ-UHFFFAOYSA-N;C(=O)(C(C(C(C(C(C(C(C(C(C(C(C(C(C(C(C(C(F)(F)F)(F)F)(F)F)(F)F)(F)F)(F)F)(F)F)(F)F)(F)F)(F)F)(F)F)(F)F)(F)F)(F)F)(F)F)(F)F)(F)F)O;DTXSID1066071;167547;PRO-360;NS00011277;;FALS;;;;FALS;FALS;< 1;<12.4;FALS;FALS;FALS;FALS;FALS;CERT;FALS;FALS;FALS;FALS;FALS;FALS;FALS;FALS;CERT;FALS;FALS;FALS;;;;FALS;FALS;FALS;FALS;FALS;FALS;FALS;FALS;FALS;FALS;FALS;FALS;FALS;FALS;FALS;FALS;FALS;FALS;FALS;FALS;FALS;FALS;FALS;FALS;FALS;;914,148;;12,9;;7,69;;8,38E-06;5,130333768;;1978,313514;;2950;;;;;;0,06871;;0,17;;;;;;0;0;0;0;0;0;0;0;0;0;0;0;0;0;0;0;0;0;0;0;0;0;0;0;0;0;0;0;0;0;0;0;0;0;0;0;0;0;0;0;0;0;0;0;0;0;0;0;0;0;0;0;0;0;0;0;0;0;0;0;0;0;0;0;0;;;0,997467121;;;;;0,102497083;FALS;0;0;0;0;95,2;low ;0;0,1;low ;0;544,5;low ;0;0,761873784;0,731058579;0,121464215;0,060882325;0,761873784;;;P_score_freshwater_pred_Dashboard;0,997467121;0,997467121;;;M_score_pred_Dashboard;0,102497083;0,102497083;kemi_score;0,17;0,319745947;1;;;0,319745947;1;0,761873784;0,5;0,427068666;0,75;0,761873784;0,25;0,427068666;0,75;1.00;(T);(T);(T);Priority group
perfluorononane sulfonic acid ;68259-12-1;;MNEXVZFQQPKDHC-UHFFFAOYSA-N;C(C(C(C(C(F)(F)F)(F)F)(F)F)(F)F)(C(C(C(C(F)(F)S(=O)(=O)O)(F)F)(F)F)(F)F)(F)F;DTXSID8071356;86998;PRO-361;;;FALS;;;;CERT;CERT;<0,5;<2.2;CERT;CERT;CERT;FALS;CERT;CERT;FALS;FALS;FALS;FALS;FALS;FALS;FALS;FALS;CERT;FALS;FALS;FALS;;;;FALS;FALS;FALS;FALS;FALS;FALS;FALS;FALS;FALS;FALS;FALS;FALS;FALS;FALS;FALS;FALS;FALS;FALS;FALS;FALS;FALS;FALS;FALS;FALS;FALS;;550,13;;6,58;;4,97;;0,000597;2,720159303;;134,2897797;;33,1;;;;;;0,21639;;0,13;;;;;;0;0;0;0;0;0;0;0;0;0;0;0;0;0;0;0;0;0;0;0;0;0;0;0;0;0;0;0;0;0;0;0;0;0;0;0;0;0;0;0;0;0;0;0;0;0;0;0;0;0;0;0;0;0;0;0;0;0;0;0;0;0;0;0;0;;;0,798553329;;;;;0,37773424;FALS;0;0;0;0;32,2;low ;0,171;0,9;low ;0;334;low ;0;0,660329475;0,511437377;0,18125677;0,074210141;0,660329475;;;P_score_freshwater_pred_Dashboard;0,798553329;0,798553329;;;M_score_pred_Dashboard;0,37773424;0,37773424;kemi_score;0,13;0,549218476;1;;;0,549218476;1;0,660329475;0,5;0,584005567;0,75;0,660329475;0,25;0,584005567;0,75;1.00;PM(T);(T);PM(T);3
perfluorononanoic acid;375-95-1;206-801-3;UZUFPBIDKMEQEQ-UHFFFAOYSA-N;C(=O)(C(C(C(C(C(C(C(C(F)(F)F)(F)F)(F)F)(F)F)(F)F)(F)F)(F)F)(F)F)O;DTXSID8031863;67821;PRO-362;NS00000368;;FALS;;;;CERT;CERT;x;x;CERT;CERT;CERT;FALS;CERT;CERT;FALS;FALS;FALS;FALS;FALS;FALS;FALS;FALS;CERT;FALS;FALS;FALS;;;;FALS;FALS;FALS;FALS;FALS;FALS;FALS;FALS;FALS;FALS;FALS;FALS;FALS;FALS;FALS;FALS;FALS;FALS;FALS;FALS;FALS;FALS;FALS;FALS;FALS;;464,078;3,54;6,51;;4,2;0,0028;0,00082;3,450249108;3,1869;134,2897797;1873,729268;4,9;;;;;;1;0,31;0,39;;;;;;0;0;0;0;0;0;0;0;0;0;0;0;0;0;0;0;0;0;0;0;0;0;0;0;0;0;0;0;0;0;0;0;0;0;0;0;0;0;0;0;0;0;0;0;0;0;0;0;0;0;0;0;0;0;0;0;0;0;0;0;0;0;0;0;0;;0,997221362;0,798553329;;;;0,305191591;0,267913192;FALS;0;0;0;0;81,4;low ;0,184;1,5;low ;0;506,5;low ;0;0,5;0,456090589;0,12891072;0,062703673;0,5;;;P_score_freshwater_pred_RIVM;0,997221362;0,897887346;;;M_score_pred_Episuite;0,305191591;0,286552392;kemi_score;0,39;0,551673431;1;;;0,507239358;1;0,393700394;1;0,466040821;1;0,393700394;0,5;0,446878434;1;0.00;PM;;PM;4
Perfluoro-n-tetradecanoic acid;376-06-7;206-803-4;RUDINRUXCKIXAJ-UHFFFAOYSA-N;C(=O)(C(C(C(C(C(C(C(C(C(C(C(C(C(F)(F)F)(F)F)(F)F)(F)F)(F)F)(F)F)(F)F)(F)F)(F)F)(F)F)(F)F)(F)F)(F)F)O;DTXSID3059921;67822;PRO-363;NS00011273;;FALS;;;;FALS;FALS;< 0,7;<8.1;CERT;CERT;CERT;CERT;CERT;CERT;FALS;FALS;FALS;FALS;FALS;FALS;FALS;FALS;CERT;FALS;FALS;FALS;;;;FALS;FALS;FALS;FALS;FALS;FALS;FALS;FALS;FALS;FALS;FALS;FALS;FALS;FALS;FALS;FALS;FALS;FALS;FALS;FALS;FALS;FALS;FALS;FALS;FALS;;714,117;5,1;9,95;;5,75;;1,15E-05;5,369215857;5,0399;244,6919323;43589,42517;257;;;;;;0,08277;0,11;0,43;;;;;;0;0;0;0;0;0;0;0;0;0;0;0;0;0;0;0;0;0;0;0;0;0;0;0;0;0;0;0;0;0;0;0;0;0;0;0;0;0;0;0;0;0;0;0;0;0;0;0;0;0;0;0;0;0;0;0;0;0;0;0;0;0;0;0;0;;0,999987156;0,917054554;;;;0,108408834;0,088236295;FALS;0;0;0;0;43,2;low ;0,174;0,2;low ;0;407,9;low ;0;0,746896296;0,667959369;0,163080527;0,068462283;0,746896296;;;P_score_freshwater_pred_RIVM;0,999987156;0,958520855;;;M_score_pred_Episuite;0,108408834;0,098322565;kemi_score;0,43;0,329252854;1;;;0,306992229;1;0,286633202;1;0,307204817;1;0,286633202;0,5;0,296638105;1;1.00;;;;4
Perfluorooctane;307-34-6;206-199-2;YVBBRRALBYAZBM-UHFFFAOYSA-N;FC(F)(F)C(F)(F)C(F)(F)C(F)(F)C(F)(F)C(F)(F)C(F)(F)C(F)(F)F;DTXSID0059794;9387;PRO-364;NS00018916;REACH-B;FALS;vPvM & PMT;MQ;PMT;FALS;FALS;;;FALS;FALS;FALS;FALS;FALS;FALS;FALS;FALS;FALS;FALS;FALS;FALS;FALS;FALS;FALS;FALS;FALS;FALS;;;;FALS;CERT;FALS;FALS;FALS;FALS;FALS;FALS;FALS;FALS;FALS;FALS;FALS;FALS;FALS;FALS;FALS;FALS;FALS;FALS;FALS;FALS;FALS;FALS;FALS;P-PNEC;438,059;;6,65;;1,59;;8,38E-07;4,06069784;5,3545;1978,313514;6133,958272;1410;57120;;;3;;0,171211372;0,09;0,39;0,02;0,06;>1 to < 10 tonnes;1;10;0;0;0;0;0;0;0;0;0;0;0;0;0;0;0;0;0;0;0;0;0;0;0;0;0;0;0;0;0;0;0;0;0;0;0;0;0;0;0;0;0;0;0;0;0;0;0;0;0;0;0;0;0;0;0;0;0;0;0;0;0;0;0;0;0;0,999991909;0,999633204;0,997467121;;;0,333333333;0,089060366;0,193353268;FALS;0;0;0;0;85,8;low ;0,171;0,3;low ;0;643,4;low ;0;0,682756225;0,627820666;0,126365092;0,056867593;0,682756225;;;P_score_freshwater_pred_UBA;0,999991909;0,999030745;M_score_exp_UBA;0,333333333;M_score_exp_UBA;0,333333333;0,205248989;kemi_score;0,39;0,577347934;1;0,333333333;0,5;0,452824525;1;0,247887193;1;0,378308285;1;0,273608115;0,75;0,335036416;1;1.00;PM;PM;PM;4
Perfluorooctane sulfonamide;754-91-6;212-046-0;RRRXPPIDPYTNJG-UHFFFAOYSA-N;C(C(C(C(C(F)(F)S(=O)(=O)N)(F)F)(F)F)(F)F)(C(C(C(F)(F)F)(F)F)(F)F)(F)F;DTXSID3038939;69785;PRO-365;NS00010967;;FALS;;;;CERT;CERT;<0,5;;CERT;CERT;CERT;FALS;FALS;CERT;FALS;FALS;FALS;FALS;FALS;FALS;FALS;FALS;CERT;FALS;FALS;FALS;;;;FALS;FALS;FALS;FALS;FALS;FALS;FALS;FALS;FALS;FALS;FALS;FALS;FALS;FALS;FALS;FALS;FALS;FALS;FALS;FALS;FALS;FALS;FALS;FALS;FALS;;499,14;;6,44;;4,3;;6,66E-07;2,820201459;4,2947;134,2897797;4438,838082;17;;;;;;0,16674;0,17;0,43;;;;;;0;0;0;0;0;0;0;0;0;0;0;0;0;0;0;0;0;0;0;0;0;0;0;0;0;0;0;0;0;0;0;0;0;0;0;0;0;0;0;0;0;0;0;0;0;0;0;0;0;0;0;0;0;0;0;0;0;0;0;0;0;0;0;0;0;;0,999362552;0,798553329;;;;0,169304443;0,361578321;FALS;0;0;0;0;23,8;low ;0,175;1,1;low ;0;310,6;low ;0;0,685240325;0,489653306;0,201559318;0,076406699;0,685240325;;;P_score_freshwater_pred_RIVM;0,999362552;0,898957941;;;M_score_pred_Dashboard;0,361578321;0,265441382;kemi_score;0,43;0,601122146;1;;;0,488488115;1;0,341307567;1;0,452954233;1;0,341307567;0,5;0,408319348;1;0.00;PM;;PM;4
Perfluorooctane sulfonamidoacetic acid;2806-24-8;;AYLOUUCBACYHAB-UHFFFAOYSA-N;C(C(=O)O)NS(=O)(=O)C(C(C(C(C(C(C(C(F)(F)F)(F)F)(F)F)(F)F)(F)F)(F)F)(F)F)(F)F;DTXSID40440941;10507011;PRO-366;NS00000426;;FALS;;;;FALS;FALS;;<LOD;FALS;FALS;FALS;FALS;FALS;CERT;FALS;FALS;FALS;FALS;FALS;FALS;FALS;FALS;CERT;FALS;FALS;FALS;;;;FALS;FALS;FALS;FALS;FALS;FALS;FALS;FALS;FALS;FALS;FALS;FALS;FALS;FALS;FALS;FALS;FALS;FALS;FALS;FALS;FALS;FALS;FALS;FALS;FALS;;557,18;;6,12;;7,62;;7,64E-06;3,69019608;;149,9047361;;6,03;;;;;;0,40136;;0,02;;;;;;0;0;0;0;0;0;0;0;0;0;0;0;0;0;0;0;0;0;0;0;0;0;0;0;0;0;0;0;0;0;0;0;0;0;0;0;0;0;0;0;0;0;0;0;0;0;0;0;0;0;0;0;0;0;0;0;0;0;0;0;0;0;0;0;0;;;0,827115887;;;;;0,236574089;FALS;0;0;0;0;41,1;low ;0,178;1,5;low ;0;313,1;low ;0;0,597838262;0,456090589;0,16605591;0,076161368;0,597838262;;;P_score_freshwater_pred_Dashboard;0,827115887;0,827115887;;;M_score_pred_Dashboard;0,236574089;0,236574089;kemi_score;0,02;0,442350752;1;;;0,442350752;1;0,597838262;0,5;0,489071567;0,75;0,597838262;0,25;0,489071567;0,75;1.00;PM;;PM;3
perfluorooctane sulfonic acid ;1763-23-1;217-179-8;YFSUTJLHUFNCNZ-UHFFFAOYSA-N;C(C(C(C(C(F)(F)S(=O)(=O)O)(F)F)(F)F)(F)F)(C(C(C(F)(F)F)(F)F)(F)F)(F)F;DTXSID3031864;74483;PRO-367;NS00010280;;FALS;;;;CERT;CERT;x;x;CERT;CERT;CERT;CERT;CERT;CERT;FALS;FALS;FALS;FALS;FALS;FALS;FALS;FALS;CERT;FALS;FALS;FALS;used as a stain or water repellent.;;;FALS;FALS;FALS;FALS;FALS;FALS;FALS;FALS;FALS;FALS;FALS;FALS;FALS;FALS;FALS;FALS;FALS;FALS;FALS;FALS;FALS;FALS;FALS;FALS;FALS;;500,13;5,61;5,77;;4,75;0,00114;0,00155;2,550228353;3,4087;134,2897797;3061,651931;5,89;;;;;;0,002;0,27;0,51;;;;;;0;0;0;0;0;0;0;0;0;0;0;0;0;0;0;0;0;0;0;0;0;0;0;0;0;0;0;0;0;0;0;0;0;0;0;0;0;0;0;0;0;0;0;0;0;0;0;0;0;0;0;0;0;0;0;0;0;0;0;0;0;0;0;0;0;;0,998797829;0,798553329;;;;0,273599445;0,405791875;FALS;0;0;0;0;22,2;low ;0,173;1,1;low ;0;412;low ;0;0,936965839;0,489653306;0,206467255;0,068185793;0,936965839;;;P_score_freshwater_pred_RIVM;0,998797829;0,898675579;;;M_score_pred_Dashboard;0,405791875;0,33969566;kemi_score;0,51;0,636634938;1;;;0,552518049;1;0,502971944;1;0,565870579;1;0,502971944;0,5;0,527163236;1;0.00;PM;;PM;3
perfluorooctanoic acid;335-67-1;206-397-9;SNGREZUHAYWORS-UHFFFAOYSA-N;C(=O)(C(C(C(C(C(C(C(F)(F)F)(F)F)(F)F)(F)F)(F)F)(F)F)(F)F)O;DTXSID8031865;9554;PRO-368;NS00009389;;FALS;;;;CERT;CERT;x;x;CERT;CERT;CERT;CERT;CERT;CERT;FALS;FALS;FALS;FALS;FALS;FALS;FALS;FALS;CERT;FALS;FALS;FALS;"Cleaning and safety; Cleaning products and household care -> carpet and floor -> floor polish; nonfunctional ingredient; used as a stain or water repellent.";;;FALS;FALS;FALS;FALS;FALS;FALS;FALS;FALS;FALS;FALS;FALS;FALS;FALS;FALS;FALS;FALS;FALS;FALS;FALS;FALS;FALS;FALS;FALS;FALS;FALS;;414,07;3,1;5,68;;4,16;0,0137;0,00855;3,220108088;2,8163;134,2897797;998,3991477;5,01;;;;;;0,178;0,36;0,51;;;;;;0;0;0;0;0;0;0;0;0;0;0;0;0;0;0;0;0;0;0;0;0;0;0;0;0;0;0;0;0;0;0;0;0;0;0;0;0;0;0;0;0;0;0;0;0;0;0;0;0;0;0;0;0;0;0;0;0;0;0;0;0;0;0;0;0;;0,991892446;0,798553329;;;;0,36220281;0,300332615;CERT;0,5;0;0,75;0;70,2;low ;0,186;4;low ;0;933,5;low ;0;0,679087176;0,353872542;0,136303536;0,048794417;0,679087176;;;P_score_freshwater_pred_RIVM;0,991892446;0,895222888;;;M_score_pred_Episuite;0,36220281;0,331267713;kemi_score;0,51;0,599388215;1;;;0,544571794;1;0,494440475;1;0,544391214;1;0,494440475;0,5;0,518901085;1;0.00;PM;;PM;3
perfluorooctylphosphonic acid;40143-78-0;;CPRNWMZKNOIIML-UHFFFAOYSA-N;C(C(C(C(C(F)(F)P(=O)(O)O)(F)F)(F)F)(F)F)(C(C(C(F)(F)F)(F)F)(F)F)(F)F;DTXSID80879832;13528037;PRO-369;NS00011280;;FALS;;;;FALS;FALS;;;FALS;FALS;FALS;FALS;FALS;CERT;FALS;FALS;FALS;FALS;FALS;FALS;FALS;FALS;CERT;FALS;FALS;FALS;;;;FALS;FALS;FALS;FALS;FALS;FALS;FALS;FALS;FALS;FALS;FALS;FALS;FALS;FALS;FALS;FALS;FALS;FALS;FALS;FALS;FALS;FALS;FALS;FALS;FALS;;500,048;;5,4;;7,78;;0,0156;2,820201459;;134,2897797;;3,89;;;;;;0,63897;;0,02;;;;;;0;0;0;0;0;0;0;0;0;0;0;0;0;0;0;0;0;0;0;0;0;0;0;0;0;0;0;0;0;0;0;0;0;0;0;0;0;0;0;0;0;0;0;0;0;0;0;0;0;0;0;0;0;0;0;0;0;0;0;0;0;0;0;0;0;;;0,798553329;;;;;0,361578321;FALS;0;0;0;0;35,6;low ;0,175;6;low ;0;598,8;low ;0;0,548477123;0,314718471;0,174876942;0,058564243;0,548477123;;;P_score_freshwater_pred_Dashboard;0,798553329;0,798553329;;;M_score_pred_Dashboard;0,361578321;0,361578321;kemi_score;0,02;0,537344929;1;;;0,537344929;1;0,548477123;0,5;0,541030326;0,75;0,548477123;0,25;0,541030326;0,75;0.00;PM;;PM;3
perfluoropentane sulfonic acid ;2706-91-4;220-301-2;ACEKLXZRZOWKRY-UHFFFAOYSA-N;C(C(C(F)(F)F)(F)F)(C(C(F)(F)S(=O)(=O)O)(F)F)(F)F;DTXSID8062600;75922;PRO-370;NS00011290;;FALS;;;;CERT;CERT;<0,7;x;CERT;CERT;CERT;FALS;CERT;CERT;FALS;FALS;FALS;FALS;FALS;FALS;FALS;FALS;CERT;FALS;FALS;FALS;;;;FALS;FALS;FALS;FALS;FALS;FALS;FALS;FALS;FALS;FALS;FALS;FALS;FALS;FALS;FALS;FALS;FALS;FALS;FALS;FALS;FALS;FALS;FALS;FALS;FALS;;350,1;;3,39;;4,2;;0,188;3,021189299;2,3024;87,35672301;463,3587254;6,03;;;;;;2,0276;0,45;0,17;;;;;;0;0;0;0;0;0;0;0;0;0;0;0;0;0;0;0;0;0;0;0;0;0;0;0;0;0;0;0;0;0;0;0;0;0;0;0;0;0;0;0;0;0;0;0;0;0;0;0;0;0;0;0;0;0;0;0;0;0;0;0;0;0;0;0;0;;0,970531142;0,655247715;;;;0,447789092;0,330077517;FALS;0;0;0;0;405,1;low ;0,187;477,2;low ;0,192;1800;low ;0;0,4238515;0,064241955;0,06865331;0,037137889;0,4238515;;;P_score_freshwater_pred_RIVM;0,970531142;0,812889429;;;M_score_pred_Episuite;0,447789092;0,388933304;kemi_score;0,17;0,659236876;1;;;0,562280865;1;0,436730094;1;0,536571135;1;0,436730094;0,5;0,495545129;1;0.00;PM;;PM;4
perfluoropentanoic acid ;2706-90-3;220-300-7;CXZGQIAOTKWCDB-UHFFFAOYSA-N;C(=O)(C(C(C(C(F)(F)F)(F)F)(F)F)(F)F)O;DTXSID6062599;75921;PRO-371;NS00000365;;FALS;;;;CERT;CERT;x;x;CERT;CERT;CERT;FALS;CERT;CERT;FALS;FALS;FALS;FALS;FALS;FALS;FALS;FALS;CERT;FALS;FALS;FALS;;;;FALS;FALS;FALS;FALS;FALS;FALS;FALS;FALS;FALS;FALS;FALS;FALS;FALS;FALS;FALS;FALS;FALS;FALS;FALS;FALS;FALS;FALS;FALS;FALS;FALS;;264,047;1,35;3,36;;3,76;0,000454;0,00399;1,980003372;1,71;87,35672301;151,1299209;5,5;;;;;;3,91371;0,55;0,39;;;;;;0;0;0;0;0;0;0;0;0;0;0;0;0;0;0;0;0;0;0;0;0;0;0;0;0;0;0;0;0;0;0;0;0;0;0;0;0;0;0;0;0;0;0;0;0;0;0;0;0;0;0;0;0;0;0;0;0;0;0;0;0;0;0;0;0;;0,829096645;0,655247715;;;;0,55008464;0,503465096;FALS;0;0;0;0;257,8;low ;0,202;2210;low ;0,211;3810;low ;0;0,35604112;0,034079277;0,082316354;0,027095323;0,35604112;;;P_score_freshwater_pred_RIVM;0,829096645;0,74217218;;;M_score_pred_Episuite;0,55008464;0,526774868;kemi_score;0,39;0,675332015;1;;;0,625266065;1;0,442518492;1;0,546668917;1;0,442518492;0,5;0,526015016;1;0.00;PM;;PM;3
Perfluoropropane sulfonate;423-41-6;;XBWQFDNGNOOMDZ-UHFFFAOYSA-N;C(C(F)(F)F)(C(F)(F)S(=O)(=O)O)(F)F;DTXSID30870531;9859771;PRO-372;NS00003414;;FALS;;;;FALS;FALS;;;FALS;FALS;FALS;FALS;FALS;CERT;FALS;FALS;FALS;FALS;FALS;FALS;FALS;FALS;CERT;FALS;FALS;FALS;;;;FALS;FALS;FALS;FALS;FALS;FALS;FALS;FALS;FALS;FALS;FALS;FALS;FALS;FALS;FALS;FALS;FALS;FALS;FALS;FALS;FALS;FALS;FALS;FALS;FALS;;250,09;;1,92;;4,09;;1,34;1,640481437;;87,35672301;;6,31;;;;;;26,76982;;0,02;;;;;;0;0;0;0;0;0;0;0;0;0;0;0;0;0;0;0;0;0;0;0;0;0;0;0;0;0;0;0;0;0;0;0;0;0;0;0;0;0;0;0;0;0;0;0;0;0;0;0;0;0;0;0;0;0;0;0;0;0;0;0;0;0;0;0;0;;;0,655247715;;;;;0,561979406;FALS;0;0;0;0;702,8;low ;0,203;925,9;low ;0,207;17160;low ;0;0,193465815;0,04895946;0,054845319;0,014279931;0,193465815;;;P_score_freshwater_pred_Dashboard;0,655247715;0,655247715;;;M_score_pred_Dashboard;0,561979406;0,561979406;kemi_score;0,02;0,606824293;1;;;0,606824293;1;0,193465815;0,5;0,414549808;0,75;0,193465815;0,25;0,414549808;0,75;0.00;PM;;PM;3
perfluorotridecane sulfonic  acid;174675-49-1;;JMIXTHMPTMXARZ-UHFFFAOYSA-N;C(C(C(C(C(C(C(F)(F)F)(F)F)(F)F)(F)F)(F)F)(F)F)(C(C(C(C(C(C(F)(F)S(=O)(=O)[O-])(F)F)(F)F)(F)F)(F)F)(F)F)(F)F.[Na+];DTXSID10904580;138394691;PRO-373;;;FALS;;;;CERT;CERT;;;CERT;CERT;CERT;FALS;FALS;CERT;FALS;FALS;FALS;FALS;FALS;FALS;FALS;FALS;CERT;FALS;FALS;FALS;;;;FALS;FALS;FALS;FALS;FALS;FALS;FALS;FALS;FALS;FALS;FALS;FALS;FALS;FALS;FALS;FALS;FALS;FALS;FALS;FALS;FALS;FALS;FALS;FALS;FALS;;772,15;;8,8;;6,88;;3,77E-05;5,369215857;;149,9047361;;83,2;;;;;;;;;;;;;;0;0;0;0;0;0;0;0;0;0;0;0;0;0;0;0;0;0;0;0;0;0;0;0;0;0;0;0;0;0;0;0;0;0;0;0;0;0;0;0;0;0;0;0;0;0;0;0;0;0;0;0;0;0;0;0;0;0;0;0;0;0;0;0;0;;;0,827115887;;;;;0,088236295;FALS;0;0;0;0;30,5;low ;0;0,1;low ;0;307,2;low ;0;;0,731058579;0,184778832;0,076744718;0;;;P_score_freshwater_pred_Dashboard;0,827115887;0,827115887;;;M_score_pred_Dashboard;0,088236295;0,088236295;;;0,270151146;1;;;0,270151146;1;0;0,5;0;0,75;0;0,25;0;0,75;1.00;;;;4
perfluorotridecanoic acid;72629-94-8;276-745-2;LVDGGZAZAYHXEY-UHFFFAOYSA-N;C(=O)(C(C(C(C(C(C(C(C(C(C(C(C(F)(F)F)(F)F)(F)F)(F)F)(F)F)(F)F)(F)F)(F)F)(F)F)(F)F)(F)F)(F)F)O;DTXSID90868151;3018355;PRO-374;;;FALS;;;;CERT;CERT;< 0,4;<4.2;CERT;CERT;CERT;FALS;CERT;CERT;FALS;FALS;FALS;FALS;FALS;FALS;FALS;FALS;CERT;FALS;FALS;FALS;;;;FALS;FALS;FALS;FALS;FALS;FALS;FALS;FALS;FALS;FALS;FALS;FALS;FALS;FALS;FALS;FALS;FALS;FALS;FALS;FALS;FALS;FALS;FALS;FALS;FALS;;664,109;;8,76;;4,96;;2,53E-05;5,269512944;4,6693;244,6919323;23230,74974;87,1;;;;;;0,10317;0,14;0,39;;;;;;0;0;0;0;0;0;0;0;0;0;0;0;0;0;0;0;0;0;0;0;0;0;0;0;0;0;0;0;0;0;0;0;0;0;0;0;0;0;0;0;0;0;0;0;0;0;0;0;0;0;0;0;0;0;0;0;0;0;0;0;0;0;0;0;0;;0,999962337;0,917054554;;;;0,13584733;0,093956647;FALS;0;0;0;0;24,7;low ;0,176;0,2;low ;0;254,3;low ;0;0,728385482;0,667959369;0,198977553;0,082765917;0,728385482;;;P_score_freshwater_pred_RIVM;0,999962337;0,958508445;;;M_score_pred_Episuite;0,13584733;0,114901989;kemi_score;0,39;0,368567788;1;;;0,331865224;1;0,31933363;1;0,343068637;1;0,31933363;0,5;0,325539132;1;1.00;PM;;PM;4
perfluoroundecane sulfonic acid;749786-16-1;;UKHUPOMCGUFNAP-UHFFFAOYSA-N;C(C(C(C(C(C(F)(F)F)(F)F)(F)F)(F)F)(F)F)(C(C(C(C(C(F)(F)S(=O)(=O)O)(F)F)(F)F)(F)F)(F)F)(F)F;DTXSID40904573;22141518;PRO-375;;;FALS;;;;CERT;CERT;;;CERT;CERT;CERT;FALS;CERT;CERT;FALS;FALS;FALS;FALS;FALS;FALS;FALS;FALS;CERT;FALS;FALS;FALS;;;;FALS;FALS;FALS;FALS;FALS;FALS;FALS;FALS;FALS;FALS;FALS;FALS;FALS;FALS;FALS;FALS;FALS;FALS;FALS;FALS;FALS;FALS;FALS;FALS;FALS;;650,15;;7,27;;6;;5,34E-05;4,92992956;;58,55696259;;79,4;;;;;;;;;;;;;;0;0;0;0;0;0;0;0;0;0;0;0;0;0;0;0;0;0;0;0;0;0;0;0;0;0;0;0;0;0;0;0;0;0;0;0;0;0;0;0;0;0;0;0;0;0;0;0;0;0;0;0;0;0;0;0;0;0;0;0;0;0;0;0;0;;;0,489597175;;;;;0,115999432;FALS;0;0;0;0;31,4;low ;0,166;0,6;low ;0;283,9;low ;0;;0,555235828;0,182883902;0,079207378;0,030358728;;;P_score_freshwater_pred_Dashboard;0,489597175;0,489597175;;;M_score_pred_Dashboard;0,115999432;0,115999432;;;0,238312807;1;;;0,238312807;1;0,030358728;0,5;0,119911116;0,75;0,030358728;0,25;0,119911116;0,75;1.00;;;;3
perfluoroundecanoic acid ;2058-94-8;218-165-4;SIDINRCMMRKXGQ-UHFFFAOYSA-N;C(=O)(C(C(C(C(C(C(C(C(C(C(F)(F)F)(F)F)(F)F)(F)F)(F)F)(F)F)(F)F)(F)F)(F)F)(F)F)O;DTXSID8047553;77222;PRO-376;NS00000370;;FALS;;;;CERT;CERT;< 0,9;<3;CERT;CERT;CERT;FALS;CERT;CERT;FALS;FALS;FALS;FALS;FALS;FALS;FALS;FALS;CERT;FALS;FALS;FALS;;;;FALS;FALS;FALS;FALS;FALS;FALS;FALS;FALS;FALS;FALS;FALS;FALS;FALS;FALS;FALS;FALS;FALS;FALS;FALS;FALS;FALS;FALS;FALS;FALS;FALS;;564,093;4;7,9;;4,7;0,000163;8,07E-05;4,220108088;3,9281;134,2897797;6596,94209;33,9;;;;;;0,12568;0,21;0,39;;;;;;0;0;0;0;0;0;0;0;0;0;0;0;0;0;0;0;0;0;0;0;0;0;0;0;0;0;0;0;0;0;0;0;0;0;0;0;0;0;0;0;0;0;0;0;0;0;0;0;0;0;0;0;0;0;0;0;0;0;0;0;0;0;0;0;0;;0,999676094;0,798553329;;;;0,208093294;0,176700817;FALS;0;0;0;0;13,8;low ;0,18;0,4;low ;0;377,6;low ;0;0,711100281;0,598192625;0,242342562;0,070631311;0,722722389;;;P_score_freshwater_pred_RIVM;0,999676094;0,899114711;;;M_score_pred_Episuite;0,208093294;0,192397056;kemi_score;0,39;0,456098555;1;;;0,415917087;1;0,389578877;1;0,421528603;1;0,389578877;0,5;0,402532622;1;1.00;PM;;PM;4
Perhydro-1,3,5-trinitro-1,3,5-triazine;121-82-4;204-500-1;XTFIVUDBNACUBN-UHFFFAOYSA-N;C1N(CN(CN1[N+](=O)[O-])[N+](=O)[O-])[N+](=O)[O-];DTXSID9024142;8490;PRO-377;NS00001970;REACH-A;FALS;vPvM;MQ;PM;FALS;FALS;;;FALS;FALS;FALS;FALS;FALS;FALS;FALS;FALS;FALS;FALS;FALS;FALS;FALS;FALS;FALS;CERT;FALS;CERT;"Personal care; Specialty occupational products -> Firefighting foam";"Energy Releasers (explosives, motive propellant); Fuel; Propellants and blowing agents";Energy Releasers (explosives, motive propellant);CERT;CERT;CERT;FALS;FALS;CERT;CERT;FALS;FALS;FALS;CERT;CERT;FALS;FALS;FALS;FALS;FALS;FALS;FALS;CERT;CERT;FALS;FALS;FALS;CERT;P-PNEC pred;222,117;0,87;-0,46;;3,87;0,000269;0,00745;1,589949601;1,7138;58,55696259;27,28894371;2;72;;;2;;3,73784;0,55;0,65;0,36;0,48;>1000 to < 10000 tonnes;1000;10000;0;0;0;0;0;0;0;0;0;0;1;0;0;0;0;0;0;0;1;0;0;0;0;0;0;0;0;0;0;0;0;0;0;0;0;0;0;0;0;0;0;0;0;1;1;0;0;0;0;0;0;0;0;0;0;0;0;1;0;1;0;1;0;0;1;0,577295462;0,206384102;0,489597175;;;0,5;0,549432672;0,570581801;FALS;0;0;0;0;312;low ;0,281;4570;low ;0,23;1720;low ;0;0,360632331;0,025089012;0,076268982;0,037850398;0,368727141;;;P_score_freshwater_pred_UBA;0,577295462;0,42442558;M_score_exp_UBA;0,5;M_score_pred_Dashboard;0,570581801;0,540004824;kemi_score;0,65;0,573928815;1;0,5;0,5;0,478739868;1;0,45033313;1;0,508388788;1;0,466314872;0,75;0,464319311;1;0.00;PM;PM;PM;
PFO4DA;39492-90-5;;RVMKCACFKFAJPS-UHFFFAOYSA-N;C(=O)(C(OC(OC(OC(OC(F)(F)F)(F)F)(F)F)(F)F)(F)F)O;DTXSID90723993;57358057;PRO-378;NS00074623;;FALS;;;;FALS;FALS;;;FALS;FALS;FALS;FALS;FALS;FALS;FALS;FALS;FALS;FALS;FALS;FALS;FALS;FALS;FALS;FALS;FALS;FALS;;;;FALS;FALS;FALS;FALS;FALS;FALS;FALS;FALS;FALS;FALS;FALS;FALS;FALS;FALS;FALS;FALS;FALS;FALS;FALS;FALS;FALS;FALS;FALS;FALS;FALS;;378,05;;8,53;;4,1;;0,00109;2,940018155;;64,71545211;;2,69;;;;;;3,996218651;;;;;;;;0;0;0;0;0;0;0;0;0;0;0;0;0;0;0;0;0;0;0;0;0;0;0;0;0;0;0;0;0;0;0;0;0;0;0;0;0;0;0;0;0;0;0;0;0;0;0;0;0;0;0;0;0;0;0;0;0;0;0;0;0;0;0;0;0;;;0,532288461;;;;;0,342635618;FALS;0;0;0;0;41,1;low ;0;7160;low ;0,204;4930;low ;0;0,353966464;0,020736344;0,16605591;0,024296015;0,37177456;;;P_score_freshwater_pred_Dashboard;0,532288461;0,532288461;;;M_score_pred_Dashboard;0,342635618;0,342635618;;;0,427060869;1;;;0,427060869;1;0,37177456;0,5;0,407774198;0,75;0,37177456;0,25;0,407774198;0,75;0.00;PM;;PM;3
PFO5DoDA;39492-91-6;;;C(=O)(C(OC(OC(OC(OC(OC(F)(F)F)(F)F)(F)F)(F)F)(F)F)(F)F)O;DTXSID50723994;57358058;PRO-379;;;FALS;;;;FALS;FALS;;;FALS;FALS;FALS;FALS;FALS;FALS;FALS;FALS;FALS;FALS;FALS;FALS;FALS;FALS;FALS;FALS;FALS;FALS;;;;FALS;FALS;FALS;FALS;FALS;FALS;FALS;FALS;FALS;FALS;FALS;FALS;FALS;FALS;FALS;FALS;FALS;FALS;FALS;FALS;FALS;FALS;FALS;FALS;FALS;;444,057;;10,4;;4,29;;0,000284;2,749736316;;64,71545211;;2,51;;;;;;;;;;;;;;0;0;0;0;0;0;0;0;0;0;0;0;0;0;0;0;0;0;0;0;0;0;0;0;0;0;0;0;0;0;0;0;0;0;0;0;0;0;0;0;0;0;0;0;0;0;0;0;0;0;0;0;0;0;0;0;0;0;0;0;0;0;0;0;0;;;0,532288461;;;;;0,372927621;FALS;0;0;0;0;42;low ;0;16,5;low ;0;4840;low ;0;;0,228379533;0,164757241;0,024486421;0;;;P_score_freshwater_pred_Dashboard;0,532288461;0,532288461;;;M_score_pred_Dashboard;0,372927621;0,372927621;;;0,445539078;1;;;0,445539078;1;0;0,5;0;0,75;0;0,25;0;0,75;0.00;PM;;PM;
Phenazone;60-80-0;200-486-6;VEQOALNAAJBPNY-UHFFFAOYSA-N;Cc1cc(=O)n(c2ccccc2)n1C;DTXSID6021117;2206;PRO-380;NS00000287;REACH-B;FALS;vPvM;MQ;vPvM;FALS;FALS;;;FALS;FALS;FALS;FALS;FALS;FALS;FALS;FALS;FALS;FALS;FALS;FALS;FALS;FALS;FALS;FALS;FALS;FALS;"analgesic; antipyretic";;;FALS;FALS;FALS;FALS;FALS;FALS;FALS;FALS;FALS;FALS;FALS;FALS;FALS;FALS;FALS;FALS;FALS;FALS;FALS;FALS;FALS;FALS;FALS;FALS;FALS;P-PNEC pred;188,23;0,305;0,472;;6,33;1,58;0,269;2,049218023;1,0663;29,66595227;22,58861913;12;;;;0,8;;21,09577;0,66;0,66;0;0;;;;0;0;0;0;0;0;0;0;0;0;0;0;0;0;0;0;0;0;0;0;0;0;0;0;0;0;0;0;0;0;0;0;0;0;0;0;0;0;0;0;0;0;0;0;0;0;0;0;0;0;0;0;0;0;0;0;0;0;0;0;0;0;0;0;0;;0,158421675;0,230749318;;;0,696730455;0,6563773;0,491471994;FALS;0;0;0;0;349;low ;0,258;2720;;0,51;3080;;0,85;0,210121138;0,031232395;0,072909961;0,029639759;0,210121138;;;P_score_freshwater_pred_Dashboard;0,230749318;0,194585497;M_score_exp_UBA;0,696730455;M_score_exp_UBA;0,696730455;0,614859916;kemi_score;0,66;0,400961441;1;0,696730455;0,5;0,345894236;1;0,372397571;1;0,386415666;1;0,458873338;0,75;0,358901342;1;0.00;PM;PM;PM;3
Phenol, styrenated;61788-44-1;262-975-0;GZGSEMRMKBBQGA-UHFFFAOYSA-N;Oc1ccc(C=C)cc1C=C;DTXSID8028052;86688;PRO-381;NS00003632;REACH-A;CERT;PMT;MQ;Not PMT/vPvM;FALS;FALS;;;FALS;FALS;FALS;FALS;FALS;FALS;FALS;FALS;FALS;FALS;FALS;FALS;FALS;FALS;FALS;CERT;CERT;CERT;;"Intermediate; Intermediates";;CERT;CERT;CERT;CERT;FALS;CERT;CERT;FALS;FALS;FALS;CERT;CERT;CERT;FALS;CERT;FALS;FALS;FALS;FALS;FALS;FALS;FALS;CERT;CERT;FALS;P-PNEC pred;;;1,61;;5,01;;0,02;2,269512944;2,425;37,71281662;15,75145618;3,8;25;;;3,1;;4,38592;;0,7;0,26;0,39;>100 to < 1000 tonnes;100;1000;1;1;0;0;0;0;0;1;1;0;0;0;0;0;1;0;0;0;0;0;0;0;0;0;0;0;1;0;0;0;1;0;0;1;0;0;0;1;0;0;0;0;0;0;0;0;1;1;1;0;1;1;0;1;1;1;0;0;1;1;1;1;0;0;0;0,182929628;0,092262247;0,311352831;;;0,318112;0,426881131;0,453432317;FALS;0;0;0;0;462,2;low ;0,7;358,4;good ;1;952,4;good ;1;0,344780863;0,072133587;0,065080836;0,048391967;0,344780863;;;P_score_freshwater_pred_Dashboard;0,311352831;0,195514902;M_score_exp_UBA;0,318112;M_score_pred_Dashboard;0,453432317;0,399475149;kemi_score;0,7;0,375735859;1;0,318112;0,5;0,279469757;1;0,344780863;0,5;0,365120441;0,75;0,331178094;0,5;0,299735094;0,75;0.00;PM;;;2
Phenytoin;57-41-0;200-328-6;CXOFVDLJLONNDW-UHFFFAOYSA-N;O=C1NC(=O)C(N1)(c1ccccc1)c1ccccc1;DTXSID8020541;1775;PRO-382;NS00010290;REACH-B;FALS;vPvM & PMT;MQ;vPvM & PMT;FALS;FALS;;;FALS;FALS;FALS;FALS;FALS;FALS;FALS;FALS;FALS;FALS;FALS;FALS;FALS;FALS;FALS;FALS;FALS;FALS;;;;FALS;FALS;FALS;FALS;FALS;FALS;FALS;FALS;FALS;FALS;FALS;FALS;FALS;FALS;FALS;FALS;FALS;FALS;FALS;FALS;FALS;FALS;FALS;FALS;FALS;P-PNEC pred;252,273;2,37;2,37;;9,33;0,000109;0,000378;2,178976947;2,2555;1187,968519;43,13528885;6,31;84;;;1,7;;0,87359;;0,61;0;0;;;;0;0;0;0;0;0;0;0;0;0;0;0;0;0;0;0;0;0;0;0;0;0;0;0;0;0;0;0;0;0;0;0;0;0;0;0;0;0;0;0;0;0;0;0;0;0;0;0;0;0;0;1;0;0;0;0;0;0;0;0;0;0;0;0;0;0,639962892;0,362589142;0,993964313;;;0,551799519;0,455840582;0,469025374;FALS;0;0;0;0;195,5;low ;0,332;3350;low ;0,415;364;low ;0,315;0,514668876;0,028607969;0,091858841;0,071684215;0,514668876;;;P_score_freshwater_pred_Dashboard;0,993964313;0,665505449;M_score_exp_UBA;0,551799519;M_score_exp_UBA;0,551799519;0,492221825;kemi_score;0,61;0,740586949;1;0,551799519;0,5;0,572342823;1;0,514668876;0,5;0,655984138;0,75;0,53291091;0,5;0,552433656;0,75;0.00;vPvM;PM;PM;
Phthalylsulfathiazole;85-73-4;201-627-4;PBMSWVPMRUJMPE-UHFFFAOYSA-N;OC(=O)c1ccccc1C(=O)Nc1ccc(S(=O)(=O)N=c2[nH]ccs2)cc1;DTXSID8023470;4806;PRO-383;NS00007465;REACH-B;FALS;PMT;HQ;PMT;FALS;FALS;;;FALS;FALS;FALS;FALS;FALS;FALS;FALS;FALS;FALS;FALS;FALS;FALS;FALS;FALS;FALS;CERT;FALS;FALS;;;;FALS;FALS;FALS;FALS;FALS;FALS;FALS;FALS;FALS;FALS;FALS;FALS;FALS;CERT;FALS;FALS;FALS;FALS;FALS;FALS;FALS;FALS;FALS;FALS;FALS;P-PNEC pred;403,43;;1,96;;9,41;;7,54E-05;1,829946696;1,4718;27,38512547;55,83697241;7,59;;;;;-1,3;0,10137;0,59;0,49;0;0;;;;0;0;0;0;0;0;0;0;0;0;0;0;0;0;0;0;0;0;0;0;0;0;0;0;0;0;0;1;0;0;0;0;0;0;0;0;0;0;0;0;0;0;0;0;0;0;0;0;0;0;0;1;0;0;0;0;0;0;0;0;0;0;1;0;0;;0,469306619;0,207370987;;;;0,590521184;0,529433921;FALS;0;0;0;0;173,5;low ;0,203;40,8;low ;0,254;517,2;low ;0,261;0,729895126;0,166496979;0,096276475;0,062172193;0,729895126;;;P_score_freshwater_pred_RIVM;0,469306619;0,338338803;;;M_score_pred_Episuite;0,590521184;0,559977553;kemi_score;0,49;0,526436606;1;;;0,435272483;1;0,656230237;1;0,587761532;1;0,656230237;0,5;0,534452023;1;0.00;PM(T);(T);PM(T);
Piperazine, compound with phosphoric acid;1951-97-9;217-775-8;NQQWFVUVBGSGQN-UHFFFAOYSA-N;C1CNCCN1;DTXSID201016688;64733;PRO-384;;REACH-B;CERT;PMT;HQ;PMT;FALS;FALS;;;FALS;FALS;FALS;FALS;FALS;FALS;FALS;FALS;FALS;FALS;FALS;FALS;FALS;FALS;FALS;FALS;FALS;FALS;;;;CERT;CERT;FALS;FALS;CERT;FALS;CERT;FALS;FALS;FALS;FALS;CERT;FALS;FALS;FALS;FALS;FALS;FALS;FALS;FALS;FALS;FALS;FALS;FALS;FALS;P-PNEC;;;8,8;;6,88;;3,77E-05;5,369215857;0,0083;149,9047361;13,80266412;83,2;;;;;0,3;184,131996;;;0;0;;;;0;0;0;0;0;0;0;0;0;0;0;0;0;0;0;0;0;0;0;0;0;0;0;0;0;1;0;1;0;0;1;0;0;0;0;0;0;0;0;0;0;0;1;0;0;0;0;0;0;0;0;0;0;0;1;0;0;0;0;0;0;0;1;0;1;;0,075014428;0,827115887;;;;0,799077912;0,088236295;FALS;0;0;0;0;8200;low ;0,604;4300;;0,85;6560;;0,7;0,094052411;0,025744102;0,019573447;0,021522396;0,094052411;;;P_score_freshwater_pred_Dashboard;0,827115887;0,451065157;;;M_score_pred_Episuite;0,799077912;0,443657103;E_score_min;0;0,812976036;1;;;0,447345796;1;0,094052411;0,5;0,396133716;0,75;0,094052411;0,25;0,266002398;0,75;1.00;vPvM;;PM;2
Potassium 2-(3-trifluoromethoxy-1,1,2,2,3,3-hexafluoropropoxy)-2,3,3,3-tetrafluoropropionate;;444-340-1;NPVAMXSRUVKHFJ-UHFFFAOYSA-M;COC(F)(F)C(F)(F)C(F)(F)C(F)(F)F;;;PRO-385;;REACH-B;FALS;PMT;MQ;Potential PMT/vPvM;FALS;FALS;;;FALS;FALS;FALS;FALS;FALS;FALS;FALS;FALS;FALS;FALS;FALS;FALS;FALS;FALS;FALS;FALS;FALS;FALS;;;;FALS;FALS;FALS;FALS;FALS;FALS;FALS;FALS;FALS;FALS;FALS;FALS;FALS;FALS;FALS;FALS;FALS;FALS;FALS;FALS;FALS;FALS;FALS;FALS;FALS;;;;;;;;;;;;;;22393;;;;1,9;;;;;;;;;0;0;0;0;0;0;0;0;0;0;0;0;0;0;0;0;0;0;0;0;0;0;0;0;0;0;0;0;0;0;0;0;0;0;0;0;0;0;0;0;0;0;0;0;0;0;0;0;0;0;0;0;0;0;0;0;0;0;0;0;0;0;0;0;0;0,999959896;;;;;;;;CERT;0;0;0;0;283;low ;0,206;2280;low ;0,208;3480;low ;0;;0,033636286;0,079308009;0,028152048;0,023219495;;;P_score_freshwater_pred_UBA;0,999959896;0,999959896;;;;;;;;0,999959896;0,5;;;0,999959896;0,5;0,023219495;0,5;0,152376388;0,5;0,023219495;0,25;0,152376388;0,5;;vPvM;;vPvM;2
Prednisolone;50-24-8;200-021-7;OIGNJSKKLXVSLS-VWUMJDOOSA-N;C[C@]12C[C@H](O)[C@H]3[C@@H](CCC4=CC(=O)C=C[C@]34C)[C@@H]1CC[C@]2(O)C(=O)CO;DTXSID9021184;5755;PRO-386;NS00000394;REACH-B;FALS;vPvM & PMT;MQ;PMT;FALS;FALS;;;FALS;FALS;FALS;FALS;FALS;FALS;FALS;FALS;FALS;FALS;FALS;FALS;FALS;FALS;FALS;FALS;FALS;FALS;;;;CERT;FALS;FALS;FALS;FALS;FALS;CERT;FALS;FALS;FALS;CERT;FALS;FALS;FALS;FALS;FALS;FALS;FALS;FALS;FALS;FALS;FALS;FALS;FALS;FALS;P-PNEC pred;360,45;1,62;1,54;;9,3;0,000626;0,000504;4,340444115;1,3895;2,70E+42;100,2713811;1,78;146;;;;1,6;24,3733;0,6;0,58;0,11;0,22;>10 to < 100 tonnes;10;100;0;0;0;0;0;0;0;0;0;0;0;0;0;0;0;0;0;0;1;0;0;0;0;0;0;0;0;1;0;0;0;0;0;0;0;0;0;0;0;0;0;0;0;0;0;0;0;0;0;0;0;1;1;0;0;0;0;0;0;0;0;0;0;0;0;0,82056845;0,706385861;1;;;;0,604240682;0,164891739;FALS;0;0;0;0;435,9;low ;0,7;9980;low ;0,53;258;low ;0,7;0,199900823;0,018001573;0,066646165;0,082290917;0,213840175;;;P_score_freshwater_pred_Dashboard;1;0,842318103;;;M_score_pred_Episuite;0,604240682;0,38456621;kemi_score;0,58;0,777329198;1;;;0,569145922;1;0,358195624;1;0,527670273;1;0,358195624;0,5;0,451514761;1;0.00;vPvM;;PM;2
Propargite;2312-35-8;219-006-1;ZYHMJXZULPZUED-UHFFFAOYSA-N;CC(C)(C)c1ccc(cc1)OC1CCCCC1OS(=O)OCC#C;DTXSID4024276;4936;PRO-387;NS00006783;REACH-A;CERT;PMT;HQ;Not PMT/vPvM;FALS;FALS;;;FALS;FALS;FALS;FALS;FALS;FALS;FALS;FALS;FALS;FALS;FALS;FALS;FALS;FALS;FALS;FALS;FALS;FALS;"acaricide; biocide; insecticide; insecticides and degradates; insecticides and insecticide degradates";;;FALS;FALS;FALS;FALS;FALS;FALS;FALS;FALS;FALS;FALS;CERT;FALS;FALS;FALS;FALS;FALS;FALS;FALS;FALS;FALS;FALS;FALS;FALS;FALS;FALS;P-PNEC pred;350,47;5;4,93;;10,7;1,15E-06;8,60E-06;3,599883072;3,9081;275,8893832;80,40258801;11;128;234;;3,9;;0,62467;0,21;0,58;0,31;0,41;>1000 to < 10000 tonnes;1000;10000;0;0;0;0;0;0;0;0;0;0;0;0;0;0;0;0;0;0;0;0;0;0;0;0;0;1;0;0;0;0;0;0;0;0;0;0;0;0;0;0;0;0;0;0;0;0;0;0;0;0;0;0;0;0;0;0;0;0;0;0;0;0;0;0;0;0,785038237;0,622547932;0,931382676;0,610286026;;0,211321241;0,210387021;0,248065865;CERT;0,5;0;0;0;16,1;low ;0,214;20,4;low ;0,214;598,2;low ;0,273;0,550910299;0,212548737;0,230263157;0,058588252;0,591125058;P_score_soil_exp_UBA;0,610286026;P_score_freshwater_pred_Dashboard;0,931382676;0,737313718;M_score_exp_UBA;0,211321241;M_score_pred_Dashboard;0,248065865;0,223258042;kemi_score;0,58;0,480670624;1;0,359118922;1;0,405723079;1;0,352329763;1;0,411527116;1;0,355708146;1;0,378085065;1;1.00;PM;PM;PM;3
Propazine;139-40-2;205-359-9;WJNRPILHGGKWCK-UHFFFAOYSA-N;CC(C)Nc1nc(nc(n1)Cl)NC(C)C;DTXSID3021196;4937;PRO-388;NS00000378;REACH-B;FALS;vPvM & PMT;MQ;vPvM & PMT;FALS;FALS;;;FALS;FALS;FALS;FALS;FALS;FALS;FALS;FALS;FALS;FALS;FALS;FALS;FALS;FALS;FALS;FALS;FALS;FALS;"herbicide; herbicides and degradates";;;FALS;CERT;FALS;FALS;FALS;FALS;FALS;FALS;FALS;FALS;FALS;FALS;FALS;FALS;FALS;FALS;FALS;FALS;FALS;FALS;FALS;FALS;FALS;FALS;FALS;PNEC acute;229,71;2,93;3,03;;8,41;3,73E-05;0,00024;2,399673721;2,3351;149,9047361;115,3925831;13,2;383;;;1,7;;0,18;0,44;0,46;0;0;;;;0;0;0;0;0;0;0;0;0;0;0;0;0;0;0;0;0;0;1;0;0;0;0;0;0;0;0;0;0;0;0;0;0;0;0;0;0;0;0;0;0;0;0;0;0;0;0;0;0;0;0;1;0;0;0;0;0;0;0;0;0;0;0;0;0;0,959647192;0,753619911;0,827115887;;;0,551799519;0,442191265;0,431181396;CERT;0,5;0;0;0;114,9;low ;0,515;2400;low ;0,398;1740;low ;0,468;0,678028763;0,032919669;0,113013746;0,037667976;0,687677826;;;P_score_freshwater_pred_UBA;0,959647192;0,84679433;M_score_exp_UBA;0,551799519;M_score_exp_UBA;0,551799519;0,475057393;kemi_score;0,46;0,727690084;1;0,551799519;0,5;0,634252242;1;0,550071126;1;0,632677883;1;0,550646654;0,75;0,590663902;1;0.00;vPvM;PM;PM;
Propylenediamine;78-90-0;201-155-9;AOHJOMMDDJHIJH-UHFFFAOYSA-N;CC(CN)N;DTXSID4021761;6567;PRO-389;NS00007190;REACH-A;FALS;vPvM & PMT;MQ;vPvM & PMT;FALS;FALS;;;FALS;FALS;FALS;FALS;FALS;FALS;FALS;FALS;FALS;FALS;FALS;FALS;FALS;FALS;FALS;FALS;FALS;FALS;;Intermediates;;CERT;CERT;FALS;CERT;FALS;CERT;CERT;FALS;FALS;FALS;CERT;FALS;FALS;FALS;FALS;FALS;FALS;FALS;FALS;FALS;FALS;FALS;FALS;FALS;FALS;P-PNEC pred;74,127;;-1,46;;6,9;;8,36;0,780317312;0,2178;214,8628677;13,10723845;3,39;13;;;2,3;;39,96793;;0,82;0,18;0,27;>100 to < 1000 tonnes;100;1000;0;0;0;0;0;0;0;0;0;0;0;0;1;0;0;0;0;0;1;0;1;0;0;0;0;0;0;1;0;0;0;0;0;0;0;0;0;0;0;0;0;0;0;0;0;0;0;0;0;0;1;1;0;0;0;0;0;0;0;0;0;0;0;0;0;0,068209867;0,069107903;0,898507247;;;0,448200481;0,774749547;0,699605421;CERT;0;0;0;0;4460;low ;0,629;3770;moderate ;0,85;2820;moderate ;0,85;0,167742523;0,027216415;0,025349131;0,030761431;0,176775325;;;P_score_freshwater_pred_Dashboard;0,898507247;0,345275006;M_score_exp_UBA;0,448200481;M_score_pred_Episuite;0,774749547;0,640851816;kemi_score;0,82;0,834336912;1;0,448200481;0,5;0,470393574;1;0,176775325;0,5;0,49739512;0,75;0,281479636;0,5;0,33945442;0,75;2.00;vPvM;PM;PM;
"pymetrozine (ISO); (E)-4,5-dihydro-6-methyl-4-(3-pyridylmethyleneamino)-1,2,4-triazin-3(2H)-one";123312-89-0;602-927-1;QHMTXANCGGJZRX-WUXMJOGZSA-N;CC1=NNC(=O)N(C1)N=CC2=CN=CC=C2;DTXSID2032637;9576037;PRO-390;NS00000443;REACH-A;FALS;vPvM & PMT;HQ;vPvM & PMT;FALS;FALS;;;FALS;FALS;FALS;FALS;FALS;FALS;FALS;FALS;FALS;FALS;FALS;FALS;FALS;FALS;FALS;FALS;FALS;FALS;"biocide; insecticide";;;FALS;FALS;FALS;FALS;FALS;FALS;FALS;FALS;FALS;FALS;CERT;FALS;FALS;FALS;FALS;FALS;FALS;FALS;FALS;FALS;FALS;FALS;FALS;FALS;FALS;PNEC chronic;217,232;-0,18;0,565;;6,7;0,00131;0,0149;1,889861721;0,9699;29,66595227;40,58020759;2,34;6;707;379;1;;0,5;0,67;0,68;0;0,11;>0 to < 10 tonnes;0;10;0;0;0;0;0;0;0;0;0;0;0;0;0;0;0;0;0;0;0;0;0;0;0;0;0;0;0;0;0;0;0;0;0;0;0;0;0;0;0;0;0;0;0;0;0;0;0;0;0;0;0;0;0;0;0;0;0;0;0;0;0;0;0;0;0;0,01914665;0,338826409;0,230749318;0,912034862;0,781233104;0,666666667;0,671286818;0,519076245;CERT;0,5;0;0;0;181,2;low ;0,237;8330;low ;0,201;1420;low ;0,198;0,574694288;0,019442784;0,094648075;0,041001206;0,584673131;P_score_soil_exp_UBA;0,912034862;P_score_soil_exp_UBA;0,912034862;0,456398069;M_score_exp_UBA;0,666666667;M_score_pred_Episuite;0,671286818;0,61900991;kemi_score;0,68;0,782455737;1;0,77975845;1;0,531521333;1;0,625884173;1;0,699804731;1;0,698597504;1;0,576776204;1;0.00;vPvM(T);vPvM(T);PM(T);2
Pyridine, alkyl derivs.;68391-11-7;269-929-9;;c1(CC)cc(C)ccn1;DTXSID4028462;;PRO-391;;REACH-B2;FALS;vPvM & PMT;LQ structure;vPvM & PMT;FALS;FALS;;;FALS;FALS;FALS;FALS;FALS;FALS;FALS;FALS;FALS;FALS;FALS;FALS;FALS;FALS;FALS;CERT;FALS;FALS;;;;CERT;CERT;FALS;FALS;FALS;FALS;CERT;FALS;FALS;FALS;CERT;FALS;CERT;FALS;FALS;FALS;FALS;FALS;FALS;FALS;FALS;FALS;FALS;FALS;FALS;;;;5,33;;2,7;;2,70E-06;0,840106094;2,4235;639,0610566;35,91512414;1,15;37;;;1,7;;;;;0;0;Tonnage data confidential;;;0;0;0;0;0;0;0;0;0;0;0;0;0;0;0;0;0;0;0;0;0;0;0;0;0;0;0;0;0;0;0;0;0;0;0;0;0;0;0;0;0;0;0;0;0;0;0;0;0;0;1;1;0;0;0;0;0;0;0;0;0;0;0;0;0;0,304401872;0,293738141;0,98277663;;;0,551799519;0,427135522;0,690824597;CERT;0,75;0,75;0;0;2200;low ;0,382;2280;moderate ;0,85;5520;low ;0,7;;0,033636286;0,034144171;0,02315903;0,05680343;;;P_score_freshwater_pred_Dashboard;0,98277663;0,526972214;M_score_exp_UBA;0,551799519;M_score_pred_Dashboard;0,690824597;0,556586546;E_score_min;0;0,823969823;1;0,551799519;0,5;0,541576998;1;0,05680343;0,5;0,337856588;0,75;0,177042666;0,5;0,255406333;0,75;0.00;vPvM;PM;PM;2
Resin acids and Rosin acids, hydrogenated, esters with glycerol;65997-13-9;266-042-9;;CC(C)C1CC2CCC3C(C)(CCCC3(C)C2CC1)C(=O)OCC(O)CO;DTXSID5028295;168009893;PRO-392;;REACH-B;FALS;PMT;LQ structure;Potential PMT/vPvM;FALS;FALS;;;FALS;FALS;FALS;FALS;FALS;FALS;FALS;FALS;FALS;FALS;FALS;FALS;FALS;FALS;FALS;CERT;CERT;CERT;;"Adhesion/cohesion promoter; Adhesives and sealant chemicals; Not Known or Reasonably Ascertainable; Paint additives and coating additives not described by other categories";"Adhesives and sealant chemicals; Not Known or Reasonably Ascertainable; Solvent";CERT;CERT;FALS;CERT;CERT;CERT;CERT;FALS;FALS;CERT;CERT;CERT;CERT;FALS;CERT;CERT;FALS;CERT;CERT;CERT;CERT;FALS;CERT;FALS;FALS;;;;1,36;;3,49;;0,00589;2,068185862;2,9682;7,389056099;50,3718463;8,32;39;;;;3,3;;;;0,39;0,52;>1000 to < 10000 tonnes;1000;10000;0;1;0;1;1;0;1;1;1;1;0;1;0;0;1;0;0;1;0;0;0;1;1;0;0;1;1;0;0;1;1;0;1;1;0;0;1;1;0;0;0;0;0;0;0;0;0;0;1;0;1;1;1;0;0;0;0;0;0;1;0;0;0;0;0;0,323785678;0,425798465;0,027111653;;;;0,338249435;0,488186489;FALS;0;0;0;0;84,3;low ;0,66;4220;moderate ;0,85;312,7;low ;0,7;;0,025949458;0,127213124;0,07620044;0,151949851;;;P_score_freshwater_pred_RIVM;0,425798465;0,258898599;;;M_score_pred_Dashboard;0,488186489;0,413217962;E_score_max;0,52;0,455926593;1;;;0,327080344;1;0,151949851;0,5;0,316104037;0,75;0,151949851;0,25;0,253320143;0,75;0.00;PM;;;3
Salbutamol;18559-94-9;242-424-0;NDAUXUAQIAJITI-UHFFFAOYSA-N;CC(C)(C)NCC(C1=CC(=C(C=C1)O)CO)O;DTXSID5021255;2083;PRO-393;NS00000415;REACH-A;FALS;vPvM & PMT;MQ;vPvM & PMT;FALS;FALS;;;FALS;FALS;FALS;FALS;FALS;FALS;FALS;FALS;FALS;FALS;FALS;FALS;FALS;FALS;FALS;FALS;FALS;FALS;;;;CERT;FALS;FALS;FALS;FALS;FALS;FALS;FALS;FALS;FALS;FALS;FALS;FALS;FALS;FALS;FALS;FALS;FALS;FALS;FALS;FALS;FALS;FALS;FALS;FALS;P-PNEC pred;239,315;;0,565;;8,63;0,06;0,388;2,029383778;-1,0135;71,52163562;21,42543372;6,76;19;;;0,9;;17,13347;0,89;0,59;0,04;0,08;>10 to < 100 tonnes;10;100;0;0;0;0;0;0;0;0;0;0;0;0;0;0;0;0;0;0;1;0;0;0;0;0;0;0;0;1;0;0;0;0;0;0;0;0;0;0;0;0;0;0;0;0;0;0;0;0;0;0;0;1;0;0;0;0;0;0;0;0;0;0;0;0;0;0,122843248;0,146740706;0,574512175;;;0,681888;0,889809727;0,494908355;FALS;0;0;0;0;257,6;low ;0,264;5070;low ;0,472;1720;low ;0,669;0,225509112;0,02400939;0,082341819;0,037850398;0,301555246;;;P_score_freshwater_pred_Dashboard;0,574512175;0,281365376;M_score_exp_UBA;0,681888;M_score_pred_Episuite;0,889809727;0,688868694;kemi_score;0,59;0,714987078;1;0,681888;0,5;0,440254244;1;0,518058075;1;0,60860893;1;0,567749352;0,75;0,477574357;1;0.00;vPvM;PM;PM;1
sodium (4,6-dimethoxypyrimidin-2-yl)({[3-(2,2,2-trifluoroethoxy)pyridin-2-yl]sulfonyl}carbamoyl)azanide;199119-58-9;688-332-8;UFEIWEXHHOXPGP-UHFFFAOYSA-M;COC1=CC(=NC(=N1)NC(=O)[N-]S(=O)(=O)C2=C(C=CC=N2)OCC(F)(F)F)OC.[Na+];DTXSID8040222;23676736;PRO-394;NS00078217;REACH-A;CERT;vPvM & PMT;HQ;vPvM & PMT;FALS;FALS;;;FALS;FALS;FALS;FALS;FALS;FALS;FALS;FALS;FALS;FALS;FALS;FALS;FALS;FALS;FALS;FALS;FALS;FALS;;;;FALS;FALS;CERT;FALS;FALS;FALS;FALS;FALS;FALS;FALS;CERT;FALS;FALS;FALS;FALS;FALS;FALS;FALS;FALS;FALS;FALS;FALS;FALS;FALS;FALS;P-PNEC;459,33;;1,42;;9,51;0,0562;0,0138;1,889861721;;107,7700726;;2,57;;408;115;1,4;;1,013960371;;;0,09;0,18;>10 to < 100 tonnes;10;100;0;0;0;0;0;0;0;0;0;0;0;0;0;0;0;0;0;0;0;0;0;0;0;0;0;1;0;0;0;0;0;0;0;0;0;0;0;0;0;0;0;0;0;0;0;0;0;0;0;0;0;0;0;0;0;0;0;0;0;0;0;0;0;0;0;;;0,731291418;0,802010982;0,317365966;0,602498941;;0,519076245;FALS;0;0;0;0;137,6;low ;0,178;2920;low ;0,187;758,6;low ;0,227;0,498494759;0,030313406;0,105399587;0,05315049;0,562317799;P_score_soil_exp_UBA;0,802010982;P_score_soil_exp_UBA;0,802010982;0,616889455;M_score_exp_UBA;0,602498941;M_score_exp_UBA;0,602498941;0,560787593;E_score_max;0,18;0,695133633;1;0,695133633;1;0,588170003;1;0,562317799;0,5;0,64769838;0,75;0,64769838;0,75;0,57942317;0,75;0.00;PM;PM;PM;2
Sodium [2-[(2,6-dichlorophenyl)amino]phenyl]acetate;15307-79-6;239-346-4;KPHWPUGNDIVLNH-UHFFFAOYSA-M;C1=CC=C(C(=C1)CC(=O)O)NC2=C(C=CC=C2Cl)Cl;DTXSID3037208;5018304;PRO-395;NS00077139;REACH-B;FALS;vPvM & PMT;MQ;vPvM & PMT;FALS;FALS;;;FALS;FALS;FALS;FALS;FALS;FALS;FALS;FALS;FALS;FALS;FALS;FALS;FALS;FALS;FALS;FALS;FALS;FALS;;;;CERT;CERT;FALS;FALS;FALS;FALS;FALS;FALS;FALS;FALS;FALS;FALS;FALS;FALS;FALS;FALS;FALS;FALS;FALS;FALS;FALS;FALS;FALS;FALS;FALS;P-PNEC;318,13;0,7;2,45;;9,3;;0,00193;3,759667845;2,6071;107,7700726;62,16125452;3,55;226;;;;0,7;0,600210728;;;0;0;;;;0;0;0;0;0;0;0;0;0;0;0;0;0;0;0;0;0;0;1;0;0;0;0;0;0;0;0;0;0;0;0;0;0;0;0;0;0;0;0;0;0;0;0;0;0;0;0;0;0;0;0;1;0;0;0;0;0;0;0;0;0;0;0;0;0;0,906118567;0,515119148;0,731291418;;;;0,396323023;0,227987699;FALS;0;0;0;0;59,4;low ;0,688;163,3;low ;0,697;148,4;low ;0,7;0,555198168;0,098590372;0,145072079;0,102345225;0,657893503;;;P_score_freshwater_pred_UBA;0,906118567;0,717509711;;;M_score_pred_Episuite;0,396323023;0,312155361;E_score_min;0;0,599262588;1;;;0,473259446;1;0,657893503;0,5;0,618201389;0,75;0,657893503;0,25;0,528183374;0,75;0.00;PM(T);(T);PM(T);
Sodium 1-amino-9,10-dihydro-4-[5-[(2-hydroxyethyl)sulphamoyl]-3,4-xylidino]-9,10-dioxoanthracene-2-sulphonate;25797-81-3;247-269-2;MHHGZCMFNNAVCQ-UHFFFAOYSA-M;CC1=CC(=CC(=C1C)S(=O)(=O)NCCO)NC2=CC(=C(C3=C2C(=O)C4=CC=CC=C4C3=O)N)S(=O)(=O)[O-].[Na+];DTXSID00885314;23689115;PRO-396;NS00082774;REACH-A;CERT;vPvM;HQ;vPvM;FALS;FALS;;;FALS;FALS;FALS;FALS;FALS;FALS;FALS;FALS;FALS;FALS;FALS;FALS;FALS;FALS;FALS;CERT;CERT;CERT;Construction and building materials;Dye;Dye;FALS;FALS;FALS;CERT;FALS;CERT;CERT;FALS;FALS;FALS;CERT;CERT;FALS;FALS;CERT;FALS;FALS;FALS;FALS;FALS;FALS;FALS;CERT;FALS;FALS;;567,56;;1,15;;9,53;;0,0107;2,041392685;0,6639;1652,426347;151,0709666;4,47;1103;;;1,5;;;0,72;;0,15;0,29;>10 to < 100 tonnes;10;100;0;0;0;0;0;0;0;0;0;0;0;0;0;0;0;0;0;0;0;0;0;0;0;0;0;0;0;0;0;0;0;0;1;0;0;0;0;0;0;0;0;0;0;0;0;0;1;0;0;0;0;0;0;0;0;0;0;0;0;0;0;0;0;0;0;0,993153497;0,829002115;0,996557642;;;0,585786438;0,716286225;0,492827686;FALS;0;0;0;0;345,5;low ;0;12610;low ;0,282;1070;low ;0;;0,016291036;0,073206399;0,046115927;0,004594072;;;P_score_freshwater_pred_Dashboard;0,996557642;0,939571085;M_score_exp_UBA;0,585786438;M_score_pred_Episuite;0,716286225;0,598300116;E_score_max;0,29;0,844878992;1;0,585786438;0,5;0,749763622;1;0,057512885;1;0,220434634;1;0,124668444;0,75;0,207656131;1;0.00;vPvM;PM;vPvM;
Sodium 2,2,2-trifluoroethanolate;420-87-1;206-998-6;MSGMXYUAWZYTFC-UHFFFAOYSA-N;C(C(F)(F)F)O;DTXSID4059960;23677971;PRO-397;NS00043250;REACH-B;FALS;vPvM & PMT;MQ;vPvM & PMT;FALS;FALS;;;FALS;FALS;FALS;FALS;FALS;FALS;FALS;FALS;FALS;FALS;FALS;FALS;FALS;FALS;FALS;FALS;FALS;FALS;;;;CERT;FALS;FALS;FALS;FALS;FALS;CERT;FALS;FALS;FALS;FALS;FALS;FALS;FALS;FALS;FALS;FALS;FALS;FALS;FALS;FALS;FALS;FALS;FALS;FALS;P-PNEC pred;122,022;;-0,367;;2,65;;4,03;1,120573931;0,7404;244,6919323;32,09790245;3,63;52;;;;0,4;124,5629628;;0,36;0;0;;;;0;0;0;0;0;0;0;0;0;0;0;0;0;0;0;0;0;0;0;0;1;0;0;0;0;0;0;1;0;0;0;0;0;0;0;0;0;0;0;0;0;0;0;0;0;0;0;0;0;0;0;1;0;0;0;0;0;0;0;0;0;0;0;0;0;0,43914506;0,255518837;0,917054554;;;;0,705387879;0,647843095;FALS;0;0;0;0;2070;low ;0;2990;low ;0,378;7100;low ;0;0,109545801;0,030012443;0,035027358;0,020810687;0,117082168;;;P_score_freshwater_pred_Dashboard;0,917054554;0,537239483;;;M_score_pred_Episuite;0,705387879;0,676615487;kemi_score;0,36;0,804287987;1;;;0,602913389;1;0,117082168;0,5;0,423095079;0,75;0,117082168;0,25;0,34914048;0,75;2.00;vPvM;;PM;2
sodium 2-methyl-2-({3-[(3,3,4,4,5,5,6,6,7,7,8,8,8-tridecafluorooctyl)thio]propanoyl}amino)propane-1-sulfonate;62880-93-7;811-522-0;OPDUAVPSWRKEKZ-UHFFFAOYSA-M;CC(C)(CS(=O)(=O)[O-])NC(=O)CCSCCC(C(C(C(C(C(F)(F)F)(F)F)(F)F)(F)F)(F)F)(F)F.[Na+];DTXSID50892331;88717333;PRO-398;NS00110674;REACH-A;FALS;vPvM;HQ;PM;FALS;FALS;;;FALS;FALS;FALS;FALS;FALS;FALS;FALS;FALS;FALS;FALS;FALS;FALS;FALS;FALS;FALS;CERT;FALS;FALS;;Fire extinguishing agent;;FALS;FALS;CERT;FALS;CERT;FALS;FALS;FALS;FALS;FALS;CERT;FALS;CERT;FALS;FALS;CERT;FALS;FALS;FALS;FALS;FALS;FALS;FALS;FALS;FALS;P-PNEC;609,39;;3,84;;9,17;;0,000327;4,829946696;;87,35672301;;25,1;7198;;;;1,1;0,491128711;;;0,12;0,23;>10 to < 100 tonnes;10;100;1;0;0;0;0;0;0;1;0;0;0;0;0;0;0;0;0;0;0;0;0;0;0;0;0;0;0;0;0;0;0;0;0;0;0;0;0;0;0;0;0;1;0;0;0;0;0;0;0;0;0;0;0;0;0;0;0;0;0;0;0;0;0;0;0;0,999720938;;0,655247715;;;;;0,123297284;FALS;0;0;0;0;154,5;low ;0,157;0,4;low ;0;914,9;low ;0;0,576593469;0,598192625;0,10074913;0,049201707;0,648018053;;;P_score_freshwater_pred_UBA;0,999720938;0,827484327;;;M_score_pred_Dashboard;0,123297284;0,123297284;E_score_max;0,23;0,351088132;1;;;0,319415983;1;0,648018053;0,5;0,430665221;0,75;0,648018053;0,25;0,404358705;0,75;1.00;PM(T);(T);(T);
Sodium 2-methyl-2-[(1-oxoallyl)amino]propanesulphonate;5165-97-9;225-948-4;FWFUWXVFYKCSQA-UHFFFAOYSA-M;CC(C)(CS(=O)(=O)[O-])NC(=O)C=C.[Na+];DTXSID2027591;23665719;PRO-399;NS00100149;REACH-A;CERT;vPvM;MQ;vPvM;FALS;FALS;;;FALS;FALS;FALS;FALS;FALS;FALS;FALS;FALS;FALS;FALS;FALS;FALS;FALS;FALS;FALS;FALS;FALS;FALS;not reported;"Anti-scaling agent; Intermediate; Intermediates; Monomers; Other (specify); Surface active agents";"Other (specify); Surface active agents";CERT;CERT;FALS;FALS;FALS;FALS;CERT;FALS;FALS;FALS;CERT;FALS;FALS;FALS;FALS;FALS;FALS;FALS;FALS;FALS;FALS;FALS;FALS;FALS;FALS;P-PNEC;229,23;;-2,5;;7,96;;0,273;1,260071388;-0,3118;107,7700726;29,55552137;6,17;33;;;;-2,7;2,777705968;;;0,44;0,54;>10000 to < 100000 tonnes;10000;100000;0;0;0;0;0;0;0;1;0;0;0;0;0;0;0;0;0;0;1;1;0;0;0;0;1;0;0;1;0;0;1;0;1;0;0;1;0;1;0;0;0;0;0;0;0;0;0;0;0;0;1;1;0;0;0;0;0;0;0;0;0;0;0;0;0;0,264636236;0,229619585;0,731291418;;;;0,832356014;0,625481237;FALS;0;0;0;0;2340;low ;0,194;2690;low ;0,369;13800;low ;0,434;0,390862956;0,031378461;0,033271521;0,015675154;0,396253043;;;P_score_freshwater_pred_Dashboard;0,731291418;0,408515747;;;M_score_pred_Episuite;0,832356014;0,728918626;E_score_max;0,54;0,780188958;1;;;0,545687398;1;0,396253043;0,5;0,62247809;0,75;0,396253043;0,25;0,490478701;0,75;0.00;vPvM;;PM;
Sodium 3-(allyloxy)-2-hydroxypropanesulphonate;52556-42-0;258-004-5;CJGJYOBXQLCLRG-UHFFFAOYSA-M;C=CCOCC(CS(=O)(=O)[O-])O.[Na+];DTXSID6028028;23677323;PRO-400;NS00100057;REACH-A;CERT;vPvM;MQ;vPvM;FALS;FALS;;;FALS;FALS;FALS;FALS;FALS;FALS;FALS;FALS;FALS;FALS;FALS;FALS;FALS;FALS;FALS;FALS;FALS;FALS;;"Flocculating agent; Intermediates; Monomers";"Dispersing agent; Other";FALS;CERT;FALS;FALS;FALS;FALS;CERT;FALS;FALS;FALS;CERT;FALS;FALS;FALS;FALS;FALS;FALS;FALS;FALS;FALS;FALS;FALS;FALS;FALS;FALS;P-PNEC;218,2;;-2,35;;7,84;;1,54;1,198657087;-1,1589;71,52163562;12,47845697;4,9;34;;;;-1,5;16,76929267;0,9;0,49;0,33;0,44;>100 to < 1000 tonnes;100;1000;0;0;0;0;0;0;0;0;0;0;0;0;0;0;0;0;0;0;0;0;0;0;0;0;0;0;0;0;0;0;0;0;0;0;0;0;0;0;0;0;0;0;0;0;0;1;0;0;0;0;0;0;0;0;0;0;0;0;0;0;0;0;0;0;0;0,274686182;0,063893273;0,574512175;;;;0,899310119;0,635398777;FALS;0;0;0;0;1760;low ;0,197;2990;low ;0,376;8890;low ;0,443;0,227142915;0,030012443;0,037488469;0,018911328;0,233683998;;;P_score_freshwater_pred_Dashboard;0,574512175;0,304363877;;;M_score_pred_Episuite;0,899310119;0,767354448;kemi_score;0,49;0,718793859;1;;;0,483275258;1;0,458601786;1;0,574142968;1;0,458601786;0,5;0,470776907;1;2.00;vPvM;;PM;
Sodium 4-[[3-(acetylamino)phenyl]amino]-1-amino-9,10-dihydro-9,10-dioxoanthracene-2-sulphonate;70571-81-2;274-675-7;MIBVDSFVCOIWCC-UHFFFAOYSA-M;CC(=O)NC1=CC=CC(=C1)NC2=CC(=C(C3=C2C(=O)C4=CC=CC=C4C3=O)N)S(=O)(=O)O;DTXSID4036485;23673673;PRO-401;NS00019623;REACH-A;FALS;vPvM;HQ;PM;FALS;FALS;;;FALS;FALS;FALS;FALS;FALS;FALS;FALS;FALS;FALS;FALS;FALS;FALS;FALS;FALS;FALS;CERT;CERT;CERT;;Dye;Dye;FALS;FALS;FALS;CERT;FALS;CERT;FALS;FALS;FALS;FALS;CERT;CERT;FALS;FALS;CERT;FALS;FALS;FALS;FALS;FALS;FALS;FALS;CERT;FALS;FALS;P-PNEC pred;473,43;;0,951;;9,5;;0,000714;1,980003372;1,5235;2344,904605;114,1610894;11,5;751;;;2,5;;0,01547;0,58;0,57;0,15;0,29;>10 to < 100 tonnes;10;100;0;0;0;0;0;0;0;0;0;0;0;0;0;0;0;0;0;0;0;0;0;1;0;0;0;0;0;0;0;0;0;0;1;0;0;0;0;0;0;0;0;0;0;0;0;0;1;0;0;0;0;0;0;0;0;0;0;0;0;0;0;0;0;0;0;0,986875193;0,750198345;0,998104697;;;0,414213562;0,58182863;0,503465096;FALS;0;0;0;0;233,1;low ;0,191;252,6;low ;0,492;683,4;low ;0,7;0,859423463;0,08298733;0,085681482;0,055478915;0,862713295;;;P_score_freshwater_pred_Dashboard;0,998104697;0,911726078;M_score_exp_UBA;0,414213562;M_score_pred_Episuite;0,58182863;0,499835763;kemi_score;0,57;0,762053731;1;0,414213562;0,5;0,675065404;1;0,707370986;1;0,734203445;1;0,591797237;0,75;0,691029435;1;0.00;vPvM(T);PM(T);PM(T);4
Sodium 6-amino-4-hydroxy-5-[[2-(trifluoromethyl)phenyl]azo]naphthalene-2-sulphonate;67786-14-5;267-090-3;GVCNKWIFAPJNDM-UHFFFAOYSA-M;Nc1ccc2cc(cc(O)c2c1N=Nc1ccccc1C(F)(F)F)S(=O)(=O)O;DTXSID2044713;135565106;PRO-402;NS00020962;REACH-B;FALS;vPvM;HQ;vPvM;FALS;FALS;;;FALS;FALS;FALS;FALS;FALS;FALS;FALS;FALS;FALS;FALS;FALS;FALS;FALS;FALS;FALS;CERT;CERT;CERT;Construction and building materials;;;FALS;CERT;FALS;CERT;FALS;CERT;CERT;FALS;FALS;FALS;CERT;CERT;FALS;FALS;CERT;FALS;FALS;FALS;FALS;FALS;FALS;FALS;CERT;FALS;FALS;P-PNEC pred;433,34;;1,89;;9,29;;0,00478;2,710117365;1,6944;34,81331749;266,3619198;7,24;784;;;;-2;0,62388;0,55;0,52;0,04;0,14;>1 to < 10 tonnes;1;10;0;0;0;0;0;0;0;0;0;0;0;0;0;0;0;0;0;1;0;0;0;1;0;0;1;0;0;0;0;0;1;0;1;0;0;0;0;0;0;0;0;0;0;0;0;0;1;1;1;1;0;0;0;0;1;0;0;0;0;0;0;0;0;0;0;0,987794092;0,927442141;0,282810472;;;;0,552759315;0,379371709;FALS;0;0;0;0;46,9;low ;0,193;31,3;low ;0,509;664,8;low ;0;0,551046267;0,183091011;0,158267871;0,056110242;0,574226496;;;P_score_freshwater_pred_UBA;0,987794092;0,732682235;;;M_score_pred_Episuite;0,552759315;0,466065512;kemi_score;0,52;0,738926509;1;;;0,584361122;1;0,561982716;1;0,64440975;1;0,561982716;0,5;0,573062693;1;0.00;vPvM;;PM;
Sodium bis[4-[(4,5-dihydro-3-methyl-5-oxo-1-phenyl-1H-pyrazol-4-yl)azo]-3-hydroxy-N,N-dimethylbenzene-1-sulphonamidato(2-)]chromate(1-);75214-69-6;278-137-2;;CC1=C(C(=O)N(N1)C2=CC=CC=C2)N=NC3=C(C=C(C=C3)S(=O)(=O)N(C)C)O;DTXSID40904932;136160693;PRO-403;;REACH-B;FALS;vPvM;HQ;vPvM;FALS;FALS;;;FALS;FALS;FALS;FALS;FALS;FALS;FALS;FALS;FALS;FALS;FALS;FALS;FALS;FALS;FALS;CERT;FALS;CERT;;;;FALS;FALS;FALS;CERT;FALS;CERT;FALS;FALS;FALS;FALS;CERT;CERT;FALS;FALS;CERT;FALS;FALS;FALS;FALS;FALS;FALS;FALS;CERT;FALS;FALS;;873,84;;7,27;;6;;5,34E-05;4,92992956;;58,55696259;;79,4;3351;;;;-1,3;;;;0,04;0,14;>1 to < 10 tonnes;1;10;0;0;0;0;0;0;0;0;0;0;0;0;0;0;0;0;0;0;0;0;0;0;0;0;0;0;0;0;0;0;0;0;1;0;0;0;0;0;0;0;0;0;0;0;0;0;1;0;0;0;0;0;0;0;0;0;0;0;0;0;0;0;0;0;0;0,998969622;;0,489597175;;;;;0,115999432;FALS;0;0;0;0;213,9;low ;0,194;2210;low ;0,212;1090;low ;0,53;;0,034079277;0,088651632;0,045763422;0,04796422;;;P_score_freshwater_pred_UBA;0,998969622;0,744283399;;;M_score_pred_Dashboard;0,115999432;0,115999432;E_score_max;0,14;0,340411381;1;;;0,293830651;1;0,04796422;0,5;0,177136683;0,75;0,04796422;0,25;0,160584587;0,75;1.00;PM;;;
Sodium N-chlorobenzenesulphonamide;127-52-6;204-847-9;KDNCILYKSYKEFJ-UHFFFAOYSA-N;C1=CC=C(C=C1)S(=O)(=O)[N-]Cl.[Na+];DTXSID6041763;4347343;PRO-404;NS00041570;REACH-A;CERT;vPvM & PMT;MQ;vPvM & PMT;FALS;FALS;;;FALS;FALS;FALS;FALS;FALS;FALS;FALS;FALS;FALS;FALS;FALS;FALS;FALS;FALS;FALS;CERT;CERT;FALS;;;;CERT;CERT;FALS;FALS;CERT;FALS;FALS;FALS;FALS;CERT;CERT;FALS;CERT;CERT;FALS;CERT;CERT;FALS;FALS;FALS;FALS;FALS;FALS;FALS;FALS;P-PNEC pred;213,61;;0,0777;;7,41;;0,352;1,840106094;1,247;219695,9887;22,92154793;2,29;53;;;;0,1;45,29059128;0,63;0,5;0,25;0,38;>100 to < 1000 tonnes;100;1000;0;0;0;0;0;0;1;0;0;0;0;0;0;0;0;0;0;0;0;0;0;0;0;0;0;0;0;0;0;0;0;0;1;1;0;1;0;0;0;0;0;0;0;0;0;0;0;0;0;0;0;0;0;0;0;0;0;0;0;0;0;0;0;0;0;0,447180457;0,161784973;0,999999191;;;;0,627601251;0,527679176;FALS;0;0;0;0;663,9;low ;0,263;1660;low ;0;7080;low ;0,352;0,160298605;0,038415993;0,05614141;0,020835666;0,185305413;;;P_score_freshwater_pred_Dashboard;0,999999191;0,536321541;;;M_score_pred_Episuite;0,627601251;0,577640213;kemi_score;0,5;0,792212562;1;;;0,556597601;1;0,341675885;1;0,520269092;1;0,341675885;0,5;0,436091708;1;0.00;vPvM;;PM;3
sodium trifluoromethanesulfinate;2926-29-6;678-523-4;KAVUKAXLXGRUCD-UHFFFAOYSA-M;C(F)(F)(F)S(=O)O;DTXSID50635644;23690734;PRO-405;;REACH-B;FALS;vPvM;MQ;vPvM;FALS;FALS;;;FALS;FALS;FALS;FALS;FALS;FALS;FALS;FALS;FALS;FALS;FALS;FALS;FALS;FALS;FALS;FALS;FALS;FALS;;;;FALS;FALS;FALS;FALS;FALS;FALS;FALS;FALS;FALS;FALS;FALS;FALS;FALS;FALS;FALS;FALS;FALS;FALS;FALS;FALS;FALS;FALS;FALS;FALS;FALS;;156,05;;-0,404;;4,31;;2,15;1,380211242;;96,54410977;;5,37;87;;;;-7,9;;;;0;0;;;;0;0;0;0;0;0;0;0;0;0;0;0;0;0;0;0;0;0;0;0;0;0;0;0;0;0;0;0;0;0;0;0;0;0;0;0;0;0;0;0;0;0;0;0;0;0;0;0;0;0;0;1;0;0;0;0;0;0;0;0;0;0;0;0;0;0,65366582;;0,692777862;;;;;0,605779302;FALS;0;0;0;0;2620;low ;0,191;1450;low ;0,218;16150;low ;0;;0,040645677;0,031728374;0,014655545;0,01486718;;;P_score_freshwater_pred_Dashboard;0,692777862;0,673221841;;;M_score_pred_Dashboard;0,605779302;0,605779302;E_score_min;0;0,647819797;1;;;0,638610881;1;0,01486718;0,5;0,18409656;0,75;0,01486718;0,25;0,182347749;0,75;2.00;PM;;PM;2
STI571 F8;;465-100-2;;CC(C)(C)CC(C)(C)c1cc(n2nc3ccccc3n2)c(O)c(c1)C(C)(C)c1ccccc1;;;PRO-406;;REACH-B;FALS;vPvM;HQ;vPvM;FALS;FALS;;;FALS;FALS;FALS;FALS;FALS;FALS;FALS;FALS;FALS;FALS;FALS;FALS;FALS;FALS;FALS;FALS;FALS;FALS;;;;FALS;FALS;FALS;FALS;FALS;FALS;FALS;FALS;FALS;FALS;FALS;FALS;FALS;FALS;FALS;FALS;FALS;FALS;FALS;FALS;FALS;FALS;FALS;FALS;FALS;;;;;;;;;;;;;;1035;;;;-3,4;;;;;;;;;0;0;0;0;0;0;0;0;0;0;0;0;0;0;0;0;0;0;0;0;0;0;0;0;0;0;0;0;0;0;0;0;0;0;0;0;0;0;0;0;0;0;0;0;0;0;0;0;0;0;0;0;0;0;0;0;0;0;0;0;0;0;0;0;0;0,992372717;;;;;;;;CERT;0;0;0;0;151;low ;0;183,9;low ;0,203;154,2;low ;0,244;;0,094099075;0,101654316;0,100825631;0,043233626;;;P_score_freshwater_pred_UBA;0,992372717;0,992372717;;;;;;;;0,992372717;0,5;;;0,992372717;0,5;0,043233626;0,5;0,207132497;0,5;0,043233626;0,25;0,207132497;0,5;;vPvM;;vPvM;3
Sulfadiazine;68-35-9;200-685-8;SEEPANYCNGTZFQ-UHFFFAOYSA-N;C1=CN=C(N=C1)NS(=O)(=O)C2=CC=C(C=C2)N;DTXSID7044130;5215;PRO-407;NS00000198;REACH-B;FALS;vPvM & PMT;MQ;vPvM & PMT;FALS;FALS;;;FALS;FALS;FALS;FALS;FALS;FALS;FALS;FALS;FALS;FALS;FALS;FALS;FALS;FALS;FALS;FALS;FALS;FALS;;;;CERT;FALS;FALS;FALS;FALS;FALS;FALS;FALS;FALS;FALS;FALS;FALS;FALS;FALS;FALS;FALS;FALS;FALS;FALS;FALS;FALS;FALS;FALS;FALS;FALS;EQS water (=AA-EQS);250,28;-0,09;-0,154;;9,13;0,00034;0,0299;2,06069784;1,392;29,66595227;40,09234041;2,95;185;;;0,3;;4,6;0,6;0,69;0;0;;;;1;0;0;0;0;0;0;0;0;0;0;0;0;0;0;0;0;0;1;0;0;0;0;0;0;0;0;0;0;0;0;0;0;0;0;0;0;0;0;0;0;0;0;0;0;0;0;0;0;0;0;1;0;0;0;0;0;0;0;0;0;0;0;0;0;0,87268707;0,334209881;0,230749318;;;0,764651037;0,603826219;0,489483417;FALS;0;0;0;0;209,6;low ;0,201;660,6;low ;0,262;1390;low ;0,478;0,340120375;0,056256195;0,089366772;0,041367399;0,354240732;;;P_score_freshwater_pred_UBA;0,87268707;0,479215423;M_score_exp_UBA;0,764651037;M_score_exp_UBA;0,764651037;0,619320224;kemi_score;0,69;0,816884982;1;0,764651037;0,5;0,544782345;1;0,461025422;1;0,613681304;1;0,545721432;0,75;0,501157171;1;0.00;vPvM;vPvM;PM;
Sulfadimidine;57-68-1;200-346-4;ASWVTGNCAZCNNR-UHFFFAOYSA-N;Cc1cc(C)nc(NS(=O)(=O)c2ccc(N)cc2)n1;DTXSID6021290;5327;PRO-408;NS00000199;REACH-B;FALS;vPvM;MQ;vPvM;FALS;FALS;;;FALS;FALS;FALS;FALS;FALS;FALS;FALS;FALS;FALS;FALS;FALS;FALS;FALS;FALS;FALS;FALS;FALS;FALS;;;;CERT;FALS;FALS;FALS;FALS;FALS;FALS;FALS;FALS;FALS;FALS;FALS;FALS;FALS;FALS;FALS;FALS;FALS;FALS;FALS;FALS;FALS;FALS;FALS;FALS;P-PNEC pred;278,33;0,19;0,549;;9,26;0,00468;0,0119;2,161368002;1,5469;29,66595227;60,59279641;1,62;211;;;0,7;;1,11528;0,58;0,42;0;0;;;;0;0;0;0;0;0;0;0;0;0;0;0;0;0;0;0;0;0;0;0;0;0;0;0;0;0;0;0;0;0;0;0;0;0;0;0;0;0;0;0;0;0;0;0;0;0;0;0;0;0;0;1;0;0;0;0;0;0;0;0;0;0;0;0;0;0,895643885;0,504201646;0,230749318;;;0,711173721;0,577877167;0,472066173;FALS;0;0;0;0;332,1;low ;0,203;3640;low ;0,259;1670;low ;0,397;0,488156237;0,027622824;0,074380538;0,038319754;0,495785281;;;P_score_freshwater_pred_UBA;0,895643885;0,543531616;M_score_exp_UBA;0,711173721;M_score_exp_UBA;0,711173721;0,58703902;kemi_score;0,42;0,798096732;1;0,711173721;0,5;0,564866593;1;0,536241982;1;0,654196433;1;0,589158898;0,75;0,550368223;1;0.00;vPvM;vPvM;PM;3
Sulisobenzone;4065-45-6;223-772-2;CXVGEDCSTKKODG-UHFFFAOYSA-N;COc1cc(O)c(C(=O)c2ccccc2)cc1S(=O)(=O)O;DTXSID2042436;19988;PRO-409;NS00009581;REACH-A;CERT;PMT;HQ;PMT;FALS;FALS;;;FALS;FALS;FALS;FALS;FALS;FALS;FALS;FALS;FALS;FALS;FALS;FALS;FALS;FALS;FALS;CERT;CERT;CERT;"Personal care; Personal care -> body care set; Personal care -> body hygiene -> bar soap; Personal care -> body hygiene -> body wash; Personal care -> body hygiene -> hand sanitizer; Personal care -> body hygiene -> hand soap; Personal care -> child specific; Personal care -> eye care and contacts -> eye cream; Personal care -> fragrance; Personal care -> general moisturizing; Personal care -> general moisturizing -> hand/body lotion; Personal care -> hair styling and care; Personal care -> hair styling and care -> hair conditioner; Personal care -> hair styling and care -> hair conditioner - leave-in; Personal care -> hair styling and care -> hair relaxer; Personal care -> hair styling and care -> hair spray; Personal care -> hair styling and care -> hair styling; Personal care -> hair styling and care -> scalp treatment; Personal care -> hair styling and care -> shampoo; Personal care -> hair styling and care -> shampoo - dandruff; Personal care -> shaving and hair removal -> shaving cream; Personal care -> specialized bath products -> bath salts; Personal care -> specialized bath products -> bubble bath; UV stabilizer; fragrance; fragrance component; personal care; sunscreen agent; ultraviolet light absorber; uv absorber; uv filter; uv inhibitor";"Antioxidant; UV stabilizer";Other (specify);CERT;CERT;FALS;CERT;CERT;CERT;CERT;FALS;FALS;CERT;CERT;CERT;CERT;CERT;CERT;CERT;FALS;FALS;FALS;FALS;FALS;CERT;CERT;CERT;FALS;P-PNEC pred;308,3;;1,14;;9,22;0,811;0,441;2,260071388;1,5481;29,66595227;30,10837764;4,27;2500;;;2;;3,51772;0,58;0,71;0,26;0,39;>100 to < 1000 tonnes;100;1000;1;0;0;1;0;0;0;1;0;0;0;0;0;0;0;0;0;0;0;0;1;1;0;0;1;0;0;1;0;1;0;0;1;1;0;0;0;1;0;0;0;0;1;0;0;0;1;0;1;0;0;0;1;0;0;0;0;0;0;0;0;0;1;0;0;0,998300918;0,235271932;0,230749318;;;0,5;0,577674254;0,45505471;FALS;0;0;0;0;297;low ;0,27;2660;low ;0,574;1460;moderate ;0,85;0,366732258;0,031526837;0,07779026;0,040529446;0,37700756;;;P_score_freshwater_pred_UBA;0,998300918;0,48810739;M_score_exp_UBA;0,5;M_score_pred_Episuite;0,577674254;0,510909655;kemi_score;0,71;0,759402883;1;0,5;0,5;0,499378392;1;0,467615638;1;0,595909946;1;0,478170397;0,75;0,483236117;1;0.00;vPvM;PM;PM;
tert-butyl acetate;540-88-5;208-760-7;WMOVHXAZOJBABW-UHFFFAOYSA-N;CC(=O)OC(C)(C)C;DTXSID1022055;10908;PRO-410;NS00005482;REACH-A;CERT;vPvM;HQ;vPvM;FALS;FALS;;;FALS;FALS;FALS;FALS;FALS;FALS;FALS;FALS;FALS;FALS;FALS;FALS;FALS;FALS;FALS;FALS;FALS;FALS;"Home maintenance -> paint/stain and related products; solubilizer; solvent; solvent; surfactant";"Adhesives and sealant chemicals; Not Known or Reasonably Ascertainable; Other; Other (specify); Paint additives and coating additives not described by other categories; Solvent; Solvents (which become part of product formulation or mixture)";"Adhesives and sealant chemicals; Not Known or Reasonably Ascertainable; Other (specify); Paint additives and coating additives not described by other categories; Solvent; Solvents (for cleaning or degreasing); Solvents (which become part of product formulation or mixture)";CERT;CERT;FALS;FALS;FALS;FALS;CERT;FALS;FALS;FALS;CERT;FALS;FALS;FALS;FALS;FALS;FALS;FALS;FALS;FALS;FALS;FALS;FALS;FALS;FALS;P-PNEC pred;116,16;1,76;1,67;;3,09;0,0721;0,082;1,42975228;1,833;96,54410977;19,88293684;3,09;648;;;0,8;;22,50278;0,53;0,85;0,22;0,33;>100 to < 1000 tonnes;100;1000;0;0;0;0;0;0;0;0;0;0;0;0;0;0;0;0;0;0;1;0;0;0;1;0;0;0;0;0;0;0;0;0;0;0;0;0;0;0;0;0;0;0;0;0;0;0;0;0;0;0;1;1;0;0;0;0;0;0;0;0;0;0;0;0;0;0,983174003;0,131458341;0,692777862;;;0,696730455;0,528906624;0,59754964;FALS;0;0;0;0;35160;low ;0,7;13190;moderate ;0,85;18550;moderate ;0,85;0,205505025;0,015980998;0,010497669;0,013811528;0,210751252;;;P_score_freshwater_pred_UBA;0,983174003;0,602470069;M_score_exp_UBA;0,696730455;M_score_exp_UBA;0,696730455;0,607728906;kemi_score;0,85;0,82765166;1;0,696730455;0,5;0,605093775;1;0,334212752;1;0,525938912;1;0,426943372;0,75;0,449699962;1;0.00;vPvM;PM;PM;
tert-butyl hydroperoxide;75-91-2;200-915-7;CIHOLLKRGTVIJN-UHFFFAOYSA-N;CC(C)(C)OO;DTXSID9024693;6410;PRO-411;NS00004543;REACH-A;FALS;vPvM & PMT;MQ;vPvM & PMT;FALS;FALS;;;FALS;FALS;FALS;FALS;FALS;FALS;FALS;FALS;FALS;FALS;FALS;FALS;FALS;FALS;FALS;FALS;FALS;FALS;"catalyst; catalyst, ethylene vinyl acetate polymer (eva)";"Chemical reaction regulator; Fuel agents; Hardener; Intermediate; Intermediates; Plasticizer; Plating agent; Solvent";"Catalyst; Fuel agents; Oxidizing agent; UV stabilizer";CERT;CERT;FALS;FALS;FALS;FALS;CERT;FALS;FALS;FALS;CERT;FALS;FALS;FALS;FALS;FALS;FALS;FALS;FALS;FALS;FALS;FALS;FALS;FALS;FALS;P-PNEC pred;90,122;;1,23;;4,05;;2,06;1,161368002;0,8154;1978,313514;23,36398093;3,98;31;;;0,3;;141,21765;0,69;0,85;0,54;0,65;>100000 to < 1000000 tonnes;100000;1000000;1;0;0;0;0;0;0;0;0;0;0;0;0;0;0;0;0;0;0;0;0;0;0;0;0;0;0;0;0;0;1;0;0;0;0;0;0;0;0;0;0;0;0;0;0;0;0;0;0;0;1;0;1;0;0;0;0;0;0;0;0;0;0;0;0;0,244366309;0,166266225;0,997467121;;;0,764651037;0,694470246;0,641365424;CERT;0;0,5;0;0;16310;low ;0,316;2480;low ;0,432;275,5;;1;0,104341598;0,032469314;0,014593846;0,080163945;0,127648733;;;P_score_freshwater_pred_Dashboard;0,997467121;0,469366551;M_score_exp_UBA;0,764651037;M_score_exp_UBA;0,764651037;0,700162236;kemi_score;0,85;0,873335141;1;0,764651037;0,5;0,573264977;1;0,296778748;1;0,50910442;1;0,406858094;0,75;0,41247165;1;2.00;vPvM;vPvM;PM;2
tert-butyl methyl ether;1634-04-4;216-653-1;BZLVMXJERCGZMT-UHFFFAOYSA-N;CC(C)(C)OC;DTXSID3020833;15413;PRO-412;NS00008307;REACH-C;CERT;vPvM & PMT;MQ;vPvM & PMT;FALS;FALS;;;FALS;FALS;FALS;FALS;FALS;FALS;FALS;FALS;FALS;FALS;FALS;FALS;FALS;FALS;FALS;CERT;CERT;CERT;"Laboratory supplies; Landscape/yard -> herbicide; Vehicle -> engine maintenance -> auto fluids and additives; Vehicle -> engine maintenance -> motor oil; flavouring; solvent; solvent";"Fuel agents; Fuels and fuel additives; Intermediate; Intermediates; Laboratory chemicals; Not Known or Reasonably Ascertainable; Solvent; Solvents (which become part of product formulation or mixture)";"Fuel agents; Fuels and fuel additives; Intermediates; Not Known or Reasonably Ascertainable; Other (specify); Solvent; Solvents (which become part of product formulation or mixture)";CERT;CERT;FALS;CERT;CERT;CERT;CERT;FALS;FALS;CERT;CERT;CERT;CERT;CERT;FALS;CERT;CERT;FALS;CERT;CERT;CERT;FALS;FALS;FALS;FALS;EQS water (=AA-EQS);88,15;0,94;1,21;2,58;2,68;0,577;0,35;1,269512944;1,3544;1978,313514;23,56079564;1,51;;;;;1;10;0,61;0,77;0,78;0,9;>1000000 to < 10000000 tonnes;1000000;10000000;1;0;0;1;1;0;0;1;0;0;0;0;1;0;0;0;0;0;1;1;1;0;1;0;0;0;1;1;0;0;0;0;0;1;0;0;1;0;0;0;0;0;0;0;0;0;0;0;0;0;1;1;1;1;0;0;0;0;0;0;0;0;1;0;1;;0,168263635;0,997467121;;;;0,610043678;0,623946931;CERT;0;0;0;0;19640;low ;0,7;2050;;1;14180;moderate ;0,85;0,268941421;0,035170157;0,013477806;0,015494166;0,276904935;;;P_score_freshwater_pred_Dashboard;0,997467121;0,582865378;;;M_score_pred_Dashboard;0,623946931;0,616995304;E_score_max;0,9;0,788902116;1;;;0,599687586;1;0,410989064;1;0,569412102;1;0,410989064;0,5;0,496452455;1;0.00;vPvM;;PM;3
Tetrachloroethylene;127-18-4;204-825-9;CYTYCFOTNPOANT-UHFFFAOYSA-N;ClC(=C(Cl)Cl)Cl;DTXSID2021319;31373;PRO-413;NS00004674;REACH-C;CERT;vPvM & PMT;HQ;PMT;FALS;FALS;;;FALS;FALS;FALS;FALS;FALS;FALS;FALS;FALS;FALS;FALS;FALS;FALS;FALS;CERT;CERT;CERT;FALS;FALS;"Arts and crafts/office supplies -> home office -> pens and markers; Cleaning products and household care -> general household cleaning; Cleaning products and household care -> general household cleaning -> glass cleaner; Electronics/small appliances -> computers and accessories/supplies; Home maintenance -> caulk/sealant; Home maintenance -> degreaser; Home maintenance -> paint/stain and related products; Manufactured formulations; Personal care -> facial cleansing and moisturizing -> face mask; Personal care -> hair styling and care -> shampoo; Pesticides -> insecticide; Vehicle -> engine maintenance -> auto fluids and additives; Vehicle -> engine maintenance -> auto lubricant; Vehicle -> engine maintenance -> motor oil; solubilizer; solvent; solvent; solvents; surfactant";"Adhesives and sealant chemicals; Cleaning agent; Intermediate; Intermediates; Laboratory chemicals; Not Known or Reasonably Ascertainable; Processing aids not otherwise specified; Processing aids, specific to petroleum production; Refrigerants; Solvent; Solvents (for cleaning or degreasing); Solvents (which become part of product formulation or mixture)";"Adhesives and sealant chemicals; Cleaning agent; Not Known or Reasonably Ascertainable; Solvent; Solvents (for cleaning or degreasing); Solvents (which become part of product formulation or mixture)";CERT;CERT;FALS;CERT;FALS;CERT;CERT;FALS;FALS;FALS;CERT;FALS;CERT;CERT;FALS;CERT;FALS;FALS;CERT;FALS;FALS;FALS;FALS;FALS;FALS;EQS chronic water (=AA-EQS);165,82;3,4;3,16;3,48;3,51;0,00178;0,00157;2,399673721;2,9505;1193313824;82,69327799;52,5;2500;;;2,1;;10;0,34;0,84;0,58;0,69;>100000 to < 1000000 tonnes;100000;1000000;0;0;0;0;0;0;0;0;0;0;0;0;0;0;0;0;0;0;0;1;1;0;0;0;0;0;0;0;0;0;0;0;0;0;0;0;0;0;0;0;0;0;0;0;0;0;0;0;0;0;0;1;0;0;0;0;0;0;0;0;0;1;1;0;1;0,998300918;0,633764426;1;;;0,482678255;0,341001048;0,431181396;CERT;0,5;0;0;0;1150;;1;527,8;;0,7;8520;;1;0,268941421;0,061660437;0,044757858;0,019256929;0,281484153;;;P_score_freshwater_pred_Dashboard;1;0,877355115;M_score_exp_UBA;0,482678255;M_score_exp_UBA;0,482678255;0,418286899;kemi_score;0,84;0,694750499;1;0,482678255;0,5;0,605793819;1;0,30936162;1;0,463604508;1;0,35880917;0,75;0,432908024;1;0.00;PM;PM;PM;1
Tetrachlorophthalic anhydride;117-08-8;204-171-4;AUHHYELHRWCWEZ-UHFFFAOYSA-N;Clc1c(Cl)c(Cl)c2C(=O)OC(=O)c2c1Cl;DTXSID7026102;8326;PRO-414;NS00009457;REACH-A;CERT;PMT;MQ;Potential PMT/vPvM;FALS;FALS;;;FALS;FALS;FALS;FALS;FALS;FALS;FALS;FALS;FALS;FALS;FALS;FALS;FALS;FALS;FALS;FALS;FALS;CERT;Home maintenance -> adhesives and adhesive removers -> multipurpose adhesive;Flame retardants;;CERT;CERT;FALS;FALS;FALS;CERT;CERT;FALS;FALS;FALS;CERT;CERT;FALS;FALS;FALS;FALS;FALS;FALS;FALS;FALS;FALS;FALS;CERT;FALS;FALS;P-PNEC pred;285,89;;3,67;;8,64;;2,13E-05;3,100370545;3,183;214,8628677;180,101303;182;293;;;;3,1;0,00387;0,31;0,54;0,18;0,28;>100 to < 1000 tonnes;100;1000;1;0;0;0;0;0;0;0;0;0;0;0;0;0;0;0;0;0;0;0;0;0;0;0;0;0;0;0;1;0;1;0;0;0;0;0;0;0;0;0;0;1;0;0;0;0;0;0;0;0;0;1;0;0;0;0;0;1;1;0;0;0;0;0;0;0,937672088;0,867502193;0,898507247;;;;0,305765121;0,318056289;CERT;0;0;0;0;18,7;low ;0,649;114,7;low ;0,7;182,1;low ;0,7;0,917759616;0,113089612;0,218942162;0,094463853;0,921499681;;;P_score_freshwater_pred_UBA;0,937672088;0,901227176;;;M_score_pred_Dashboard;0,318056289;0,311910705;kemi_score;0,54;0,546106679;1;;;0,530190913;1;0,534476287;1;0,540260187;1;0,534476287;0,5;0,532329288;1;1.00;PM;;PM;1
Tetraethylammonium heptadecafluorooctanesulphonate;56773-42-3;260-375-3;JHDXAQHGAJXNBY-UHFFFAOYSA-M;C(C(C(C(C(F)(F)S(=O)(=O)O)(F)F)(F)F)(F)F)(C(C(C(F)(F)F)(F)F)(F)F)(F)F;DTXSID5069128;92531;PRO-415;NS00007176;REACH-B;FALS;vPvM & PMT;HQ;PMT;FALS;FALS;;;FALS;FALS;FALS;FALS;FALS;FALS;FALS;FALS;FALS;FALS;FALS;FALS;FALS;FALS;FALS;FALS;FALS;FALS;;;;CERT;FALS;FALS;FALS;FALS;CERT;FALS;FALS;FALS;FALS;FALS;FALS;FALS;FALS;FALS;FALS;FALS;FALS;FALS;FALS;FALS;FALS;FALS;FALS;FALS;P-PNEC;629,37;;-0,404;;4,31;;2,15;1,380211242;5,0704;96,54410977;7782,219054;5,37;;;;2,6;;203,556463;0,11;0,54;0;0;;;;0;0;0;0;0;0;0;0;0;0;0;0;0;0;0;0;0;0;0;0;0;0;0;0;0;0;0;0;0;0;0;0;0;0;0;0;0;0;0;0;0;0;0;0;0;0;0;0;0;0;0;0;0;0;0;0;0;1;0;0;0;0;0;0;0;;0,999755782;0,692777862;;;0,397501059;0,106382275;0,605779302;FALS;0;0;0;0;22,2;low ;0,173;1,1;low ;0;412;low ;0;0,090406231;0,489653306;0,206467255;0,068185793;0,194448486;;;P_score_freshwater_pred_RIVM;0,999755782;0,846266822;M_score_exp_UBA;0,397501059;M_score_pred_Dashboard;0,605779302;0,369887545;kemi_score;0,54;0,778223207;1;0,397501059;0,5;0,559485083;1;0,146250926;1;0,33736607;1;0,204101023;0,75;0,286051065;1;2.00;vPvM;PM;PM;1
tetraethylazanium nonafluorobutane-1-sulfonate;25628-08-4;700-536-1;QTRJKFBGNXKFFF-UHFFFAOYSA-M;C(F)(F)(C(F)(F)C(F)(F)C(F)(F)F)S(=O)(=O)OC(C)[N+](CC)(CC)CC;DTXSID30880236;138402797;PRO-416;;REACH-C;FALS;vPvM & PMT;HQ;PMT;FALS;FALS;;;FALS;FALS;FALS;FALS;FALS;FALS;FALS;FALS;FALS;FALS;FALS;FALS;FALS;FALS;FALS;FALS;FALS;FALS;;;;CERT;FALS;CERT;FALS;FALS;CERT;FALS;FALS;FALS;FALS;FALS;FALS;FALS;FALS;FALS;FALS;FALS;FALS;FALS;FALS;FALS;FALS;FALS;FALS;FALS;P-PNEC;428,33;;2,45;;4,99;;0,06;2,92992956;;41,26439411;;1,95;;;;;0,3;139,1876382;;0,27;0;0;;;;0;0;0;0;0;0;0;0;0;0;0;0;0;0;0;0;0;0;0;0;0;0;0;0;0;0;0;0;0;0;0;0;0;0;0;0;0;0;0;0;0;0;0;0;0;0;0;0;0;0;0;0;0;0;0;0;0;1;0;0;0;0;0;0;0;;;0,345258688;;;;;0,344212399;FALS;0;0;0;0;284,2;low ;0,202;5210;low ;0,21;3380;low ;0;0,104930733;0,023733739;0,079173931;0,028500567;0,115437577;;;P_score_freshwater_pred_Dashboard;0,345258688;0,345258688;;;M_score_pred_Dashboard;0,344212399;0,344212399;kemi_score;0,27;0,344735147;1;;;0,344735147;1;0,115437577;0,5;0,239390058;0,75;0,115437577;0,25;0,239390058;0,75;0.00;PM;;PM;1
Tetrafluoroethylene;116-14-3;204-126-9;BFKJFAAPBSQJPD-UHFFFAOYSA-N;C(=C(F)F)(F)F;DTXSID6021325;8301;PRO-417;NS00011104;REACH-A;CERT;vPvM & PMT;MQ;vPvM & PMT;FALS;FALS;;;FALS;FALS;FALS;FALS;FALS;FALS;FALS;FALS;FALS;FALS;FALS;FALS;FALS;FALS;FALS;CERT;CERT;CERT;"Batteries; Cleaning products and household care -> air freshener; Cleaning products and household care -> carpet and floor -> carpet cleaner; Home maintenance -> insulation; Manufactured formulations; Sports equipment -> bicycling; Vehicle -> engine maintenance -> auto fluids and additives";Intermediates;;CERT;CERT;FALS;CERT;CERT;FALS;CERT;FALS;FALS;FALS;CERT;CERT;CERT;FALS;CERT;FALS;FALS;FALS;FALS;FALS;FALS;FALS;CERT;FALS;FALS;P-PNEC pred;100,016;;1,53;;1,01;0,00159;0,0323;1,720159303;1,0498;22026,46579;16,1214018;11;22;;;0,7;;16,52511;0,66;0,61;0,52;0,65;>10000 to < 100000 tonnes;10000;100000;1;0;0;0;0;0;0;0;0;0;0;0;0;0;1;0;0;1;1;0;1;0;0;0;1;0;0;0;0;0;1;0;0;1;0;0;0;0;0;0;0;0;0;0;0;0;1;0;0;1;1;0;1;0;1;0;0;0;0;0;0;0;0;0;0;0,152496117;0,095640171;0,999958749;;;0,711173721;0,658952222;0,548341224;CERT;0,75;0;0;0;1110;low ;0;1770;low ;0,363;9110;low ;0;0,228263174;0,037399783;0,045419824;0,018715353;0,237619736;;;P_score_freshwater_pred_Dashboard;0,999958749;0,416031679;M_score_exp_UBA;0,711173721;M_score_exp_UBA;0,711173721;0,639489055;E_score_max;0,65;0,843293771;1;0,711173721;0,5;0,515798125;1;0,396016446;1;0,577891168;1;0,481357099;0,75;0,451956348;1;0.00;vPvM;vPvM;PM;1
Tetrahydromethylphthalic anhydride;11070-44-3;234-290-7;CSHJJWDAZSZQBT-UHFFFAOYSA-N;CC12CCCC=C1C(=O)OC2=O;;3033842;PRO-418;;REACH-A;CERT;vPvM & PMT;MQ;vPvM & PMT;FALS;FALS;;;FALS;FALS;FALS;FALS;FALS;FALS;FALS;FALS;FALS;FALS;FALS;FALS;FALS;FALS;FALS;FALS;FALS;FALS;;"Fillers; Intermediate; Not Known or Reasonably Ascertainable; Surface active agents";Surface active agents;CERT;CERT;FALS;CERT;FALS;CERT;CERT;FALS;FALS;FALS;CERT;CERT;FALS;FALS;FALS;FALS;FALS;FALS;FALS;FALS;FALS;FALS;FALS;FALS;FALS;P-PNEC pred;;;;;;;;;1,9268;;21,4421592;;42;;;;1,3;80,9804;0,51;0,54;0,33;0,44;>1000 to < 10000 tonnes;1000;10000;0;0;0;0;0;0;0;0;0;0;0;0;0;0;0;0;0;0;0;0;0;0;0;0;0;0;0;0;0;0;0;0;0;0;0;0;0;0;0;0;0;1;0;0;0;0;0;0;0;0;0;0;0;0;1;0;0;0;0;0;0;0;0;0;0;0,352118545;0,14690781;;;;;0,512681873;;FALS;0;0;0;0;1480;low ;0,66;3660;low ;0,663;7020;low ;0,7;0,129162969;0,027558977;0,040300292;0,020911207;0,138453287;;;P_score_freshwater_pred_UBA;0,352118545;0,249513178;;;M_score_pred_Episuite;0,512681873;0,512681873;kemi_score;0,54;0,424882096;1;;;0,35766029;1;0,265727636;1;0,33601029;1;0,265727636;0,5;0,308285944;1;;PM;;PM;2
Tetrasodium [3-[[8-[(4-amino-6-chloro-1,3,5-triazin-2-yl)amino]-1-hydroxy-3,6-disulpho-2-naphthyl]azo]-4-hydroxynaphthalene-1,5-disulphonato(6-)]cuprate(4-);14692-76-3;238-739-8;;Nc1nc(Cl)nc(Nc2cc(cc3cc(c(N=Nc4c(O)c5c(cccc5c(c4)S(=O)(=O)O)S(=O)(=O)O)c(O)c23)S(=O)(=O)O)S(=O)(=O)O)n1;DTXSID601015270;161082;PRO-419;;REACH-B;FALS;vPvM;HQ;vPvM;FALS;FALS;;;FALS;FALS;FALS;FALS;FALS;FALS;FALS;FALS;FALS;FALS;FALS;FALS;FALS;FALS;FALS;CERT;CERT;CERT;;;;FALS;FALS;FALS;CERT;FALS;CERT;FALS;FALS;FALS;FALS;CERT;CERT;FALS;FALS;CERT;FALS;FALS;FALS;FALS;FALS;FALS;FALS;CERT;FALS;FALS;;927,56;;-11,9;;9,59;;32,7;2,399673721;;5389698,476;;2,45;4303;;;;-8,1;;;;0,05;0,15;>1 to < 10 tonnes;1;10;0;0;0;0;0;0;0;0;0;0;0;0;0;0;0;0;0;1;0;0;0;0;0;0;0;0;0;0;0;0;0;0;1;0;0;0;0;0;0;0;0;0;0;0;0;0;1;0;0;0;0;0;0;0;0;0;0;0;0;0;0;0;0;0;0;0,999327791;;0,999999997;;;;;0,431181396;FALS;0;0;0;0;492,6;low ;0;1210;low ;0;1210;low ;0;;0,043822953;0,063417699;0,043822953;0;;;P_score_freshwater_pred_Dashboard;0,999999997;0,999663894;;;M_score_pred_Dashboard;0,431181396;0,431181396;E_score_max;0,15;0,656644039;1;;;0,65653368;1;0;0,5;0;0,75;0;0,25;0;0,75;2.00;PM;;PM;2
Tetrasodium 7-amino-4-hydroxy-3-[(2-methoxy-5-methyl-4-{[2-(sulfonatooxy)ethyl]sulfonyl}phenyl)diazenyl]-8-[(2-sulfonato-4-{[2-(sulfonatooxy)ethyl]sulfonyl}phenyl)diazenyl]naphthalene-2-sulfonate;503155-49-5;610-522-6;CKQJXRWPKNTQSO-UHFFFAOYSA-J;COc1cc(c(C)cc1N=Nc1c(O)c2ccc(N)c(N=Nc3ccc(cc3S(=O)(=O)O)S(=O)(=O)CCOS(=O)(=O)O)c2cc1S(=O)(=O)O)S(=O)(=O)CCOS(=O)(=O)O;DTXSID101036287;165364854;PRO-420;;REACH-B;FALS;vPvM;HQ;vPvM;FALS;FALS;;;FALS;FALS;FALS;FALS;FALS;FALS;FALS;FALS;FALS;FALS;FALS;FALS;FALS;FALS;FALS;FALS;FALS;CERT;;;;FALS;FALS;CERT;FALS;FALS;CERT;FALS;FALS;FALS;FALS;FALS;CERT;FALS;FALS;FALS;FALS;FALS;FALS;FALS;FALS;FALS;FALS;FALS;FALS;FALS;;1035,84;;5,4;;9,57;;0,135;4,489958479;;540364,9372;;5,13;2788;;;1,3;;;;;0;0,12;>0 to < 10 tonnes;0;10;0;0;0;0;0;0;0;0;0;0;0;0;0;0;0;0;0;1;0;0;0;0;0;0;0;0;0;0;0;0;0;0;0;0;0;0;0;0;0;0;0;0;0;0;0;0;0;0;0;0;0;0;0;0;0;0;0;0;0;0;0;0;0;0;0;0,998589446;;0,999999826;;;0,618975739;;0,151111779;FALS;0;0;0;0;570,6;low ;0;91,3;low ;0;2210;low ;0;;0,123416108;0,05973005;0,034079277;0;;;P_score_freshwater_pred_Dashboard;0,999999826;0,999294636;M_score_exp_UBA;0,618975739;M_score_exp_UBA;0,618975739;0,385043759;E_score_max;0,12;0,786750044;1;0,618975739;0,5;0,620300059;1;0;0,5;0;0,75;0;0,5;0;0,75;1.00;vPvM;PM;PM;4
"thiamethoxam (ISO); 3-(2-chloro-thiazol-5-ylmethyl)-5-methyl[1,3,5]oxadiazinan-4-ylidene-N-nitroamine";153719-23-4;428-650-4;NWWZPOKUUAIXIW-DHZHZOJOSA-N;CN1COCN(C1=N[N+](=O)[O-])CC2=CN=C(S2)Cl;DTXSID2034962;5821911;PRO-421;NS00010175;REACH-A;FALS;vPvM;HQ;vPvM;FALS;FALS;;;FALS;FALS;FALS;FALS;FALS;FALS;FALS;FALS;FALS;FALS;FALS;FALS;FALS;FALS;FALS;FALS;FALS;FALS;;;;CERT;CERT;FALS;FALS;FALS;FALS;FALS;FALS;FALS;FALS;CERT;FALS;FALS;FALS;FALS;FALS;FALS;FALS;FALS;FALS;FALS;FALS;FALS;FALS;FALS;AA-EQS;291,71;;-0,201;;7,38;0,0141;0,00999;2,079181246;;87,35672301;;16,2;97;907;41;;-0,1;0,042;;0,6;0,03;0,09;>1 to < 10 tonnes;1;10;0;0;0;0;0;0;0;0;0;0;0;0;0;0;0;0;0;0;0;0;0;0;0;0;0;1;0;0;0;0;0;0;0;0;0;0;0;0;0;0;0;0;0;0;0;0;0;0;0;0;0;0;0;0;0;0;0;0;0;0;0;0;0;0;0;0,69448927;;0,655247715;0,940732462;0,073848304;;;0,486282379;CERT;0;0;0;0;193,2;low ;0,225;1240;low ;0,182;806,4;low ;0,184;0,798468643;0,043379421;0,092288495;0,051830696;0,798468643;P_score_soil_exp_UBA;0,940732462;P_score_soil_exp_UBA;0,940732462;0,591079438;;;M_score_pred_Dashboard;0,486282379;0,486282379;kemi_score;0,6;0,676359091;1;0,940732462;0,5;0,536126399;1;0,798468643;0,5;0,714832313;0,75;0,866686432;0,5;0,612252758;0,75;0.00;PM(T);vPvM(T);PM(T);2
"thiourea; thiocarbamide";62-56-6;200-543-5;UMGDCJDMYOKAJW-UHFFFAOYSA-N;C(=S)(N)N;DTXSID9021348;2723790;PRO-422;NS00002781;REACH-A;FALS;vPvM & PMT;MQ;vPvM & PMT;FALS;FALS;;;FALS;FALS;FALS;FALS;FALS;FALS;FALS;FALS;FALS;FALS;FALS;FALS;FALS;FALS;FALS;CERT;FALS;FALS;"Cleaning products and household care -> drain products; Cleaning products and household care -> general household cleaning -> bleach; Cleaning products and household care -> jewelry -> jewelry cleaner; Electronics/small appliances -> computers and accessories/supplies -> printer toner; Home maintenance -> corrosion protection; antimicrobial; biocide; humectant; humectant";"Finishing agents; Fuels and fuel additives; Not Known or Reasonably Ascertainable; Other (specify); Surface active agents";"Not Known or Reasonably Ascertainable; Surface active agents";CERT;CERT;FALS;FALS;FALS;CERT;CERT;FALS;FALS;FALS;CERT;FALS;FALS;CERT;FALS;FALS;CERT;FALS;FALS;FALS;FALS;FALS;FALS;FALS;FALS;P-PNEC pred;76,12;-1,05;-1,08;;6,89;1,88;2,97;0,850033258;0,6281;296558,5653;16,16233884;2;13;;;;-1,6;12,41889;0,72;0,63;0,35;0,46;>1000 to < 10000 tonnes;1000;10000;0;1;1;0;0;1;0;0;0;0;0;1;0;1;1;0;0;1;1;0;1;0;0;1;0;0;0;1;1;0;0;0;1;1;1;0;1;1;0;0;0;0;1;0;0;0;1;0;0;1;1;1;0;1;1;0;1;1;0;1;1;0;1;1;1;0,068209867;0,096015817;0,999999516;;;;0,721301892;0,689352989;CERT;0,5;0;0;0;1260;low ;0;2330;;1;12220;;0,85;0,250850244;0,033331397;0,043091973;0,016511137;0,250850244;;;P_score_freshwater_pred_Dashboard;0,999999516;0,388075067;;;M_score_pred_Episuite;0,721301892;0,70532744;kemi_score;0,63;0,849294733;1;;;0,523182562;1;0,424984912;1;0,600780698;1;0,424984912;0,5;0,471534405;1;2.00;vPvM;;PM;2
Trade name: 3M(TM) NOVEC(TM) ENGINEERED FLUID HFE-7000;;484-450-7;;COC(F)(F)C(F)(C(F)(F)F)C(F)(F)F;;;PRO-423;;REACH-B;FALS;PMT;MQ;Potential PMT/vPvM;FALS;FALS;;;FALS;FALS;FALS;FALS;FALS;FALS;FALS;FALS;FALS;FALS;FALS;FALS;FALS;FALS;FALS;FALS;FALS;FALS;;;;FALS;FALS;FALS;FALS;FALS;FALS;FALS;FALS;FALS;FALS;FALS;FALS;FALS;FALS;FALS;FALS;FALS;FALS;FALS;FALS;FALS;FALS;FALS;FALS;FALS;;;;;;;;;;;;;;703;;;;2,6;;;;;;;;;0;0;0;0;0;0;0;0;0;0;0;0;0;0;0;0;0;0;0;0;0;0;0;0;0;0;0;0;0;0;0;0;0;0;0;0;0;0;0;0;0;0;0;0;0;0;0;0;0;0;0;0;0;0;0;0;0;0;0;0;0;0;0;0;0;0,985329369;;;;;;;;CERT;0;0;0;0;746,1;low ;0,207;2590;low ;0,214;3340;low ;0;;0,03188239;0,053514802;0,028644071;0,017824815;;;P_score_freshwater_pred_UBA;0,985329369;0,985329369;;;;;;;;0,985329369;0,5;;;0,985329369;0,5;0,017824815;0,5;0,132526653;0,5;0,017824815;0,25;0,132526653;0,5;;vPvM;;vPvM;
trans-dichloroethylene;156-60-5;205-860-2;KFUSEUYYWQURPO-OWOJBTEDSA-N;C(=CCl)Cl;DTXSID7024031;638186;PRO-424;NS00079504;REACH-A;CERT;vPvM;MQ;PM;FALS;FALS;;;FALS;FALS;FALS;FALS;FALS;FALS;FALS;FALS;FALS;FALS;FALS;FALS;FALS;FALS;FALS;CERT;FALS;CERT;"Manufactured formulations; solvent; solvent";"Cleaning agent; Propellants, non-motive (blowing agents)";;CERT;CERT;FALS;CERT;CERT;CERT;CERT;FALS;FALS;FALS;CERT;FALS;CERT;FALS;FALS;CERT;FALS;FALS;CERT;CERT;CERT;FALS;CERT;FALS;FALS;;96,94;1,86;1,88;;2,7;0,0484;0,0312;1,740362689;1,7354;6063,242488;31,26359992;10,2;36;;;;1,9;;0,55;;0,24;0,36;>100 to < 1000 tonnes;100;1000;1;0;0;0;0;0;0;1;0;0;0;0;0;1;1;1;0;0;0;0;0;0;0;0;0;0;0;0;0;0;0;1;0;1;0;0;0;0;0;0;0;0;0;0;0;0;0;0;0;0;0;0;0;0;0;0;0;0;1;1;0;0;0;0;0;0,294575966;0,247048999;0,999625863;;;;0,545723587;0,544870677;FALS;0;0;0;0;4250;low ;0;1710;;1;36800;;1;;0,037942728;0,02587181;0,010293989;0,047846135;;;P_score_freshwater_pred_Dashboard;0,999625863;0,513750276;;;M_score_pred_Episuite;0,545723587;0,545297132;E_score_max;0,36;0,738592859;1;;;0,529288723;1;0,162220142;1;0,346142511;1;0,162220142;0,5;0,293020975;1;0.00;vPvM;;PM;
tributylamine;102-82-9;203-058-7;IMFACGCPASFAPR-UHFFFAOYSA-N;CCCCN(CCCC)CCCC;DTXSID4026183;7622;PRO-425;NS00000551;;FALS;;;;FALS;FALS;;;FALS;FALS;FALS;FALS;FALS;FALS;FALS;FALS;FALS;CERT;FALS;FALS;FALS;FALS;CERT;CERT;FALS;CERT;"Home maintenance -> caulk/sealant; Vehicle -> auto body work; flavouring";"Binder; Intermediate; Intermediates; Processing aids not otherwise specified";Intermediates;CERT;CERT;FALS;CERT;FALS;CERT;CERT;FALS;FALS;FALS;CERT;CERT;CERT;CERT;FALS;FALS;FALS;FALS;FALS;FALS;FALS;FALS;FALS;FALS;FALS;;185,355;;4,13;;5,73;0,000767;0,00108;2,579783597;3,3267;48,91088652;6,678929919;25,1;;;;;;88;0,29;0,77;0;0;>1000 tonnes;1000;;0;0;0;0;0;0;0;0;0;0;0;0;0;0;0;0;0;0;1;0;1;0;0;0;0;0;0;0;0;0;0;0;0;0;0;0;0;0;0;0;0;0;0;0;0;0;0;0;0;0;1;1;1;0;0;0;0;0;0;0;0;0;0;0;1;;0,022909256;0,413545065;;;;0,285039737;0,400861847;FALS;0;0;0;0;148,6;low ;0,684;241,2;moderate ;0,85;202,7;low ;0,7;0,125156214;0,084526424;0,102291501;0,090556925;0,271630343;;;P_score_freshwater_pred_Dashboard;0,413545065;0,218227161;;;M_score_pred_Dashboard;0,400861847;0,342950792;kemi_score;0,77;0,407154072;1;;;0,273571156;1;0,280664924;1;0,338044179;1;0,280664924;0,5;0,277095341;1;0.00;PM;;;2
Trichloroacetic acid;76-03-9;200-927-2;YNJBWRMUSHSURL-UHFFFAOYSA-N;OC(=O)C(Cl)(Cl)Cl;DTXSID1021378;23223116;PRO-426;NS00009969;REACH-C;FALS;vPvM & PMT;HQ;vPvM & PMT;FALS;FALS;;;FALS;FALS;FALS;FALS;FALS;FALS;FALS;FALS;FALS;FALS;FALS;FALS;FALS;FALS;FALS;CERT;FALS;FALS;;;;CERT;CERT;FALS;CERT;FALS;CERT;CERT;FALS;FALS;FALS;CERT;FALS;CERT;CERT;FALS;FALS;FALS;FALS;CERT;CERT;CERT;FALS;FALS;FALS;FALS;P-PNEC pred;163,38;1,33;1,49;;4,76;0,269;0,261;0,301029996;0,8914;214,8628677;43,35463366;1,7;;120;;0;;194,25846;0,68;0,68;0,23;0,35;>100 to < 1000 tonnes;100;1000;1;0;0;0;0;0;0;1;0;0;0;0;0;1;1;0;0;0;0;1;1;0;0;0;0;0;0;1;0;0;0;0;0;1;0;0;0;1;0;0;0;0;0;0;0;0;0;0;0;0;1;0;1;0;0;0;1;1;0;1;0;0;1;0;1;;0,364595526;0,898507247;0,333333333;;0,8;0,683179651;0,764522532;CERT;0;0;0;0;2630;low ;0,577;3420;low ;0,674;14090;low ;0,7;0,092089913;0,028359437;0,031677586;0,015536404;0,131543361;P_score_soil_exp_UBA;0,333333333;P_score_freshwater_pred_Dashboard;0,898507247;0,532145369;M_score_exp_UBA;0,8;M_score_exp_UBA;0,8;0,749234061;kemi_score;0,68;0,847824155;1;0,516397779;1;0,631428092;1;0,299081068;1;0,503555512;1;0,392994656;1;0,434566667;1;0.00;vPvM;PM;PM;2
Trichloroethylene;79-01-6;201-167-4;XSTXAVWGXDQKEL-UHFFFAOYSA-N;ClC=C(Cl)Cl;DTXSID0021383;6575;PRO-427;NS00006134;REACH-C;FALS;PMT;HQ;PMT;FALS;FALS;;;FALS;FALS;FALS;FALS;FALS;FALS;FALS;FALS;FALS;FALS;FALS;FALS;FALS;CERT;CERT;CERT;FALS;FALS;"Arts and crafts/office supplies -> home office -> white out; Home maintenance -> adhesives and adhesive removers -> multipurpose adhesive; Home maintenance -> caulk/sealant; Home maintenance -> degreaser; Manufactured formulations; Sports equipment -> bicycling; solubilizer; solvent; solvent; solvents; surfactant";"Cleaning agent; Corrosion inhibitors and anti-scaling agents; Intermediate; Intermediates; Not Known or Reasonably Ascertainable; Other (specify); Refrigerants; Solvent; Solvents (for cleaning or degreasing); Solvents (which become part of product formulation or mixture)";"Adhesives and sealant chemicals; Corrosion inhibitors and anti-scaling agents; Diluent; Not Known or Reasonably Ascertainable; Other (specify); Solvent; Solvents (for cleaning or degreasing); Solvents (which become part of product formulation or mixture)";CERT;CERT;FALS;CERT;CERT;CERT;CERT;FALS;FALS;FALS;CERT;FALS;FALS;FALS;FALS;FALS;FALS;FALS;CERT;CERT;CERT;FALS;FALS;FALS;FALS;EQS chronic water (=AA-EQS);131,38;2,51;2,45;2,99;3,24;0,01;0,00756;2;2,0999;478,1861061;50,84574278;15,8;2500;;;2,1;;10;0,48;0,81;0,46;0,58;>10000 to < 100000 tonnes;10000;100000;1;0;0;0;0;0;0;0;0;0;0;0;0;0;0;0;0;0;1;0;0;0;0;0;0;0;0;0;0;0;0;0;0;0;0;0;0;0;0;0;0;0;0;0;0;0;0;0;0;0;1;0;1;0;0;0;0;0;0;0;0;0;0;0;0;0,998300918;0,429716858;0,97203278;;;0,482678255;0,482695563;0,5;CERT;0,75;0,5;0;0;9180;low ;0,387;1080;;1;33410;;1;0,268941421;0,045938537;0,018654399;0,010730502;0,310009437;;;P_score_freshwater_pred_UBA;0,998300918;0,800016852;M_score_exp_UBA;0,482678255;M_score_pred_Dashboard;0,5;0,488457939;kemi_score;0,81;0,70650581;1;0,482678255;0,5;0,625119655;1;0,385751902;1;0,522049768;1;0,415678883;0,75;0,491061194;1;0.00;vPvM;PM;PM;
Triclosan;3380-34-5;222-182-2;XEFQLINVKFYRCS-UHFFFAOYSA-N;Oc1cc(Cl)ccc1Oc1ccc(Cl)cc1Cl;DTXSID5032498;5564;PRO-428;NS00010282;REACH-C;CERT;vPvM & PMT;MQ;PMT;FALS;FALS;;;FALS;FALS;FALS;FALS;FALS;FALS;FALS;FALS;FALS;FALS;FALS;FALS;FALS;FALS;FALS;FALS;CERT;FALS;"Personal care -> bite relief; Personal care -> body hygiene; Personal care -> body hygiene -> body wash; Personal care -> body hygiene -> hand soap; Personal care -> body powder; Personal care -> child specific -> bath paints/crayons; Personal care -> dental care -> toothpaste; Personal care -> deodorant; Personal care -> foot care; Personal care -> hair styling and care -> shampoo; Personal care -> specialized bath products; antibacterial agent; antimicrobial; biocide; biocide; cosmetic biocide; deodorant; deodorant agent; deodorizer; disinfectant chemical; no specific technical function; oral care agent; preservative; preservative; preservative/antimicrobial";Preservative;;CERT;FALS;FALS;FALS;FALS;FALS;FALS;FALS;FALS;FALS;CERT;FALS;FALS;CERT;FALS;FALS;FALS;FALS;FALS;FALS;FALS;FALS;FALS;FALS;FALS;CQC_ad hoc;289,54;4,76;4,97;;10,6;3,45E-05;1,50E-05;4,559906625;3,9252;87,35672301;122,6820615;52,5;;;;2,4;;0,02;0,21;0,64;0;0;;;;0;0;0;0;0;0;0;0;0;0;0;0;0;0;0;0;0;0;0;0;0;0;0;0;0;0;0;0;0;0;0;0;0;0;0;0;0;1;0;0;0;0;0;0;0;0;0;0;0;0;0;0;0;0;0;0;0;0;0;0;0;0;0;0;0;;0,772543737;0,655247715;;;0,431125928;0,208424739;0,144996983;CERT;0;0;0;0;31,2;;1;132,8;;0,6;151,9;low ;0,7;0,845400164;0,106862453;0,183298964;0,101418875;0,87592489;;;P_score_freshwater_pred_RIVM;0,772543737;0,713895726;M_score_exp_UBA;0,431125928;M_score_exp_UBA;0,431125928;0,261515883;kemi_score;0,64;0,577116657;1;0,431125928;0,5;0,432082251;1;0,428887196;1;0,497511753;1;0,429632145;0,75;0,430481759;1;1.00;PM;PM;PM;
Triethyl phosphate;78-40-0;201-114-5;DQWPFSLDHJDLRL-UHFFFAOYSA-N;CCOP(=O)(OCC)OCC;DTXSID8026228;6535;PRO-429;NS00009400;REACH-A;FALS;vPvM;MQ;vPvM;FALS;FALS;;;FALS;FALS;FALS;FALS;FALS;FALS;FALS;FALS;FALS;CERT;FALS;FALS;FALS;FALS;CERT;CERT;CERT;CERT;"flame retardant; flame retardants; solvent; solvent";"Catalyst; Flame retardant; Intermediates; Plasticizer; Processing aids not otherwise specified";Flame retardant;CERT;CERT;FALS;CERT;CERT;CERT;CERT;FALS;FALS;FALS;CERT;CERT;FALS;FALS;CERT;CERT;FALS;CERT;FALS;FALS;FALS;CERT;CERT;CERT;FALS;AA-QSwater_eco;182,156;0,8;0,941;;5,79;2,72;0,988;1,780317312;1,471;134,2897797;17,01653783;1,29;20;;;0,3;;632;0,59;0,81;0,52;0,65;>10000 to < 100000 tonnes;10000;100000;1;1;0;0;0;0;0;1;1;0;0;0;0;0;0;0;0;0;1;1;0;1;0;0;0;1;0;0;0;0;1;0;0;0;0;0;0;0;0;0;0;1;1;0;0;0;1;0;0;0;1;0;0;0;1;0;0;0;0;0;0;0;0;0;0;0,132608401;0,103934201;0,798553329;;;0,764651037;0,590655263;0,537994722;CERT;0;0;0;0;595,1;low ;0,308;2530;moderate ;0,85;25760;low ;0;0,057285439;0,032198083;0,058712833;0,011997987;0,098585535;;;P_score_freshwater_pred_Dashboard;0,798553329;0,345031977;M_score_exp_UBA;0,764651037;M_score_exp_UBA;0,764651037;0,631100341;kemi_score;0,81;0,781418346;1;0,764651037;0,5;0,466636688;1;0,241175176;1;0,43411831;1;0,354304088;0,75;0,335471587;1;0.00;vPvM;vPvM;PM;1
Trifluoroacetic acid;76-05-1;200-929-3;DTQVDTLACAAQTR-UHFFFAOYSA-N;C(=O)(C(F)(F)F)O;DTXSID9041578;6422;PRO-430;NS00008877;REACH-A;FALS;vPvM;MQ;vPvM;FALS;FALS;;;FALS;FALS;FALS;FALS;FALS;FALS;FALS;FALS;FALS;FALS;FALS;FALS;FALS;FALS;FALS;CERT;FALS;FALS;;"Intermediate; Intermediates";;CERT;CERT;FALS;CERT;FALS;CERT;CERT;FALS;FALS;FALS;CERT;FALS;FALS;CERT;FALS;FALS;FALS;FALS;FALS;FALS;FALS;FALS;FALS;FALS;FALS;P-PNEC pred;114,023;;0,762;;2,48;8,79;2,68;0,609594409;0,4323;244,6919323;22,87241302;5,5;53;;;0,8;;109,79744;0,75;0,73;0,19;0,29;>100 to < 1000 tonnes;100;1000;1;0;0;0;0;0;0;0;0;0;0;0;0;0;0;0;0;0;0;0;1;0;0;0;0;0;0;0;0;0;0;0;0;0;0;0;0;0;0;0;0;0;0;0;0;0;0;0;0;0;1;0;0;0;0;0;0;0;0;0;0;0;0;0;0;0,447180457;0,161288108;0,917054554;;;0,696730455;0,747749773;0,723873131;CERT;0;0;0;0;1880;low ;0;3280;low ;0,376;10940;low ;0;0,115006443;0,028863931;0,036468446;0,017309864;0,155427784;;;P_score_freshwater_pred_Dashboard;0,917054554;0,508507706;M_score_exp_UBA;0,696730455;M_score_pred_Episuite;0,747749773;0,722784453;kemi_score;0,73;0,82808655;1;0,696730455;0,5;0,606251981;1;0,341424718;1;0,531722876;1;0,433063489;0,75;0,45496089;1;2.00;vPvM;PM;PM;2
Trifluoroiodomethane;2314-97-8;219-014-5;VPAYJEUHKVESSD-UHFFFAOYSA-N;C(F)(F)(F)I;DTXSID2062325;16843;PRO-431;;REACH-A;FALS;vPvM & PMT;MQ;PMT;FALS;FALS;;;FALS;FALS;FALS;FALS;FALS;FALS;FALS;FALS;FALS;FALS;FALS;FALS;FALS;FALS;FALS;CERT;FALS;CERT;;;;CERT;CERT;FALS;FALS;FALS;FALS;CERT;FALS;FALS;FALS;CERT;FALS;FALS;FALS;FALS;FALS;FALS;FALS;CERT;CERT;CERT;FALS;CERT;FALS;FALS;P-PNEC pred;195,911;;2,12;;1,4;;0,00298;2,008600172;1,7441;5389698,476;66,29465516;70,8;101;;;;2,4;1,5939636;0,54;0,47;0,04;0,12;>1 to < 10 tonnes;1;10;1;0;0;0;0;0;0;0;0;0;0;0;0;0;0;1;0;0;0;0;1;0;0;0;0;0;0;0;0;0;0;1;0;0;0;0;0;0;0;0;0;0;0;0;0;0;0;0;0;0;1;0;0;0;0;0;0;1;1;1;0;1;0;0;0;0,708946378;0,542534178;0,999999997;;;;0,544228191;0,498509708;CERT;0;0,5;0;0;1320;low ;0,211;1870;low ;0,24;2660;low ;0;0,449552634;0,036549923;0,042266533;0,031526837;0,486391024;;;P_score_freshwater_pred_Dashboard;0,999999997;0,750493517;;;M_score_pred_Episuite;0,544228191;0,52136895;kemi_score;0,47;0,737718232;1;;;0,625526991;1;0,512495027;1;0,614879602;1;0,512495027;0,5;0,56619738;1;0.00;vPvM;;PM;1
Trifluoromethanesulphonic acid;1493-13-6;216-087-5;ITMCEJHCFYSIIV-UHFFFAOYSA-N;C(F)(F)(F)S(=O)(=O)O;DTXSID2044397;71773376;PRO-432;NS00004757;REACH-A;FALS;vPvM;MQ;vPvM;FALS;FALS;;;FALS;FALS;FALS;FALS;FALS;FALS;FALS;FALS;FALS;FALS;FALS;FALS;FALS;FALS;FALS;CERT;FALS;FALS;;;;CERT;CERT;FALS;FALS;FALS;FALS;CERT;FALS;FALS;CERT;CERT;CERT;CERT;CERT;FALS;FALS;FALS;FALS;FALS;FALS;FALS;FALS;FALS;FALS;FALS;P-PNEC pred;150,07;;-0,204;;3,76;;2,17;1,269512944;0,6541;96,54410977;37,3659679;4,9;67;;;0,2;;142,34318;;0,52;0,19;0,29;>100 to < 1000 tonnes;100;1000;1;0;0;0;0;0;0;0;0;0;0;0;0;0;0;0;0;0;0;0;1;0;0;0;0;0;0;0;0;0;1;0;0;0;0;0;0;0;0;0;0;0;0;0;0;0;0;0;0;0;1;0;0;0;0;0;0;0;1;0;0;0;0;0;1;0,547020956;0,307976257;0,692777862;;;0,776895387;0,717664638;0,623946931;FALS;0;0;0;0;4120;low ;0,192;21560;low ;0,216;22140;low ;0;0,104019836;0,012949695;0,026214019;0,012803158;0,12694533;;;P_score_freshwater_pred_Dashboard;0,692777862;0,515925025;M_score_exp_UBA;0,776895387;M_score_exp_UBA;0,776895387;0,706168985;kemi_score;0,52;0,733632009;1;0,776895387;0,5;0,603597756;1;0,12694533;0,5;0,408812743;0,75;0,314043375;0,5;0,35895278;0,75;2.00;vPvM;vPvM;PM;2
Trifluoromethanesulphonic anhydride;358-23-6;206-616-8;WJKHJLXJJJATHN-UHFFFAOYSA-N;C(F)(F)(F)S(=O)(=O)OS(=O)(=O)C(F)(F)F;DTXSID501014629;67749;PRO-433;NS00041402;REACH-A;FALS;vPvM;HQ;vPvM;FALS;FALS;;;FALS;FALS;FALS;FALS;FALS;FALS;FALS;FALS;FALS;FALS;FALS;FALS;FALS;FALS;FALS;CERT;FALS;FALS;;;;CERT;FALS;FALS;FALS;FALS;FALS;CERT;FALS;FALS;FALS;CERT;FALS;FALS;CERT;FALS;FALS;FALS;FALS;FALS;FALS;FALS;FALS;FALS;FALS;FALS;P-PNEC pred;282,13;;4,22;;2,13;;6,23;1,790285164;3,2724;1394,093971;261,5219406;1,66;731;;;;0,3;1,279472679;0,29;0,52;0,23;0,35;>100 to < 1000 tonnes;100;1000;1;0;0;0;0;0;0;0;0;0;0;0;0;0;0;0;0;0;0;0;0;0;0;0;0;0;0;0;0;0;0;0;0;0;0;0;0;0;0;0;0;0;0;0;0;0;0;0;0;0;1;0;0;0;0;0;0;0;1;0;0;0;0;0;1;0,986263893;0,925304113;0,995402038;;;;0,292771686;0,536276955;FALS;0;0;0;0;105,5;low ;0,199;420,6;low ;0,191;4050;low ;0;0,473267761;0,067617944;0,116783098;0,026404666;0,521852057;;;P_score_freshwater_pred_Dashboard;0,995402038;0,968990014;;;M_score_pred_Dashboard;0,536276955;0,41452432;kemi_score;0,52;0,730623825;1;;;0,63377435;1;0,389020689;1;0,533130175;1;0,389020689;0,5;0,496539359;1;2.00;vPvM;;PM;1
tri-n-butyl-phosphate ;126-73-8;204-800-2;STCOOQWBFONSKY-UHFFFAOYSA-N;CCCCOP(=O)(OCCCC)OCCCC;DTXSID3021986;31357;PRO-434;NS00010255;;CERT;;;;FALS;FALS;;;FALS;FALS;FALS;FALS;FALS;FALS;CERT;CERT;FALS;CERT;FALS;FALS;FALS;FALS;CERT;CERT;CERT;CERT;"Arts and crafts/office supplies -> general arts and crafts supplies -> arts and crafts paint; Arts and crafts/office supplies -> general arts and crafts supplies -> craft kit; Arts and crafts/office supplies -> pottery making; Electronics/small appliances -> computers and accessories/supplies -> printer ink; Medical/dental; Vehicle -> engine maintenance -> auto fluids and additives; plasticizer/flame retardant";"Defoamer; Flame retardant; Functional fluids (closed systems); Hydraulic fluids; Intermediate; Lubricants and lubricant additives; Lubricating agent; Not Known or Reasonably Ascertainable; Plasticizers; Solids separation agents";"Flame retardant; Functional fluids (closed systems); Hydraulic fluids; Intermediate; Lubricating agent; Not Known or Reasonably Ascertainable";CERT;CERT;FALS;CERT;CERT;CERT;CERT;CERT;CERT;CERT;CERT;CERT;CERT;FALS;CERT;CERT;FALS;CERT;CERT;CERT;CERT;FALS;CERT;CERT;FALS;;266,318;4;3,96;;7,88;0,00105;0,0015;2,419955748;3,241;41,26439411;4,267581251;29,5;;;;;;37;0,3;;0,39;0,52;>1000 to < 10000 tonnes;1000;10000;1;1;0;0;0;0;0;1;0;0;0;0;1;0;0;1;1;0;0;1;1;0;1;0;0;0;0;0;0;0;1;0;0;1;0;1;0;0;1;0;0;0;0;1;0;0;1;0;0;0;1;1;1;1;1;1;0;1;1;1;0;1;0;0;1;;0,010785093;0,345258688;;;;0,29729847;0,427736758;CERT;0,5;0;0;0;105,2;low ;0,292;468;;1;1990;low ;0;0,172472901;0,064752078;0,11691072;0,035610556;0,253617542;;;P_score_freshwater_pred_Dashboard;0,345258688;0,178021891;;;M_score_pred_Dashboard;0,427736758;0,362517614;E_score_max;0,52;0,384291338;1;;;0,254039507;1;0,275835572;1;0,325578287;1;0,275835572;0,5;0,264713303;1;0.00;PM;;;1
triphenyl phosphate ;115-86-6;204-112-2;XZZNDPSIHUTMOC-UHFFFAOYSA-N;C1=CC=C(C=C1)OP(=O)(OC2=CC=CC=C2)OC3=CC=CC=C3;DTXSID1021952;8289;PRO-435;NS00010271;;CERT;;;;FALS;FALS;;;FALS;FALS;FALS;FALS;FALS;FALS;FALS;FALS;FALS;FALS;FALS;FALS;FALS;FALS;FALS;CERT;CERT;CERT;"Construction and building materials; Furniture and furnishings; Home maintenance -> adhesives and adhesive removers -> multipurpose adhesive; Home maintenance -> paint/stain and related products; Home maintenance -> surface sealers; Laboratory supplies; Personal care -> body hygiene -> body wash; Personal care -> child specific; Personal care -> hair styling and care -> hair conditioner; Personal care -> make-up and related; Personal care -> make-up and related -> lip balm; Personal care -> make-up and related -> lip color; Personal care -> nails -> nail adhesive; Personal care -> nails -> nail polish; Pet care -> all pets -> pesticide - pet; Vehicle -> engine maintenance -> auto fluids and additives; additive; additive - non-reactive; binder; binder; flame retardant; fr component to help meet flammability; plasticiser; plasticisers; flame retardant; plasticizer; plasticizer; plasticizer/flame retardant; processing aid not otherwise specified; triphenyl phosphate";"Flame retardant; Hydraulic fluids; Lubricating agent; Plasticizer";"Flame retardant; Hydraulic fluids; Lubricating agent; Plasticizer";CERT;CERT;FALS;CERT;FALS;CERT;CERT;FALS;FALS;CERT;CERT;CERT;CERT;FALS;CERT;FALS;FALS;CERT;FALS;FALS;FALS;FALS;CERT;FALS;FALS;;326,288;4,59;4,38;;10,8;5,86E-06;1,06E-05;4,340444115;3,2377;478,1861061;27,84825368;191;;;;;;0,17;0,3;0,87;0,26;0,39;>100 to < 1000 tonnes;100;1000;0;1;0;0;0;0;0;1;0;0;0;0;0;0;0;0;0;0;0;0;1;0;0;0;0;0;0;0;0;0;1;0;0;0;0;0;0;1;0;0;0;0;0;0;0;0;1;0;0;0;0;0;0;0;1;0;0;0;1;1;0;0;0;0;1;;0,212122792;0,97203278;;;;0,297776554;0,164891739;FALS;0;0;0;1;18,8;low ;0,312;79,7;;1;180,6;low ;0,389;0,683423775;0,12994351;0,218546328;0,094771579;0,750664609;;;P_score_freshwater_pred_Dashboard;0,97203278;0,592077786;;;M_score_pred_Episuite;0,297776554;0,231334147;kemi_score;0,87;0,538004249;1;;;0,370091623;1;0,47455177;1;0,505282959;1;0,47455177;0,5;0,419079509;1;1.00;PM;;PM;3
tris(2-butoxyethyl)phosphate;78-51-3;201-122-9;WTLBZVNBAKMVDP-UHFFFAOYSA-N;CCCCOCCOP(=O)(OCCOCCCC)OCCOCCCC;DTXSID5021758;6540;PRO-436;NS00010389;;FALS;;;;FALS;FALS;;;FALS;FALS;FALS;FALS;FALS;FALS;FALS;FALS;FALS;CERT;FALS;FALS;FALS;FALS;CERT;CERT;CERT;CERT;"Arts and crafts/office supplies -> body paint; Arts and crafts/office supplies -> home office -> pens and markers; Cleaning and safety; Cleaning products and household care -> carpet and floor -> carpet cleaner; Cleaning products and household care -> carpet and floor -> floor polish; Home maintenance -> caulk/sealant; Home maintenance -> paint/stain and related products -> paint; Home maintenance -> surface sealers -> stone surface sealer; chelating agent; chelator; film former; film former; plasticizer; plasticizer";"Defoamer; Flame retardant; Not Known or Reasonably Ascertainable; Paint additives and coating additives not described by other categories; Plasticizer; Processing aids not otherwise specified; Processing aids, not otherwise listed";"Defoamer; Flame retardant; Not Known or Reasonably Ascertainable; Plasticizer; Processing aids, not otherwise listed";CERT;CERT;FALS;CERT;CERT;CERT;CERT;CERT;CERT;FALS;CERT;CERT;CERT;FALS;FALS;CERT;FALS;FALS;FALS;FALS;FALS;FALS;CERT;FALS;FALS;;398,477;3,75;3,63;;11,7;0,00276;0,00156;4,089905111;2,8309;41,26439411;7,937562498;5,75;;;;;;24;0,36;0,77;0,39;0,52;>1000 to < 10000 tonnes;1000;10000;0;1;0;0;0;0;0;1;0;0;0;0;0;1;0;0;1;0;1;0;0;0;1;1;1;1;0;0;0;1;1;0;1;1;0;1;0;0;0;0;0;1;1;0;0;0;1;0;1;0;0;0;1;0;1;0;0;1;1;1;1;1;0;0;0;;0,030534313;0,345258688;;;;0,359868257;0,190215298;FALS;0;0;0;0;627,8;low ;0,268;2940;low ;0,685;4030;low ;0,679;0,200975076;0,030226388;0,057442022;0,026459992;0,245629854;;;P_score_freshwater_pred_Dashboard;0,345258688;0,187896501;;;M_score_pred_Episuite;0,359868257;0,275041777;kemi_score;0,77;0,35248779;1;;;0,227331009;1;0,297366352;1;0,323756094;1;0,297366352;0,5;0,26000114;1;1.00;PM;;;3
Tris(2-chloro-1-methylethyl) phosphate;13674-84-5;237-158-7;KVMPUXDNESXNOH-UHFFFAOYSA-N;CC(CCl)OP(=O)(OC(C)CCl)OC(C)CCl;DTXSID5026259;26176;PRO-437;NS00009572;REACH-B;FALS;vPvM;HQ;PM;FALS;FALS;;;FALS;FALS;FALS;FALS;FALS;FALS;FALS;FALS;FALS;FALS;FALS;FALS;FALS;FALS;FALS;CERT;CERT;CERT;"Home maintenance -> insulation; fire retardant; flame retardant; tris(2-chloroisopropyl phosphate)";"Adhesives and sealant chemicals; Catalyst; Flame retardant; Flame retardants; Intermediates; Processing aids, not otherwise listed; Sealant (barrier); Solvents (which become part of product formulation or mixture)";"Adhesives and sealant chemicals; Flame retardant; Flame retardants; Sealant (barrier); Solvents (which become part of product formulation or mixture)";CERT;CERT;FALS;CERT;CERT;CERT;CERT;FALS;FALS;CERT;CERT;CERT;CERT;CERT;CERT;FALS;CERT;CERT;FALS;FALS;FALS;CERT;CERT;CERT;CERT;AA-QSwater_eco;327,56;2,59;2,33;;8,85;0,00365;0,00298;2,230448921;2,4611;41,26439411;87,76287997;7,94;2500;;;2,2;;120;0,42;0,65;0,01;0,01;;;;1;1;0;0;0;0;0;1;0;0;0;0;0;0;0;0;0;0;0;0;1;1;0;0;0;0;0;0;0;0;1;0;0;0;0;0;0;0;0;0;0;0;0;0;0;0;0;0;0;0;0;0;1;1;1;0;0;0;0;0;0;0;0;0;0;0,998300918;0,657036829;0,345258688;;;0,465398039;0,420770757;0,460150939;FALS;0;0;0;0;130,1;low ;0,238;970,1;moderate ;0,85;2400;low ;0,622;0,111136822;0,048025026;0,107716869;0,032919669;0,181680316;;;P_score_freshwater_pred_UBA;0,998300918;0,666865479;M_score_exp_UBA;0,465398039;M_score_exp_UBA;0,465398039;0,448773245;kemi_score;0,65;0,681621075;1;0,465398039;0,5;0,547057021;1;0,276234923;1;0,433921128;1;0,328695611;0,75;0,388736742;1;0.00;PM;PM;PM;3
Tris(2-chloroethyl) phosphate;115-96-8;204-118-5;HQUQLFOMPYWACS-UHFFFAOYSA-N;ClCCOP(=O)(OCCCl)OCCCl;DTXSID5021411;8295;PRO-438;NS00010387;REACH-C;FALS;vPvM & PMT;MQ;PMT;FALS;FALS;;;FALS;FALS;FALS;FALS;FALS;FALS;CERT;CERT;FALS;FALS;FALS;FALS;FALS;FALS;CERT;CERT;FALS;CERT;"Home maintenance -> caulk/sealant; Manufactured formulations -> Flame retardants; flame retardant";;;FALS;FALS;FALS;CERT;CERT;CERT;FALS;FALS;FALS;FALS;FALS;CERT;FALS;FALS;FALS;FALS;FALS;CERT;FALS;FALS;FALS;FALS;FALS;FALS;FALS;JD-UQN proposal;285,48;1,44;1,24;;8,41;0,0245;0,0242;1,161368002;1,825;41,26439411;73,20117274;1,29;64;;;;1,7;4;0,53;0,7;0,01;0,01;;;;0;0;0;0;0;0;0;1;0;0;0;0;0;0;0;0;0;0;0;0;0;0;0;0;0;0;0;0;0;0;0;0;0;0;0;0;0;0;0;0;0;0;0;0;1;0;0;0;0;0;0;0;0;0;0;0;0;0;0;0;0;1;0;0;0;0,527554388;0,584182064;0,345258688;;;;0,53028806;0,641365424;CERT;0,5;0;0,75;0;142,9;low ;0,239;2160;;1;4770;low ;0,612;0,353872542;0,034407951;0,103861916;0,024638008;0,391476007;;;P_score_freshwater_pred_RIVM;0,584182064;0,485665047;;;M_score_pred_Dashboard;0,641365424;0,585826742;kemi_score;0,7;0,612106345;1;;;0,533400011;1;0,455502233;1;0,528030119;1;0,455502233;0,5;0,492914694;1;0.00;PM;;PM;
Tris[2-chloro-1-(chloromethyl)ethyl] phosphate;13674-87-8;237-159-2;ASLWPAWFJZFCKF-UHFFFAOYSA-N;C(C(CCl)OP(=O)(OC(CCl)CCl)OC(CCl)CCl)Cl;DTXSID9026261;26177;PRO-439;NS00010388;REACH-A;CERT;vPvM & PMT;HQ;PMT;FALS;FALS;;;FALS;FALS;FALS;FALS;FALS;FALS;FALS;FALS;FALS;FALS;FALS;FALS;FALS;FALS;FALS;FALS;FALS;CERT;"chlorinated tris (tdcpp, tdcp); flame retardant; flame retardant; flame retardants; plasticizer/flame retardant";"Catalyst; Flame retardant; Flame retardants";Flame retardant;CERT;CERT;FALS;FALS;FALS;FALS;CERT;FALS;FALS;FALS;CERT;FALS;FALS;FALS;FALS;FALS;FALS;FALS;FALS;FALS;FALS;FALS;CERT;FALS;FALS;AA-QSwater_eco;430,89;3,65;3,09;;10,3;1,62E-05;0,000252;2,540329475;3,0474;58,55696259;377,5354188;12;617;;;2,2;;1,1;0,33;0,59;0,34;0,45;>1000 to < 10000 tonnes;1000;10000;0;0;0;0;0;0;0;1;0;0;0;0;0;0;0;0;0;0;0;0;0;0;0;0;0;0;0;0;0;0;1;1;1;0;0;0;0;0;0;0;0;0;0;0;0;0;0;0;0;0;0;0;0;0;0;0;0;0;0;1;1;0;0;0;0;0,981730035;0,958685043;0,489597175;;;0,465398039;0,326072595;0,407447388;CERT;0,5;0;0;1;47,2;low ;0,224;605,6;moderate ;0,85;1770;low ;0,592;0,489653306;0,058294444;0,157899316;0,037399783;0,537377881;;;P_score_freshwater_pred_UBA;0,981730035;0,810004084;M_score_exp_UBA;0,465398039;M_score_exp_UBA;0,465398039;0,39963934;kemi_score;0,59;0,675940258;1;0,465398039;0,5;0,568954742;1;0,421111269;1;0,533522314;1;0,435384294;0,75;0,489482638;1;0.00;PM;PM;PM;1
Trisodium 5-[[4-chloro-6-(ethylphenylamino)-1,3,5-triazin-2-yl]amino]-4-hydroxy-3-[(4-methyl-2-sulphonatophenyl)azo]naphthalene-2,7-disulphonate;73816-74-7;277-616-3;KAAYWWJCOOCCSJ-UHFFFAOYSA-K;CCN(C1=CC=CC=C1)C2=NC(=NC(=N2)NC3=C4C(=CC(=C3)S(=O)(=O)O)C=C(C(=C4O)N=NC5=C(C=C(C=C5)C)S(=O)(=O)O)S(=O)(=O)O)Cl;DTXSID701024002;52581;PRO-440;;REACH-B;FALS;vPvM;HQ;vPvM;FALS;FALS;;;FALS;FALS;FALS;FALS;FALS;FALS;FALS;FALS;FALS;FALS;FALS;FALS;FALS;FALS;FALS;CERT;CERT;CERT;;;;FALS;CERT;FALS;CERT;FALS;CERT;CERT;FALS;FALS;FALS;CERT;CERT;FALS;FALS;CERT;FALS;FALS;FALS;FALS;FALS;FALS;FALS;CERT;FALS;FALS;P-PNEC pred;816,11;;4,81;;9,56;;0,126;4,6599162;3,9891;5389698,476;1067,074901;4,79;1393;;;1,3;;0,005059754;0,2;0,44;0,14;0,26;>10 to < 100 tonnes;10;100;0;0;0;0;0;0;0;0;0;0;0;0;0;0;0;0;0;1;0;0;0;1;0;0;1;0;0;0;0;0;0;0;1;0;0;0;0;0;0;0;0;0;0;0;0;0;1;0;1;0;0;0;0;0;0;0;0;0;0;0;0;0;0;0;0;0,995395891;0,99275765;0,999999997;;;0,618975739;0,201211589;0,136612705;FALS;0;0;0;0;194,3;low ;0;65,5;low ;0;678,7;low ;0;0,908534466;0,139885499;0,092082149;0,055636177;0,925706112;;;P_score_freshwater_pred_Dashboard;0,999999997;0,996051179;M_score_exp_UBA;0,618975739;M_score_exp_UBA;0,618975739;0,318933344;kemi_score;0,44;0,786750111;1;0,618975739;0,5;0,563625704;1;0,4302804;1;0,581827425;1;0,485727007;0,75;0,492460245;1;1.00;vPvM;PM;PM;1
Trisodium 5-[[5-methyl-4-[(4-nitro-2-sulphonatophenyl)azo]-2-(3-sulphonatopropoxy)phenyl]azo]salicylate;74186-17-7;277-753-9;PGODFFBQDSMUKZ-UHFFFAOYSA-K;CC1=CC(=C(C=C1N=NC2=C(C=C(C=C2)[N+](=O)[O-])S(=O)(=O)O)OCCCS(=O)(=O)O)N=NC3=CC(=C(C=C3)O)C(=O)O;DTXSID20890344;166435;PRO-441;;REACH-B;FALS;vPvM;HQ;vPvM;FALS;FALS;;;FALS;FALS;FALS;FALS;FALS;FALS;FALS;FALS;FALS;FALS;FALS;FALS;FALS;FALS;FALS;FALS;FALS;CERT;;;;FALS;FALS;FALS;FALS;FALS;CERT;FALS;FALS;FALS;FALS;FALS;CERT;FALS;FALS;FALS;FALS;FALS;FALS;FALS;FALS;FALS;FALS;CERT;FALS;FALS;P-PNEC pred;689,51;;3,18;;9,48;;0,211;3,969881644;3,8547;29,66595227;352,4116984;4,68;1171;;;;-4,6;0,021868039;0,22;0,38;0,04;0,13;>1 to < 10 tonnes;1;10;0;0;0;0;0;0;0;0;0;0;0;0;0;1;0;0;0;0;0;0;0;0;0;0;0;0;0;0;0;0;0;0;0;0;0;0;0;0;0;0;0;0;0;0;0;0;0;0;0;0;0;0;0;0;0;0;0;1;1;1;1;1;0;0;0;0,99381496;0,953762067;0,230749318;;;;0,216601868;0,203361161;FALS;0;0;0;0;228,4;low ;0;127,1;low ;0;2240;low ;0;0,840263528;0,108694548;0,086377038;0,033887043;0,862450645;;;P_score_freshwater_pred_UBA;0,99381496;0,726108782;;;M_score_pred_Episuite;0,216601868;0,209981515;kemi_score;0,38;0,463963552;1;;;0,390473331;1;0,435590567;1;0,449553274;1;0,435590567;0,5;0,412415445;1;1.00;PM;;PM;2
Trisodium 7-[[4-chloro-6-[(3-sulphonatophenyl)amino]-1,3,5-triazin-2-yl]methylamino]-4-hydroxy-3-[(2-sulphonatophenyl)azo]naphthalene-2-sulphonate;70210-21-8;274-418-9;HWYRBRHWMRMGKX-UHFFFAOYSA-K;CN(C1=CC2=CC(=C(C(=C2C=C1)O)N=NC3=CC=CC=C3S(=O)(=O)O)S(=O)(=O)O)C4=NC(=NC(=N4)NC5=CC(=CC=C5)S(=O)(=O)O)Cl;DTXSID90890053;166120;PRO-442;;REACH-B;FALS;vPvM;HQ;vPvM;FALS;FALS;;;FALS;FALS;FALS;FALS;FALS;FALS;FALS;FALS;FALS;FALS;FALS;FALS;FALS;FALS;FALS;CERT;CERT;CERT;;;;FALS;FALS;FALS;CERT;FALS;CERT;CERT;FALS;FALS;FALS;CERT;CERT;FALS;FALS;CERT;FALS;FALS;FALS;FALS;FALS;FALS;FALS;CERT;FALS;FALS;P-PNEC pred;788,06;;0,783;;9,55;;0,158;4,6599162;3,4138;5389698,476;852,9672586;3,8;1034;;;;-2,9;0,005419509;0,27;0,44;0,05;0,15;>1 to < 10 tonnes;1;10;0;0;0;0;0;0;0;0;0;0;0;0;0;0;0;0;0;0;0;0;0;1;0;0;1;0;0;0;0;0;0;0;1;0;0;0;0;0;0;0;0;0;0;0;0;0;1;0;1;0;0;0;0;0;0;0;0;0;0;0;0;0;0;0;0;0,992360198;0,989415113;0,999999997;;;;0,272897442;0,136612705;FALS;0;0;0;0;237,7;low ;0;100,1;low ;0;1120;low ;0;0,906025166;0,119157354;0,08501895;0,045251246;0,920968723;;;P_score_freshwater_pred_Dashboard;0,999999997;0,993925103;;;M_score_pred_Episuite;0,272897442;0,204755074;kemi_score;0,44;0,522395866;1;;;0,451122165;1;0,498659759;1;0,510389848;1;0,498659759;0,5;0,474295762;1;1.00;PM;;PM;2
Trisodium 8-hydroxypyrene-1,3,6-trisulphonate;6358-69-6;228-783-6;KXXXUIKPSVVSAW-UHFFFAOYSA-K;C1=CC2=C3C(=C(C=C2S(=O)(=O)O)S(=O)(=O)O)C=CC4=C(C=C(C1=C43)O)S(=O)(=O)O;DTXSID4041739;61388;PRO-443;NS00080923;REACH-A;CERT;vPvM;HQ;PM;FALS;FALS;;;FALS;FALS;FALS;FALS;FALS;FALS;FALS;FALS;FALS;FALS;FALS;FALS;FALS;FALS;FALS;CERT;CERT;CERT;"Cleaning and safety; Personal care -> body hygiene -> bar soap; color additive; colorant; cosmetic colorant; dye; dye; fragrance; fragrance component; hair dyeing";Dyes;Dyes;CERT;CERT;FALS;CERT;CERT;CERT;CERT;CERT;CERT;CERT;CERT;CERT;CERT;FALS;CERT;CERT;FALS;CERT;FALS;FALS;FALS;FALS;CERT;FALS;FALS;P-PNEC;524,37;;-0,653;;9,46;;0,85;4,800029359;0,7601;5389698,476;140,0854485;2,4;1701;;;3;;0,68499006;0,7;0,64;0,04;0,14;>1 to < 10 tonnes;1;10;0;0;0;1;1;0;1;0;0;0;0;1;0;1;0;0;1;1;1;0;1;0;0;0;0;1;0;0;0;1;0;0;1;1;0;0;0;1;0;0;0;0;1;0;0;0;1;1;0;1;0;0;1;0;0;0;0;0;0;0;0;0;0;0;1;0,996723435;0,809922755;0,999999997;;;0,333333333;0,702542218;0,125556431;FALS;0;0;0;0;331,6;low ;0;82,8;low ;0,631;1110;low ;0;0,540986755;0,12808137;0,074425602;0,045419824;0,617955822;;;P_score_freshwater_pred_Dashboard;0,999999997;0,935548729;M_score_exp_UBA;0,333333333;M_score_pred_Episuite;0,702542218;0,387143994;kemi_score;0,64;0,838177914;1;0,333333333;0,5;0,601823954;1;0,657699837;1;0,742475237;1;0,524378332;0,75;0,629141889;1;0.00;vPvM(T);PM(T);PM(T);2
Vinyl chloride;75-01-4?;;BZHJMEDXRYGGRV-UHFFFAOYSA-N;C=CCl;DTXSID8021434;6338;PRO-444;;;FALS;;;;FALS;FALS;;;FALS;FALS;FALS;FALS;FALS;FALS;FALS;FALS;FALS;FALS;FALS;FALS;FALS;FALS;FALS;FALS;FALS;FALS;"Home maintenance -> caulk/sealant; Home maintenance -> paint/stain and related products; Home maintenance -> paint/stain and related products -> paint; impurity; monomer; not reported; residual; vinyl residual";"Binder; Intermediate; Intermediates; Monomers; Other (specify)";"Binder; Intermediate; Intermediates; Other (specify)";FALS;FALS;FALS;FALS;FALS;FALS;FALS;FALS;FALS;FALS;FALS;FALS;FALS;FALS;FALS;FALS;FALS;FALS;FALS;FALS;FALS;FALS;FALS;FALS;FALS;;62,5;;1,56;;1,96;0,0923;0,0849;1,309630167;;1394,093971;;8,51;;;;;;;;;;;;;;0;0;0;0;0;0;0;0;0;0;0;0;0;0;0;0;0;0;0;0;0;0;0;0;0;0;0;0;0;0;0;0;0;0;0;0;0;0;0;0;0;0;0;0;0;0;0;0;0;0;0;0;0;0;0;0;0;0;0;0;0;0;0;0;0;;;0,995402038;;;;;0,6174002;FALS;0;0;0;0;645,4;low ;0;1530;moderate ;0,85;7920;low ;0,698;;0,039745893;0,056795343;0,019865112;0,047181413;;;P_score_freshwater_pred_Dashboard;0,995402038;0,995402038;;;M_score_pred_Dashboard;0,6174002;0,6174002;;;0,783939677;1;;;0,783939677;1;0,047181413;0,5;0,307217119;0,75;0,047181413;0,25;0,307217119;0,75;0.00;vPvM;;vPvM;3
Warfarin;81-81-2;201-377-6;PJVWKTKQMONHTI-UHFFFAOYSA-N;CC(=O)CC(C1=CC=CC=C1)C2=C(C3=CC=CC=C3OC2=O)O;DTXSID5023742;54678486;PRO-445;NS00010884;REACH-B;FALS;PMT;HQ;PMT;FALS;FALS;;;FALS;FALS;FALS;FALS;FALS;FALS;FALS;FALS;FALS;FALS;FALS;FALS;FALS;FALS;FALS;FALS;FALS;FALS;Pesticides -> rodenticide;;;FALS;FALS;FALS;FALS;FALS;FALS;FALS;FALS;FALS;FALS;FALS;FALS;FALS;FALS;FALS;FALS;FALS;FALS;FALS;FALS;FALS;FALS;FALS;FALS;FALS;P-PNEC exp;308,333;2,7;2,86;;10,7;0,000209;0,000138;2,959994838;2,3215;34,81331749;39,26413171;17,8;;150;;;0,4;12;0,44;0,67;0;0;;;;0;0;0;0;0;0;0;0;0;0;0;0;0;0;0;0;0;0;1;0;0;0;0;0;0;0;0;0;0;0;0;0;0;0;0;0;0;0;0;0;0;0;0;0;0;0;0;0;0;0;0;0;0;0;0;0;0;0;0;0;0;0;0;0;0;;0,326317205;0,282810472;0,422704538;;;0,444517713;0,339523649;FALS;0;0;0;0;155,8;low ;0,398;1840;low ;0,39;190,7;low ;0,472;0,25366099;0,036798065;0,100419923;0,092763435;0,323818345;P_score_soil_exp_UBA;0,422704538;P_score_soil_exp_UBA;0,422704538;0,343944072;;;M_score_pred_Episuite;0,444517713;0,392020681;kemi_score;0,67;0,433473937;1;0,422704538;0,5;0,367196391;1;0,377465325;1;0,404501398;1;0,391979792;0,75;0,372295454;1;1.00;PM;PM;PM;4
Zinc bis[O-(2-ethylhexyl)] bis[O-(isobutyl)] bis(dithiophosphate);26566-95-0;247-810-2;FHIAIHDDIOVFSY-UHFFFAOYSA-L;CCCCC(CC)COP(=S)(OCC(C)C)[S-].CCCCC(CC)COP(=S)(OCC(C)C)[S-].[Zn+2];DTXSID3027906;22833322;PRO-446;NS00084522;REACH-A;FALS;vPvM;LQ;vPvM;FALS;FALS;;;FALS;FALS;FALS;FALS;FALS;FALS;FALS;FALS;FALS;FALS;FALS;FALS;FALS;FALS;FALS;CERT;CERT;FALS;Vehicle -> engine maintenance -> motor oil;Lubricating agent;Lubricating agent;CERT;CERT;FALS;CERT;CERT;CERT;CERT;FALS;FALS;FALS;CERT;FALS;CERT;FALS;FALS;CERT;FALS;FALS;CERT;CERT;CERT;FALS;FALS;FALS;FALS;P-PNEC;660,24;;3,7;;8,62;;0,00176;3,699837726;7,7221;1,36E+36;56,32930827;245;1484;;;1,4;;0,229897527;;0,53;0,25;0,38;>10 to < 100 tonnes;10;100;0;0;0;0;0;0;0;0;0;0;0;0;0;0;0;0;1;0;0;0;0;0;1;1;0;0;0;0;0;0;0;0;0;0;0;0;0;0;0;0;0;0;0;0;0;0;0;0;0;0;0;0;0;0;0;0;0;0;0;0;0;0;0;0;0;0,995866019;0,473045969;1;;;0,602498941;0,018591989;0,235369206;FALS;0;0;0;0;;;;;;;;;;0,654406548;;;;;;;P_score_freshwater_pred_Dashboard;1;0,822970663;M_score_exp_UBA;0,602498941;M_score_exp_UBA;0,602498941;0,285486712;kemi_score;0,53;0,776208052;1;0,602498941;0,5;0,484713512;1;;;0,776208052;0,5;0,602498941;0,25;0,484713512;0,5;1.00;vPvM;PM;PM;3
Tetrabutylammonium;10549-76-5;;DZLFLBLQUQXARW-UHFFFAOYSA-N;CCCC[N+](CCCC)(CCCC)CCCC;;;PRO-447;NS00006689;;FALS;;;;FALS;FALS;;;FALS;FALS;FALS;FALS;FALS;FALS;FALS;FALS;FALS;FALS;FALS;FALS;FALS;FALS;FALS;FALS;FALS;FALS;;;;FALS;FALS;FALS;FALS;FALS;FALS;FALS;FALS;FALS;FALS;FALS;FALS;FALS;FALS;FALS;FALS;FALS;FALS;FALS;FALS;FALS;FALS;FALS;FALS;FALS;;;;;;;;;;;;;;;;;;;1,02309;;;;;;;;0;0;0;0;0;0;0;0;0;0;0;0;0;0;0;0;0;0;0;0;0;0;0;0;0;0;0;0;0;0;0;0;0;0;0;0;0;0;0;0;0;0;0;0;0;0;0;0;0;0;0;0;0;0;0;0;0;0;0;0;0;0;0;0;0;;;;;;;;;FALS;0;0;0;0;83,7;low ;0,385;7250;low ;0,689;149,7;low ;0,689;0,49752156;0,020626468;0,12755795;0,101997752;0,541477727;;;;;;;;;;;;;;;;;;;0,541477727;0,5;0,541477727;0,25;0,541477727;0,25;0,541477727;0,25;;;;;2
Pyridoxine;65-23-6;;LXNHXLLTXMVWPM-UHFFFAOYSA-N;Cc1ncc(CO)c(CO)c1O;;;PRO-448;NS00004187;;FALS;;;;FALS;FALS;;;FALS;FALS;FALS;FALS;FALS;FALS;FALS;FALS;FALS;FALS;FALS;FALS;FALS;FALS;FALS;FALS;FALS;FALS;;;;FALS;FALS;FALS;FALS;FALS;FALS;FALS;FALS;FALS;FALS;FALS;FALS;FALS;FALS;FALS;FALS;FALS;FALS;FALS;FALS;FALS;FALS;FALS;FALS;FALS;;;;;;;;;;0,0195;;18,31878542;;;;;;;47,58276;;0,6;0;0;;;;0;0;0;0;0;0;0;0;0;0;0;0;0;0;0;0;0;0;0;0;0;0;0;0;0;0;0;0;0;0;0;0;0;0;0;0;0;0;0;0;0;0;0;0;0;0;0;0;0;0;0;1;0;0;0;0;0;0;0;0;0;0;0;0;0;;0,116274356;;;;;0,797828609;;FALS;0;0;0;0;701,6;low ;0,297;7460;low ;0,632;5920;low ;0,633;0,157433475;0,020377442;0,054883804;0,022481561;0,185020076;;;P_score_freshwater_pred_RIVM;0,116274356;0,116274356;;;M_score_pred_Episuite;0,797828609;0,797828609;kemi_score;0,6;0,304576769;1;;;0,304576769;1;0,185020076;0,5;0,25795115;0,75;0,185020076;0,25;0,25795115;0,75;;;;;
Saccharin;81-07-2;;CVHZOJJKTDOEJC-UHFFFAOYSA-N;O=C1N[S](=O)(=O)c2ccccc12;;;PRO-449;NS00007781;;FALS;;;;FALS;FALS;;;FALS;FALS;FALS;FALS;FALS;FALS;FALS;FALS;FALS;FALS;FALS;FALS;FALS;FALS;FALS;CERT;CERT;FALS;;;;CERT;CERT;CERT;CERT;FALS;CERT;CERT;FALS;FALS;CERT;CERT;CERT;CERT;FALS;FALS;CERT;FALS;FALS;CERT;FALS;FALS;FALS;FALS;FALS;FALS;;;;;;;;;;1,3606;;23,06958688;;;;;;;35,85558;0,61;0,79;0,25;0,38;>100 to < 1000 tonnes;100;1000;1;1;0;0;0;0;1;0;0;0;0;0;0;0;0;0;0;0;1;0;1;0;0;0;0;0;0;1;0;0;1;0;1;0;0;0;0;1;0;0;0;0;0;0;0;0;1;0;0;0;0;1;1;0;1;1;0;0;0;0;0;0;1;0;0;;0,163282981;;;;;0,609020859;;FALS;0;0;0;0;888,2;low ;0,213;1700;low ;0,419;6360;moderate ;0,85;0,174429106;0,038035818;0,049806944;0,021807402;0,213280383;;;P_score_freshwater_pred_RIVM;0,163282981;0,163282981;;;M_score_pred_Episuite;0,609020859;0,609020859;kemi_score;0,79;0,315345432;1;;;0,315345432;1;0,360695209;1;0,337258931;1;0,360695209;0,5;0,337258931;1;;;;;2
Caffeine;58-08-2;;RYYVLZVUVIJVGH-UHFFFAOYSA-N;Cn1cnc2N(C)C(=O)N(C)C(=O)c12;;;PRO-450;NS00000273;;FALS;;;;FALS;FALS;;;FALS;FALS;FALS;FALS;FALS;FALS;FALS;FALS;FALS;FALS;FALS;FALS;FALS;FALS;FALS;CERT;CERT;FALS;;;;CERT;CERT;CERT;CERT;FALS;FALS;CERT;FALS;FALS;FALS;CERT;CERT;CERT;CERT;FALS;CERT;FALS;FALS;FALS;FALS;FALS;FALS;FALS;FALS;FALS;;;;;;;;;;0,9801;;24,19426005;;;;;;;1,2;0,67;0,68;0,38;0,5;>1000 to < 10000 tonnes;1000;10000;1;0;0;0;0;0;0;0;0;0;0;0;0;0;0;0;0;0;1;1;1;0;0;0;0;0;1;1;0;0;0;0;0;0;0;0;0;1;0;0;0;1;0;0;0;0;0;0;0;0;0;1;1;0;0;0;0;0;0;0;0;0;1;0;1;;0,17470703;;;;;0,669724838;;CERT;0;0;0;0;324,3;low ;0,191;8910;low ;0;6480;low ;0,192;0,480215025;0,018893229;0,075094313;0,021634903;0,496285681;;;P_score_freshwater_pred_RIVM;0,17470703;0,17470703;;;M_score_pred_Episuite;0,669724838;0,669724838;kemi_score;0,68;0,342060868;1;;;0,342060868;1;0,57663802;1;0,444123071;1;0,57663802;0,5;0,444123071;1;;PM;;PM;Priority group
4-Toluenesulfonic acid;104-15-4;;JOXIMZWYDAKGHI-UHFFFAOYSA-N;Cc1ccc(cc1)[S](O)(=O)=O;;;PRO-451;NS00010519;;FALS;;;;FALS;FALS;;;FALS;FALS;FALS;FALS;FALS;FALS;FALS;FALS;FALS;FALS;FALS;FALS;FALS;FALS;FALS;CERT;FALS;FALS;;;;CERT;CERT;FALS;CERT;CERT;CERT;CERT;CERT;CERT;FALS;CERT;CERT;CERT;CERT;CERT;FALS;CERT;CERT;FALS;FALS;FALS;FALS;FALS;FALS;FALS;;;;;;;;;;0,5822;;19,29448178;;;;;;;77,75796;;0,84;0,46;0,58;>10000 to < 100000 tonnes;10000;100000;1;0;0;0;0;0;0;1;0;0;0;0;0;1;1;0;0;0;0;1;1;0;1;0;0;0;0;0;0;0;1;1;0;0;0;0;0;0;0;0;0;0;0;0;0;0;0;0;0;0;1;1;0;0;1;0;0;1;1;1;0;0;1;0;1;;0,125704553;;;;;0,727652361;;CERT;0;0;0;0;882,2;low ;0,262;1010;low ;0,7;17260;good ;1;0,131159565;0,047231029;0,049946444;0,014244454;0,174332109;;;P_score_freshwater_pred_RIVM;0,125704553;0,125704553;;;M_score_pred_Episuite;0,727652361;0,727652361;kemi_score;0,84;0,302438778;1;;;0,302438778;1;0,174332109;0,5;0,251700519;0,75;0,174332109;0,25;0,251700519;0,75;;;;;3
Bis(2,4,4-trimethylpentyl)phosphinic acid;83411-71-6;;QUXFOKCUIZCKGS-UHFFFAOYSA-N;CC(CC(C)(C)C)C[P](O)(=O)CC(C)CC(C)(C)C;;;PRO-452;;;CERT;;;;FALS;FALS;;;FALS;FALS;FALS;FALS;FALS;FALS;FALS;FALS;FALS;FALS;FALS;FALS;FALS;FALS;FALS;FALS;FALS;FALS;;;;CERT;CERT;CERT;FALS;FALS;FALS;CERT;FALS;FALS;FALS;CERT;FALS;FALS;FALS;FALS;FALS;FALS;FALS;FALS;FALS;FALS;FALS;FALS;FALS;FALS;;;;;;;;;;3,9877;;83,81391501;;;;;;;0,56803;0,2;0,41;0,22;0,33;>100 to < 1000 tonnes;100;1000;0;0;0;0;0;0;0;0;0;0;0;0;0;0;0;0;0;0;0;0;0;0;0;0;0;0;0;0;0;0;0;0;0;0;0;0;0;0;1;0;0;0;0;1;0;0;0;0;0;0;0;0;0;0;0;0;1;0;0;0;0;0;0;0;0;;0,639088879;;;;;0,201367603;;FALS;0;0;0;0;104,4;low ;0,256;487,4;low ;0,241;1110;low ;0,249;0,561100291;0,063691999;0,117253429;0,045419824;0,598022681;;;P_score_freshwater_pred_RIVM;0,639088879;0,639088879;;;M_score_pred_Episuite;0,201367603;0,201367603;kemi_score;0,41;0,358736388;1;;;0,358736388;1;0,345838888;1;0,352228609;1;0,345838888;0,5;0,352228609;1;;PM;;PM;
Tebuconazole;107534-96-3;;PXMNMQRDXWABCY-UHFFFAOYSA-N;CC(C)(C)C(O)(CCc1ccc(Cl)cc1)Cn2cncn2;;;PRO-453;NS00000280;;FALS;;;;FALS;FALS;;;FALS;FALS;FALS;FALS;FALS;FALS;FALS;FALS;FALS;FALS;FALS;FALS;FALS;FALS;FALS;FALS;FALS;FALS;;;;FALS;FALS;FALS;FALS;FALS;FALS;FALS;FALS;FALS;FALS;FALS;FALS;FALS;FALS;FALS;FALS;FALS;FALS;FALS;FALS;FALS;FALS;FALS;FALS;FALS;;;;;;;;;;2,6331;;156,4395324;;;;;;;0,24;0,39;0,71;0;0;;;;0;0;0;0;0;0;0;0;0;0;0;0;0;0;0;0;0;0;0;0;0;0;0;0;0;0;0;0;0;0;0;0;0;0;0;0;0;0;0;0;0;0;0;0;0;0;0;0;0;0;0;0;0;0;0;0;0;0;0;0;0;0;0;0;0;;0,837299045;;;;;0,392019439;;CERT;0;0;0;0;74,8;low ;0,252;195,6;low ;0,253;346,2;low ;0,253;0,650170503;0,091840316;0,13309092;0,073146783;0,693946431;;;P_score_freshwater_pred_RIVM;0,837299045;0,837299045;;;M_score_pred_Episuite;0,392019439;0,392019439;kemi_score;0,71;0,572920153;1;;;0,572920153;1;0,520229861;1;0,545939714;1;0,520229861;0,5;0,545939714;1;;PM;;PM;2
"2-Hydroxybenzothiazole; Benzothiazolone";934-34-9;;YEDUAINPPJYDJZ-UHFFFAOYSA-N;Oc1sc2ccccc2n1.O=s3cnc4ccccc34;;;PRO-454;NS00008199;;FALS;;;;FALS;FALS;;;FALS;FALS;FALS;FALS;FALS;FALS;FALS;FALS;FALS;FALS;FALS;FALS;FALS;FALS;FALS;FALS;FALS;FALS;;;;FALS;FALS;FALS;FALS;FALS;FALS;FALS;FALS;FALS;FALS;FALS;FALS;FALS;FALS;FALS;FALS;FALS;FALS;FALS;FALS;FALS;FALS;FALS;FALS;FALS;;;;;;;;;;2,4416;;18,00347279;;;;;;;14;0,42;0,46;;;;;;0;0;0;0;0;0;0;0;0;0;0;0;0;0;0;0;0;0;0;0;0;0;0;0;0;0;0;0;0;0;0;0;0;0;0;0;0;0;0;0;0;0;0;0;0;0;0;0;0;0;0;0;0;0;0;0;0;0;0;0;0;0;0;0;0;;0,11325904;;;;;0,424068484;;FALS;0;0;0;0;1130;low ;0,262;1100;low ;0,673;1580;low ;0,404;0,241197024;0,045590534;0,045084754;0,03921629;0,290567908;;;P_score_freshwater_pred_RIVM;0,11325904;0,11325904;;;M_score_pred_Episuite;0,424068484;0,424068484;kemi_score;0,46;0,219156541;1;;;0,219156541;1;0,349340123;1;0,27669509;1;0,349340123;0,5;0,27669509;1;;;;;1
Metolachlor;51218-45-2;;WVQBLGZPHOPPFO-UHFFFAOYSA-N;CCc1cccc(C)c1N(C(C)COC)C(=O)CCl;;;PRO-455;NS00000248;;FALS;;;;FALS;FALS;;;FALS;FALS;FALS;FALS;FALS;FALS;FALS;FALS;FALS;FALS;FALS;FALS;FALS;FALS;FALS;FALS;FALS;FALS;;;;FALS;FALS;FALS;FALS;FALS;FALS;FALS;FALS;FALS;FALS;FALS;FALS;FALS;FALS;FALS;FALS;FALS;FALS;FALS;FALS;FALS;FALS;FALS;FALS;FALS;;;;;;;;;;2,3914;;75,56626632;;;;;;;0,2;0,43;0,42;;;;;;0;0;0;0;0;0;0;0;0;0;0;0;0;0;0;0;0;0;0;0;0;0;0;0;0;0;0;0;0;0;0;0;0;0;0;0;0;0;0;0;0;0;0;0;0;0;0;0;0;0;0;0;0;0;0;0;0;0;0;0;0;0;0;0;0;;0,597323449;;;;;0,432588513;;FALS;0;0;0;0;73,8;low ;0,316;409,4;moderate ;0,85;123,4;low ;0,7;0,667959369;0,068360686;0,133766778;0,109943812;0,711253556;;;P_score_freshwater_pred_RIVM;0,597323449;0,597323449;;;M_score_pred_Episuite;0,432588513;0,432588513;kemi_score;0,42;0,508325941;1;;;0,508325941;1;0,55302715;1;0,530205665;1;0,55302715;0,5;0,530205665;1;;PM;;PM;2
Tetrapropylammonium;13010-31-6;;OSBSFAARYOCBHB-UHFFFAOYSA-N;CCC[N+](CCC)(CCC)CCC;;;PRO-456;;;FALS;;;;FALS;FALS;;;FALS;FALS;FALS;FALS;FALS;FALS;FALS;FALS;FALS;FALS;FALS;FALS;FALS;FALS;FALS;FALS;FALS;FALS;;;;FALS;FALS;FALS;FALS;FALS;FALS;FALS;FALS;FALS;FALS;FALS;FALS;FALS;FALS;FALS;FALS;FALS;FALS;FALS;FALS;FALS;FALS;FALS;FALS;FALS;;;;;;;;;;;;;;;;;;;20,55384;;0,02;;;;;;0;0;0;0;0;0;0;0;0;0;0;0;0;0;0;0;0;0;0;0;0;0;0;0;0;0;0;0;0;0;0;0;0;0;0;0;0;0;0;0;0;0;0;0;0;0;0;0;0;0;0;0;0;0;0;0;0;0;0;0;0;0;0;0;0;;;;;;;;;FALS;0;0;0;0;317,6;low ;0,394;9210;low ;0,666;2530;low ;0,666;0,212003148;0,018628478;0,075726456;0,032198083;0,241909682;;;;;;;;;;;kemi_score;0,02;;;;;;;0,241909682;0,5;0,241909682;0,25;0,241909682;0,25;0,241909682;0,25;;;;;1
Propiconazole;60207-90-1;;STJLVHWMYQXCPB-UHFFFAOYSA-N;CCCC1COC(Cn2cncn2)(O1)c3ccc(Cl)cc3Cl;;;PRO-457;NS00000220;;FALS;;;;FALS;FALS;;;FALS;FALS;FALS;FALS;FALS;FALS;FALS;FALS;FALS;FALS;FALS;FALS;FALS;FALS;FALS;FALS;FALS;FALS;;;;FALS;FALS;CERT;FALS;FALS;FALS;FALS;FALS;FALS;FALS;CERT;FALS;FALS;FALS;FALS;FALS;FALS;FALS;FALS;FALS;FALS;FALS;FALS;FALS;FALS;;;;;;;;;;2,8744;;160,4576991;;;;;;;1,4;0,35;0,69;0,18;0,27;>100 to < 1000 tonnes;100;1000;0;0;0;0;0;0;0;0;0;0;0;0;0;0;0;0;0;0;0;0;0;0;0;0;0;0;0;0;0;0;0;0;0;0;0;0;0;0;0;0;0;0;0;0;0;0;0;0;0;0;0;0;0;0;0;0;0;0;0;0;0;0;0;0;0;;0,843119186;;;;;0,352952118;;CERT;0;0;0,75;0;28,2;low ;0,247;215,3;low ;0,291;199,7;low ;0,247;0,463532859;0,088422994;0,189963231;0,091091655;0,535399461;;;P_score_freshwater_pred_RIVM;0,843119186;0,843119186;;;M_score_pred_Episuite;0,352952118;0,352952118;kemi_score;0,69;0,54550958;1;;;0,54550958;1;0,432885448;1;0,485945634;1;0,432885448;0,5;0,485945634;1;;PM;;PM;3
N-Ethyl-4-menthane-3-carboxamide;39711-79-0;;VUNOFAIHSALQQH-UHFFFAOYSA-N;CCNC(=O)C1CC(C)CCC1C(C)C;;;PRO-458;NS00013664;;FALS;;;;FALS;FALS;;;FALS;FALS;FALS;FALS;FALS;FALS;FALS;FALS;FALS;FALS;FALS;FALS;FALS;FALS;FALS;CERT;CERT;CERT;;;;CERT;CERT;CERT;CERT;CERT;CERT;CERT;FALS;FALS;FALS;CERT;CERT;CERT;FALS;FALS;CERT;FALS;FALS;FALS;FALS;FALS;FALS;CERT;CERT;FALS;;;;;;;;;;3,0069;;28,95627287;;;;;;;1,33146;0,33;0,61;0,26;0,39;>100 to < 1000 tonnes;100;1000;1;0;0;1;0;0;1;0;0;0;0;0;0;0;0;0;0;0;0;0;0;0;0;0;0;0;1;0;0;1;0;0;0;1;0;0;0;1;0;0;0;0;0;0;0;1;0;0;0;0;0;1;0;0;0;0;0;0;0;0;0;0;0;0;0;;0,223483966;;;;;0,332271356;;FALS;0;0;0;0;386,6;low ;0,6;1580;moderate ;0,85;388,9;low ;0,7;0,468957945;0,03921629;0,069962739;0,069795304;0,511668085;;;P_score_freshwater_pred_RIVM;0,223483966;0,223483966;;;M_score_pred_Episuite;0,332271356;0,332271356;kemi_score;0,61;0,272501964;1;;;0,272501964;1;0,410914186;1;0,334626542;1;0,410914186;0,5;0,334626542;1;;;;;1
Benzyl-triethylammonium;16652-03-2;;VBQDSLGFSUGBBE-UHFFFAOYSA-N;CC[N+](CC)(CC)Cc1ccccc1;;;PRO-459;NS00013405;;FALS;;;;FALS;FALS;;;FALS;FALS;FALS;FALS;FALS;FALS;FALS;FALS;FALS;FALS;FALS;FALS;FALS;FALS;FALS;FALS;FALS;FALS;;;;FALS;FALS;FALS;FALS;FALS;FALS;FALS;FALS;FALS;FALS;FALS;FALS;FALS;FALS;FALS;FALS;FALS;FALS;FALS;FALS;FALS;FALS;FALS;FALS;FALS;;;;;;;;;;;;;;;;;;;8,94826;;;;;;;;0;0;0;0;0;0;0;0;0;0;0;0;0;0;0;0;0;0;0;0;0;0;0;0;0;0;0;0;0;0;0;0;0;0;0;0;0;0;0;0;0;0;0;0;0;0;0;0;0;0;0;0;0;0;0;0;0;0;0;0;0;0;0;0;0;;;;;;;;;FALS;0;0;0;0;696,5;low ;0,308;8760;low ;0,423;1970;low ;0,7;0,278535311;0,019030394;0,055048389;0,035761519;0,307923166;;;;;;;;;;;;;;;;;;;0,307923166;0,5;0,307923166;0,25;0,307923166;0,25;0,307923166;0,25;;;;;3
Naphthalene-2-sulfonic acid;120-18-3;;KVBGVZZKJNLNJU-UHFFFAOYSA-N;O[S](=O)(=O)c1ccc2ccccc2c1;;;PRO-460;;;FALS;;;;FALS;FALS;;;FALS;FALS;FALS;FALS;FALS;FALS;FALS;FALS;FALS;FALS;FALS;FALS;FALS;FALS;FALS;CERT;CERT;CERT;;;;CERT;CERT;CERT;CERT;CERT;CERT;CERT;FALS;FALS;FALS;CERT;CERT;CERT;CERT;CERT;CERT;CERT;CERT;FALS;FALS;FALS;FALS;CERT;FALS;FALS;;;;;;;;;;1,2736;;19,47600356;;;;;;;34;;0,49;0,52;0,65;>10000 to < 100000 tonnes;10000;100000;1;1;0;0;0;0;0;1;1;1;0;1;0;1;0;0;0;1;1;0;1;1;0;0;1;0;0;0;0;1;1;0;1;1;0;0;0;0;0;0;0;0;1;0;0;0;1;1;1;1;1;1;0;1;1;1;0;0;0;0;0;1;0;0;1;;0,127474427;;;;;0,623281987;;FALS;0;0;0;0;159,8;low ;0,257;839,7;moderate ;0,85;1890;moderate ;0,85;0,177777406;0,050973823;0,099429753;0,036387575;0,233380879;;;P_score_freshwater_pred_RIVM;0,127474427;0,127474427;;;M_score_pred_Episuite;0,623281987;0,623281987;E_score_max;0,65;0,281873224;1;;;0,281873224;1;0,233380879;0,5;0,264681938;0,75;0,233380879;0,25;0,264681938;0,75;;;;;3
Fludioxonil;131341-86-1;;MUJOIMFVNIBMKC-UHFFFAOYSA-N;FC1(F)Oc2cccc(c2O1)c3c[nH]cc3C#N;;;PRO-461;NS00011514;;FALS;;;;FALS;FALS;;;FALS;FALS;FALS;FALS;FALS;FALS;FALS;FALS;FALS;FALS;FALS;FALS;FALS;FALS;FALS;FALS;FALS;FALS;;;;FALS;FALS;FALS;FALS;FALS;FALS;FALS;FALS;FALS;FALS;FALS;FALS;FALS;FALS;FALS;FALS;FALS;FALS;FALS;FALS;FALS;FALS;FALS;FALS;FALS;;;;;;;;;;3,708;;68,0372478;;;;;;;0,1;;0,61;;;;;;0;0;0;0;0;0;0;0;0;0;0;0;0;0;0;0;0;0;0;0;0;0;0;0;0;0;0;0;0;0;0;0;0;0;0;0;0;0;0;0;0;0;0;0;0;0;0;0;0;0;0;0;0;0;0;0;0;0;0;0;0;0;0;0;0;;0,553520167;;;;;0,234352519;;CERT;0;0;0;0;29,5;low ;0,203;7330;low ;0,362;296,9;low ;0,363;0,731058579;0,02053041;0,186969668;0,077800753;0,750101812;;;P_score_freshwater_pred_RIVM;0,553520167;0,553520167;;;M_score_pred_Episuite;0,234352519;0,234352519;kemi_score;0,61;0,360165025;1;;;0,360165025;1;0,750101812;0,5;0,459946971;0,75;0,750101812;0,25;0,459946971;0,75;;PM(T);(T);PM(T);4
Bentazone;25057-89-0;;ZOMSMJKLGFBRBS-UHFFFAOYSA-N;CC(C)N1C(=O)c2ccccc2N[S]1(=O)=O;;;PRO-462;NS00000236;;FALS;;;;FALS;FALS;;;FALS;FALS;FALS;FALS;FALS;FALS;FALS;FALS;FALS;FALS;FALS;FALS;FALS;FALS;FALS;FALS;FALS;FALS;;;;FALS;FALS;FALS;FALS;FALS;FALS;FALS;FALS;FALS;FALS;FALS;FALS;FALS;FALS;FALS;FALS;FALS;FALS;FALS;FALS;FALS;FALS;FALS;FALS;FALS;;;;;;;;;;2,1082;;29,50943111;;;;;;;270;0,48;0,62;;;;;;0;0;0;0;0;0;0;0;0;0;0;0;0;0;0;0;0;0;0;0;0;0;0;0;0;0;0;0;0;0;0;0;0;0;0;0;0;0;0;0;0;0;0;0;0;0;0;0;0;0;0;0;0;0;0;0;0;0;0;0;0;0;0;0;0;;0,229147976;;;;;0,481259152;;CERT;0;0;0;0;192,8;low ;0,208;572,6;low ;0,262;2140;low ;0,307;0,080812107;0,059644764;0,092363924;0,034542429;0,148451746;;;P_score_freshwater_pred_RIVM;0,229147976;0,229147976;;;M_score_pred_Episuite;0,481259152;0,481259152;kemi_score;0,62;0,332083665;1;;;0,332083665;1;0,266939765;1;0,297735345;1;0,266939765;0,5;0,297735345;1;;PM;;PM;2
1-(o-Tolyl)-biguanide;93-69-6;;SQZCAOHYQSOZCE-UHFFFAOYSA-N;Cc1ccccc1NC(=N)NC(N)=N;;;PRO-463;NS00009458;;FALS;;;;FALS;FALS;;;FALS;FALS;FALS;FALS;FALS;FALS;FALS;FALS;FALS;FALS;FALS;FALS;FALS;FALS;FALS;FALS;FALS;CERT;;;;CERT;FALS;CERT;FALS;FALS;CERT;CERT;FALS;FALS;FALS;CERT;CERT;FALS;FALS;FALS;FALS;FALS;FALS;FALS;FALS;FALS;FALS;CERT;FALS;FALS;;;;;;;;;;0,4836;;27,6425736;;;;;;;2,63896;0,74;0,67;0,12;0,23;>10 to < 100 tonnes;10;100;1;0;0;0;0;0;0;1;0;0;0;0;0;1;1;0;0;0;0;0;0;0;0;0;0;0;0;0;0;0;1;0;1;0;0;0;0;0;0;0;0;0;0;0;0;0;1;0;0;0;0;0;0;0;1;0;0;1;0;0;0;0;0;0;0;;0,210012544;;;;;0,740983844;;FALS;0;0;0;0;282,1;low ;0,245;9420;moderate ;0,85;13750;low ;0,7;0,396173943;0,01845032;0,079409077;0,015699495;0,412156714;;;P_score_freshwater_pred_RIVM;0,210012544;0,210012544;;;M_score_pred_Episuite;0,740983844;0,740983844;kemi_score;0,67;0,394481814;1;;;0,394481814;1;0,552264401;1;0,466752893;1;0,552264401;0,5;0,466752893;1;;PM;;PM;2
Tripropyl phosphate;513-08-6;;RXPQRKFMDQNODS-UHFFFAOYSA-N;CCCO[P](=O)(OCCC)OCCC;;;PRO-464;NS00006875;;FALS;;;;FALS;FALS;;;FALS;FALS;FALS;FALS;FALS;FALS;FALS;FALS;FALS;FALS;FALS;FALS;FALS;FALS;FALS;FALS;FALS;FALS;;;;FALS;FALS;FALS;FALS;FALS;FALS;FALS;FALS;FALS;FALS;FALS;FALS;FALS;FALS;FALS;FALS;FALS;FALS;FALS;FALS;FALS;FALS;FALS;FALS;FALS;;;;;;;;;;2,0628;;20,40159073;;;;;;;2,31887;;0,24;;;;;;0;0;0;0;0;0;0;0;0;0;0;0;0;0;0;0;0;0;0;0;0;0;0;0;0;0;0;0;0;0;0;0;0;0;0;0;0;0;0;0;0;0;0;0;0;0;0;0;0;0;0;0;0;0;0;0;0;0;0;0;0;0;0;0;0;;0,136566642;;;;;0,489119307;;FALS;0;0;0;0;177,9;low ;0,301;2120;moderate ;0,85;7510;low ;0;0,409682901;0,034678682;0,095334289;0,02031961;0,435209331;;;P_score_freshwater_pred_RIVM;0,136566642;0,136566642;;;M_score_pred_Episuite;0,489119307;0,489119307;kemi_score;0,24;0,258451894;1;;;0,258451894;1;0,435209331;0,5;0,307481656;0,75;0,435209331;0,25;0,307481656;0,75;;;;;
Phthalic acid;88-99-3;;XNGIFLGASWRNHJ-UHFFFAOYSA-N;OC(=O)c1ccccc1C(O)=O;;;PRO-465;NS00008610;;FALS;;;;FALS;FALS;;;FALS;FALS;FALS;FALS;FALS;FALS;FALS;FALS;FALS;FALS;FALS;FALS;FALS;FALS;FALS;FALS;FALS;FALS;;;;CERT;FALS;FALS;FALS;FALS;CERT;CERT;FALS;FALS;FALS;CERT;FALS;FALS;FALS;FALS;FALS;FALS;FALS;FALS;FALS;FALS;FALS;FALS;FALS;FALS;;;;;;;;;;0,5595;;15,21387808;;;;;;;108,11298;;0,5;0,22;0,33;>100 to < 1000 tonnes;100;1000;0;0;0;0;0;0;0;0;0;0;0;0;0;0;0;0;0;0;0;1;0;1;0;0;0;0;0;0;0;0;0;0;0;0;0;0;0;0;0;0;0;0;0;0;0;0;1;0;0;0;0;0;0;0;0;0;0;0;0;0;0;0;0;0;0;;0,087409533;;;;;0,730759331;;FALS;0;0;0;0;1310;low ;0,67;1960;moderate ;0,85;6800;low ;0,7;0,1156916;0,035837809;0,042400426;0,021196208;0,155314281;;;P_score_freshwater_pred_RIVM;0,087409533;0,087409533;;;M_score_pred_Episuite;0,730759331;0,730759331;kemi_score;0,5;0,252735696;1;;;0,252735696;1;0,155314281;0,5;0,214872838;0,75;0,155314281;0,25;0,214872838;0,75;;;;;3
Tetraethylammonium;66-40-0;;CBXCPBUEXACCNR-UHFFFAOYSA-N;CC[N+](CC)(CC)CC;;;PRO-466;;;FALS;;;;FALS;FALS;;;FALS;FALS;FALS;FALS;FALS;FALS;FALS;FALS;FALS;FALS;FALS;FALS;FALS;FALS;FALS;FALS;FALS;FALS;;;;FALS;FALS;FALS;FALS;FALS;FALS;FALS;FALS;FALS;FALS;FALS;FALS;FALS;FALS;FALS;FALS;FALS;FALS;FALS;FALS;FALS;FALS;FALS;FALS;FALS;;;;;;;;;;;;;;;;;;;42,12791129;;;;;;;;0;0;0;0;0;0;0;0;0;0;0;0;0;0;0;0;0;0;0;0;0;0;0;0;0;0;0;0;0;0;0;0;0;0;0;0;0;0;0;0;0;0;0;0;0;0;0;0;0;0;0;0;0;0;0;0;0;0;0;0;0;0;0;0;0;;;;;;;;;FALS;0;0;0;0;4460;low ;0,379;10840;moderate ;0,85;4550;low ;0,625;0,164575585;0,017377832;0,025349131;0,025135645;0,19135652;;;;;;;;;;;;;;;;;;;0,19135652;0,5;0,19135652;0,25;0,19135652;0,25;0,19135652;0,25;;;;;2
Fluxapyroxad;907204-31-3;;SXSGXWCSHSVPGB-UHFFFAOYSA-N;Cn1cc(C(=O)Nc2ccccc2-c2cc(F)c(F)c(F)c2)c(n1)C(F)F;;;PRO-467;NS00006403;;FALS;;;;FALS;FALS;;;FALS;FALS;FALS;FALS;FALS;FALS;FALS;FALS;FALS;FALS;FALS;FALS;FALS;FALS;FALS;FALS;FALS;FALS;;;;FALS;FALS;FALS;FALS;FALS;FALS;FALS;FALS;FALS;FALS;FALS;FALS;FALS;FALS;FALS;FALS;FALS;FALS;FALS;FALS;FALS;FALS;FALS;FALS;FALS;;;;;;;;;;;;;;;;;;;3,6;;0,31;;;;;;0;0;0;0;0;0;0;0;0;0;0;0;0;0;0;0;0;0;0;0;0;0;0;0;0;0;0;0;0;0;0;0;0;0;0;0;0;0;0;0;0;0;0;0;0;0;0;0;0;0;0;0;0;0;0;0;0;0;0;0;0;0;0;0;0;;;;;;;;;CERT;0;0;0;0;35,3;low ;0,198;174,6;low ;0,192;84,9;low ;0;0,364403421;0,096037925;0,175407902;0,126871532;0,46797993;;;;;;;;;;;kemi_score;0,31;;;;;;;0,46797993;0,5;0,46797993;0,25;0,46797993;0,25;0,46797993;0,25;;;;;2
Pyrimethanil;53112-28-0;;ZLIBICFPKPWGIZ-UHFFFAOYSA-N;Cc1cc(C)nc(Nc2ccccc2)n1;;;PRO-468;NS00000363;;FALS;;;;FALS;FALS;;;FALS;FALS;FALS;FALS;FALS;FALS;FALS;FALS;FALS;FALS;FALS;FALS;FALS;FALS;FALS;FALS;FALS;FALS;;;;FALS;FALS;FALS;FALS;FALS;FALS;FALS;FALS;FALS;FALS;FALS;FALS;FALS;FALS;FALS;FALS;FALS;FALS;FALS;FALS;FALS;FALS;FALS;FALS;FALS;;;;;;;;;;2,8512;;41,27482174;;;;;;;1,5;0,36;0,58;;;;;;0;0;0;0;0;0;0;0;0;0;0;0;0;0;0;0;0;0;0;0;0;0;0;0;0;0;0;0;0;0;0;0;0;0;0;0;0;0;0;0;0;0;0;0;0;0;0;0;0;0;0;0;0;0;0;0;0;0;0;0;0;0;0;0;0;;0,345356338;;;;;0,356633276;;CERT;0;0;0;0;148,1;low ;0,524;490,5;low ;0,565;512,8;low ;0,686;0,456090589;0,063527992;0,102425993;0,062388892;0,507867899;;;P_score_freshwater_pred_RIVM;0,345356338;0,345356338;;;M_score_pred_Episuite;0,356633276;0,356633276;kemi_score;0,58;0,350949515;1;;;0,350949515;1;0,427589106;1;0,387378612;1;0,427589106;0,5;0,387378612;1;;PM;;PM;2
Terbuthylazine;5915-41-3;;FZXISNSWEXTPMF-UHFFFAOYSA-N;CCNc1nc(Cl)nc(NC(C)(C)C)n1;;;PRO-469;NS00000258;;FALS;;;;FALS;FALS;;;FALS;FALS;FALS;FALS;FALS;FALS;FALS;FALS;FALS;FALS;FALS;FALS;FALS;FALS;FALS;FALS;FALS;FALS;;;;FALS;FALS;FALS;FALS;FALS;FALS;FALS;FALS;FALS;FALS;FALS;FALS;FALS;FALS;FALS;FALS;FALS;FALS;FALS;FALS;FALS;FALS;FALS;FALS;FALS;;;;;;;;;;2,4899;;174,5325267;;;;;;;0,22;0,42;0,66;;;;;;0;0;0;0;0;0;0;0;0;0;0;0;0;0;0;0;0;0;0;0;0;0;0;0;0;0;0;0;0;0;0;0;0;0;0;0;0;0;0;0;0;0;0;0;0;0;0;0;0;0;0;0;0;0;0;0;0;0;0;0;0;0;0;0;0;;0,861207922;;;;;0,415913252;;CERT;0;0;0;0;109,1;low ;0,313;2450;low ;0,399;1420;low ;0,469;0,658715957;0,032635772;0,115288415;0,041001206;0,677679524;;;P_score_freshwater_pred_RIVM;0,861207922;0,861207922;;;M_score_pred_Episuite;0,415913252;0,415913252;kemi_score;0,66;0,598487918;1;;;0,598487918;1;0,533502952;1;0,565062006;1;0,533502952;0,5;0,565062006;1;;PM;;PM;4
Brilliant Blue FCF;3844-45-9;;CTRXDTYTAAKVSM-UHFFFAOYSA-O;[Na+].[Na+].CCN(Cc1cccc(c1)[S]([O-])(=O)=O)c2ccc(cc2)[C+](c3ccc(cc3)N(CC)Cc4cccc(c4)[S]([O-])(=O)=O)c5ccccc5[S]([O-])(=O)=O;;;PRO-470;NS00005570;;FALS;;;;FALS;FALS;;;FALS;FALS;FALS;FALS;FALS;FALS;FALS;FALS;FALS;FALS;FALS;FALS;FALS;FALS;FALS;CERT;CERT;CERT;;;;CERT;CERT;CERT;CERT;CERT;CERT;CERT;CERT;CERT;CERT;CERT;CERT;CERT;FALS;CERT;CERT;CERT;CERT;FALS;FALS;FALS;FALS;CERT;FALS;FALS;;;;;;;;;;1,9938;;190,732875;;;;;;;0,02564;;0,8;0,26;0,39;>100 to < 1000 tonnes;100;1000;1;1;1;1;1;1;1;1;1;1;1;1;1;1;1;1;1;1;0;1;1;1;1;1;1;1;1;1;1;1;1;1;1;1;1;1;1;1;1;1;1;0;1;0;0;1;1;1;1;1;1;1;0;1;1;1;1;1;1;1;1;1;1;1;1;;0,878371675;;;;;0,501074376;;FALS;0;0;0;0;237,7;low ;0;3,4;low ;0,172;975,6;low ;0;0,830768276;0,37017202;0,08501895;0,047912898;0,887895261;;;P_score_freshwater_pred_RIVM;0,878371675;0,878371675;;;M_score_pred_Episuite;0,501074376;0,501074376;kemi_score;0,8;0,663422595;1;;;0,663422595;1;0,887895261;0,5;0,731106679;0,75;0,887895261;0,25;0,731106679;0,75;;PM(T);(T);PM(T);3
Dibenzylamine;103-49-1;;BWLUMTFWVZZZND-UHFFFAOYSA-N;C(NCc1ccccc1)c2ccccc2;;;PRO-471;NS00007138;;FALS;;;;FALS;FALS;;;FALS;FALS;FALS;FALS;FALS;FALS;FALS;FALS;FALS;FALS;FALS;FALS;FALS;FALS;FALS;FALS;FALS;FALS;;;;CERT;CERT;CERT;FALS;FALS;FALS;CERT;FALS;FALS;FALS;FALS;FALS;FALS;FALS;FALS;FALS;FALS;FALS;FALS;FALS;FALS;FALS;FALS;FALS;FALS;;;;;;;;;;0,959;;22,59743416;;;;;;;3,23321;0,67;0,47;0;0;;;;1;0;0;0;0;0;0;0;0;0;0;0;0;0;0;0;0;0;1;0;0;0;0;0;0;0;0;0;0;0;0;0;0;0;0;0;0;0;0;0;0;1;0;0;0;0;0;0;0;0;1;1;0;0;0;0;0;0;0;0;0;0;0;0;0;;0,158510622;;;;;0,672951815;;FALS;0;0;0;0;191,8;low ;0,398;271,5;low ;0,502;188,2;moderate ;0,85;0,375279349;0,08063356;0,092553429;0,09324688;0,455970722;;;P_score_freshwater_pred_RIVM;0,158510622;0,158510622;;;M_score_pred_Episuite;0,672951815;0,672951815;kemi_score;0,47;0,326603752;1;;;0,326603752;1;0,552720891;1;0,424877296;1;0,552720891;0,5;0,424877296;1;;;;;
Mecoprop;7085-19-0;;WNTGYJSOUMFZEP-UHFFFAOYSA-N;CC(Oc1ccc(Cl)cc1C)C(O)=O;;;PRO-472;;;FALS;;;;FALS;FALS;;;FALS;FALS;FALS;FALS;FALS;FALS;FALS;FALS;FALS;FALS;FALS;FALS;FALS;FALS;FALS;FALS;FALS;FALS;;;;FALS;CERT;CERT;FALS;FALS;FALS;CERT;FALS;FALS;FALS;FALS;FALS;FALS;FALS;FALS;FALS;FALS;FALS;FALS;FALS;FALS;FALS;FALS;FALS;FALS;;;;;;;;;;1,9817;;25,16180323;;;;;;;;;;0;0;>1000 to < 10000 tonnes;1000;10000;0;0;0;0;0;0;0;0;0;0;0;0;0;0;0;0;0;0;0;0;0;0;0;0;0;0;0;0;0;0;0;0;0;0;0;0;0;0;0;0;0;0;0;0;0;0;0;0;0;0;1;0;0;0;0;0;0;0;0;0;0;0;0;0;0;;0,18458379;;;;;0,503171106;;FALS;0;0;0;0;335,5;low ;0,69;456,1;low ;0,7;565,7;low ;0,7;;0,065432788;0,074076551;0,059940759;0,132564971;;;P_score_freshwater_pred_RIVM;0,18458379;0,18458379;;;M_score_pred_Episuite;0,503171106;0,503171106;E_score_min;0;0,304757657;1;;;0,304757657;1;0,132564971;0,5;0,230911739;0,75;0,132564971;0,25;0,230911739;0,75;;;;;4
Prometryn;7287-19-6;;AAEVYOVXGOFMJO-UHFFFAOYSA-N;CSc1nc(NC(C)C)nc(NC(C)C)n1;;;PRO-473;NS00010269;;FALS;;;;FALS;FALS;;;FALS;FALS;FALS;FALS;FALS;FALS;FALS;FALS;FALS;FALS;FALS;FALS;FALS;FALS;FALS;FALS;FALS;FALS;;;;FALS;FALS;FALS;FALS;FALS;FALS;FALS;FALS;FALS;FALS;CERT;FALS;FALS;FALS;FALS;FALS;FALS;FALS;FALS;FALS;FALS;FALS;FALS;FALS;FALS;;;;;;;;;;2,6559;;81,09570634;;;;;;;0,5;0,39;0,55;0;0,11;>0 to < 10 tonnes;0;10;0;0;0;0;0;0;0;0;0;0;0;0;0;0;0;0;0;0;0;0;0;0;0;0;0;1;0;0;0;0;0;0;0;0;0;0;0;0;0;0;0;0;0;0;0;0;0;0;0;0;0;0;0;0;0;0;0;0;0;0;0;0;0;0;0;;0,625989772;;;;;0,388259264;;FALS;0;0;0;0;147,1;low ;0,209;568,5;low ;0,547;251,3;low ;0,664;0,574694288;0,059820046;0,102696818;0,083158019;0,643418836;;;P_score_freshwater_pred_RIVM;0,625989772;0,625989772;;;M_score_pred_Episuite;0,388259264;0,388259264;kemi_score;0,55;0,49299729;1;;;0,49299729;1;0,500932476;1;0,496949045;1;0,500932476;0,5;0,496949045;1;;PM;;PM;2
Cyclamate Cyclamic acid;100-88-9;;;;;;PRO-474;;;FALS;;;;FALS;FALS;;;FALS;FALS;FALS;FALS;FALS;FALS;FALS;FALS;FALS;FALS;FALS;FALS;FALS;FALS;FALS;FALS;FALS;FALS;;;;CERT;CERT;CERT;FALS;FALS;FALS;CERT;FALS;FALS;FALS;FALS;FALS;FALS;FALS;FALS;FALS;FALS;FALS;FALS;FALS;FALS;FALS;FALS;FALS;FALS;;;;;;;;;;-0,1616;;22,68134871;;;;;;;69,04761;0,82;0,36;0;0;;;;0;0;0;0;0;0;0;0;0;0;0;0;0;0;0;0;0;0;0;0;0;0;0;0;0;0;0;0;0;0;0;0;0;0;0;0;0;0;0;0;0;0;0;0;0;0;0;0;0;0;0;0;0;0;0;0;0;0;0;0;0;0;0;0;0;;0,159357637;;;;;0,817321827;;FALS;0;0;0;0;;;;;;;;;;0,137152011;;;;;;;P_score_freshwater_pred_RIVM;0,159357637;0,159357637;;;M_score_pred_Episuite;0,817321827;0,817321827;kemi_score;0,36;0,360896765;1;;;0,360896765;1;0,82;0,5;0,474453087;0,75;0,82;0,25;0,474453087;0,75;;PM(T);(T);PM(T);2
Pethoxamid;106700-29-2;;CSWIKHNSBZVWNQ-UHFFFAOYSA-N;CCOCCN(C(=O)CCl)C(=C(C)C)c1ccccc1;;;PRO-475;NS00000317;;FALS;;;;FALS;FALS;;;FALS;FALS;FALS;FALS;FALS;FALS;FALS;FALS;FALS;FALS;FALS;FALS;FALS;FALS;FALS;FALS;FALS;FALS;;;;FALS;FALS;FALS;FALS;FALS;FALS;FALS;FALS;FALS;FALS;FALS;FALS;FALS;FALS;FALS;FALS;FALS;FALS;FALS;FALS;FALS;FALS;FALS;FALS;FALS;;;;;;;;;;;;;;;;;;;0,12;;0,51;;;;;;0;0;0;0;0;0;0;0;0;0;0;0;0;0;0;0;0;0;0;0;0;0;0;0;0;0;0;0;0;0;0;0;0;0;0;0;0;0;0;0;0;0;0;0;0;0;0;0;0;0;0;0;0;0;0;0;0;0;0;0;0;0;0;0;0;;;;;;;;;CERT;0;0;0;0;165,8;low ;0,312;871,4;low ;0,493;111,5;low ;0,493;0,715208903;0,050200899;0,098005526;0,114328031;0,764302246;;;;;;;;;;;kemi_score;0,51;;;;;;;0,764302246;0,5;0,764302246;0,25;0,764302246;0,25;0,764302246;0,25;;(T);(T);(T);1
Triphenylphosphine oxide;791-28-6;;FIQMHBFVRAXMOP-UHFFFAOYSA-N;O=[P](c1ccccc1)(c2ccccc2)c3ccccc3;;;PRO-476;NS00010696;;FALS;;;;FALS;FALS;;;FALS;FALS;FALS;FALS;FALS;FALS;FALS;FALS;FALS;FALS;FALS;FALS;FALS;FALS;FALS;FALS;FALS;CERT;;;;FALS;CERT;FALS;FALS;FALS;FALS;CERT;FALS;FALS;FALS;FALS;CERT;FALS;FALS;FALS;FALS;FALS;FALS;FALS;FALS;FALS;FALS;CERT;FALS;FALS;;;;;;;;;;2,2642;;30,56406128;;;;;;;12;0,45;0,52;0,04;0,12;>1 to < 10 tonnes;1;10;0;0;0;0;0;0;0;0;0;0;0;0;0;0;0;0;0;0;0;0;0;0;0;0;0;0;0;0;0;0;1;0;0;0;0;0;0;0;0;0;0;0;0;0;0;0;0;0;0;0;0;0;0;0;0;0;0;0;1;0;0;0;0;0;0;;0,239923482;;;;;0,454345149;;FALS;0;0;0;0;21,7;low ;0,24;61,7;low ;0,3;75,1;low ;0,251;0,25366099;0,143037765;0,208092857;0,132890483;0,47832685;;;P_score_freshwater_pred_RIVM;0,239923482;0,239923482;;;M_score_pred_Episuite;0,454345149;0,454345149;kemi_score;0,52;0,330163702;1;;;0,330163702;1;0,463947284;1;0,391380317;1;0,463947284;0,5;0,391380317;1;;PM;;PM;3
4-Hydroxybenzoic acid;99-96-7;;FJKROLUGYXJWQN-UHFFFAOYSA-N;OC(=O)c1ccc(O)cc1;;;PRO-477;NS00005418;;FALS;;;;FALS;FALS;;;FALS;FALS;FALS;FALS;FALS;FALS;FALS;FALS;FALS;FALS;FALS;FALS;FALS;FALS;FALS;FALS;FALS;FALS;;;;CERT;CERT;CERT;FALS;FALS;FALS;CERT;FALS;FALS;FALS;FALS;FALS;FALS;FALS;FALS;FALS;FALS;FALS;FALS;FALS;FALS;FALS;FALS;FALS;FALS;;;;;;;;;;1,1965;;14,33784881;;;;;;;39,37189;0,64;0,73;0,24;0,33;>1000 to < 10000 tonnes;1000;10000;1;0;0;0;0;0;0;0;0;0;0;0;0;0;0;0;0;0;1;0;0;0;0;0;0;0;0;0;0;0;0;0;0;0;0;0;0;0;0;0;0;1;0;0;0;0;0;0;0;0;0;1;0;0;0;0;0;0;0;0;0;0;0;0;0;;0,079653384;;;;;0,635745091;;FALS;0;0;0;0;5290;low ;0,69;1420;moderate ;0,85;7460;;0,7;0,168655477;0,041001206;0,023580881;0,020377442;0,216984902;;;P_score_freshwater_pred_RIVM;0,079653384;0,079653384;;;M_score_pred_Episuite;0,635745091;0,635745091;kemi_score;0,73;0,225031659;1;;;0,225031659;1;0,372653106;1;0,289583747;1;0,372653106;0,5;0,289583747;1;;;;;
Metolachlor ESA;171118-09-5;;CIGKZVUEZXGYSV-UHFFFAOYSA-N;O=S(O)(CC(N(C(C)COC)C1=C(CC)C=CC=C1C)=O)=O;;;PRO-478;NS00000295;;FALS;;;;FALS;FALS;;;FALS;FALS;FALS;FALS;FALS;FALS;FALS;FALS;FALS;FALS;FALS;FALS;FALS;FALS;FALS;FALS;FALS;FALS;;;;FALS;FALS;FALS;FALS;FALS;FALS;FALS;FALS;FALS;FALS;FALS;FALS;FALS;FALS;FALS;FALS;FALS;FALS;FALS;FALS;FALS;FALS;FALS;FALS;FALS;;;;;;;;;;;;;;;;;;;21,7;;0,26;;;;;;0;0;0;0;0;0;0;0;0;0;0;0;0;0;0;0;0;0;0;0;0;0;0;0;0;0;0;0;0;0;0;0;0;0;0;0;0;0;0;0;0;0;0;0;0;0;0;0;0;0;0;0;0;0;0;0;0;0;0;0;0;0;0;0;0;;;;;;;;;FALS;0;0;0;0;287,9;low ;0,205;2890;low ;0,422;1360;low ;0,422;0,208092857;0,030445519;0,078765345;0,041744813;0,288507876;;;;;;;;;;;kemi_score;0,26;;;;;;;0,288507876;0,5;0,288507876;0,25;0,288507876;0,25;0,288507876;0,25;;;;;2
trans-2-Hexenoic acid;13419-69-7;;NIONDZDPPYHYKY-SNAWJCMRSA-N;CCC/C=C/C(O)=O;;;PRO-479;;;FALS;;;;FALS;FALS;;;FALS;FALS;FALS;FALS;FALS;FALS;FALS;FALS;FALS;FALS;FALS;FALS;FALS;FALS;FALS;FALS;FALS;FALS;;;;FALS;FALS;FALS;FALS;FALS;FALS;FALS;FALS;FALS;FALS;FALS;FALS;FALS;FALS;FALS;FALS;FALS;FALS;FALS;FALS;FALS;FALS;FALS;FALS;FALS;;;;;;;;;;1,1735;;4,700238725;;;;;;;6,999275491;;;;;;;;0;0;0;0;0;0;0;0;0;0;0;0;0;0;0;0;0;0;0;0;0;0;0;0;0;0;0;0;0;0;0;0;0;0;0;0;0;0;0;0;0;0;0;0;0;0;0;0;0;0;0;0;0;0;0;0;0;0;0;0;0;0;0;0;0;;0,012696315;;;;;0,639428871;;FALS;0;0;0;0;7950;low ;0,7;9530;moderate ;0,85;5070;low ;0,7;0,300471614;0,018359231;0,019833168;0,02400939;0,330358279;;;P_score_freshwater_pred_RIVM;0,012696315;0,012696315;;;M_score_pred_Episuite;0,639428871;0,639428871;;;0,090102112;1;;;0,090102112;1;0,330358279;0,5;0,138937148;0,75;0,330358279;0,25;0,138937148;0,75;;;;;4
Tributylphosphine oxide;814-29-9;;MNZAKDODWSQONA-UHFFFAOYSA-N;CCCC[P](=O)(CCCC)CCCC;;;PRO-480;NS00000666;;FALS;;;;FALS;FALS;;;FALS;FALS;FALS;FALS;FALS;FALS;FALS;FALS;FALS;FALS;FALS;FALS;FALS;FALS;FALS;FALS;FALS;FALS;;;;FALS;FALS;FALS;FALS;FALS;FALS;FALS;FALS;FALS;FALS;FALS;FALS;FALS;FALS;FALS;FALS;FALS;FALS;FALS;FALS;FALS;FALS;FALS;FALS;FALS;;;;;;;;;;3,0418;;4,683762809;;;;;;;0,83602;;0,32;;;;;;0;0;0;0;0;0;0;0;0;0;0;0;0;0;0;0;0;0;0;0;0;0;0;0;0;0;0;0;0;0;0;0;0;0;0;0;0;0;0;0;0;0;0;0;0;0;0;0;0;0;0;0;0;0;0;0;0;0;0;0;0;0;0;0;0;;0,012621288;;;;;0,326926154;;FALS;0;0;0;0;180,8;low ;0,261;333;low ;0,295;525;low ;0,253;0,519436035;0,074299658;0,09473035;0,06179423;0,592625945;;;P_score_freshwater_pred_RIVM;0,012621288;0,012621288;;;M_score_pred_Episuite;0,326926154;0,326926154;kemi_score;0,32;0,06423573;1;;;0,06423573;1;0,592625945;0,5;0,134723905;0,75;0,592625945;0,25;0,134723905;0,75;;;;;3
3-Carboxypropyl)triphenylphosphonium;151310-36-0;;;;;;PRO-481;;;FALS;;;;FALS;FALS;;;FALS;FALS;FALS;FALS;FALS;FALS;FALS;FALS;FALS;FALS;FALS;FALS;FALS;FALS;FALS;FALS;FALS;FALS;;;;FALS;FALS;FALS;FALS;FALS;FALS;FALS;FALS;FALS;FALS;FALS;FALS;FALS;FALS;FALS;FALS;FALS;FALS;FALS;FALS;FALS;FALS;FALS;FALS;FALS;;;;;;;;;;;;;;;;;;;;;;;;;;;0;0;0;0;0;0;0;0;0;0;0;0;0;0;0;0;0;0;0;0;0;0;0;0;0;0;0;0;0;0;0;0;0;0;0;0;0;0;0;0;0;0;0;0;0;0;0;0;0;0;0;0;0;0;0;0;0;0;0;0;0;0;0;0;0;;;;;;;;;FALS;0;0;0;0;;;;;;;;;;;;;;;;;;;;;;;;;;;;;;;;;;;;;;;;;;;;;3
Chloridazon;1698-60-8;;WYKYKTKDBLFHCY-UHFFFAOYSA-N;NC1=C(Cl)C(=O)N(N=C1)c2ccccc2;;;PRO-482;NS00008895;;FALS;;;;FALS;FALS;;;FALS;FALS;FALS;FALS;FALS;FALS;FALS;FALS;FALS;FALS;FALS;FALS;FALS;FALS;FALS;FALS;FALS;FALS;;;;FALS;FALS;FALS;FALS;FALS;FALS;FALS;FALS;FALS;FALS;FALS;FALS;FALS;FALS;FALS;FALS;FALS;FALS;FALS;FALS;FALS;FALS;FALS;FALS;FALS;;;;;;;;;;1,5085;;34,8725839;;;;;;;10;0,58;0,6;;;;;;0;0;0;0;0;0;0;0;0;0;0;0;0;0;0;0;0;0;0;0;0;0;0;0;0;0;0;0;0;0;0;0;0;0;0;0;0;0;0;0;0;0;0;0;0;0;0;0;0;0;0;0;0;0;0;0;0;0;0;0;0;0;0;0;0;;0,283400632;;;;;0,58435614;;CERT;0;0;0;0;147,9;low ;0,249;7930;low ;0,27;769,9;low ;0,334;0,268941421;0,019854445;0,102479961;0,052828252;0,268941421;;;P_score_freshwater_pred_RIVM;0,283400632;0,283400632;;;M_score_pred_Episuite;0,58435614;0,58435614;kemi_score;0,6;0,406948276;1;;;0,406948276;1;0,394950661;1;0,40090459;1;0,394950661;0,5;0,40090459;1;;PM;;PM;1
Fluopyram;658066-35-4;;KVDJTXBXMWJJEF-UHFFFAOYSA-N;FC(F)(F)c1cnc(CCNC(=O)c2ccccc2C(F)(F)F)c(Cl)c1;;;PRO-483;NS00001768;;FALS;;;;FALS;FALS;;;FALS;FALS;FALS;FALS;FALS;FALS;FALS;FALS;FALS;FALS;FALS;FALS;FALS;FALS;FALS;FALS;FALS;FALS;;;;FALS;FALS;FALS;FALS;FALS;FALS;FALS;FALS;FALS;FALS;FALS;FALS;FALS;FALS;FALS;FALS;FALS;FALS;FALS;FALS;FALS;FALS;FALS;FALS;FALS;;;;;;;;;;;;;;;;;;;13,5;;0,41;;;;;;0;0;0;0;0;0;0;0;0;0;0;0;0;0;0;0;0;0;0;0;0;0;0;0;0;0;0;0;0;0;0;0;0;0;0;0;0;0;0;0;0;0;0;0;0;0;0;0;0;0;0;0;0;0;0;0;0;0;0;0;0;0;0;0;0;;;;;;;;;CERT;0;0;0;0;33,2;low ;0,302;204,7;low ;0,486;325,3;low ;0;0,24409951;0,090206362;0,179293992;0,075001496;0,24409951;;;;;;;;;;;kemi_score;0,41;;;;;;;0,24409951;0,5;0,24409951;0,25;0,24409951;0,25;0,24409951;0,25;;;;;4
Desamino-metamitron;36993-94-9;;OUSYWCQYMPDAEO-UHFFFAOYSA-N;c(ccc1C(=NN=C2C)C(=O)N2)cc1;;;PRO-484;NS00010520;;FALS;;;;FALS;FALS;;;FALS;FALS;FALS;FALS;FALS;FALS;FALS;FALS;FALS;FALS;FALS;FALS;FALS;FALS;FALS;FALS;FALS;FALS;;;;FALS;FALS;FALS;FALS;FALS;FALS;FALS;FALS;FALS;FALS;FALS;FALS;FALS;FALS;FALS;FALS;FALS;FALS;FALS;FALS;FALS;FALS;FALS;FALS;FALS;;;;;;;;;;;;;;;;;;;16,20552;;0,17;;;;;;0;0;0;0;0;0;0;0;0;0;0;0;0;0;0;0;0;0;0;0;0;0;0;0;0;0;0;0;0;0;0;0;0;0;0;0;0;0;0;0;0;0;0;0;0;0;0;0;0;0;0;0;0;0;0;0;0;0;0;0;0;0;0;0;0;;;;;;;;;FALS;0;0;0;0;268,1;low ;0,243;5030;low ;0,263;2250;low ;0,257;0,22976069;0,024090131;0,081040218;0,033823767;0,22976069;;;;;;;;;;;kemi_score;0,17;;;;;;;0,22976069;0,5;0,22976069;0,25;0,22976069;0,25;0,22976069;0,25;;;;;
Methabenzthiazuron;18691-97-9;;RRVIAQKBTUQODI-UHFFFAOYSA-N;CNC(=O)N(C)c1sc2ccccc2n1;;;PRO-485;NS00010463;;FALS;;;;FALS;FALS;;;FALS;FALS;FALS;FALS;FALS;FALS;FALS;FALS;FALS;FALS;FALS;FALS;FALS;FALS;FALS;FALS;FALS;FALS;;;;FALS;FALS;FALS;FALS;FALS;FALS;FALS;FALS;FALS;FALS;FALS;FALS;FALS;FALS;FALS;FALS;FALS;FALS;FALS;FALS;FALS;FALS;FALS;FALS;FALS;;;;;;;;;;2,3316;;27,18798237;;;;;;;3;0,44;0,52;;;;;;0;0;0;0;0;0;0;0;0;0;0;0;0;0;0;0;0;0;0;0;0;0;0;0;0;0;0;0;0;0;0;0;0;0;0;0;0;0;0;0;0;0;0;0;0;0;0;0;0;0;0;0;0;0;0;0;0;0;0;0;0;0;0;0;0;;0,20534819;;;;;0,442789745;;CERT;0;0;0;0;154,7;low ;0,199;1380;low ;0,405;1250;low ;0,283;0,382932129;0,041491928;0,10069824;0,043234894;0,382932129;;;P_score_freshwater_pred_RIVM;0,20534819;0,20534819;;;M_score_pred_Episuite;0,442789745;0,442789745;kemi_score;0,52;0,301539504;1;;;0,301539504;1;0,410475501;1;0,351816115;1;0,410475501;0,5;0,351816115;1;;;;;4
1,8-Diazabicyclo [5.4.0]undec-7-ene (polycat dbu);6674-22-2;;GQHTUMJGOHRCHB-UHFFFAOYSA-N;C1CN=C2CCCCCN2C1;;;PRO-486;NS00004166;;CERT;;;;FALS;FALS;;;FALS;FALS;FALS;FALS;FALS;FALS;FALS;FALS;FALS;FALS;FALS;FALS;FALS;FALS;FALS;CERT;FALS;FALS;;;;CERT;CERT;CERT;CERT;CERT;CERT;CERT;FALS;FALS;FALS;CERT;CERT;FALS;FALS;CERT;FALS;FALS;CERT;FALS;FALS;FALS;FALS;FALS;FALS;FALS;;;;;;;;;;1,6231;;20,19173729;;;;;;;21,17665;0,56;0,66;0,23;0,35;>100 to < 1000 tonnes;100;1000;1;1;0;0;0;0;0;1;0;0;0;0;0;0;0;0;0;0;0;0;1;0;0;0;0;0;0;0;0;0;1;0;0;0;0;0;0;0;0;0;0;0;0;1;0;0;0;0;0;0;0;1;0;1;1;0;0;0;0;1;1;1;0;0;0;;0,134495793;;;;;0,56494285;;FALS;0;0;0;0;713,7;low ;0,249;2720;low ;0,301;5360;low ;0,388;0,209845449;0,031232395;0,054499871;0,023449786;0,209845449;;;P_score_freshwater_pred_RIVM;0,134495793;0,134495793;;;M_score_pred_Episuite;0,56494285;0,56494285;kemi_score;0,66;0,275649118;1;;;0,275649118;1;0,34280235;1;0,307397407;1;0,34280235;0,5;0,307397407;1;;;;;
3,5-di-tert-Butyl-4-hydroxybenzoic acid;1421-49-4;;YEXOWHQZWLCHHD-UHFFFAOYSA-N;CC(C)(C)c1cc(cc(c1O)C(C)(C)C)C(O)=O;;;PRO-487;NS00014931;;FALS;;;;FALS;FALS;;;FALS;FALS;FALS;FALS;FALS;FALS;FALS;FALS;FALS;FALS;FALS;FALS;FALS;FALS;FALS;FALS;FALS;FALS;;;;FALS;FALS;FALS;FALS;FALS;FALS;FALS;FALS;FALS;FALS;FALS;FALS;FALS;FALS;FALS;FALS;FALS;FALS;FALS;FALS;FALS;FALS;FALS;FALS;FALS;;;;;;;;;;2,7342;;53,2102335;;;;;;;1,13049;;0,28;;;;;;0;0;0;0;0;0;0;0;0;0;0;0;0;0;0;0;0;0;0;0;0;0;0;0;0;0;0;0;0;0;0;0;0;0;0;0;0;0;0;0;0;0;0;0;0;0;0;0;0;0;0;0;0;0;0;0;0;0;0;0;0;0;0;0;0;;0,448854081;;;;;0,375449396;;FALS;0;0;0;0;64,7;low ;0,697;251,4;moderate ;0,85;372,3;good ;1;0,486686467;0,083144847;0,140528871;0,071035351;0,486686467;;;P_score_freshwater_pred_RIVM;0,448854081;0,448854081;;;M_score_pred_Episuite;0,375449396;0,375449396;kemi_score;0,28;0,410514304;1;;;0,410514304;1;0,486686467;0,5;0,434478829;0,75;0,486686467;0,25;0,434478829;0,75;;PM;;PM;2
6-Methoxyquinoline;5263-87-6;;HFDLDPJYCIEXJP-UHFFFAOYSA-N;COc1ccc2ncccc2c1;;;PRO-488;NS00014569;;FALS;;;;FALS;FALS;;;FALS;FALS;FALS;FALS;FALS;FALS;FALS;FALS;FALS;FALS;FALS;FALS;FALS;FALS;FALS;FALS;FALS;FALS;;;;FALS;FALS;FALS;FALS;FALS;FALS;FALS;FALS;FALS;FALS;FALS;FALS;FALS;FALS;FALS;FALS;FALS;FALS;FALS;FALS;FALS;FALS;FALS;FALS;FALS;;;;;;;;;;2,1979;;23,30025717;;;;;;;4,33373;;0,4;;;;;;0;0;0;0;0;0;0;0;0;0;0;0;0;0;0;0;0;0;0;0;0;0;0;0;0;0;0;0;0;0;0;0;0;0;0;0;0;0;0;0;0;0;0;0;0;0;0;0;0;0;0;0;0;0;0;0;0;0;0;0;0;0;0;0;0;;0,165620015;;;;;0,465760216;;FALS;0;0;0;0;145,6;low ;0,276;2020;moderate ;0,85;708,1;moderate ;0,85;0,345956266;0,035388061;0,103107731;0,054676428;0,345956266;;;P_score_freshwater_pred_RIVM;0,165620015;0,165620015;;;M_score_pred_Episuite;0,465760216;0,465760216;kemi_score;0,4;0,277739471;1;;;0,277739471;1;0,345956266;0,5;0,298835465;0,75;0,345956266;0,25;0,298835465;0,75;;;;;3
Diphenylphosphate;838-85-7;;ASMQGLCHMVWBQR-UHFFFAOYSA-N;[O-][P](=O)(Oc1ccccc1)Oc2ccccc2;;;PRO-489;NS00014401;;FALS;;;;FALS;FALS;;;FALS;FALS;FALS;FALS;FALS;FALS;FALS;FALS;FALS;FALS;FALS;FALS;FALS;FALS;FALS;FALS;FALS;FALS;;;;FALS;FALS;FALS;FALS;FALS;FALS;FALS;FALS;FALS;FALS;FALS;FALS;FALS;FALS;FALS;FALS;FALS;FALS;FALS;FALS;FALS;FALS;FALS;FALS;FALS;;;;;;;;;;2,2918;;28,26421644;;;;;;;28,10476;;0,48;;;;;;0;0;0;0;0;0;0;0;0;0;0;0;0;0;0;0;0;0;0;0;0;0;0;0;0;0;0;0;0;0;0;0;0;0;0;0;0;0;0;0;0;0;0;0;0;0;0;0;0;0;0;0;0;0;0;0;0;0;0;0;0;0;0;0;0;;0,216389647;;;;;0,449606593;;FALS;0;0;0;0;116,2;low ;0,32;264,8;low ;0,439;868,4;low ;0,327;0,190189415;0,081441698;0,112524881;0,050272361;0,190189415;;;P_score_freshwater_pred_RIVM;0,216389647;0,216389647;;;M_score_pred_Episuite;0,449606593;0,449606593;kemi_score;0,48;0,311913789;1;;;0,311913789;1;0,190189415;0,5;0,264495627;0,75;0,190189415;0,25;0,264495627;0,75;;;;;4
Dodecylbenzenesulfonic acid;27176-87-0;;WBIQQQGBSDOWNP-UHFFFAOYSA-N;CCCCCCCCCCCCc1ccccc1[S](O)(=O)=O;;;PRO-490;NS00002838;;CERT;;;;FALS;FALS;;;FALS;FALS;FALS;FALS;FALS;FALS;FALS;FALS;FALS;FALS;FALS;FALS;FALS;FALS;FALS;CERT;CERT;CERT;;;;CERT;CERT;CERT;CERT;CERT;CERT;CERT;FALS;FALS;CERT;CERT;FALS;CERT;CERT;FALS;CERT;FALS;FALS;CERT;FALS;FALS;FALS;FALS;FALS;FALS;;;;;;;;;;3,5691;;20,96647;;;;;;;0,12421;;0,83;0,39;0,52;>1000 to < 10000 tonnes;1000;10000;1;0;0;0;0;0;0;1;0;0;0;1;0;1;0;0;0;0;1;1;1;0;0;0;0;0;0;0;0;0;1;0;0;1;0;0;0;0;0;0;0;0;0;0;0;0;1;0;1;1;1;1;1;1;1;1;0;0;0;0;0;0;0;0;0;;0,14216609;;;;;0,252067233;;FALS;0;0;0;0;31,2;low ;0,26;10,2;low ;0,654;482,7;low ;0,7;0,712148849;0,267253889;0,183298964;0,06394342;0,712148849;;;P_score_freshwater_pred_RIVM;0,14216609;0,14216609;;;M_score_pred_Episuite;0,252067233;0,252067233;kemi_score;0,83;0,189302438;1;;;0,189302438;1;0,712148849;0,5;0,294415767;0,75;0,712148849;0,25;0,294415767;0,75;;(T);(T);(T);3
m-Xylene-4-sulfonic acid ( 2,4-DIMETHYLBENZENESULFONIC ACID);88-61-9;;CHZLVSBMXZSPNN-UHFFFAOYSA-N;Cc1ccc(c(C)c1)[S](O)(=O)=O.Cc2ccc(c(C)c2)[S](O)(=O)=O;;;PRO-491;NS00013365;;FALS;;;;FALS;FALS;;;FALS;FALS;FALS;FALS;FALS;FALS;FALS;FALS;FALS;FALS;FALS;FALS;FALS;FALS;FALS;FALS;FALS;FALS;;;;FALS;FALS;FALS;FALS;FALS;FALS;FALS;FALS;FALS;FALS;FALS;FALS;FALS;FALS;FALS;FALS;FALS;FALS;FALS;FALS;FALS;FALS;FALS;FALS;FALS;;;;;;;;;;0,8864;;23,72221697;;;;;;;111,3727;;;;;;;;0;0;0;0;0;0;0;0;0;0;0;0;0;0;0;0;0;0;0;0;0;0;0;0;0;0;0;0;0;0;0;0;0;0;0;0;0;0;0;0;0;0;0;0;0;0;0;0;0;0;0;0;0;0;0;0;0;0;0;0;0;0;0;0;0;;0,169903528;;;;;0,683929316;;FALS;0;0;0;0;713,7;low ;0,249;2720;low ;0,301;5360;low ;0,388;0,114378276;0,031232395;0,054499871;0,023449786;0,114378276;;;P_score_freshwater_pred_RIVM;0,169903528;0,169903528;;;M_score_pred_Episuite;0,683929316;0,683929316;;;0,340884149;1;;;0,340884149;1;0,114378276;0,5;0,236874905;0,75;0,114378276;0,25;0,236874905;0,75;;PM;;PM;2
3:3 fluorotelomer carboxylate;356-02-5;;ISFKSWMQWIRDNC-UHFFFAOYSA-N;OC(=O)CCC(F)(F)C(F)(F)C(F)(F)F;;;PRO-492;NS00004093;;FALS;;;;FALS;FALS;;;FALS;FALS;FALS;FALS;FALS;FALS;FALS;FALS;FALS;FALS;FALS;FALS;FALS;FALS;FALS;FALS;FALS;FALS;;;;FALS;FALS;FALS;FALS;FALS;FALS;FALS;FALS;FALS;FALS;FALS;FALS;FALS;FALS;FALS;FALS;FALS;FALS;FALS;FALS;FALS;FALS;FALS;FALS;FALS;;;;;;;;;;;;;;;;;;;2,98364;;0,02;;;;;;0;0;0;0;0;0;0;0;0;0;0;0;0;0;0;0;0;0;0;0;0;0;0;0;0;0;0;0;0;0;0;0;0;0;0;0;0;0;0;0;0;0;0;0;0;0;0;0;0;0;0;0;0;0;0;0;0;0;0;0;0;0;0;0;0;;;;;;;;;FALS;0;0;0;0;1380;low ;0,215;2590;low ;0,239;15730;low ;0;0,383493446;0,03188239;0,041491928;0,014821723;0,383493446;;;;;;;;;;;kemi_score;0,02;;;;;;;0,383493446;0,5;0,383493446;0,25;0,383493446;0,25;0,383493446;0,25;0.00;;;;4
benzotriazole and derivatives;;;;;;;Pro-f-01;;;FALS;;;;FALS;FALS;;;FALS;FALS;FALS;FALS;FALS;FALS;FALS;FALS;FALS;FALS;FALS;FALS;FALS;FALS;FALS;FALS;FALS;FALS;;;;FALS;FALS;FALS;FALS;FALS;FALS;FALS;FALS;FALS;FALS;FALS;FALS;FALS;FALS;FALS;FALS;FALS;FALS;FALS;FALS;FALS;FALS;FALS;FALS;FALS;;;;;;;;;;;;;;;;;;;;;;;;;;;0;0;0;0;0;0;0;0;0;0;0;0;0;0;0;0;0;0;0;0;0;0;0;0;0;0;0;0;0;0;0;0;0;0;0;0;0;0;0;0;0;0;0;0;0;0;0;0;0;0;0;0;0;0;0;0;0;0;0;0;0;0;0;0;0;;;;;;;;;CERT;0;0;0;0;;;;;;;;;;;;;;;;;;;;;;;;;;;;;;;;;;;;;;;;;;;;;3
Chlorinated hydrocarbons (sum) ;;;;;;;Pro-f-02;;;FALS;;;;FALS;FALS;;;FALS;FALS;FALS;FALS;FALS;FALS;FALS;FALS;FALS;FALS;FALS;FALS;FALS;FALS;FALS;FALS;FALS;FALS;;;;FALS;FALS;FALS;FALS;FALS;FALS;FALS;FALS;FALS;FALS;FALS;FALS;FALS;FALS;FALS;FALS;FALS;FALS;FALS;FALS;FALS;FALS;FALS;FALS;FALS;;;;;;;;;;;;;;;;;;;;;;;;;;;0;0;0;0;0;0;0;0;0;0;0;0;0;0;0;0;0;0;0;0;0;0;0;0;0;0;0;0;0;0;0;0;0;0;0;0;0;0;0;0;0;0;0;0;0;0;0;0;0;0;0;0;0;0;0;0;0;0;0;0;0;0;0;0;0;;;;;;;;;CERT;0;0;0;0;;;;;;;;;;;;;;;;;;;;;;;;;;;;;;;;;;;;;;;;;;;;;3
chlorinated solvents;;;;;;;Pro-f-03;;;FALS;;;;FALS;FALS;;;FALS;FALS;FALS;FALS;FALS;FALS;FALS;FALS;FALS;FALS;FALS;FALS;FALS;FALS;FALS;FALS;FALS;FALS;;;;FALS;FALS;FALS;FALS;FALS;FALS;FALS;FALS;FALS;FALS;FALS;FALS;FALS;FALS;FALS;FALS;FALS;FALS;FALS;FALS;FALS;FALS;FALS;FALS;FALS;;;;;;;;;;;;;;;;;;;;;;;;;;;0;0;0;0;0;0;0;0;0;0;0;0;0;0;0;0;0;0;0;0;0;0;0;0;0;0;0;0;0;0;0;0;0;0;0;0;0;0;0;0;0;0;0;0;0;0;0;0;0;0;0;0;0;0;0;0;0;0;0;0;0;0;0;0;0;;;;;;;;;CERT;0;0;0;0;;;;;;;;;;;;;;;;;;;;;;;;;;;;;;;;;;;;;;;;;;;;;1
cis+trans 1,2-Dichloroetylene (sum) ;;;;;;;Pro-f-04;;;FALS;;;;FALS;FALS;;;FALS;FALS;FALS;FALS;FALS;FALS;FALS;FALS;FALS;FALS;FALS;FALS;FALS;CERT;CERT;FALS;FALS;FALS;;;;FALS;FALS;FALS;FALS;FALS;FALS;FALS;FALS;FALS;FALS;FALS;FALS;FALS;FALS;FALS;FALS;FALS;FALS;FALS;FALS;FALS;FALS;FALS;FALS;FALS;;;;;;;;;;;;;;;;;;;;;;;;;;;0;0;0;0;0;0;0;0;0;0;0;0;0;0;0;0;0;0;0;0;0;0;0;0;0;0;0;0;0;0;0;0;0;0;0;0;0;0;0;0;0;0;0;0;0;0;0;0;0;0;0;0;0;0;0;0;0;0;0;0;0;0;0;0;0;;;;;;;;;CERT;0;0;0;0;;;;;;;;;;;;;;;;;;;;;;;;;;;;;;;;;;;;;;;;;;;;;
Fatty acid-based ionic liquids;;;;;;;Pro-f-05;;;FALS;;;;FALS;FALS;;;FALS;FALS;FALS;FALS;FALS;FALS;CERT;CERT;FALS;FALS;FALS;FALS;FALS;FALS;CERT;FALS;FALS;FALS;;;;FALS;FALS;FALS;FALS;FALS;FALS;FALS;FALS;FALS;FALS;FALS;FALS;FALS;FALS;FALS;FALS;FALS;FALS;FALS;FALS;FALS;FALS;FALS;FALS;FALS;;;;;;;;;;;;;;;;;;;;;;;;;;;0;0;0;0;0;0;0;0;0;0;0;0;0;0;0;0;0;0;0;0;0;0;0;0;0;0;0;0;0;0;0;0;0;0;0;0;0;0;0;0;0;0;0;0;0;0;0;0;0;0;0;0;0;0;0;0;0;0;0;0;0;0;0;0;0;;;;;;;;;CERT;0;0;0;0;;;;;;;;;;;;;;;;;;;;;;;;;;;;;;;;;;;;;;;;;;;;;4
Fluorinated or mixed halogenated organic by-products;;;;;;;Pro-f-06;;;FALS;;;;FALS;FALS;;;FALS;FALS;FALS;FALS;FALS;FALS;FALS;FALS;FALS;FALS;FALS;FALS;FALS;FALS;FALS;FALS;FALS;FALS;;;;FALS;FALS;FALS;FALS;FALS;FALS;FALS;FALS;FALS;FALS;FALS;FALS;FALS;FALS;FALS;FALS;FALS;FALS;FALS;FALS;FALS;FALS;FALS;FALS;FALS;;;;;;;;;;;;;;;;;;;;;;;;;;;0;0;0;0;0;0;0;0;0;0;0;0;0;0;0;0;0;0;0;0;0;0;0;0;0;0;0;0;0;0;0;0;0;0;0;0;0;0;0;0;0;0;0;0;0;0;0;0;0;0;0;0;0;0;0;0;0;0;0;0;0;0;0;0;0;;;;;;;;;CERT;0;0;0;0;;;;;;;;;;;;;;;;;;;;;;;;;;;;;;;;;;;;;;;;;;;;;
heavy metals;;;;;;;Pro-f-07;;;FALS;;;;FALS;FALS;;;FALS;FALS;FALS;FALS;FALS;FALS;FALS;FALS;FALS;FALS;FALS;CERT;CERT;FALS;CERT;FALS;FALS;FALS;;;;FALS;FALS;FALS;FALS;FALS;FALS;FALS;FALS;FALS;FALS;FALS;FALS;FALS;FALS;FALS;FALS;FALS;FALS;FALS;FALS;FALS;FALS;FALS;FALS;FALS;;;;;;;;;;;;;;;;;;;;;;;;;;;0;0;0;0;0;0;0;0;0;0;0;0;0;0;0;0;0;0;0;0;0;0;0;0;0;0;0;0;0;0;0;0;0;0;0;0;0;0;0;0;0;0;0;0;0;0;0;0;0;0;0;0;0;0;0;0;0;0;0;0;0;0;0;0;0;;;;;;;;;CERT;0;0;0;0;;;;;;;;;;;;;;;;;;;;;;;;;;;;;;;;;;;;;;;;;;;;;
organophosphates & phosphonium compounds;;;;;;;Pro-f-08;;;FALS;;;;FALS;FALS;;;FALS;FALS;FALS;FALS;FALS;FALS;CERT;CERT;FALS;FALS;FALS;FALS;FALS;FALS;CERT;FALS;FALS;FALS;;;;FALS;FALS;FALS;FALS;FALS;FALS;FALS;FALS;FALS;FALS;FALS;FALS;FALS;FALS;FALS;FALS;FALS;FALS;FALS;FALS;FALS;FALS;FALS;FALS;FALS;;;;;;;;;;;;;;;;;;;;;;;;;;;0;0;0;0;0;0;0;0;0;0;0;0;0;0;0;0;0;0;0;0;0;0;0;0;0;0;0;0;0;0;0;0;0;0;0;0;0;0;0;0;0;0;0;0;0;0;0;0;0;0;0;0;0;0;0;0;0;0;0;0;0;0;0;0;0;;;;;;;;;CERT;0;0;0;0;;;;;;;;;;;;;;;;;;;;;;;;;;;;;;;;;;;;;;;;;;;;;
PAH 16EPA ;;;;;;;Pro-f-09;;;FALS;;;;FALS;FALS;;;FALS;FALS;FALS;FALS;FALS;FALS;FALS;FALS;FALS;FALS;FALS;FALS;FALS;FALS;FALS;FALS;FALS;FALS;;;;FALS;FALS;FALS;FALS;FALS;FALS;FALS;FALS;FALS;FALS;FALS;FALS;FALS;FALS;FALS;FALS;FALS;FALS;FALS;FALS;FALS;FALS;FALS;FALS;FALS;;;;;;;;;;;;;;;;;;;;;;;;;;;0;0;0;0;0;0;0;0;0;0;0;0;0;0;0;0;0;0;0;0;0;0;0;0;0;0;0;0;0;0;0;0;0;0;0;0;0;0;0;0;0;0;0;0;0;0;0;0;0;0;0;0;0;0;0;0;0;0;0;0;0;0;0;0;0;;;;;;;;;CERT;0;0;0;0;;;;;;;;;;;;;;;;;;;;;;;;;;;;;;;;;;;;;;;;;;;;;
Polychlorinated biphenyls (PCB);;;;;;;Pro-f-10;;;FALS;;;;FALS;FALS;;;FALS;FALS;FALS;FALS;FALS;FALS;FALS;FALS;FALS;FALS;FALS;FALS;FALS;FALS;FALS;FALS;FALS;FALS;;;;FALS;FALS;FALS;FALS;FALS;FALS;FALS;FALS;FALS;FALS;FALS;FALS;FALS;FALS;FALS;FALS;FALS;FALS;FALS;FALS;FALS;FALS;FALS;FALS;FALS;;;;;;;;;;;;;;;;;;;;;;;;;;;0;0;0;0;0;0;0;0;0;0;0;0;0;0;0;0;0;0;0;0;0;0;0;0;0;0;0;0;0;0;0;0;0;0;0;0;0;0;0;0;0;0;0;0;0;0;0;0;0;0;0;0;0;0;0;0;0;0;0;0;0;0;0;0;0;;;;;;;;;CERT;0;0;0;0;;;;;;;;;;;;;;;;;;;;;;;;;;;;;;;;;;;;;;;;;;;;;
sulfonated aliphates & benzoic acids;;;;;;;Pro-f-11;;;FALS;;;;FALS;FALS;;;FALS;FALS;FALS;FALS;FALS;FALS;CERT;CERT;FALS;FALS;FALS;FALS;FALS;FALS;CERT;FALS;FALS;FALS;;;;FALS;FALS;FALS;FALS;FALS;FALS;FALS;FALS;FALS;FALS;FALS;FALS;FALS;FALS;FALS;FALS;FALS;FALS;FALS;FALS;FALS;FALS;FALS;FALS;FALS;;;;;;;;;;;;;;;;;;;;;;;;;;;0;0;0;0;0;0;0;0;0;0;0;0;0;0;0;0;0;0;0;0;0;0;0;0;0;0;0;0;0;0;0;0;0;0;0;0;0;0;0;0;0;0;0;0;0;0;0;0;0;0;0;0;0;0;0;0;0;0;0;0;0;0;0;0;0;;;;;;;;;CERT;0;0;0;0;;;;;;;;;;;;;;;;;;;;;;;;;;;;;;;;;;;;;;;;;;;;;
suspected target screening;;;;;;;Pro-f-12;;;FALS;;;;FALS;FALS;;;FALS;FALS;FALS;FALS;FALS;FALS;CERT;CERT;CERT;FALS;FALS;FALS;FALS;FALS;CERT;FALS;FALS;FALS;;;;FALS;FALS;FALS;FALS;FALS;FALS;FALS;FALS;FALS;FALS;FALS;FALS;FALS;FALS;FALS;FALS;FALS;FALS;FALS;FALS;FALS;FALS;FALS;FALS;FALS;;;;;;;;;;;;;;;;;;;;;;;;;;;0;0;0;0;0;0;0;0;0;0;0;0;0;0;0;0;0;0;0;0;0;0;0;0;0;0;0;0;0;0;0;0;0;0;0;0;0;0;0;0;0;0;0;0;0;0;0;0;0;0;0;0;0;0;0;0;0;0;0;0;0;0;0;0;0;;;;;;;;;CERT;0;0;0;0;;;;;;;;;;;;;;;;;;;;;;;;;;;;;;;;;;;;;;;;;;;;;
UV stabilizers;;;;;;;Pro-f-13;;;FALS;;;;FALS;FALS;;;FALS;FALS;FALS;FALS;FALS;FALS;CERT;CERT;FALS;FALS;FALS;FALS;FALS;FALS;CERT;FALS;FALS;FALS;;;;FALS;FALS;FALS;FALS;FALS;FALS;FALS;FALS;FALS;FALS;FALS;FALS;FALS;FALS;FALS;FALS;FALS;FALS;FALS;FALS;FALS;FALS;FALS;FALS;FALS;;;;;;;;;;;;;;;;;;;;;;;;;;;0;0;0;0;0;0;0;0;0;0;0;0;0;0;0;0;0;0;0;0;0;0;0;0;0;0;0;0;0;0;0;0;0;0;0;0;0;0;0;0;0;0;0;0;0;0;0;0;0;0;0;0;0;0;0;0;0;0;0;0;0;0;0;0;0;;;;;;;;;CERT;0;0;0;0;;;;;;;;;;;;;;;;;;;;;;;;;;;;;;;;;;;;;;;;;;;;;
