full_name;cas_no;ec_no;inchikey;canonical_smiles;dashboard_dtxsid;pubchem_cid;promisces_id;norman_susdat_id;uba_list;dtu_list_dk;UBA_cat;quality_UBA_cat;EC_cat;pfas_cs1_dwtp_route_a;pfas_cs1_urban_route_a;pfas_cs2_route_a;pfas_cs3_route_b;pfas_cs4_sofia_route_c;pfas_cs4_univpm_route_c;pfas_cs5_route_d;pfas_cs6_route_e;pfas_cs7_route_e;pfas_wwtp_network_wp3;ipmt_cs1_dwtp_route_a;ipmt_cs1_urban_route_a;ipmt_cs2_route_a;ipmt_cs3_route_b;ipmt_cs4_sofia_route_c;ipmt_cs4_univpm_route_c;ipmt_cs5_route_d;ipmt_cs7_route_e;promisces_CS;pro_workers_widespread;registered_consumer_use;article_serv_life_echa;uses;industry_uses;consumer_use;process_cat_1;process_cat_2;process_cat_3;process_cat_10;process_cat_11;process_cat_13;process_cat_15;process_cat_17;process_cat_18;process_cat_19;erc_2;erc_5;erc_8a;erc_8b;erc_8c;erc_8d;erc_8e;erc_8f;erc_9a;erc_9b;erc_10a;erc_10b;erc_11a;erc_11b;erc_12b;pNEC_type;average_mass;logKow_exp;logKow_pred;logKoa_exp;logKoa_pred;solubility_exp;solubility_pred;log_Koc_pred_dashboard;log_Koc_pred_episuite;bhl_pred;hl_pred_freshwater;bcf_pred;P_hl_exp_freshwater;P_hl_exp_soil;P_hl_exp_sediments;M_logKoc_UBA;M_Dow_min_UBA;pNEC_freshwater;T_score_predicted_rivm;kemi_score;E_score_min;E_score_max;tonnage_band;min_tonnage;max_tonnage;PC0;PC1;PC2;PC3;PC4;PC7;PC8;PC9a;PC9b;PC9c;PC11;PC12;PC13;PC14;PC15;PC16;PC17;PC18;PC19;PC20;PC21;PC23;PC24;PC25;PC26;PC27;PC28;PC29;PC30;PC31;PC32;PC33;PC34;PC35;PC36;PC37;PC38;PC39;PC40;PC41;PC42;SU0;SU1;SU2a;SU2b;SU4;SU5;SU6a;SU6b;SU7;SU8;SU9;SU10;SU11;SU12;SU13;SU14;SU15;SU16;SU17;SU18;SU19;SU20;SU23;SU24;P_score_freshwater_pred_UBA;P_score_freshwater_pred_RIVM;P_score_freshwater_pred_Dashboard;P_score_soil_exp_UBA;P_score_sediment_exp_UBA;M_score_exp_UBA;M_score_pred_Episuite;M_score_pred_Dashboard;T_score_clp_harmonised;T_score_carcinogenicity_atp18;T_score_mutagenicity_atp18;T_score_reprotoxicity_atp18;T_score_ed_lists_(jan2023);pnoec_fish;reliability_pnoec_fish;adi_pnoec_fish;pnoec_daphnia;reliability_pnoec_daphnia;adi_pnoec_daphnia;pnoec_algae;reliability_pnoec_algae;adi_pnoec_algae;pNEC_score;pNOEC_daphnia_score;pNOEC_fish_score;pNOEC_algae_score;T_score_ecotox;P_robust_score;P_robust_value;P_conservative_score;P_conservative_value;P_average_value;M_robust_score;M_robust_value;M_conservative_score;M_conservative_value;M_average_value;E_robust_score;E_robust_value;PM_conservative_score;robustness;PM_robust_score;PM_robust_robustness;PM_average_score;PM_average_robustness;T_score_score;T_score_robustness;PMT_conservative_score;PMT_conservative_robustness;PMT_robust_score;PMT_robust_robustness;PMT_average_score;PMT_average_robustness;cluster labels;conservative_classification;robust_classification;average_classification;priority_group;functional_groups;chemical_class
(1S,4R,4aS,9aR)-4,4a,9,9a-tetrahydro-1H-1,4-methanofluorene;;700-736-9;XUFPYLQWLKKGDQ-ZMJPVWNMSA-N;c1(NP(=O)(N)N)c(N(=O)=O)cccc1;;;PRO-001;;REACH-A;FALS;PMT;HQ;Potential PMT/vPvM;FALS;FALS;;;FALS;FALS;FALS;FALS;FALS;FALS;FALS;FALS;FALS;FALS;FALS;FALS;FALS;FALS;FALS;FALS;FALS;FALS;;;;FALS;FALS;FALS;FALS;FALS;FALS;FALS;FALS;FALS;FALS;FALS;FALS;FALS;FALS;FALS;FALS;FALS;FALS;FALS;FALS;FALS;FALS;FALS;FALS;FALS;;;;;;;;;;;;;;;;;;33;;;;;;;;;0;0;0;0;0;0;0;0;0;0;0;0;0;0;0;0;0;0;0;0;0;0;0;0;0;0;0;0;0;0;0;0;0;0;0;0;0;0;0;0;0;0;0;0;0;0;0;0;0;0;0;0;0;0;0;0;0;0;0;0;0;0;0;0;0;;;;;;;;;CERT;0;0;0;0;5703;low ;329;32300;low ;323;67700;low ;282;;2,90515E+13;5,97429E+14;2,12361E+14;3,46704E+14;;;;;;;;;;;;;;;;;;;3,46704E+14;5;3,46704E+14;25;3,46704E+14;25;3,46704E+14;25;;;;;;Nh0, Nh1, Nh2, Aniline, Benzene, Nitro, Nitro Arom, Para Hydroxylation;['Aromatic amines', 'Nitrobenzene derivatives']
(1S,4R,6R)-1-[(3E)-5-hydroxy-3-methylpent-3-en-1-yn-1-yl]-2,2,6-trimethylcyclohexane-1,4-diol;70905-68-9;700-054-1;AJDYPKBZJGFSDZ-VXLSFFSTSA-N;CC1(C)C[C@H](O)C[C@@H](C)[C@@]1(O)C#C/C(=C/CO)/C;DTXSID301114439;146312770;PRO-002;NS00001720;REACH-B;FALS;vPvM & PMT;MQ;vPvM & PMT;FALS;FALS;;;FALS;FALS;FALS;FALS;FALS;FALS;FALS;FALS;FALS;FALS;FALS;FALS;FALS;FALS;FALS;FALS;FALS;FALS;;;;CERT;FALS;FALS;FALS;FALS;FALS;FALS;FALS;FALS;FALS;FALS;FALS;FALS;FALS;FALS;FALS;FALS;FALS;FALS;FALS;FALS;FALS;FALS;FALS;FALS;P-PNEC;252354;;243;;833;;794;2198657087;;7,90436E+14;;148;350;;;;5;3550931886;;22;0;0;;;;0;0;0;0;0;0;0;0;0;0;0;0;0;0;0;0;0;0;0;0;0;0;0;0;0;0;0;0;0;0;0;0;0;0;0;0;0;0;0;0;0;0;0;0;0;0;0;0;0;0;0;0;0;0;0;0;0;0;0;0;0;0;0;0;0;2,84669E+14;;6,15676E+14;;;;;4,6563E+14;FALS;0;0;0;0;1396;low ;376;40500;low ;507;10500;low ;616;1,75037E+14;2,64047E+14;1,0481E+14;4,64777E+14;2,20628E+14;;;P_score_freshwater_pred_Dashboard;6,15676E+14;4,50172E+14;;;M_score_pred_Dashboard;4,6563E+14;4,6563E+14;kemi_score;22;5,35422E+14;10;;;4,57836E+14;10;2,20628E+14;5;3,98429E+14;75;2,20628E+14;25;3,58944E+14;75;0;PM;;PM;4;Al Oh, Al Oh Notert, Allylic Oxid;['Alkylphenols', 'Terpenoid']
(2-allyloxy-1,1-dimethyl-2-oxo-ethyl) 2-chloro-5-[3,6-dihydro-3-methyl-2,6-dioxo-4-(trifluoromethyl)-1(2H)-pyrimidin-1-yl]benzoate;134605-64-4;603-837-5;JEDYYFXHPAIBGR-UHFFFAOYSA-N;CC(C)(C(=O)OCC=C)OC(=O)C1=C(C=CC(=C1)N2C(=O)C=C(N(C2=O)C)C(F)(F)F)Cl;DTXSID9034365;118268590;PRO-003;NS00006629;REACH-A;CERT;vPvM & PMT;HQ;vPvM & PMT;FALS;FALS;;;FALS;FALS;FALS;FALS;FALS;FALS;FALS;FALS;FALS;FALS;FALS;FALS;FALS;FALS;FALS;FALS;FALS;FALS;;;;FALS;FALS;CERT;FALS;FALS;FALS;FALS;FALS;FALS;FALS;CERT;FALS;FALS;FALS;FALS;FALS;FALS;FALS;FALS;FALS;FALS;FALS;FALS;FALS;FALS;P-PNEC pred;47482;;357;;117;0,00209;0,000745;211058971;;1,69017E+14;;562;650;2660;;15;;21696;;42;0;0;;;;0;0;0;0;0;0;0;0;0;0;0;0;0;0;0;0;0;0;0;0;0;0;0;0;0;1;0;0;0;0;0;0;0;0;0;0;0;0;0;0;0;0;0;0;0;0;0;0;0;0;0;0;0;0;0;0;0;0;0;0;0;0;0;0;0;5,34155E+14;;8,54515E+14;6,60973E+14;;5,85786E+14;;4,80846E+14;FALS;0;0;0;0;322;low ;194;922;low ;0;6,082E+14;low ;0;6,60073E+14;1,22956E+14;1,81257E+14;5,81924E+14;6,98077E+14;P_score_soil_exp_UBA;6,60973E+14;P_score_freshwater_pred_Dashboard;8,54515E+14;6,83214E+14;M_score_exp_UBA;5,85786E+14;M_score_exp_UBA;5,85786E+14;5,33316E+13;kemi_score;42;7,07505E+14;10;6,22245E+14;10;6,0363E+14;10;6,98077E+14;5;7,04348E+14;75;6,4656E+14;75;6,336E+14;75;0;vPvM(T);PM(T);PM(T);3;Ar N, C O, C O Nocoo, Nh0, Alkyl Halide, Benzene, Ester, Ether, Halogen;['Aromatic amines', 'Chlorobenzenes', 'Ethylene Glycols', 'PBB', 'PBDE', 'PCB', 'PhenylEthers', 'Phtalates', 'Pyrethrins', 'Styrenes', 'Triazines', 'PFAS']
(2?,3?,5?,16?,17?)-17-Acetoxy-3-hydroxy-2-(4-morpholinyl)-16-(1-pyrrolidinyl)androstane;119302-24-8;601-596-0;YBZSVMDKHBRYNB-UHFFFAOYSA-N;CC(=O)OC1C(CC2C3CCC4CC(O)C(CC4(C)C3CCC12C)N1CCOCC1)N1CCCC1;DTXSID601035727;160649330;PRO-004;NS00001345;REACH-B;FALS;vPvM;HQ;vPvM;FALS;FALS;;;FALS;FALS;FALS;FALS;FALS;FALS;FALS;FALS;FALS;FALS;FALS;FALS;FALS;FALS;FALS;FALS;FALS;FALS;;;;FALS;FALS;CERT;FALS;FALS;FALS;CERT;FALS;FALS;FALS;FALS;FALS;FALS;FALS;FALS;FALS;FALS;FALS;FALS;FALS;FALS;FALS;FALS;FALS;FALS;P-PNEC pred;488713;;404;;102;;0,000178;4309630167;;6,76179E+85;;245;6370;;;;-38;59833;;35;2;6;>1 to < 10 tonnes;10;100;0;0;0;0;0;0;0;0;0;0;0;0;0;0;0;0;0;0;0;0;0;0;0;0;0;0;0;1;0;0;0;0;0;0;0;0;0;0;0;0;0;0;0;0;0;0;0;0;0;0;0;1;0;0;0;0;0;0;0;0;0;0;0;0;0;9,82683E+14;;10;;;;;1,67854E+14;FALS;0;0;0;0;2091;low ;0;30900;low ;645;1347;low ;0;5,55535E+14;2,95993E+14;8,94512E+14;1,06275E+14;5,85544E+14;;;P_score_freshwater_pred_Dashboard;10;9,91341E+14;;;M_score_pred_Dashboard;1,67854E+14;1,67854E+14;kemi_score;35;4,097E+13;10;;;4,07922E+14;10;5,85544E+14;5;4,61492E+14;75;5,85544E+14;25;4,60156E+14;75;10;PM;;PM;4;Al Oh, Al Oh Notert, C O, C O Nocoo, Nh0, Ndealkylation2, Bicyclic, Ester, Ether, Morpholine;['Alkylphenols', 'Cyclohexanes', 'Ethylene Glycols']
(5-hydroxy-1,3-dimethyl-1H-pyrazol-4-yl)[2-(methylsulfonyl)-4-(trifluoromethyl)phenyl]methanone;365400-11-9;609-256-3;DWSPRBSLSXQIEJ-UHFFFAOYSA-N;CC1=C(C(=O)N(N1)C)C(=O)C2=C(C=C(C=C2)C(F)(F)F)S(=O)(=O)C;DTXSID2044343;116937110;PRO-005;;REACH-A;FALS;vPvM;HQ;vPvM;FALS;FALS;;;FALS;FALS;FALS;FALS;FALS;FALS;FALS;FALS;FALS;FALS;FALS;FALS;FALS;FALS;FALS;FALS;FALS;FALS;;;;FALS;FALS;FALS;FALS;FALS;FALS;CERT;FALS;FALS;FALS;CERT;FALS;FALS;FALS;FALS;FALS;FALS;FALS;FALS;FALS;FALS;FALS;FALS;FALS;FALS;P-PNEC;36434;;133;;90;;18;2810232518;;3,48133E+13;;174;3270;1200;5780;13;;466114172;;;13;25;>10 to < 100 tonnes;100;1000;0;0;0;0;0;0;0;0;0;0;0;0;0;0;0;0;0;0;0;0;0;0;0;0;0;1;0;0;0;0;0;0;0;0;0;0;0;0;0;0;0;0;0;0;0;0;0;0;0;0;0;0;0;0;0;0;0;0;0;0;0;0;0;0;0;9,47781E+13;;2,8281E+14;3,33333E+14;8,80202E+13;6,18976E+14;;3,63175E+14;FALS;0;0;0;0;1,898E+14;low ;196;18500;low ;203;11600;low ;0;5,82126E+14;3,67147E+14;9,29365E+13;4,45974E+14;6,04741E+14;P_score_sediment_exp_UBA;8,80202E+13;P_score_freshwater_pred_UBA;9,47781E+13;6,11032E+14;M_score_exp_UBA;6,18976E+14;M_score_exp_UBA;6,18976E+14;4,91075E+13;E_score_max;25;7,65933E+14;10;7,38122E+14;10;5,4778E+14;10;6,04741E+14;5;7,07919E+14;75;6,90677E+14;75;5,66144E+13;75;0;vPvM(T);vPvM(T);PM(T);;Ar N, Ar Nh, C O, C O Nocoo, Nh0, Nh1, Nhpyrrole, Alkyl Halide, Aryl Methyl, Benzene, Halogen, Ketone, Sulfone;['Aromatic amines', 'Chlorobenzenes', 'Benzophenones', 'PAHs', 'PBB', 'PCB', 'PFAS']
[(2R)-2-(2,4-dichlorophenyl)-2-[(1H-1,2,4-triazol-1-yl)methyl]-1,3-dioxolan-4-yl]methyl methanesulfonate hydrochloride;155661-07-7;445-550-6;VOEZOGZQSVLIRN-HYHLQHTJNA-N;CS(=O)(=O)OCC1COC(O1)(CN2C=NC=N2)C3=C(C=C(C=C3)Cl)Cl.Cl;DTXSID801020958;1330824830;PRO-006;NS00078588;REACH-A;FALS;vPvM;HQ;PM;FALS;FALS;;;FALS;FALS;FALS;FALS;FALS;FALS;FALS;FALS;FALS;FALS;FALS;FALS;FALS;FALS;FALS;FALS;FALS;FALS;;;;FALS;FALS;CERT;FALS;FALS;FALS;CERT;FALS;FALS;FALS;FALS;FALS;FALS;FALS;FALS;FALS;FALS;FALS;FALS;FALS;FALS;FALS;FALS;FALS;FALS;P-PNEC;44471;;41;;108;;0,00813;1800029359;;4,10516E+14;;55;10280;;;25;;6413071061;;;0;0;;;;0;0;0;0;0;0;0;0;0;0;0;0;0;0;0;0;0;0;0;0;0;0;0;0;0;0;0;0;0;0;0;0;0;0;0;0;0;0;0;0;0;1;0;0;0;0;0;0;0;0;0;0;0;0;0;0;0;0;0;0;0;0;0;0;0;9,92284E+14;;9,99272E+14;;;4,14214E+14;;5,34597E+14;FALS;0;0;0;0;1251;low ;196;4,886E+14;low ;277;7010;low ;234;3,08516E+14;6,36283E+14;1,09364E+14;5,49031E+14;3,57205E+13;;;P_score_freshwater_pred_Dashboard;9,99272E+14;9,95778E+13;M_score_exp_UBA;4,14214E+14;M_score_pred_Dashboard;5,34597E+14;4,74405E+14;E_score_min;0;7,30895E+14;10;4,14214E+14;5;6,87315E+14;10;3,57205E+13;5;5,75717E+14;75;3,84654E+14;5;5,52599E+14;75;0;vPvM;PM;PM;;Ar N, Nh0, Benzene, Ether, Halogen;['Aromatic amines', 'Chlorobenzenes', 'Ethylene Glycols', 'PBB', 'PBDE', 'PCB', 'PhenylEthers']
[(3aS,4S,6S)-6-methoxy-2,2-dimethyl-tetrahydro-2H-furo[3,4-d][1,3]dioxol-4-yl]methyl 4-methylbenzene-1-sulfonate;4137-56-8;609-920-2;IAPMZKRZMYQZSW-UHFFFAOYSA-N;CC1(C)OC2[C@@H](O1)[C@@H](O[C@@H]2OC)COS(=O)(=O)c1ccc(C)cc1;DTXSID50284838;2366230;PRO-007;NS00003867;REACH-B;FALS;vPvM;HQ;vPvM;FALS;FALS;;;FALS;FALS;FALS;FALS;FALS;FALS;FALS;FALS;FALS;FALS;FALS;FALS;FALS;FALS;FALS;FALS;FALS;FALS;;;;CERT;FALS;CERT;FALS;FALS;FALS;FALS;FALS;FALS;FALS;FALS;FALS;FALS;FALS;FALS;FALS;FALS;FALS;FALS;FALS;FALS;FALS;FALS;FALS;FALS;P-PNEC pred;35841;;238;;94;;98;1889861721;;1,0777E+12;;155;14880;;;;14;1047795;;27;0;0;;;;0;0;0;0;0;0;0;0;0;0;0;0;0;0;0;0;0;0;1;0;0;0;0;0;0;0;0;0;0;0;0;0;0;0;0;0;0;0;0;0;0;0;0;0;0;0;0;0;0;0;0;1;0;0;0;0;0;0;0;0;0;0;0;0;0;9,95885E+14;;7,31291E+14;;;;;5,19076E+14;FALS;0;0;0;0;3334;low ;202;15100;low ;245;25900;low ;245;2,64974E+14;3,99646E+14;7,42638E+14;3,18824E+14;2,98552E+14;;;P_score_freshwater_pred_UBA;9,95885E+14;8,63588E+14;;;M_score_pred_Dashboard;5,19076E+14;5,19076E+14;kemi_score;27;7,18986E+13;10;;;6,69528E+14;10;2,98552E+14;5;5,36398E+14;75;2,98552E+14;25;5,11508E+14;75;0;vPvM;;PM;4;Aryl Methyl, Benzene, Bicyclic, Ether, Methoxy;['Cyclohexanes', 'Ethylene Glycols', 'PAHs', 'PBDE', 'PhenylEthers']
[(3S,4R,4aR,6S,6aS,12R,12aS,12bS)-3-(cyclopropanecarbonyloxy)-6,12-dihydroxy-4,6a,12btrimethyl-11-oxo-9-(pyridin-3-yl)-1,2,3,4,4a,5,6,6a,12a,12b-decahydro-11H,12Hbenzo[f]pyrano[4,3-b]chromen-4-yl]methylcyclopropanecarboxylate;915972-17-7;815-966-6;;CC12CCC(C(C1CC(C3(C2C(C4=C(O3)C=C(OC4=O)C5=CN=CC=C5)O)C)O)(C)COC(=O)C6CC6)OC(=O)C7CC7;DTXSID00896889;545894300;PRO-008;;REACH-A;FALS;vPvM;HQ;PM;FALS;FALS;;;FALS;FALS;FALS;FALS;FALS;FALS;FALS;FALS;FALS;FALS;FALS;FALS;FALS;FALS;FALS;FALS;FALS;FALS;;;;FALS;FALS;FALS;FALS;FALS;FALS;FALS;FALS;FALS;FALS;FALS;FALS;FALS;FALS;FALS;FALS;FALS;FALS;FALS;FALS;FALS;FALS;FALS;FALS;FALS;;593673;;249;;973;;0,00662;492992956;;1,88618E+78;;501;110;660;3710;27;;;;;0;8;>0 to < 10 tonnes;0;100;0;0;0;0;0;0;0;0;0;0;0;0;0;0;0;0;0;0;0;0;0;0;0;0;0;0;0;0;0;0;0;0;0;0;0;0;0;0;0;0;0;0;0;0;0;0;0;0;0;0;0;0;0;0;0;0;0;0;0;0;0;0;0;0;0;5,21487E+14;;10;1,52496E+14;7,74936E+14;3,81024E+13;;1,15999E+12;FALS;0;0;0;0;3434;low ;0;46400;low ;0;6388;low ;0;;2,4928E+14;7,33862E+14;5,7035E+14;0;P_score_sediment_exp_UBA;7,74936E+14;P_score_freshwater_pred_Dashboard;10;4,94895E+14;M_score_exp_UBA;3,81024E+13;M_score_exp_UBA;3,81024E+13;2,48512E+13;E_score_max;8;6,17272E+14;10;5,43387E+13;10;3,50695E+14;10;0;5;0;75;0;75;0;75;10;PM;PM;PM;;Al Oh, Al Oh Notert, Ar N, C O, C O Nocoo, Nh0, Bicyclic, Ester, Ether, Pyridine;['Alkylphenols', 'Aromatic amines', 'Cyclohexanes', 'Ethylene Glycols', 'Pyridin']
[[(phosphonomethyl)imino]bis[ethane-2,1-diylnitrilobis(methylene)]]tetrakisphosphonic acid;15827-60-8;239-931-4;DUYCTCQXNHFCSJ-UHFFFAOYSA-N;C(CN(CP(=O)(O)O)CP(=O)(O)O)N(CCN(CP(=O)(O)O)CP(=O)(O)O)CP(=O)(O)O;DTXSID0027775;851280;PRO-009;NS00004368;REACH-A;CERT;vPvM;HQ;vPvM;FALS;FALS;;;FALS;FALS;FALS;FALS;FALS;FALS;FALS;FALS;FALS;FALS;FALS;FALS;FALS;FALS;FALS;CERT;CERT;CERT;chelating;"Anti-scaling agent; Cleaning agent; Corrosion inhibitor; Corrosion inhibitors and anti-scaling agents; Intermediate; Processing aids, specific to petroleum production";"Corrosion inhibitors and anti-scaling agents; Other (specify)";CERT;CERT;CERT;CERT;CERT;CERT;CERT;FALS;FALS;CERT;CERT;CERT;CERT;CERT;CERT;CERT;FALS;CERT;FALS;FALS;FALS;FALS;CERT;FALS;FALS;P-PNEC pred;573198;;-695;;96;;106;1770115295;;5,8557E+14;;309;46850;;;;-163;25976;;73;26;39;>100 to < 1000 tonnes;1000;10000;1;0;0;1;0;1;1;1;1;1;0;1;0;1;1;0;0;0;1;1;1;1;0;1;1;1;1;0;1;1;0;0;1;1;1;1;0;1;1;1;0;1;1;1;1;1;1;1;1;0;1;0;1;0;0;0;1;1;0;1;1;1;0;1;0;9,99419E+14;;4,89597E+14;;;;;5,39752E+14;FALS;0;0;0;0;3353;low ;0;14200;low ;0;17200;low ;0;6,42315E+14;4,10012E+14;7,40943E+14;3,78504E+14;6,42315E+14;;;P_score_freshwater_pred_UBA;9,99419E+14;7,44508E+14;;;M_score_pred_Dashboard;5,39752E+14;5,39752E+14;kemi_score;73;7,34465E+14;10;;;6,33916E+14;10;6,42315E+14;5;7,02366E+14;75;6,42315E+14;25;6,36704E+14;75;20;vPvM(T);(T);PM(T);1;Nh0;['Organophosphates']
[2,2-dimethyl-3-(morpholin-4-yl)propylidene][6-({2-methyl-2-[(morpholin-4-yl)methyl]propylidene}amino)hexyl]amine;1217271-49-2;700-570-7;BVUYTWFHWBDUQZ-UHFFFAOYSA-N;CC(C)(CN1CCOCC1)C=NCCCCCCN=CC(C)(C)CN1CCOCC1;DTXSID801045043;899992560;PRO-010;NS00010203;REACH-B;FALS;vPvM;HQ;PM;FALS;FALS;;;FALS;FALS;FALS;FALS;FALS;FALS;FALS;FALS;FALS;FALS;FALS;FALS;FALS;FALS;FALS;CERT;CERT;CERT;;;;CERT;CERT;CERT;CERT;CERT;CERT;CERT;FALS;FALS;FALS;CERT;CERT;FALS;FALS;CERT;FALS;FALS;CERT;FALS;FALS;FALS;FALS;CERT;FALS;FALS;P-PNEC;422658;;46;;115;;191;2749736316;;4,10516E+14;;427;23790;;;;-3;226344292;;32;1;1;Tonnage data confidential;;;1;1;0;0;0;0;0;1;1;0;0;0;0;0;0;0;0;0;0;0;0;0;0;0;0;0;0;0;0;0;1;0;0;0;0;0;0;0;0;0;0;0;0;0;0;0;0;0;0;0;0;0;0;0;0;0;0;0;0;0;0;1;0;0;0;9,98151E+14;;9,99272E+14;;;;;3,72928E+14;FALS;0;0;0;0;1773;low ;268;95600;low ;242;5227;low ;0;6,55935E+14;1,83346E+14;9,54609E+14;6,19049E+14;6,55935E+14;;;P_score_freshwater_pred_Dashboard;9,99272E+14;9,98711E+14;;;M_score_pred_Dashboard;3,72928E+14;3,72928E+14;kemi_score;32;6,10456E+13;10;;;6,10284E+14;10;6,55935E+14;5;6,25254E+14;75;6,55935E+14;25;6,25137E+14;75;10;PM(T);(T);PM(T);4;Imine, Nh0, Ether, Morpholine, Unbrch Alkane;['Ethylene Glycols']
[2-[[2-cyano-3-[4-(diethylamino)phenyl]-1-oxoallyl]oxy]ethyl][3-[[2-cyano-3-[4-(diethylamino)phenyl]-1-oxoallyl]oxy]propyl]dimethylammonium chloride;78181-99-4;278-859-8;LOIBKNKBFZKAQY-AMLXCYGQSA-N;CCN(CC)C1=CC=C(C=C1)C=C(C#N)C(=O)OCCC[N+](C)(C)CCOC(=O)C(=CC2=CC=C(C=C2)N(CC)CC)C#N.[Cl-];DTXSID30888535;64413720;PRO-011;NS00001709;REACH-A;CERT;vPvM;HQ;PM;FALS;FALS;;;FALS;FALS;FALS;FALS;FALS;FALS;FALS;FALS;FALS;FALS;FALS;FALS;FALS;FALS;FALS;CERT;FALS;CERT;;Dye;Dye;CERT;CERT;CERT;CERT;FALS;CERT;CERT;FALS;FALS;FALS;CERT;CERT;FALS;FALS;CERT;FALS;FALS;FALS;FALS;FALS;FALS;FALS;CERT;FALS;FALS;P-PNEC;63623;;26;;117;;25;50;4851;6,06324E+14;3024315642;851;6390;;;21;;224421006;12;62;24;36;>100 to < 1000 tonnes;1000;10000;0;0;0;0;0;0;0;0;0;0;0;0;0;0;0;0;0;1;0;0;0;1;0;0;1;0;0;0;0;0;1;0;1;0;0;0;0;0;0;0;0;0;0;0;0;0;1;1;1;1;0;0;0;0;1;0;0;0;0;0;0;0;0;0;0;9,82774E+14;9,40763E+14;9,99626E+14;;;4,82678E+14;1,21729E+14;1,11111E+14;FALS;0;0;0;0;1824;low ;0;68300;low ;0;14900;low ;0;6,56771E+13;2,11566E+14;9,44027E+14;4,01873E+14;6,56771E+13;;;P_score_freshwater_pred_Dashboard;9,99626E+14;9,74388E+14;M_score_exp_UBA;4,82678E+14;M_score_exp_UBA;4,82678E+14;2,38506E+14;kemi_score;62;6,94621E+14;10;4,82678E+14;5;4,82076E+14;10;2,80736E+14;10;4,41593E+14;10;3,36319E+14;75;3,6788E+14;10;10;PM;PM;PM;2;C O, C O Nocoo, Nh0, Ndealkylation1, Aniline, Benzene, Ester, Ether, Halogen, Nitrile, Quatn, Unbrch Alkane;['Aromatic amines', 'Chlorobenzenes', 'Ethylene Glycols', 'Organotins', 'PBB', 'PBDE', 'PhenylEthers', 'Phtalates', 'Pyrethrins', 'Styrenes', 'Terpenoid']
[2-butyl-4-chloro-1-({4-[2-(2H-1,2,3,4-tetrazol-5-yl)phenyl]phenyl}methyl)-1H-imidazol-5-yl]methanol;114798-26-4;601-329-8;PSIFNNKUMBGKDQ-UHFFFAOYSA-N;CCCCC1=NC(=C(N1CC2=CC=C(C=C2)C3=CC=CC=C3C4=NNN=N4)CO)Cl;DTXSID7023227;39610;PRO-012;NS00008822;REACH-A;CERT;vPvM & PMT;MQ;PMT;FALS;FALS;;;FALS;FALS;FALS;FALS;FALS;FALS;FALS;FALS;FALS;FALS;FALS;FALS;FALS;FALS;FALS;FALS;FALS;FALS;;;;CERT;FALS;CERT;FALS;FALS;FALS;FALS;FALS;FALS;FALS;FALS;FALS;FALS;FALS;FALS;FALS;FALS;FALS;FALS;FALS;FALS;FALS;FALS;FALS;FALS;JD-UQN proposal;42292;;361;;962;;0,000904;4130333768;3203;1,32908E+14;4593182146;224;3840;;;;10;780;3;4;12;18;>100 to < 1000 tonnes;1000;10000;0;0;0;0;0;0;0;0;0;0;0;0;0;0;0;0;0;0;0;0;0;0;0;0;0;0;0;0;0;0;0;0;0;0;0;0;0;0;0;0;0;0;0;0;0;0;0;0;0;0;0;1;0;0;0;0;0;0;0;0;0;0;0;0;0;9,59819E+14;3,87755E+14;1E+15;;;;3,0283E+14;1,85936E+14;FALS;0;0;0;0;1140;low ;196;65200;low ;226;450;low ;0;1,31006E+14;2,15784E+14;1,13357E+14;1,60675E+14;1,31006E+14;;;P_score_freshwater_pred_Dashboard;1E+15;7,82525E+14;;;M_score_pred_Episuite;3,0283E+14;2,44383E+14;kemi_score;4;5,503E+14;10;;;4,37305E+14;10;1,98247E+14;10;3,30296E+14;10;1,98247E+14;5;2,94439E+14;10;10;PM;;PM;3;Al Oh, Al Oh Notert, Ar N, Ar Nh, Nh0, Nh1, Nhpyrrole, Aryl Methyl, Benzene, Halogen, Imidazole, Tetrazole;['Benzimidazole', 'Alkylphenols', 'Aromatic amines', 'Chlorobenzenes', 'Imidazoles', 'PAHs', 'PBB', 'Pyrimidines']
[ethane-1,2-diylbis[nitrilobis(methylene)]]tetrakisphosphonic acid;1429-50-1;215-851-5;NFDRPXJGHKJRLJ-UHFFFAOYSA-N;C(CN(CP(=O)(O)O)CP(=O)(O)O)N(CP(=O)(O)O)CP(=O)(O)O;DTXSID3061689;150250;PRO-013;NS00009310;REACH-A;FALS;vPvM;HQ;vPvM;FALS;FALS;;;FALS;FALS;FALS;FALS;FALS;FALS;FALS;FALS;FALS;FALS;FALS;FALS;FALS;FALS;FALS;CERT;CERT;CERT;;;;CERT;CERT;CERT;CERT;CERT;CERT;CERT;FALS;FALS;CERT;CERT;CERT;CERT;CERT;FALS;CERT;CERT;FALS;FALS;FALS;FALS;FALS;CERT;FALS;FALS;;436123;;-579;;958;;133;1609594409;;5,8557E+14;;309;6480;;;;-121;243698;;;14;26;>10 to < 100 tonnes;100;1000;1;0;0;1;0;1;1;1;1;0;0;1;0;1;1;0;0;0;1;1;1;1;0;1;1;1;1;0;1;1;0;0;1;1;1;1;0;1;1;0;0;0;0;1;1;0;1;0;1;0;0;0;0;0;0;0;1;1;1;1;0;1;0;1;0;9,83174E+14;;4,89597E+14;;;;;5,67242E+14;FALS;0;0;0;0;3491;low ;0;179600;low ;0;24300;low ;0;4,04475E+14;1,4004E+14;7,29016E+14;3,27483E+14;4,04475E+14;;;P_score_freshwater_pred_UBA;9,83174E+14;7,36386E+14;;;M_score_pred_Dashboard;5,67242E+14;5,67242E+14;E_score_max;26;7,46792E+14;10;;;6,46304E+14;10;4,04475E+14;5;6,08738E+14;75;4,04475E+14;25;5,52826E+14;75;20;vPvM;;PM;;Nh0;['Organophosphates']
1-(3-chloropyridin-2-yl)-N-[4-cyano-2-methyl-6-(methylcarbamoyl)phenyl]-3-{[5-(trifluoromethyl)-2H-tetrazol-2-yl]methyl}-1H-pyrazole-5-carboxamide;1229654-66-3;810-161-6;KNDVJPKNBVIKML-UHFFFAOYSA-N;CC1=CC(=CC(=C1NC(=O)C2=CC(=NN2C3=C(C=CC=N3)Cl)CN4N=C(N=N4)C(F)(F)F)C(=O)NC)C#N;DTXSID40894829;566023110;PRO-014;;REACH-A;FALS;vPvM;HQ;PM;FALS;FALS;;;FALS;FALS;FALS;FALS;FALS;FALS;FALS;FALS;FALS;FALS;FALS;FALS;FALS;FALS;FALS;FALS;FALS;FALS;;;;FALS;FALS;CERT;FALS;FALS;FALS;CERT;FALS;FALS;FALS;CERT;FALS;FALS;FALS;FALS;FALS;FALS;FALS;FALS;FALS;FALS;FALS;FALS;FALS;FALS;;54488;;28;;971;;301;1640481437;;3,48133E+13;;112;240;1830;2180;23;;;;;11;22;>10 to < 100 tonnes;100;1000;0;0;0;0;0;0;0;0;0;0;0;0;0;0;0;0;0;0;0;0;0;0;0;0;0;1;0;0;0;0;0;0;0;0;0;0;0;0;0;0;0;0;0;0;0;0;0;0;0;0;0;0;0;0;0;0;0;0;0;0;0;0;0;0;0;1,72729E+14;;2,8281E+14;5,07064E+14;5,81136E+14;4,482E+13;;5,61979E+14;FALS;0;0;0;0;1499;low ;0;22600;low ;174;2772;low ;0;;3,37609E+14;1,01945E+13;7,99672E+14;5,87439E+14;P_score_sediment_exp_UBA;5,81136E+14;P_score_sediment_exp_UBA;5,81136E+14;3,85935E+14;M_score_exp_UBA;4,482E+13;M_score_pred_Dashboard;5,61979E+14;5,0509E+14;E_score_max;22;5,71477E+14;10;5,10358E+14;10;4,41511E+14;10;5,87439E+14;5;1,24257E+14;75;1,15231E+14;75;1,0462E+14;75;0;PM;PM;PM;;Ar N, C O, C O Nocoo, Nh0, Nh1, Alkyl Halide, Amide, Aniline, Aryl Methyl, Benzene, Halogen, Nitrile, Pyridine, Tetrazole;['Chlorobenzenes', 'PAHs', 'PBB', 'PCB', 'Pyridin', 'PFAS']
1-(pyrimidin-5-ylmethyl)-3-[3-(trifluoromethyl)phenyl]pyrido[1,2-a]pyrimidin-1-ium-3-ide-2,4-dione;1263133-33-0;816-285-7;LHZOTJOOBRODLL-UHFFFAOYSA-N;C1=CC2=[N+](C(=C(C(=O)N2C=C1)C3=CC(=CC=C3)C(F)(F)F)[O-])CC4=CN=CN=C4;DTXSID90155139;574144970;PRO-015;;REACH-A;FALS;vPvM;HQ;vPvM;FALS;FALS;;;FALS;FALS;FALS;FALS;FALS;FALS;FALS;FALS;FALS;FALS;FALS;FALS;FALS;FALS;FALS;FALS;FALS;FALS;;;;CERT;CERT;FALS;FALS;FALS;FALS;CERT;FALS;FALS;FALS;CERT;FALS;FALS;FALS;FALS;FALS;FALS;FALS;FALS;FALS;FALS;FALS;FALS;FALS;FALS;;398345;;495;;117;;403;2770115295;;3,48133E+13;;575;;7400;6920;16;;;;;0;0;;;;0;0;0;0;0;0;0;0;0;0;0;0;0;0;0;0;0;0;0;0;0;0;0;0;0;1;0;0;0;0;0;0;0;0;0;0;0;0;0;0;0;0;0;0;0;0;0;0;0;0;0;0;0;0;0;0;0;0;0;0;0;0;0;0;0;;;2,8281E+14;9,18094E+14;9,09049E+14;5,68874E+14;;3,6963E+14;FALS;0;0;0;0;2122;low ;189;33700;low ;225;4423;low ;186;;2,85362E+14;8,8932E+14;6,62535E+14;3,51591E+14;P_score_soil_exp_UBA;9,18094E+14;P_score_soil_exp_UBA;9,18094E+14;7,03318E+14;M_score_exp_UBA;5,68874E+14;M_score_exp_UBA;5,68874E+14;4,69252E+14;E_score_min;0;7,22689E+14;10;7,22689E+14;10;5,74485E+14;10;3,51591E+14;5;2,63824E+14;75;2,63824E+14;75;2,26394E+14;75;0;vPvM;vPvM;PM;;Ar N, Nh0, Alkyl Halide, Benzene, Bicyclic, Halogen, Pyridine;['Aromatic amines', 'Chlorobenzenes', 'Cyclohexanes', 'HBCDDs', 'PBB', 'PCB', 'Pyridin', 'Triazines', 'PFAS']
"1,1,1,2,2,3,3,4,4-nonafluoro-4-methoxybutane; 1,1,1,2,3,3-hexafluoro-3-methoxy-2-(trifluoromethyl)propane";163702-08-7;422-270-2;JZYGTCBELUZFGX-UHFFFAOYSA-N;c1(NP(=O)(N)N)c(N(=O)=O)cccc1;;;PRO-016;NS00011159;REACH-B;FALS;vPvM & PMT;HQ;vPvM & PMT;FALS;FALS;;;FALS;FALS;FALS;FALS;FALS;FALS;FALS;FALS;FALS;FALS;FALS;FALS;FALS;FALS;FALS;CERT;FALS;CERT;;;;FALS;FALS;CERT;CERT;FALS;FALS;FALS;FALS;FALS;CERT;CERT;CERT;FALS;FALS;FALS;CERT;FALS;FALS;FALS;FALS;FALS;FALS;CERT;FALS;FALS;;;;;;;;;;;;;;44230;;;18;;8733;;7;12;0;>10 tonnes;100;;0;0;0;0;0;0;0;0;0;0;0;0;0;0;0;0;0;0;0;0;0;0;0;0;0;0;0;0;0;0;0;0;0;0;0;0;0;0;0;0;0;0;0;0;0;0;0;0;0;0;0;0;0;0;0;0;0;0;0;0;0;0;0;0;0;9,99359E+14;;;;;5,34602E+14;;;FALS;0;0;0;0;5703;low ;329;32300;low ;323;67700;low ;282;5,14705E+14;2,90515E+13;5,97429E+14;2,12361E+14;5,25204E+13;;;P_score_freshwater_pred_UBA;9,99359E+14;9,99359E+14;M_score_exp_UBA;5,34602E+14;M_score_exp_UBA;5,34602E+14;5,34602E+14;kemi_score;7;7,3093E+13;10;5,34602E+14;5;7,3093E+13;10;5,25204E+13;5;6,54676E+14;75;5,29882E+14;5;6,54676E+14;75;;vPvM;PM;vPvM;2;Nh0, Nh1, Nh2, Aniline, Benzene, Nitro, Nitro Arom, Para Hydroxylation;['Aromatic amines', 'Nitrobenzene derivatives']
"1,1,1,2,2,3,3,4,4-nonafluoro-4-methoxybutane; 1,1,1,2,3,3-hexafluoro-3-methoxy-2-(trifluoromethyl)propane";163702-08-7;422-270-2;JZYGTCBELUZFGX-UHFFFAOYSA-N;CC(C)(C)CC(C)(C)c1cc(n2nc3ccccc3n2)c(O)c(c1)C(C)(C)c1ccccc1;;;PRO-017;NS00011159;REACH-B;FALS;vPvM & PMT;HQ;vPvM & PMT;FALS;FALS;;;FALS;FALS;FALS;FALS;FALS;FALS;FALS;FALS;FALS;FALS;FALS;FALS;FALS;FALS;FALS;CERT;FALS;CERT;;;;FALS;FALS;CERT;CERT;FALS;FALS;FALS;FALS;FALS;CERT;CERT;CERT;FALS;FALS;FALS;CERT;FALS;FALS;FALS;FALS;FALS;FALS;CERT;FALS;FALS;;;;;;;;;;;;;;15200;;;19;;8733;;7;12;0;>10 tonnes;100;;0;0;0;0;0;0;0;0;0;0;0;0;0;0;0;0;0;0;0;0;0;0;0;0;0;0;0;0;0;0;0;0;0;0;0;0;0;0;0;0;0;0;0;0;0;0;0;0;0;0;0;0;0;0;0;0;0;0;0;0;0;0;0;0;0;9,96031E+13;;;;;5,17322E+14;;;FALS;0;0;0;0;1510;low ;0;1839;low ;203;1542;low ;244;5,14705E+14;9,40991E+14;1,01654E+14;1,00826E+14;5,42843E+14;;;P_score_freshwater_pred_UBA;9,96031E+13;9,96031E+13;M_score_exp_UBA;5,17322E+14;M_score_exp_UBA;5,17322E+14;5,17322E+14;kemi_score;7;7,17822E+14;10;5,17322E+14;5;7,17822E+14;10;5,42843E+14;5;6,53987E+14;75;5,29929E+14;5;6,53987E+14;75;;vPvM;PM;vPvM;2;Ar N, Ar Oh, Nh0, Benzene, Bicyclic, Phenol, Phenol Noorthohbond;['Alkylphenols', 'Aromatic amines', 'Cyclohexanes', 'Phenols']
1,1,1,3,3,3-hexafluoropropan-2-ol;920-66-1;213-059-4;BYEAHWXPCBROCE-UHFFFAOYSA-N;OC(C(F)(F)F)C(F)(F)F;DTXSID1022134;135290;PRO-018;NS00008561;REACH-B;FALS;vPvM;MQ;vPvM;FALS;FALS;;;FALS;FALS;FALS;FALS;FALS;FALS;FALS;FALS;FALS;FALS;FALS;FALS;FALS;FALS;FALS;CERT;FALS;FALS;;Intermediate;;CERT;CERT;CERT;FALS;FALS;FALS;CERT;FALS;FALS;FALS;FALS;FALS;CERT;FALS;FALS;FALS;FALS;FALS;FALS;FALS;FALS;FALS;FALS;FALS;FALS;P-PNEC pred;168038;166;155;;268;;213;1269512944;14319;1,97831E+13;1170476527;251;2710;;;;4;6862284;6;72;3;1;>1 to < 10 tonnes;10;100;0;0;0;0;0;0;0;0;0;0;0;0;0;0;0;0;0;0;1;0;0;0;0;0;0;0;0;1;0;0;1;0;0;0;0;0;0;0;0;0;0;0;0;0;0;0;0;0;0;0;1;1;0;0;1;0;0;0;0;0;0;0;0;0;0;9,29403E+14;7,58112E+14;9,97467E+12;;;;5,97192E+14;6,23947E+14;FALS;0;0;0;0;13500;low ;307;169400;low ;365;103200;low ;0;1,37469E+14;1,4359E+14;4,18732E+14;1,77462E+14;1,49876E+14;;;P_score_freshwater_pred_Dashboard;9,97467E+12;8,94994E+14;;;M_score_pred_Dashboard;6,23947E+14;6,10569E+14;kemi_score;72;7,88902E+14;10;;;7,39227E+14;10;2,99876E+14;10;4,86387E+14;10;2,99876E+14;5;4,70825E+13;10;0;vPvM;;vPvM;1;Al Oh, Al Oh Notert, Alkyl Halide, Halogen;['Alkylphenols', 'PFAS']
1,1,1,3,5,5,5-heptamethyltrisiloxane;1873-88-7;217-496-1;QNWOFLWXQGHSRH-UHFFFAOYSA-N;C[SiH](O[Si](C)(C)C)O[Si](C)(C)C;DTXSID1038795;746400;PRO-019;NS00046548;REACH-A;CERT;PMT;HQ;Not PMT/vPvM;FALS;FALS;;;FALS;FALS;FALS;FALS;FALS;FALS;FALS;FALS;FALS;FALS;FALS;FALS;FALS;FALS;FALS;CERT;FALS;FALS;;;;CERT;CERT;CERT;FALS;FALS;FALS;CERT;FALS;FALS;FALS;FALS;FALS;FALS;FALS;FALS;FALS;FALS;FALS;FALS;CERT;CERT;FALS;FALS;FALS;FALS;P-PNEC pred;222506;;521;;324;;0,00257;2640481437;53459;8,69E+106;2733156583;141;;1200;1920;36;;3126909873;;55;27;35;>1000 to < 10000 tonnes;10000;100000;1;0;0;0;0;0;0;0;0;0;0;0;0;0;0;0;0;0;1;0;1;0;0;0;0;0;0;0;0;0;1;0;0;0;0;0;0;0;0;0;0;0;0;0;0;0;0;0;0;0;1;1;1;0;0;0;0;0;0;0;0;0;0;0;1;;2,06821E+14;10;3,33333E+14;5,27554E+14;2,48051E+14;8,95452E+13;3,90801E+14;FALS;0;0;0;0;6388;low ;0;4,06E+14;low ;279;20800;low ;0;3,78689E+14;2,63771E+14;5,7035E+14;3,49567E+14;3,93007E+14;P_score_sediment_exp_UBA;5,27554E+14;P_score_freshwater_pred_Dashboard;10;5,16927E+14;M_score_exp_UBA;2,48051E+14;M_score_pred_Dashboard;3,90801E+14;2,42799E+14;kemi_score;55;6,25141E+14;10;3,61746E+14;10;3,54273E+14;10;3,93007E+14;5;5,35532E+13;75;3,7188E+14;75;3,6674E+14;75;0;PM;PM;PM;2;Unknown;['Siloxanes']
1,1,1-trichloroethane;71-55-6;200-756-3;UOCLXMDMGBRAIB-UHFFFAOYSA-N;CC(Cl)(Cl)Cl;DTXSID0021381;62780;PRO-020;NS00006146;REACH-B;FALS;vPvM;MQ;PM;FALS;FALS;;;FALS;FALS;FALS;FALS;FALS;FALS;FALS;FALS;FALS;FALS;FALS;FALS;FALS;FALS;FALS;FALS;FALS;FALS;"Arts and crafts/office supplies -> general arts and crafts supplies -> arts and crafts cleaner; Arts and crafts/office supplies -> home office -> pens and markers; Arts and crafts/office supplies -> home office -> white out; Cleaning and safety; Cleaning products and household care -> air freshener; Cleaning products and household care -> carpet and floor; Cleaning products and household care -> carpet and floor -> carpet cleaner; Cleaning products and household care -> carpet and floor -> floor polish; Cleaning products and household care -> laundry and fabric treatment -> anti-static spray; Cleaning products and household care -> laundry and fabric treatment -> fabric protectant; Cleaning products and household care -> metal specific -> metal polish; Cleaning products and household care -> wood specific; Electronics/small appliances -> computers and accessories/supplies; Electronics/small appliances -> computers and accessories/supplies -> printer ink; Electronics/small appliances -> computers and accessories/supplies -> printer toner; Home maintenance; Home maintenance -> adhesives and adhesive removers -> multipurpose adhesive; Home maintenance -> adhesives and adhesive removers -> wood adhesive; Home maintenance -> caulk/sealant; Home maintenance -> degreaser; Home maintenance -> insulation; Home maintenance -> lubricant; Home maintenance -> paint/stain and related products; Home maintenance -> paint/stain and related products -> paint; Home maintenance -> paint/stain and related products -> primer; Home maintenance -> paint/stain and related products -> stripper; Home maintenance -> surface sealers; Manufactured formulations; Manufactured formulations -> Flame retardants; Personal care; Personal care -> child specific; Personal care -> hair styling and care; Personal care -> hair styling and care -> hair conditioner; Pesticides; Pesticides -> animal repellent; Pesticides -> insect repellent; Pesticides -> insecticide; Pet care -> cats; Sports equipment; Vehicle -> auto body work; Vehicle -> engine maintenance -> auto fluids and additives; solvent; solvent; solvents";Intermediate;;FALS;FALS;FALS;FALS;FALS;FALS;FALS;FALS;FALS;FALS;FALS;FALS;FALS;FALS;FALS;FALS;FALS;FALS;FALS;FALS;FALS;FALS;FALS;FALS;FALS;EQS water (=AA-EQS);1334;249;243;27;272;101;79;1949877704;21607;3,61405E+14;775828328;501;1070;;;;25;210;47;67;0;0;;;;0;0;0;0;0;0;0;0;0;0;0;0;0;0;0;0;0;0;0;0;0;0;0;0;0;0;0;0;0;0;0;0;0;0;0;0;0;0;0;0;0;0;0;0;0;0;0;0;0;0;0;0;0;0;0;0;0;0;0;0;0;0;0;0;0;7,28876E+14;6,08103E+14;9,55625E+14;;;;4,72182E+14;5,08685E+14;CERT;0;0;0;0;26700;low ;638;7,292E+14;moderate ;85;214400;moderate ;85;2,10449E+14;5,4021E+14;3,14771E+14;1,29807E+13;2,26558E+14;;;P_score_freshwater_pred_Dashboard;9,55625E+14;7,64201E+14;;;M_score_pred_Dashboard;5,08685E+14;4,90433E+14;kemi_score;67;6,97217E+14;10;;;6,12201E+14;10;3,26316E+14;10;4,76984E+14;10;3,26316E+14;5;4,46958E+14;10;0;PM;;PM;2;Alkyl Halide, Halogen;['Other']
1,1,2,2,3,3,4,4,4-nonafluorobutane-1-sulphonic acid;375-73-5;206-793-1;JGTNAGYHADQMCM-UHFFFAOYSA-N;OS(=O)(=O)C(F)(F)C(F)(F)C(F)(F)C(F)(F)F;DTXSID5030030;678150;PRO-021;NS00010276;REACH-C;FALS;vPvM & PMT;HQ;vPvM & PMT;CERT;CERT;x;x;CERT;CERT;CERT;CERT;CERT;CERT;FALS;FALS;FALS;FALS;FALS;FALS;FALS;FALS;CERT;FALS;FALS;FALS;used as a stain or water repellent.;;;FALS;FALS;CERT;FALS;FALS;FALS;CERT;FALS;FALS;FALS;FALS;FALS;FALS;FALS;FALS;FALS;FALS;FALS;FALS;FALS;FALS;FALS;FALS;FALS;FALS;P-PNEC pred;30009;;279;;416;17;835;269019608;19318;8,73567E+14;246896371;631;;;;14;;408002;51;41;3;9;>1 to < 10 tonnes;10;100;0;0;0;0;0;0;0;0;0;0;0;0;0;0;0;0;0;0;0;0;0;0;0;0;0;0;0;0;0;0;1;0;0;0;0;0;0;0;0;0;0;0;0;0;0;0;0;0;0;0;0;0;0;0;1;0;0;0;0;0;0;0;0;0;0;;9,18213E+14;6,55248E+14;;;6,02499E+13;5,11816E+14;3,82628E+14;FALS;0;0;0;0;1874;low ;196;7,997E+14;low ;198;98300;low ;0;3,51908E+13;5,20091E+14;9,34034E+14;1,81182E+14;3,7292E+14;;;P_score_freshwater_pred_RIVM;9,18213E+14;7,86731E+14;M_score_exp_UBA;6,02499E+13;M_score_exp_UBA;6,02499E+13;4,98981E+14;kemi_score;41;7,43789E+14;10;6,02499E+13;5;6,26549E+14;10;4,36107E+14;10;5,69536E+14;10;4,85714E+14;75;5,22726E+14;10;0;vPvM;PM;PM;3;Alkyl Halide, Halogen;['PFAS']
1,1,2,2-tetrahydroperfluoro-1-tetradecanol;39239-77-5;254-373-1;QBBJBWKVSJWYQK-UHFFFAOYSA-N;C(CO)C(C(C(C(C(C(C(C(C(C(C(C(F)(F)F)(F)F)(F)F)(F)F)(F)F)(F)F)(F)F)(F)F)(F)F)(F)F)(F)F)(F)F;DTXSID3068170;1623680;PRO-022;NS00010926;;FALS;;;;FALS;FALS;;;FALS;FALS;FALS;FALS;FALS;FALS;FALS;FALS;FALS;FALS;FALS;FALS;FALS;FALS;FALS;FALS;FALS;FALS;;;;FALS;FALS;FALS;FALS;FALS;FALS;FALS;FALS;FALS;FALS;FALS;FALS;FALS;FALS;FALS;FALS;FALS;FALS;FALS;FALS;FALS;FALS;FALS;FALS;FALS;;664153;;87;;574;;0,000143;5269512944;5171;2,44692E+13;3463316406;4070;;;;;;9,21018E+14;;46;;;;;;0;0;0;0;0;0;0;0;0;0;0;0;0;0;0;0;0;0;0;0;0;0;0;0;0;0;0;0;0;0;0;0;0;0;0;0;0;0;0;0;0;0;0;0;0;0;0;0;0;0;0;0;0;0;0;0;0;0;0;0;0;0;0;0;0;;9,99981E+14;9,17055E+14;;;;9,9933E+14;9,39566E+14;FALS;0;0;0;0;242;low ;175;2;low ;0;3438;low ;0;7,38026E+14;6,67959E+14;2,00397E+14;7,33519E+13;7,88751E+14;;;P_score_freshwater_pred_RIVM;9,99981E+14;9,58518E+14;;;M_score_pred_Episuite;9,9933E+14;9,69448E+14;kemi_score;46;3,16119E+14;10;;;3,04833E+14;10;7,88751E+14;5;4,28759E+14;75;7,88751E+14;25;4,18493E+14;75;10;(T);(T);(T);3;Al Oh, Al Oh Notert, Alkyl Halide, Halogen;['Alkylphenols', 'PFAS']
1,1,2-trichloroethane;79-00-5;201-166-9;UBOXGVDOUJQMTN-UHFFFAOYSA-N;ClCC(Cl)Cl;DTXSID5021380;65740;PRO-023;NS00004799;REACH-B;FALS;vPvM & PMT;MQ;vPvM & PMT;FALS;FALS;;;FALS;FALS;FALS;FALS;FALS;FALS;FALS;FALS;FALS;FALS;FALS;FALS;FALS;FALS;FALS;FALS;FALS;FALS;;Intermediate;;CERT;FALS;FALS;FALS;FALS;FALS;FALS;FALS;FALS;FALS;FALS;FALS;FALS;FALS;FALS;FALS;FALS;FALS;FALS;FALS;FALS;FALS;FALS;FALS;FALS;JG-MKN (totaal);1334;198;189;34;335;335;196;1889861721;16399;9,65441E+14;5129406907;501;560;;;17;;220;56;65;0;0;;;;0;0;0;0;0;0;0;0;0;0;0;0;0;0;0;0;0;0;1;0;0;0;0;0;0;0;0;0;0;0;0;0;0;0;0;0;0;0;0;0;0;0;0;0;0;0;0;0;0;0;1;1;0;0;0;0;0;0;0;0;0;0;0;0;0;4,70548E+14;4,33398E+14;6,92778E+14;;;5,518E+14;5,62079E+13;5,19076E+14;CERT;5;0;0;0;126900;low ;378;7,292E+14;moderate ;85;156000;low ;7;2,07112E+13;5,4021E+14;1,62471E+14;1,48744E+14;2,21315E+14;;;P_score_freshwater_pred_Dashboard;6,92778E+14;5,32241E+14;M_score_exp_UBA;5,518E+14;M_score_pred_Episuite;5,62079E+13;5,44318E+14;kemi_score;65;6,24016E+14;10;5,518E+14;5;5,38246E+14;10;3,52046E+14;10;4,68703E+14;10;4,0894E+14;75;4,35301E+14;10;0;PM;PM;PM;2;Alkyl Halide, Halogen;['Chlorinated alkane']
1,1-Dichloroethane;75-34-3;200-863-5;SCYULBFZEHDVBN-UHFFFAOYSA-N;CC(Cl)Cl;DTXSID1020437;63650;PRO-024;NS00001673;;FALS;;;;FALS;FALS;;;FALS;FALS;FALS;FALS;FALS;FALS;FALS;FALS;FALS;FALS;FALS;FALS;FALS;FALS;FALS;FALS;FALS;FALS;"solvent; solvent";Intermediate;;FALS;FALS;FALS;FALS;FALS;FALS;FALS;FALS;FALS;FALS;FALS;FALS;FALS;FALS;FALS;FALS;FALS;FALS;FALS;FALS;FALS;FALS;FALS;FALS;FALS;;9895;179;17;241;232;513;414;1480006943;15531;2,75889E+14;3153926299;661;;;;;;920;58;53;;;;;;0;0;0;0;0;0;0;0;0;0;0;0;0;0;0;0;0;0;0;0;0;0;0;0;0;0;0;0;0;0;0;0;0;0;0;0;0;0;0;0;0;0;0;0;0;0;0;0;0;0;0;0;0;0;0;0;0;0;0;0;0;0;0;0;0;;2,49851E+14;9,31383E+14;;;;5,76829E+14;5,89145E+14;CERT;0;0;0;0;17900;low ;45;14500;;10;574900;;10;1,23058E+14;4,06457E+14;3,72245E+14;8,4963E+14;1,38554E+14;;;P_score_freshwater_pred_Dashboard;9,31383E+14;5,90617E+14;;;M_score_pred_Dashboard;5,89145E+14;5,82987E+14;kemi_score;53;7,40756E+14;10;;;5,86789E+13;10;2,83481E+14;10;4,58247E+14;10;2,83481E+14;5;4,07853E+14;10;0;vPvM;;PM;3;Alkyl Halide, Halogen;['Chlorinated alkane']
1,1-dichloroethylene;75-35-4;200-864-0;LGXVIGDEPROXKC-UHFFFAOYSA-N;C=C(Cl)Cl;DTXSID8021438;63660;PRO-025;NS00008027;REACH-A;FALS;vPvM & PMT;MQ;vPvM & PMT;FALS;FALS;;;FALS;FALS;FALS;FALS;FALS;FALS;FALS;FALS;FALS;FALS;FALS;FALS;FALS;FALS;FALS;FALS;FALS;FALS;Home maintenance -> caulk/sealant;Intermediate;;CERT;CERT;CERT;CERT;FALS;CERT;CERT;FALS;FALS;FALS;FALS;FALS;FALS;FALS;FALS;FALS;FALS;FALS;FALS;FALS;FALS;FALS;FALS;FALS;FALS;JG-MKN (totaal);9694;213;203;;26;235;241;1810232518;18482;2,80736E+14;3126359992;129;360;;;14;;90;53;67;24;33;>1000 to < 10000 tonnes;10000;100000;0;0;0;0;0;0;0;0;0;0;0;0;0;0;0;0;0;0;1;0;0;0;0;0;0;0;0;0;0;0;1;0;0;0;0;0;0;0;0;0;0;0;0;0;0;0;0;0;0;0;1;1;0;1;1;0;0;0;0;0;0;0;0;0;0;2,94576E+14;2,47049E+14;9,98606E+14;;;6,02499E+13;5,26281E+14;5,32837E+14;CERT;5;0;0;0;7257;low ;0;17100;good ;10;226000;moderate ;85;2,78032E+14;3,79427E+14;5,41279E+14;1,26908E+14;2,93191E+14;;;P_score_freshwater_pred_Dashboard;9,98606E+14;5,1341E+14;M_score_exp_UBA;6,02499E+13;M_score_exp_UBA;6,02499E+13;5,53872E+14;kemi_score;67;7,75667E+14;10;6,02499E+13;5;5,33258E+14;10;3,94197E+14;10;5,52961E+14;10;4,54075E+14;75;4,58485E+14;10;0;vPvM;PM;PM;2;Halogen;['Other']
1,2,3,4-tetrahydronaphthalene;119-64-2;204-340-2;CXWXQJXEFPUFDZ-UHFFFAOYSA-N;C1CCC2=CC=CC=C2C1;DTXSID1026118;84040;PRO-026;NS00008482;REACH-A;CERT;vPvM & PMT;MQ;PMT;FALS;FALS;;;FALS;FALS;FALS;FALS;FALS;FALS;FALS;FALS;FALS;FALS;FALS;FALS;FALS;FALS;FALS;FALS;FALS;FALS;Vehicle -> engine maintenance -> auto fluids and additives;"Heat transferring agent; Not Known or Reasonably Ascertainable";Solvent;CERT;CERT;CERT;CERT;FALS;CERT;CERT;FALS;FALS;FALS;CERT;FALS;FALS;FALS;FALS;FALS;FALS;FALS;FALS;FALS;FALS;FALS;FALS;FALS;FALS;P-PNEC pred;132206;349;385;;501;347;539;3230448921;30286;2,80736E+14;2480117319;3390;410;;;27;;295739;33;7;27;35;>1000 to < 10000 tonnes;10000;100000;0;0;0;0;0;0;0;1;0;0;0;0;0;0;0;1;0;0;1;0;0;1;0;0;0;0;0;0;0;0;1;0;0;0;0;0;0;0;0;0;0;1;0;0;0;0;1;0;0;0;1;1;0;1;0;0;0;0;0;0;0;0;0;0;0;3,42779E+14;1,80898E+14;9,98606E+14;;;3,81024E+13;3,28943E+14;2,98829E+14;CERT;0;0;0;0;3207;low ;7;2769;good ;10;3241;good ;10;3,84401E+14;8,00018E+14;7,54317E+14;7,51129E+14;4,12426E+12;;;P_score_freshwater_pred_Dashboard;9,98606E+14;5,07428E+14;M_score_exp_UBA;3,81024E+13;M_score_exp_UBA;3,81024E+13;3,36265E+14;kemi_score;7;6,16841E+13;10;3,81024E+13;5;4,13074E+14;10;3,68918E+14;10;4,77037E+14;10;3,7291E+14;75;3,90372E+14;10;10;PM;PM;PM;2;Aryl Methyl, Benzene, Bicyclic;['Cyclohexanes', 'PAHs']
1,2,3,6-tetrahydromethyl-3,6-methanophthalic anhydride;25134-21-8;246-644-8;KNRCVAANTQNTPT-UHFFFAOYSA-N;CC12C3CC(C1C(=O)OC2=O)C=C3;DTXSID6027844;328020;PRO-027;NS00002939;REACH-A;CERT;vPvM & PMT;MQ;PMT;FALS;FALS;;;FALS;FALS;FALS;FALS;FALS;FALS;FALS;FALS;FALS;FALS;FALS;FALS;FALS;FALS;FALS;FALS;FALS;FALS;;;;CERT;CERT;CERT;CERT;FALS;CERT;CERT;FALS;FALS;FALS;CERT;CERT;FALS;FALS;FALS;FALS;FALS;FALS;FALS;FALS;FALS;FALS;FALS;FALS;FALS;P-PNEC;;;176;;784;;894;1989894564;17221;8,73567E+14;2257980753;398;440;;;;17;1748541789;55;59;33;44;>1000 to < 10000 tonnes;10000;100000;0;1;0;0;0;0;0;0;0;0;0;0;0;0;0;0;0;0;0;0;0;0;0;0;0;0;0;0;0;0;1;0;0;0;0;0;0;0;0;0;0;0;0;0;0;0;0;0;0;0;0;1;0;1;1;0;0;0;1;1;0;0;0;0;0;3,70467E+14;1,58333E+14;6,55248E+14;;;;5,48008E+14;5,01751E+14;FALS;0;0;0;0;10900;low ;7;26000;low ;645;13300;low ;7;4,39627E+14;3,18308E+14;4,57634E+14;4,2134E+14;4,52775E+14;;;P_score_freshwater_pred_Dashboard;6,55248E+14;3,94683E+14;;;M_score_pred_Episuite;5,48008E+14;5,2488E+14;kemi_score;59;5,99234E+14;10;;;4,55149E+14;10;4,99025E+14;10;5,46839E+14;10;4,99025E+14;5;4,76583E+14;10;0;PM;;PM;2;C O, C O Nocoo, Allylic Oxid, Bicyclic, Ester, Ether, Lactone;['Cyclohexanes', 'Ethylene Glycols', 'Pyrethrins']
1,2,3-trichlorobenzene;87-61-6;201-757-1;RELMFMZEBKVZJC-UHFFFAOYSA-N;Clc1cccc(Cl)c1Cl;DTXSID8026193;68950;PRO-028;NS00004401;REACH-B;FALS;vPvM & PMT;MQ;PMT;FALS;FALS;;;FALS;FALS;FALS;FALS;FALS;FALS;FALS;FALS;FALS;FALS;FALS;FALS;FALS;FALS;FALS;FALS;FALS;FALS;;;;CERT;FALS;CERT;FALS;FALS;FALS;FALS;FALS;FALS;FALS;FALS;FALS;FALS;FALS;FALS;FALS;FALS;FALS;FALS;FALS;FALS;FALS;FALS;FALS;FALS;EQS chronic water (=AA-EQS);18144;408;391;519;517;111;0,00968;3330413773;33097;5,8557E+14;7672491134;6760;1170;;;29;;4;29;48;0;0;;;;0;0;0;0;0;0;0;0;0;0;0;0;0;0;0;0;0;0;1;0;0;0;0;0;0;0;0;0;0;0;0;0;0;0;0;0;0;0;0;0;0;0;0;0;0;0;0;0;0;0;0;1;0;0;0;0;0;0;0;0;0;0;0;0;0;7,57985E+14;6,03564E+13;4,89597E+14;;;3,4891E+14;2,87447E+14;2,84515E+14;FALS;0;0;0;0;2504;good ;10;922;;10;4044;;10;5,98193E+13;1,22956E+14;8,32769E+14;6,87014E+14;6,20372E+14;;;P_score_freshwater_pred_UBA;7,57985E+14;6,17049E+14;M_score_exp_UBA;3,4891E+14;M_score_exp_UBA;3,4891E+14;3,06958E+14;kemi_score;48;5,14265E+14;10;3,4891E+14;5;4,3521E+14;10;4,24155E+14;10;4,67042E+14;10;3,97424E+14;75;4,29647E+14;10;10;PM;PM;PM;3;Benzene, Halogen;['Chlorobenzenes', 'PBB', 'PCB']
1,2,3-trichloropropane;96-18-4;202-486-1;CFXQEHVMCRXUSD-UHFFFAOYSA-N;ClCC(Cl)CCl;DTXSID9021390;72850;PRO-029;NS00006830;REACH-C;CERT;vPvM & PMT;MQ;vPvM & PMT;FALS;FALS;;;FALS;FALS;FALS;FALS;FALS;FALS;FALS;FALS;FALS;FALS;FALS;FALS;FALS;FALS;FALS;FALS;FALS;FALS;;Intermediate;;CERT;CERT;CERT;FALS;FALS;FALS;CERT;FALS;FALS;FALS;FALS;FALS;FALS;FALS;FALS;FALS;FALS;FALS;FALS;FALS;FALS;FALS;FALS;FALS;FALS;PNEC aqua (freshwater);14742;227;222;;347;119;85;2399673721;19697;9,65441E+14;544918344;129;25000;;;19;;880;51;63;24;33;>1000 to < 10000 tonnes;10000;100000;0;0;0;0;0;0;0;0;0;0;0;0;0;0;0;0;0;0;1;0;0;0;0;0;0;0;0;0;0;0;0;0;0;0;0;0;0;0;0;0;0;0;0;0;0;0;0;0;0;0;1;1;0;1;1;0;0;0;0;0;0;0;0;0;0;9,98301E+13;4,58939E+14;6,92778E+14;;;5,17322E+14;5,0525E+14;4,31181E+13;CERT;75;0;75;0;45800;low ;351;6838;moderate ;85;51600;moderate ;85;1,25156E+14;5,54656E+14;2,50658E+14;2,3831E+13;1,43978E+14;;;P_score_freshwater_pred_UBA;9,98301E+13;7,16673E+14;M_score_exp_UBA;5,17322E+14;M_score_exp_UBA;5,17322E+14;4,84585E+14;kemi_score;63;7,1864E+14;10;5,17322E+14;5;5,89312E+14;10;2,70978E+14;10;4,41288E+14;10;3,36157E+14;75;3,99613E+14;10;0;vPvM;PM;PM;2;Alkyl Halide, Halogen;['Chlorinated alkane']
1,2,4-triazole;288-88-0;206-022-9;NSPMIYGKQJPBQR-UHFFFAOYSA-N;c1ncn[nH]1;DTXSID6027131;92570;PRO-030;NS00004235;REACH-B;CERT;PMT;HQ;PMT;FALS;FALS;;;FALS;FALS;FALS;FALS;FALS;FALS;FALS;FALS;FALS;FALS;FALS;FALS;FALS;FALS;FALS;CERT;FALS;FALS;common metabolite of triazole compounds;"Adhesives and sealant chemicals; Intermediate; Intermediates";Adhesives and sealant chemicals;CERT;CERT;CERT;FALS;FALS;FALS;CERT;FALS;FALS;FALS;CERT;FALS;CERT;FALS;FALS;FALS;CERT;CERT;FALS;FALS;FALS;FALS;FALS;FALS;FALS;EQS water (=AA-EQS);69067;-58;-608;;371;;242;920123326;6772;1,20301E+14;1410756138;148;25000;;;;-7;640;;83;0;12;>0 to < 10 tonnes;0;100;1;0;0;0;0;0;0;0;0;0;0;1;0;0;0;0;0;0;1;0;1;0;0;0;0;0;0;1;0;0;0;0;0;0;0;0;0;0;0;0;0;0;1;0;0;0;0;0;0;0;0;1;0;0;0;0;0;0;0;0;0;0;1;0;0;9,98301E+13;7,76476E+14;7,66603E+14;;;;7,14409E+14;6,78855E+14;CERT;0;0;75;0;33000;low ;0;30300;low ;267;43400;low ;644;1,411E+14;2,98449E+14;2,879E+14;2,56434E+14;1,55557E+14;;;P_score_freshwater_pred_UBA;9,98301E+13;6,14184E+13;;;M_score_pred_Episuite;7,14409E+14;6,96632E+14;kemi_score;83;8,44509E+14;10;;;6,5411E+14;10;1,55557E+14;5;4,80507E+14;75;1,55557E+14;25;4,05257E+14;75;20;vPvM;;PM;1;Ar N, Ar Nh, Nh0, Nh1, Nhpyrrole;['Aromatic amines']
1,2,4-trichlorobenzene;120-82-1;204-428-0;PBKONEOXTCPAFI-UHFFFAOYSA-N;Clc1ccc(Cl)cc1Cl;DTXSID0021965;130;PRO-031;NS00001861;REACH-B;FALS;PMT;MQ;Not PMT/vPvM;FALS;FALS;;;FALS;FALS;FALS;FALS;FALS;FALS;FALS;FALS;FALS;FALS;FALS;FALS;FALS;FALS;FALS;FALS;FALS;FALS;;"Intermediate; Laboratory chemicals; Pigments";"Laboratory chemicals; Pigments";CERT;CERT;CERT;FALS;FALS;FALS;CERT;FALS;FALS;FALS;CERT;FALS;FALS;FALS;FALS;FALS;FALS;FALS;FALS;FALS;FALS;FALS;FALS;FALS;FALS;AA-QSwater_eco;18144;40;391;495;496;256;108;3100370545;32931;4,89109E+14;7672491134;20400;1170;;;33;;40;29;52;0;0;;;;0;0;0;0;0;0;0;0;0;0;0;0;0;0;0;0;0;0;1;0;0;0;0;0;0;0;0;0;0;0;0;0;0;0;0;0;0;0;0;0;0;0;0;0;0;0;0;0;0;0;0;1;0;0;0;0;0;0;0;0;0;0;0;0;0;7,57985E+14;6,03564E+13;4,13545E+13;;;2,88826E+13;2,8981E+14;3,18056E+14;CERT;0;0;0;0;1151;good ;10;237;;10;10000;;10;3,53873E+14;2,01854E+14;1,12938E+14;4,74259E+14;4,01708E+14;;;P_score_freshwater_pred_UBA;7,57985E+14;5,91698E+13;M_score_exp_UBA;2,88826E+13;M_score_pred_Dashboard;3,18056E+14;2,98897E+14;kemi_score;52;4,91001E+14;10;2,88826E+13;5;4,20544E+12;10;3,41314E+14;10;4,09372E+14;10;3,22836E+14;75;3,78863E+14;10;10;PM;;PM;3;Benzene, Halogen;['Chlorobenzenes', 'PBB', 'PCB']
1,2-dibromoethane;106-93-4;203-444-5;PAAZPARNPHGIKF-UHFFFAOYSA-N;C(CBr)Br;DTXSID3020415;78390;PRO-032;NS00002962;REACH-A;CERT;vPvM & PMT;MQ;vPvM & PMT;FALS;FALS;;;FALS;FALS;FALS;FALS;FALS;FALS;FALS;FALS;FALS;FALS;FALS;FALS;FALS;FALS;FALS;FALS;FALS;CERT;"Landscape/yard -> herbicide; Vehicle -> engine maintenance -> auto fluids and additives";Fuel agents;Fuel agents;CERT;CERT;CERT;FALS;FALS;FALS;CERT;FALS;FALS;FALS;CERT;FALS;CERT;CERT;FALS;FALS;FALS;FALS;FALS;FALS;FALS;FALS;CERT;FALS;FALS;EQS water (=AA-EQS);187862;196;206;;365;211;119;1710117365;17007;8,01973E+13;2102791288;151;300;;;1;;2;55;71;34;45;>1000 to < 10000 tonnes;10000;100000;0;0;0;0;0;0;0;0;0;0;0;0;1;0;0;0;0;0;1;1;1;0;0;0;0;0;0;1;1;0;1;0;0;0;0;0;0;0;0;0;0;0;0;0;0;0;0;0;0;0;1;1;1;0;0;0;0;0;0;0;0;0;0;0;0;2,34165E+14;1,42777E+14;1E+15;;;7,88679E+14;5,5168E+14;5,50065E+14;CERT;75;0;0;0;58200;low ;583;10300;moderate ;85;98400;low ;0;9,36966E+14;4,68493E+13;2,26447E+14;1,81104E+14;9,38106E+14;;;P_score_freshwater_pred_Dashboard;1E+15;4,58981E+14;M_score_exp_UBA;7,88679E+14;M_score_exp_UBA;7,88679E+14;6,30141E+14;kemi_score;71;8,88076E+14;10;7,88679E+14;5;5,37794E+14;10;7,18303E+14;10;7,98691E+14;10;7,41034E+14;75;6,21529E+14;10;0;vPvM(T);vPvM(T);PM(T);1;Alkyl Halide, Halogen;['Other']
1,2-dichlorobenzene;95-50-1;202-425-9;RFFLAFLAYFXFSW-UHFFFAOYSA-N;Clc1ccccc1Cl;DTXSID6020430;72390;PRO-033;NS00008007;REACH-A;CERT;PMT;HQ;Potential PMT/vPvM;FALS;FALS;;;FALS;FALS;FALS;FALS;FALS;FALS;FALS;FALS;FALS;FALS;FALS;FALS;FALS;FALS;FALS;FALS;FALS;FALS;"Cleaning products and household care -> bathroom -> bathroom cleaner; Cleaning products and household care -> drain products; Home maintenance -> adhesives and adhesive removers -> multipurpose adhesive; Home maintenance -> degreaser; Laboratory supplies; Personal care -> child specific -> baby lotion; Vehicle -> engine maintenance -> auto fluids and additives; Vehicle -> engine maintenance -> auto lubricant; solvent; solvents";;;CERT;CERT;CERT;FALS;FALS;FALS;CERT;FALS;FALS;FALS;CERT;FALS;FALS;FALS;FALS;FALS;FALS;FALS;FALS;FALS;FALS;FALS;FALS;FALS;FALS;JG-MKN (opgelost);1470;343;331;436;437;978;666;2559906625;29765;1,49905E+14;4420008906;2690;;1910;;;33;69;34;72;35;44;>10000 to < 100000 tonnes;100000;1000000;1;0;0;0;0;0;0;0;0;0;0;0;0;0;0;1;0;0;1;1;1;0;0;0;0;0;0;0;0;0;0;0;0;0;0;0;0;0;0;0;0;0;0;0;0;0;0;0;0;0;1;1;0;0;0;0;0;0;0;0;0;0;0;0;1;;3,72278E+14;8,27116E+14;5,25329E+14;;;3,36963E+14;4,04175E+14;CERT;0;0;0;0;8706;moderate ;85;1385;good ;10;8439;;85;3,01777E+14;1,05133E+14;5,02199E+14;5,08691E+14;3,31153E+14;P_score_soil_exp_UBA;5,25329E+14;P_score_freshwater_pred_Dashboard;8,27116E+14;5,74908E+14;;;M_score_pred_Dashboard;4,04175E+14;3,70569E+14;kemi_score;72;5,78187E+14;10;5,25329E+14;5;4,61566E+14;10;3,35547E+14;10;4,40465E+14;10;3,89625E+14;75;3,93544E+13;10;10;PM;PM;PM;1;Benzene, Halogen;['Chlorobenzenes', 'PBB', 'PCB']
1,2-dichloroethane;107-06-2;203-458-1;WSLDOOZREJYCGB-UHFFFAOYSA-N;ClCCCl;DTXSID6020438;110;PRO-034;NS00004126;REACH-C;CERT;PMT;HQ;PMT;FALS;FALS;;;FALS;FALS;FALS;FALS;FALS;FALS;FALS;FALS;FALS;FALS;FALS;FALS;FALS;FALS;FALS;CERT;FALS;CERT;"Manufactured formulations; Vehicle -> engine maintenance -> auto fluids and additives; not reported; solvent; solvent";"Intermediate; Solvent";Intermediate;CERT;CERT;CERT;FALS;FALS;CERT;CERT;FALS;FALS;FALS;CERT;FALS;FALS;FALS;FALS;FALS;FALS;FALS;FALS;FALS;FALS;FALS;FALS;FALS;FALS;EQS chronic water (=AA-EQS);9895;148;161;278;279;868;558;1519827994;12841;2,20265E+14;3153926299;661;25000;;;;15;100;62;83;71;83;>1000000 to < 10000000 tonnes;10000000;100000000;1;0;0;0;0;0;0;0;0;0;0;0;1;0;0;0;0;1;1;1;1;0;0;0;0;1;0;1;0;0;1;0;0;0;0;0;0;0;1;0;0;0;0;0;0;0;1;0;0;0;1;1;1;0;1;0;0;0;0;0;0;0;0;0;1;9,98301E+13;2,49851E+14;9,99959E+14;;;;6,21572E+14;5,82448E+14;CERT;75;0;0;0;84700;low ;623;14500;;10;405400;;10;2,68941E+14;4,06457E+14;1,93053E+13;9,87442E+14;2,79596E+14;;;P_score_freshwater_pred_Dashboard;9,99959E+14;7,4937E+14;;;M_score_pred_Episuite;6,21572E+14;6,0201E+14;kemi_score;83;7,88382E+14;10;;;6,71661E+14;10;4,16352E+14;10;5,72926E+14;10;4,16352E+14;5;5,28817E+13;10;0;vPvM;;PM;1;Alkyl Halide, Halogen;['Chlorinated alkane']
1,2-dichloropropane;78-87-5;201-152-2;KNKRKFALVUDBJE-UHFFFAOYSA-N;CC(CCl)Cl;DTXSID0020448;65640;PRO-035;NS00009881;REACH-A;CERT;vPvM & PMT;MQ;vPvM & PMT;FALS;FALS;;;FALS;FALS;FALS;FALS;FALS;FALS;FALS;FALS;FALS;FALS;FALS;FALS;FALS;FALS;FALS;CERT;CERT;FALS;Home maintenance -> paint/stain and related products -> stripper;Intermediate;;CERT;CERT;CERT;CERT;CERT;CERT;CERT;FALS;FALS;CERT;CERT;FALS;CERT;CERT;FALS;CERT;FALS;FALS;FALS;FALS;FALS;FALS;FALS;FALS;FALS;JG-MKN (totaal);11298;198;20;296;299;247;19;1670245853;1718;1,97831E+13;3350547787;708;25000;;;17;;2800;55;78;32;42;>1000 to < 10000 tonnes;10000;100000;1;1;0;0;0;0;0;1;0;0;0;0;0;0;0;0;0;1;1;0;0;0;0;0;0;0;0;0;0;0;0;0;0;1;0;0;0;0;0;0;0;1;0;0;0;0;1;0;0;1;1;1;0;0;0;0;0;1;0;1;1;0;0;0;0;9,98301E+13;2,69724E+14;9,97467E+12;;;5,518E+14;5,48712E+14;5,56895E+13;CERT;75;0;0;0;83500;low ;375;6176;;10;123900;;10;7,96466E+14;5,78284E+14;1,94229E+14;1,6414E+13;9,77194E+14;;;P_score_freshwater_pred_UBA;9,98301E+13;7,55164E+14;M_score_exp_UBA;5,518E+14;M_score_pred_Dashboard;5,56895E+13;5,52469E+14;kemi_score;78;7,45619E+14;10;5,518E+14;5;6,45914E+14;10;2,31831E+14;10;4,15762E+14;10;3,09534E+14;75;3,86966E+14;10;0;vPvM;PM;PM;1;Alkyl Halide, Halogen;['Chlorinated alkane']
1,3,4,6,7,8-hexahydro-4,6,6,7,8,8-hexamethylindeno[5,6-c]pyran;1222-05-5;214-946-9;ONKNPOPIGWHAQC-UHFFFAOYSA-N;CC1COCc2cc3c(cc12)C(C)(C)C(C)C3(C)C;DTXSID8027373;914970;PRO-036;NS00008760;REACH-A;CERT;PMT;HQ;Not PMT/vPvM;FALS;FALS;;;FALS;FALS;FALS;FALS;FALS;FALS;FALS;FALS;FALS;CERT;FALS;CERT;CERT;FALS;CERT;CERT;CERT;CERT;"Cleaning and safety; Cleaning products and household care; Cleaning products and household care -> air freshener; Cleaning products and household care -> bathroom -> bathroom cleaner; Cleaning products and household care -> laundry and fabric treatment -> laundry detergent; Personal care -> body care set; Personal care -> body hygiene -> body wash; Personal care -> fragrance; Personal care -> general moisturizing -> hand/body lotion; Personal care -> make-up and related -> lip color; Personal care -> specialized bath products -> bath salts; Pesticides; Pesticides -> insect repellent; Pesticides -> insect repellent -> insect repellent - skin; Pesticides -> insecticide; Pet care -> cats; Vehicle -> car interior -> auto air freshener; fragrance; fragrance; fragrance component; fragrance compound; fragrance ingredient; fragrances; masking; perfuming; synthetic fragrance";Fragrance;Fragrance;CERT;CERT;CERT;CERT;CERT;CERT;CERT;FALS;FALS;CERT;CERT;CERT;CERT;CERT;CERT;CERT;FALS;CERT;FALS;FALS;FALS;FALS;CERT;CERT;FALS;JD-UQN proposal;258405;59;608;;818;0,000677;0,00146;4869818208;4098;7,95777E+14;859163875;7940;;2390;790;38;;70;19;86;39;52;>1000 to < 10000 tonnes;10000;100000;0;1;1;1;1;0;1;1;1;0;0;1;1;0;0;0;0;1;0;1;1;1;1;0;0;1;1;1;1;1;1;0;1;1;1;1;0;1;0;0;0;0;1;0;0;1;0;0;1;1;0;0;0;1;1;0;0;0;0;0;0;0;1;0;0;;6,48799E+14;1E+15;6,18847E+14;1,96582E+13;2,23105E+14;1,89353E+14;1,20341E+14;CERT;0;0;0;0;422;low ;673;1043;low ;679;1,568E+14;low ;686;3,00462E+14;1,17297E+13;1,64474E+14;1,00169E+14;3,52391E+13;P_score_soil_exp_UBA;6,18847E+14;P_score_freshwater_pred_Dashboard;1E+15;6,16057E+14;M_score_exp_UBA;2,23105E+14;M_score_exp_UBA;2,23105E+14;1,77599E+14;kemi_score;86;4,7234E+14;10;3,71575E+14;10;3,30774E+13;10;2,58755E+14;10;3,496E+13;10;3,10076E+14;10;2,92557E+14;10;10;PM;PM;PM;1;Benzene, Bicyclic, Ether;['Cyclohexanes', 'Ethylene Glycols', 'PBDE', 'PhenylEthers']
1,3-dichloro-4-nitrobenzene;611-06-3;210-248-3;QUIMTLZDMCNYGY-UHFFFAOYSA-N;O=N(=O)c1ccc(Cl)cc1Cl;DTXSID3024998;118990;PRO-037;NS00002924;REACH-B;FALS;PMT;MQ;Potential PMT/vPvM;FALS;FALS;;;FALS;FALS;FALS;FALS;FALS;FALS;FALS;FALS;FALS;FALS;FALS;FALS;FALS;FALS;FALS;FALS;FALS;FALS;;;;CERT;FALS;CERT;FALS;FALS;FALS;CERT;FALS;FALS;FALS;FALS;FALS;FALS;FALS;FALS;FALS;FALS;FALS;FALS;FALS;FALS;FALS;FALS;FALS;FALS;MTR (opgelost);1920;307;306;;521;;32;2729974286;28423;5,8557E+14;7470149265;1170;1920;;;;28;14;36;42;0;0;;;;1;0;0;0;0;0;0;0;0;0;0;0;0;0;0;0;0;0;1;0;0;0;0;0;0;0;0;0;0;0;0;0;0;0;0;0;0;0;0;0;0;1;0;0;0;0;0;0;0;0;1;1;0;0;0;0;0;0;0;0;0;0;0;0;0;8,79576E+14;5,92582E+14;4,89597E+14;;;;3,5805E+14;3,76136E+14;FALS;0;0;0;0;1356;low ;7;3534;good ;10;2469;good ;10;4,63533E+14;7,2543E+14;1,06001E+14;8,37448E+14;4,90917E+14;;;P_score_freshwater_pred_UBA;8,79576E+14;6,53918E+12;;;M_score_pred_Dashboard;3,76136E+14;3,67093E+14;kemi_score;42;5,75187E+14;10;;;4,89948E+14;10;4,20393E+14;10;4,91736E+13;10;4,20393E+14;5;4,5384E+14;10;10;PM;;PM;3;Nh0, Benzene, Halogen, Nitro, Nitro Arom;['Chlorobenzenes', 'Nitrobenzene derivatives', 'PBB', 'PCB']
1,3-dichlorobenzene;541-73-1;208-792-1;ZPQOPVIELGIULI-UHFFFAOYSA-N;C1=CC(=CC(=C1)Cl)Cl;DTXSID6022056;109430;PRO-038;NS00006298;REACH-A;CERT;vPvM & PMT;MQ;PMT;FALS;FALS;;;FALS;FALS;FALS;FALS;FALS;FALS;FALS;FALS;FALS;FALS;FALS;FALS;FALS;FALS;FALS;FALS;FALS;FALS;"solvent; solvents";;;CERT;CERT;CERT;FALS;FALS;FALS;FALS;FALS;FALS;FALS;FALS;FALS;FALS;FALS;FALS;FALS;FALS;FALS;FALS;FALS;FALS;FALS;FALS;FALS;FALS;AA-QSwater_eco;1470;353;338;412;416;881;552;2579783597;30633;4,47012E+14;4420008906;2190;1310;;;24;;60;32;6;8;12;>100 to < 1000 tonnes;1000;10000;0;0;0;0;0;0;0;0;0;0;0;0;0;0;0;0;0;0;1;0;0;0;0;0;0;0;0;0;0;0;0;0;0;0;0;0;0;0;0;0;0;0;0;0;0;0;0;0;0;0;1;1;0;0;0;0;0;0;0;0;0;0;0;0;0;7,91646E+14;3,72278E+14;3,76792E+14;;;4,31126E+14;3,23655E+14;4,00862E+14;CERT;0;0;0;0;21700;;10;1297;good ;10;6204;;85;3,14718E+14;1,07845E+14;3,43414E+14;5,77215E+14;3,42819E+13;;;P_score_freshwater_pred_UBA;7,91646E+14;5,13572E+14;M_score_exp_UBA;4,31126E+14;M_score_exp_UBA;4,31126E+14;3,85214E+14;kemi_score;6;5,84208E+14;10;4,31126E+14;5;4,44787E+14;10;3,31213E+14;10;4,39883E+14;10;3,61637E+14;75;3,83822E+13;10;10;PM;PM;PM;2;Benzene, Halogen;['Chlorobenzenes', 'PBB', 'PCB']
1,3-di-o-tolylguanidine;97-39-2;202-577-6;OPNUROKCUBTKLF-UHFFFAOYSA-N;CC1=CC=CC=C1NC(=NC2=CC=CC=C2C)N;DTXSID2026606;73330;PRO-039;NS00008988;REACH-A;CERT;vPvM;MQ;vPvM;FALS;FALS;;;FALS;FALS;FALS;FALS;FALS;FALS;FALS;FALS;FALS;FALS;FALS;FALS;FALS;FALS;FALS;FALS;FALS;CERT;;"Chemical reaction regulator; Other (specify); Polymerization promoter; Processing aids, not otherwise listed";Not Known or Reasonably Ascertainable;CERT;CERT;CERT;CERT;FALS;CERT;CERT;FALS;FALS;FALS;CERT;FALS;FALS;FALS;FALS;FALS;FALS;FALS;FALS;FALS;FALS;FALS;CERT;FALS;FALS;P-PNEC pred;239322;;328;;854;;179;2630427875;15131;1,20301E+14;3970317479;794;2360;;;;-40;79263;58;54;12;23;>10 to < 100 tonnes;100;1000;1;0;0;0;0;0;0;0;0;0;0;0;0;0;0;0;0;0;0;0;0;0;0;0;0;0;0;0;0;0;1;0;0;0;0;0;0;0;0;0;0;0;0;0;0;0;0;0;0;0;0;0;0;1;0;0;0;0;0;0;0;0;0;0;0;9,12229E+13;3,3051E+14;7,66603E+14;;;;5,83582E+14;3,92461E+14;FALS;0;0;0;0;757;low ;404;2370;low ;455;1897;low ;455;5,25211E+14;8,51186E+14;1,32493E+14;9,29558E+14;5,53816E+14;;;P_score_freshwater_pred_UBA;9,12229E+13;6,69781E+14;;;M_score_pred_Episuite;5,83582E+14;4,88021E+14;kemi_score;54;7,2963E+14;10;;;5,71723E+13;10;5,66757E+14;10;6,43057E+14;10;5,66757E+14;5;5,69234E+14;10;10;vPvM;;PM;2;Imine, Nh0, Nh1, Nh2, Aniline, Aryl Methyl, Benzene, Guanido, Para Hydroxylation;['Aromatic amines', 'PAHs']
1,3-dioxolane;646-06-0;211-463-5;WNXJIVFYUVYPPR-UHFFFAOYSA-N;C1COCO1;DTXSID4027284;125860;PRO-040;NS00004542;REACH-A;CERT;vPvM & PMT;HQ;vPvM & PMT;FALS;FALS;;;FALS;FALS;FALS;FALS;FALS;FALS;FALS;FALS;FALS;FALS;FALS;FALS;FALS;FALS;FALS;CERT;CERT;FALS;"Batteries; Food contact items; Home maintenance -> degreaser; solvent; solvent";"Intermediate; Not Known or Reasonably Ascertainable; Solvent; Solvents (which become part of product formulation or mixture)";"Intermediate; Not Known or Reasonably Ascertainable; Solvent";CERT;CERT;CERT;CERT;CERT;CERT;CERT;CERT;CERT;FALS;CERT;CERT;CERT;FALS;CERT;CERT;FALS;FALS;FALS;FALS;FALS;FALS;FALS;FALS;FALS;P-PNEC pred;74079;-37;-395;;27;135;628;840106094;5392;6,39061E+14;1491122811;115;;;;9;;1866838;73;77;5;1;>10000 tonnes;100000;;0;1;0;0;1;0;0;1;0;0;0;0;0;0;1;0;1;0;1;0;1;1;1;0;0;0;1;0;0;0;1;0;0;1;0;0;0;1;0;0;0;1;0;0;0;0;0;0;0;0;0;0;1;0;1;0;0;0;0;0;0;0;0;0;0;;8,4708E+14;9,82777E+14;;;6,81888E+14;7,33519E+14;6,90825E+14;CERT;0;0;0;0;51300;low ;425;32900;low ;463;84900;low ;459;9,35443E+13;2,88269E+14;2,389E+14;1,92859E+14;1,06706E+13;;;P_score_freshwater_pred_Dashboard;9,82777E+14;5,33742E+14;M_score_exp_UBA;6,81888E+14;M_score_pred_Episuite;7,33519E+14;7,02077E+14;kemi_score;77;8,4905E+14;10;6,81888E+14;5;6,12151E+12;10;2,79097E+14;10;4,86793E+14;10;3,75902E+13;75;4,1334E+14;10;20;vPvM;PM;PM;1;Ether;['Ethylene Glycols']
1,3-diphenylguanidine;102-06-7;203-002-1;OWRCNXZUPFZXOS-UHFFFAOYSA-N;C1=CC=C(C=C1)NC(=NC2=CC=CC=C2)N;DTXSID3025178;75940;PRO-041;NS00011462;REACH-A;CERT;vPvM & PMT;MQ;PMT;FALS;FALS;;;FALS;FALS;FALS;FALS;FALS;FALS;FALS;FALS;FALS;CERT;FALS;FALS;FALS;FALS;CERT;CERT;CERT;CERT;Home maintenance -> caulk/sealant;"Chemical reaction regulator; Fuel; Other; Other (specify); Polymerization promoter; Process regulators; Processing aids not otherwise specified";"Chemical reaction regulator; Fuel; Not Known or Reasonably Ascertainable; Other; Other (specify); Processing aids not otherwise specified";CERT;CERT;CERT;CERT;CERT;CERT;CERT;CERT;CERT;CERT;CERT;CERT;FALS;CERT;CERT;FALS;CERT;CERT;FALS;FALS;FALS;CERT;CERT;CERT;FALS;P-PNEC pred;211268;;27;;833;476;368;2309630167;10928;4,85165E+13;312331198;200;1940;;;25;;104648;;78;52;65;>10000 to < 100000 tonnes;100000;1000000;1;0;0;0;0;0;0;0;0;0;0;0;0;0;0;0;0;0;0;0;0;0;0;0;0;0;0;0;0;0;1;0;0;0;0;0;0;0;0;0;0;0;0;0;0;0;0;0;0;0;1;0;1;1;1;0;0;0;0;0;0;0;0;0;0;8,8144E+14;2,46739E+13;1E+15;;;4,14214E+14;6,52223E+14;4,4655E+13;CERT;0;0;0;0;1,214E+14;low ;399;3,298E+14;low ;458;2912;low ;458;4,95067E+14;7,45886E+14;1,1064E+14;7,84069E+14;5,21012E+14;;;P_score_freshwater_pred_Dashboard;1E+15;7,09393E+14;M_score_exp_UBA;4,14214E+14;M_score_pred_Episuite;6,52223E+14;5,04329E+14;kemi_score;78;8,07603E+14;10;4,14214E+14;5;5,98136E+14;10;5,21012E+14;5;6,97827E+14;75;4,64554E+14;5;5,71237E+14;75;0;vPvM;PM;PM;1;Imine, Nh0, Nh1, Nh2, Aniline, Benzene, Guanido, Para Hydroxylation;['Aromatic amines']
1,4,5,6,7,7-hexachloro-8,9,10-trinorborn-5-ene-2,3-dicarboxylic anhydride;115-27-5;204-077-3;FLBJFXNAEMSXGL-UHFFFAOYSA-N;C12C(C(=O)OC1=O)C3(C(=C(C2(C3(Cl)Cl)Cl)Cl)Cl)Cl;DTXSID2026941;82650;PRO-042;NS00007305;REACH-A;CERT;vPvM & PMT;HQ;vPvM & PMT;FALS;FALS;;;FALS;FALS;FALS;FALS;FALS;FALS;FALS;FALS;FALS;FALS;FALS;FALS;FALS;FALS;FALS;FALS;FALS;CERT;;Laboratory chemicals;Laboratory chemicals;CERT;CERT;CERT;CERT;FALS;CERT;CERT;FALS;FALS;FALS;CERT;CERT;FALS;FALS;FALS;FALS;FALS;FALS;FALS;FALS;FALS;FALS;CERT;FALS;FALS;P-PNEC pred;37081;;373;;102;;0,00208;392992956;28837;1,32908E+14;1361224622;155;29230;;;;-16;83;35;51;23;34;>100 to < 1000 tonnes;1000;10000;1;0;0;0;0;0;0;0;0;0;0;0;0;0;0;0;0;0;0;0;0;0;0;0;0;0;0;0;0;0;1;0;0;0;0;0;0;0;0;0;0;0;0;0;0;0;0;0;0;0;0;0;0;0;1;0;0;0;0;0;0;0;0;0;0;9,98699E+14;9,95212E+13;1E+15;;;;3,51481E+14;2,07884E+14;CERT;0;0;0;0;1,304E+14;low ;0;12200;low ;246;1837;low ;199;7,46668E+14;4,36734E+14;1,07621E+14;9,41394E+14;7,58563E+13;;;P_score_freshwater_pred_Dashboard;1E+15;9,9797E+14;;;M_score_pred_Episuite;3,51481E+14;2,79683E+14;kemi_score;51;5,92859E+14;10;;;5,28313E+14;10;5,15264E+14;10;5,52701E+13;10;5,15264E+14;5;5,21748E+13;10;10;PM;;PM;3;C O, C O Nocoo, Alkyl Halide, Allylic Oxid, Bicyclic, Ester, Ether, Halogen, Lactone;['Cyclohexanes', 'Ethylene Glycols', 'HBCDDs']
1,4-bis({3-[2-(2-hydroxyethoxy)ethoxy]propyl}amino)-9,10-anthraquinone;123944-63-8;807-560-2;FRFQXYOWMSJIJR-UHFFFAOYSA-N;OCCOCCOCCCNc1ccc(NCCCOCCOCCO)c2c1C(=O)c1ccccc1C2=O;DTXSID801019616;579792290;PRO-043;;REACH-B;FALS;vPvM;HQ;PM;FALS;FALS;;;FALS;FALS;FALS;FALS;FALS;FALS;FALS;FALS;FALS;FALS;FALS;FALS;FALS;FALS;FALS;CERT;CERT;FALS;;;;FALS;FALS;FALS;FALS;FALS;FALS;FALS;CERT;CERT;FALS;CERT;FALS;CERT;FALS;FALS;CERT;FALS;FALS;FALS;FALS;FALS;FALS;FALS;FALS;FALS;;530618;;349;;95;;285;4589949601;;9,65441E+14;;288;15920;;;29;;;;;15;1;>10 tonnes;100;;0;0;0;1;0;0;0;0;0;0;0;0;0;1;0;0;0;0;0;0;0;0;0;0;0;0;0;0;0;0;0;0;0;1;0;0;0;0;0;0;0;0;0;0;0;0;0;0;0;0;0;0;1;0;0;0;0;0;0;0;0;0;0;0;0;9,96332E+14;;6,92778E+14;;;3,4891E+14;;1,42434E+14;FALS;0;0;0;0;5694;low ;7;31700;low ;575;23200;low ;0;;2,92821E+14;5,97814E+14;3,33916E+14;5,79796E+14;;;P_score_freshwater_pred_UBA;9,96332E+14;8,44555E+14;M_score_exp_UBA;3,4891E+14;M_score_exp_UBA;3,4891E+14;2,45672E+14;E_score_min;15;5,89602E+14;10;3,4891E+14;5;4,55504E+14;10;5,79796E+14;5;2,72143E+14;75;1,42231E+14;5;2,29132E+14;75;20;PM;PM;PM;;Al Oh, Al Oh Notert, C O, C O Nocoo, Nh1, Aniline, Benzene, Bicyclic, Ether, Ketone, Unbrch Alkane;['Alkylphenols', 'Aromatic amines', 'Cyclohexanes', 'Ethylene Glycols', 'Benzophenones', 'PBDE', 'PhenylEthers']
1,4-bis(p-tolylamino)anthraquinone;128-80-3;204-909-5;TVRGPOFMYCMNRB-UHFFFAOYSA-N;CC1=CC=C(C=C1)NC2=C3C(=C(C=C2)NC4=CC=C(C=C4)C)C(=O)C5=CC=CC=C5C3=O;DTXSID9044376;314160;PRO-044;NS00005332;REACH-A;CERT;vPvM;HQ;vPvM;FALS;FALS;;;FALS;FALS;FALS;FALS;FALS;FALS;FALS;FALS;FALS;FALS;FALS;FALS;FALS;FALS;FALS;CERT;CERT;CERT;"Personal care -> body hygiene -> body scrub; Personal care -> specialized bath products -> bath oil; color additive; colorant; cosmetic colorant; dye; dye; fragrance; fragrance component; hair dyeing";;;CERT;CERT;CERT;CERT;CERT;CERT;CERT;FALS;FALS;CERT;CERT;CERT;CERT;FALS;CERT;CERT;FALS;CERT;FALS;FALS;FALS;CERT;CERT;FALS;FALS;P-PNEC pred;418496;;645;;972;;0,0000568;4630427875;65884;4,96179E+52;1574806168;2240;6770;;;;7;148;4;67;26;39;>100 to < 1000 tonnes;1000;10000;0;0;0;0;0;0;0;1;0;1;1;0;0;0;0;0;0;1;0;0;1;0;0;0;0;0;0;0;0;0;1;0;0;0;0;0;0;0;0;0;0;0;0;0;0;0;0;0;0;0;0;0;1;0;1;0;0;0;0;0;0;0;0;0;1;9,84368E+14;8,38838E+14;10;;;;3,99086E+13;1,39042E+14;FALS;0;0;0;0;816;low ;609;5026;low ;627;4,06E+14;moderate ;85;9,44262E+14;6,29013E+14;1,28791E+13;1,66793E+14;9,51121E+14;;;P_score_freshwater_pred_Dashboard;10;9,41069E+14;;;M_score_pred_Dashboard;1,39042E+14;8,94751E+14;kemi_score;67;3,72883E+14;10;;;2,90176E+14;10;1,95051E+14;10;2,69687E+14;10;1,95051E+14;5;2,37906E+13;10;10;PM;;;2;C O, C O Nocoo, Nh1, Aniline, Aryl Methyl, Benzene, Bicyclic, Ketone;['Aromatic amines', 'Cyclohexanes', 'Benzophenones', 'PAHs']
1,4-dioxane;123-91-1;204-661-8;RYHBNJHYFVUHQT-UHFFFAOYSA-N;C1COCCO1;DTXSID4020533;312750;PRO-045;NS00002649;REACH-A;CERT;PMT;HQ;PMT;FALS;FALS;;;FALS;FALS;FALS;FALS;FALS;FALS;CERT;CERT;FALS;CERT;FALS;CERT;CERT;FALS;CERT;CERT;FALS;CERT;"Cleaning products and household care; Cleaning products and household care -> general household cleaning -> surface cleaner; Cleaning products and household care -> laundry and fabric treatment; Cleaning products and household care -> wood specific; Home maintenance; Home maintenance -> degreaser; Home maintenance -> surface sealers; Manufactured formulations; Personal care; Personal care -> body hygiene -> hand soap; Personal care -> child specific -> baby shampoo; Personal care -> facial cleansing and moisturizing -> face cream/moisturizer; Personal care -> hair styling and care -> shampoo; Personal care -> make-up and related -> toner; Pesticides -> insecticide; Vehicle -> boat care and maintenance -> boat cleaner - general; fragrance; fragrance; non-functional constituent; nonfunctional  constituant; nonfunctional constituent; nonfunctional ingredient; part of surfactant";"Cleaning agent; Intermediates; Laboratory chemicals; Lubricating agent; Other; Processing aids not otherwise specified; Stabilizing agent";"Other; Paint additives and coating additives not described by other categories; Stabilizing agent";CERT;CERT;CERT;FALS;FALS;FALS;CERT;FALS;FALS;FALS;CERT;CERT;CERT;CERT;FALS;FALS;FALS;FALS;CERT;FALS;FALS;FALS;CERT;FALS;FALS;P-PNEC pred;88106;-27;-288;318;328;114;505;1230448921;5946;1,12711E+14;1584082113;501;25000;;;;-4;23885135;73;95;36;48;>1000 to < 10000 tonnes;10000;100000;0;0;0;0;0;0;0;0;0;0;0;0;0;0;0;0;0;0;1;1;1;0;1;0;0;0;0;1;0;0;1;0;0;0;0;0;0;0;0;0;0;0;0;0;0;0;0;0;0;0;1;1;1;0;1;0;0;0;0;0;0;0;1;0;1;9,98301E+13;9,30754E+14;9,9987E+14;;;;7,25946E+14;6,30279E+14;CERT;75;0;0;0;94500;low ;7;39600;low ;7;40000;low ;7;8,48558E+14;2,66567E+14;1,84253E+14;2,65437E+14;1,10505E+13;;;P_score_freshwater_pred_Dashboard;9,9987E+14;6,97082E+13;;;M_score_pred_Episuite;7,25946E+14;6,78112E+14;kemi_score;95;8,51969E+14;10;;;6,87532E+14;10;2,84023E+14;10;4,91913E+14;10;2,84023E+14;5;4,41899E+14;10;20;vPvM;;PM;1;Ether;['Ethylene Glycols']
1,5-naphthylene diisocyanate;3173-72-6;221-641-4;SBJCUZQNHOLYMD-UHFFFAOYSA-N;C1=CC2=C(C=CC=C2N=C=O)C(=C1)N=C=O;DTXSID8040145;185030;PRO-046;NS00006855;REACH-A;CERT;vPvM & PMT;MQ;vPvM & PMT;FALS;FALS;;;FALS;FALS;FALS;FALS;FALS;FALS;FALS;FALS;FALS;FALS;FALS;FALS;FALS;FALS;FALS;FALS;FALS;FALS;;Monomers;;CERT;CERT;CERT;FALS;FALS;FALS;CERT;FALS;FALS;FALS;CERT;FALS;FALS;FALS;FALS;FALS;FALS;FALS;FALS;FALS;FALS;FALS;FALS;FALS;FALS;P-PNEC pred;210192;;376;;578;;109;2089905111;37923;1,90566E+13;2591908878;302;660;;;;9;107695;22;51;33;44;>1000 to < 10000 tonnes;10000;100000;0;0;0;0;0;0;0;0;0;0;0;0;0;0;0;0;0;0;0;0;0;0;0;0;0;0;0;0;0;0;0;0;0;0;0;0;0;0;0;0;0;0;0;0;0;0;0;0;0;0;1;1;0;0;0;0;0;0;0;0;0;0;0;0;0;5,40644E+14;1,92336E+14;8,78212E+14;;;;2,24031E+14;4,84426E+14;CERT;0;0;0;0;2832;low ;394;6552;low ;31;1245;low ;327;4,91952E+14;5,64457E+14;7,92856E+14;1,09567E+14;5,35723E+14;;;P_score_freshwater_pred_Dashboard;8,78212E+14;5,37064E+14;;;M_score_pred_Dashboard;4,84426E+14;3,54228E+14;kemi_score;51;6,52249E+14;10;;;4,36169E+14;10;3,43306E+14;10;4,73203E+14;10;3,43306E+14;5;3,86962E+14;10;0;PM;;PM;3;C O Nocoo, Imine, Nh0, Benzene, Bicyclic, Isocyan;['Cyclohexanes']
1,5-naphthylenediamine;2243-62-1;218-817-8;KQSABULTKYLFEV-UHFFFAOYSA-N;Nc1cccc2c1cccc2N;DTXSID3020916;167200;PRO-047;NS00010628;REACH-B;FALS;vPvM & PMT;MQ;vPvM & PMT;FALS;FALS;;;FALS;FALS;FALS;FALS;FALS;FALS;FALS;FALS;FALS;FALS;FALS;FALS;FALS;FALS;FALS;FALS;FALS;FALS;;;;FALS;FALS;FALS;FALS;FALS;FALS;FALS;FALS;FALS;FALS;FALS;FALS;FALS;FALS;FALS;FALS;FALS;FALS;FALS;FALS;FALS;FALS;FALS;FALS;FALS;P-PNEC pred;158204;89;107;;812;24;241;269019608;772;1,17495E+16;3507043143;447;1570;;;;5;118005;7;31;0;0;;;;0;0;0;0;0;0;0;0;0;0;0;0;0;0;0;0;0;0;0;0;0;0;0;0;0;0;0;0;0;0;0;0;0;0;0;0;0;0;0;0;0;0;0;0;0;0;0;0;0;0;0;0;0;0;0;0;0;0;0;0;0;0;0;0;0;8,3813E+14;2,85369E+14;10;;;;7,00816E+14;3,82628E+14;CERT;5;0;0;0;8583;low ;691;1197;good ;10;5476;;10;4,82033E+14;1,11244E+14;5,05155E+14;6,07415E+14;5,32309E+14;;;P_score_freshwater_pred_Dashboard;10;7,07833E+14;;;M_score_pred_Episuite;7,00816E+14;5,41722E+14;kemi_score;31;8,37147E+14;10;;;6,19232E+14;10;6,10423E+14;10;7,14852E+14;10;6,10423E+14;5;6,14812E+14;10;0;vPvM(T);(T);PM(T);4;Arn, Nh2, Aniline, Benzene, Bicyclic;['Aromatic amines', 'Cyclohexanes']
1-[2-(allyloxy)ethyl-2-(2,4-dichlorophenyl)-1H-imidazolium hydrogen sulphate;58594-72-2;261-351-5;XVTXMTOYQVRHSK-UHFFFAOYSA-N;C=CCOC(CN1C=CN=C1)C2=C(C=C(C=C2)Cl)Cl.OS(=O)(=O)O;DTXSID3034662;1736360;PRO-048;NS00087368;REACH-A;FALS;vPvM;HQ;vPvM;FALS;FALS;;;FALS;FALS;FALS;FALS;FALS;FALS;FALS;FALS;FALS;FALS;FALS;FALS;FALS;FALS;FALS;CERT;FALS;FALS;;;;FALS;FALS;CERT;FALS;FALS;FALS;CERT;FALS;FALS;FALS;CERT;FALS;FALS;CERT;FALS;FALS;FALS;FALS;FALS;FALS;FALS;FALS;FALS;FALS;FALS;P-PNEC;39525;;265;;984;;56;3729974286;33459;2,9666E+14;8588287238;355;;1710;1870;;13;1314836884;28;;12;23;>10 to < 100 tonnes;100;1000;0;0;0;0;0;0;0;0;0;0;0;0;0;0;0;0;0;0;0;0;0;0;0;0;0;1;0;0;0;0;0;0;0;0;0;0;0;0;0;0;0;0;1;0;0;0;0;0;0;0;0;0;0;0;0;0;0;0;0;0;0;0;0;0;0;;6,48647E+14;2,30749E+14;4,78092E+14;5,16299E+14;;2,82335E+14;2,31631E+14;FALS;0;0;0;0;1095;low ;253;3809;low ;302;1942;low ;256;4,70317E+13;7,03837E+14;1,15126E+14;9,21008E+14;5,32712E+14;P_score_sediment_exp_UBA;5,16299E+14;P_score_freshwater_pred_RIVM;6,48647E+14;4,68447E+13;;;M_score_pred_Episuite;2,82335E+14;2,56983E+13;E_score_max;23;4,27944E+14;10;5,16299E+14;5;3,46962E+14;10;3,86212E+13;10;4,06543E+14;10;4,25452E+13;75;3,66061E+14;10;10;PM;PM;PM;;Ar N, Nh0, Benzene, Ether, Halogen, Imidazole;['Benzimidazole', 'Aromatic amines', 'Chlorobenzenes', 'Ethylene Glycols', 'Imidazoles', 'PBB', 'PBDE', 'PCB', 'PhenylEthers', 'Styrenes', 'Pyrimidines']
10:2 fluorotelomer sulfonic acid;120226-60-0;;AJMAYLFJZQYRHN-UHFFFAOYSA-N;C(CS(=O)(=O)O)C(C(C(C(C(C(C(C(C(C(F)(F)F)(F)F)(F)F)(F)F)(F)F)(F)F)(F)F)(F)F)(F)F)(F)F;DTXSID50892578;231361800;PRO-049;NS00011093;;FALS;;;;FALS;FALS;;<2.7;FALS;FALS;FALS;FALS;CERT;CERT;FALS;FALS;FALS;FALS;FALS;FALS;FALS;FALS;CERT;FALS;FALS;FALS;;;;FALS;FALS;FALS;FALS;FALS;FALS;FALS;FALS;FALS;FALS;FALS;FALS;FALS;FALS;FALS;FALS;FALS;FALS;FALS;FALS;FALS;FALS;FALS;FALS;FALS;;6282;;687;;776;;0,00721;5120573931;;1,3429E+14;;776;;;;;;15322;;2;;;;;;0;0;0;0;0;0;0;0;0;0;0;0;0;0;0;0;0;0;0;0;0;0;0;0;0;0;0;0;0;0;0;0;0;0;0;0;0;0;0;0;0;0;0;0;0;0;0;0;0;0;0;0;0;0;0;0;0;0;0;0;0;0;0;0;0;;;7,98553E+14;;;;;1,03121E+14;FALS;0;0;0;0;305;low ;14;5;low ;0;2565;low ;0;6,93107E+14;5,74694E+14;1,84779E+14;8,24824E+13;8,21097E+12;;;P_score_freshwater_pred_Dashboard;7,98553E+14;7,98553E+14;;;M_score_pred_Dashboard;1,03121E+14;1,03121E+14;kemi_score;2;2,86963E+14;10;;;2,86963E+14;10;8,21097E+12;5;4,07395E+14;75;8,21097E+12;25;4,07395E+14;75;10;(T);(T);(T);4;Alkyl Halide, Halogen;['PFAS']
11Cl-PF3OUdS (F53 B minor);83329-89-9;;BDKYEEMJFNONPU-UHFFFAOYSA-M;C(C(C(C(C(F)(F)Cl)(F)F)(F)F)(F)F)(C(C(C(OC(C(F)(F)S(=O)(=O)[O-])(F)F)(F)F)(F)F)(F)F)(F)F.[K+];DTXSID00892447;508511280;PRO-050;NS00117956;;FALS;;;;FALS;FALS;< 0,5;;FALS;FALS;FALS;FALS;FALS;FALS;FALS;FALS;FALS;FALS;FALS;FALS;FALS;FALS;CERT;FALS;FALS;FALS;;;;FALS;FALS;FALS;FALS;FALS;FALS;FALS;FALS;FALS;FALS;FALS;FALS;FALS;FALS;FALS;FALS;FALS;FALS;FALS;FALS;FALS;FALS;FALS;FALS;FALS;;67068;;664;;764;;0,00216;4920123326;;8,73567E+14;;331;;;;;;;;;;;;;;0;0;0;0;0;0;0;0;0;0;0;0;0;0;0;0;0;0;0;0;0;0;0;0;0;0;0;0;0;0;0;0;0;0;0;0;0;0;0;0;0;0;0;0;0;0;0;0;0;0;0;0;0;0;0;0;0;0;0;0;0;0;0;0;0;;;6,55248E+14;;;;;1,16698E+14;FALS;0;0;0;0;305;low ;173;11;low ;0;4168;low ;0;;4,89653E+14;1,84779E+14;6,78669E+13;3,19667E+13;;;P_score_freshwater_pred_Dashboard;6,55248E+14;6,55248E+14;;;M_score_pred_Dashboard;1,16698E+14;1,16698E+14;;;2,76525E+14;10;;;2,76525E+14;10;3,19667E+13;5;1,34707E+14;75;3,19667E+13;25;1,34707E+14;75;10;;;;;Alkyl Halide, Ether, Halogen;['Ethylene Glycols', 'PFAS']
17-hydroxy-19-norpregn-4-ene-3,20-dione 17-acetate;31981-44-9;250-882-8;MTSLFKWJINJVBO-ZCPXKWAGSA-N;CC(=O)OC1(CCC2C3CCC4=CC(=O)CCC4C3CCC12C)C(=O)C;DTXSID90953874;1349630;PRO-051;NS00003690;REACH-B;FALS;PMT;MQ;Potential PMT/vPvM;FALS;FALS;;;FALS;FALS;FALS;FALS;FALS;FALS;FALS;FALS;FALS;FALS;FALS;FALS;FALS;FALS;FALS;FALS;FALS;FALS;;;;CERT;CERT;CERT;FALS;FALS;FALS;CERT;FALS;FALS;FALS;FALS;FALS;FALS;FALS;FALS;FALS;FALS;FALS;FALS;FALS;FALS;FALS;FALS;FALS;FALS;P-PNEC pred;358478;;328;;108;;0,00294;4969881644;30318;3,30884E+54;9332516352;224;1060;;;;26;469284;33;3;0;0;;;;0;0;0;0;0;0;0;0;0;0;0;0;0;0;0;0;0;0;1;0;0;0;0;0;0;0;0;0;0;0;0;0;0;0;0;0;0;0;0;0;0;0;0;0;0;0;0;0;0;0;0;1;0;0;0;0;0;0;0;0;0;0;0;0;0;7,25692E+14;6,80304E+14;10;;;;3,28453E+13;1,1319E+14;FALS;0;0;0;0;1584;low ;7;10300;low ;557;1496;low ;7;3,38175E+14;4,68493E+13;9,97725E+14;1,02024E+14;3,49599E+14;;;P_score_freshwater_pred_Dashboard;10;8,01999E+14;;;M_score_pred_Episuite;3,28453E+13;2,20822E+14;kemi_score;3;5,73108E+14;10;;;4,20831E+14;10;3,39658E+14;10;4,41204E+14;10;3,39658E+14;5;3,78072E+14;10;10;PM;;PM;4;C O, C O Nocoo, Allylic Oxid, Bicyclic, Ester, Ether, Ketone, Ketone Topliss;['Cyclohexanes', 'Ethylene Glycols', 'Terpenoid', 'Acrylics/Acrylates']
1-bromo-3,4,5-trifluorobenzene;138526-69-9;418-480-9;HKJCELUUIFFSIN-UHFFFAOYSA-N;c1(F)c(F)c(F)cc(Br)c1;DTXSID70346346;6114090;PRO-052;NS00024484;REACH-B;FALS;PMT;HQ;Potential PMT/vPvM;FALS;FALS;;;FALS;FALS;FALS;FALS;FALS;FALS;FALS;FALS;FALS;FALS;FALS;FALS;FALS;FALS;FALS;FALS;FALS;FALS;;;;CERT;CERT;CERT;FALS;FALS;FALS;FALS;FALS;FALS;FALS;FALS;FALS;FALS;FALS;FALS;FALS;FALS;FALS;FALS;FALS;FALS;FALS;FALS;FALS;FALS;P-PNEC pred;210981;;315;;374;;419;292992956;;6,39061E+14;;135;135650;;;;32;315897;;39;0;0;;;;0;0;0;0;0;0;0;0;0;0;0;0;0;0;0;0;0;0;0;0;0;0;0;0;0;0;0;0;0;0;0;0;0;0;0;0;0;0;0;0;0;0;0;0;0;0;0;0;0;0;0;1;0;0;0;0;0;0;0;0;0;0;0;0;0;9,99906E+14;;9,82777E+14;;;;;3,44212E+13;CERT;5;0;0;0;6397;low ;271;1,064E+14;low ;292;7547;low ;601;3,77647E+14;1,16403E+14;5,70021E+13;5,32633E+14;3,83785E+14;;;P_score_freshwater_pred_UBA;9,99906E+14;9,91341E+14;;;M_score_pred_Dashboard;3,44212E+13;3,44212E+13;kemi_score;39;5,86668E+14;10;;;5,84151E+14;10;3,83785E+14;5;5,09281E+14;75;3,83785E+14;25;5,07823E+13;75;0;PM;;PM;3;Benzene, Halogen;['Chlorobenzenes', 'PBB', 'PCB']
1-bromo-3-chloropropane;109-70-6;203-697-1;MFESCIUQSIBMSM-UHFFFAOYSA-N;ClCCCBr;DTXSID1051565;80060;PRO-053;NS00006575;REACH-B;FALS;vPvM & PMT;MQ;vPvM & PMT;FALS;FALS;;;FALS;FALS;FALS;FALS;FALS;FALS;FALS;FALS;FALS;FALS;FALS;FALS;FALS;FALS;FALS;FALS;FALS;FALS;;Intermediate;;CERT;CERT;CERT;FALS;FALS;FALS;FALS;FALS;FALS;FALS;FALS;FALS;FALS;FALS;FALS;FALS;FALS;FALS;FALS;FALS;FALS;FALS;FALS;FALS;FALS;P-PNEC pred;15744;218;227;;359;141;1;2130333768;18916;6,39061E+14;2735823846;794;320;;;16;;234974;52;49;0;0;>0 to < 10 tonnes;0;100;0;0;0;0;0;0;0;0;0;0;0;0;0;0;0;0;0;0;1;0;0;0;0;0;0;0;0;0;0;0;0;0;0;0;0;0;0;0;0;0;0;0;0;0;0;0;0;0;0;0;1;1;0;0;0;0;0;0;0;0;0;0;0;0;0;2,54527E+14;2,07095E+14;9,82777E+14;;;5,68874E+14;5,18775E+14;4,7743E+14;FALS;0;0;0;0;178800;low ;61;16300;moderate ;85;34400;moderate ;85;4,08295E+14;3,87096E+14;1,40308E+14;2,82897E+14;4,09731E+14;;;P_score_freshwater_pred_Dashboard;9,82777E+14;4,81466E+14;M_score_exp_UBA;5,68874E+14;M_score_exp_UBA;5,68874E+14;5,21693E+14;kemi_score;49;7,47714E+14;10;5,68874E+14;5;5,01176E+14;10;4,61584E+14;10;5,8748E+14;10;4,94887E+13;75;4,80973E+14;10;0;vPvM;PM;PM;3;Alkyl Halide, Halogen;['Chlorinated alkane']
1-chloro-2,4-dinitrobenzene;97-00-7;202-551-4;VYZAHLCBVHPDDF-UHFFFAOYSA-N;c1cc(c(cc1N(=O)=O)N(=O)=O)Cl;DTXSID6020278;60;PRO-054;NS00003347;REACH-B;FALS;PMT;HQ;PMT;FALS;FALS;;;FALS;FALS;FALS;FALS;FALS;FALS;FALS;FALS;FALS;FALS;FALS;FALS;FALS;FALS;FALS;FALS;FALS;FALS;;;;FALS;FALS;CERT;FALS;FALS;FALS;FALS;FALS;FALS;FALS;FALS;FALS;FALS;FALS;FALS;FALS;FALS;FALS;FALS;FALS;FALS;FALS;FALS;FALS;FALS;AA-QSwater_eco;20255;217;214;;569;;777;242975228;25636;5,8557E+14;7273143634;501;4090;;;19;;16;4;38;0;0;;;;0;0;0;0;0;0;0;0;0;0;0;0;0;0;0;0;0;0;0;0;0;0;0;0;0;0;0;0;0;0;0;0;0;0;0;0;0;0;0;0;0;0;0;0;0;0;0;0;0;0;1;1;0;0;0;0;0;0;0;0;0;0;0;0;0;9,63778E+14;5,81506E+14;4,89597E+14;;;5,17322E+14;4,03559E+14;4,26075E+14;FALS;0;0;0;0;9,44E+14;;10;4446;;10;227;;85;4,49146E+14;6,61143E+14;1,21856E+14;2,04887E+14;4,60759E+14;;;P_score_freshwater_pred_UBA;9,63778E+14;6,78294E+14;M_score_exp_UBA;5,17322E+14;M_score_exp_UBA;5,17322E+14;4,48985E+14;kemi_score;38;7,06104E+14;10;5,17322E+14;5;5,51855E+14;10;4,29306E+13;10;5,50577E+14;10;4,56841E+14;75;4,86739E+14;10;0;vPvM;PM;PM;4;Nh0, Benzene, Halogen, Nitro, Nitro Arom, Nitro Arom Nonortho;['Chlorobenzenes', 'Nitrobenzene derivatives', 'PBB']
1-chloro-2-nitrobenzene;88-73-3;201-854-9;BFCFYVKQTRLZHA-UHFFFAOYSA-N;O=N(=O)c1ccccc1Cl;DTXSID0020280;69450;PRO-055;NS00002910;REACH-B;FALS;vPvM & PMT;MQ;vPvM & PMT;FALS;FALS;;;FALS;FALS;FALS;FALS;FALS;FALS;FALS;FALS;FALS;FALS;FALS;FALS;FALS;FALS;FALS;CERT;FALS;FALS;;;;CERT;CERT;CERT;FALS;FALS;FALS;CERT;FALS;FALS;FALS;FALS;FALS;FALS;FALS;FALS;FALS;FALS;FALS;FALS;FALS;FALS;FALS;FALS;FALS;FALS;AA-QSwater_eco;15755;224;237;;431;204;222;2820201459;23832;1,3429E+14;4303442741;148;1150;;;20;;528;43;59;0;7;>0 to < 10 tonnes;0;100;1;0;0;0;0;0;0;0;0;0;0;0;0;0;0;0;0;0;1;0;1;0;0;0;0;0;0;0;0;0;0;0;0;0;0;0;0;0;0;0;0;0;0;0;0;0;0;0;0;0;1;1;0;0;0;0;0;0;0;0;0;0;0;0;1;7,52537E+14;3,61665E+14;7,98553E+14;;;5;4,33984E+14;3,61578E+14;FALS;0;0;0;0;22800;;10;4238;good ;10;3453;moderate ;85;3,26813E+14;6,74107E+14;3,36363E+14;7,32235E+14;3,30731E+14;;;P_score_freshwater_pred_Dashboard;7,98553E+14;6,37585E+14;M_score_exp_UBA;5;M_score_exp_UBA;5;4,31854E+14;kemi_score;59;6,31883E+14;10;5;5;5,24732E+14;10;3,77113E+14;10;4,88151E+14;10;4,1429E+14;75;4,44841E+14;10;0;PM;PM;PM;2;Nh0, Benzene, Halogen, Nitro, Nitro Arom, Para Hydroxylation;['Chlorobenzenes', 'Nitrobenzene derivatives', 'PBB']
1-chloro-4-nitrobenzene;100-00-5;202-809-6;CZGCEKJOLUNIFY-UHFFFAOYSA-N;c1cc(ccc1N(=O)=O)Cl;DTXSID5020281;74740;PRO-056;NS00009240;REACH-B;FALS;vPvM & PMT;MQ;PMT;FALS;FALS;;;FALS;FALS;FALS;FALS;FALS;FALS;FALS;FALS;FALS;FALS;FALS;FALS;FALS;FALS;FALS;FALS;FALS;FALS;Arts and crafts/office supplies -> pottery making -> glaze;;;CERT;FALS;CERT;FALS;FALS;FALS;CERT;FALS;FALS;FALS;FALS;FALS;FALS;FALS;FALS;FALS;FALS;FALS;FALS;FALS;FALS;FALS;FALS;FALS;FALS;AA-QSwater_eco;15755;239;249;;433;132;151;2710117365;24662;1,20301E+14;4303442741;200;1150;;;;24;28;42;56;0;0;;;;0;0;0;0;0;0;0;0;0;0;0;0;0;0;0;0;0;0;1;0;0;0;0;0;0;0;0;0;0;0;0;0;0;0;0;0;0;0;0;0;0;1;0;0;0;0;0;0;0;0;1;1;0;0;0;0;0;0;0;0;0;0;0;0;0;7,52537E+14;3,61665E+14;7,66603E+14;;;;4,19909E+13;3,79372E+14;CERT;5;5;0;0;21600;moderate ;85;4062;good ;10;4858;good ;10;3,90037E+14;6,8578E+14;3,4408E+14;6,37772E+14;3,93668E+13;;;P_score_freshwater_pred_Dashboard;7,66603E+14;6,26935E+14;;;M_score_pred_Episuite;4,19909E+13;3,99641E+14;kemi_score;56;5,67366E+14;10;;;5,00548E+14;10;4,06621E+14;10;4,80315E+14;10;4,06621E+14;5;4,51147E+14;10;0;PM;;PM;2;Nh0, Benzene, Halogen, Nitro, Nitro Arom, Nitro Arom Nonortho;['Chlorobenzenes', 'Nitrobenzene derivatives', 'PBB']
1H,1H,2H,2H-Perfluoro-1-decanol;678-39-7;211-648-0;JJUBFBTUBACDHW-UHFFFAOYSA-N;C(CO)C(C(C(C(C(C(C(C(F)(F)F)(F)F)(F)F)(F)F)(F)F)(F)F)(F)F)(F)F;DTXSID7029904;696190;PRO-057;NS00010921;;FALS;;;;FALS;FALS;;;FALS;FALS;FALS;FALS;FALS;FALS;FALS;FALS;FALS;FALS;FALS;FALS;FALS;FALS;FALS;FALS;FALS;FALS;;;;FALS;FALS;FALS;FALS;FALS;FALS;FALS;FALS;FALS;FALS;FALS;FALS;FALS;FALS;FALS;FALS;FALS;FALS;FALS;FALS;FALS;FALS;FALS;FALS;FALS;;464122;572;621;567;422;0,0000426;0,000278;3350248018;36001;1,3429E+14;2793417082;1350;;;;;;1,89205E+14;;5;;;;;;0;0;0;0;0;0;0;0;0;0;0;0;0;0;0;0;0;0;0;0;0;0;0;0;0;0;0;0;0;0;0;0;0;0;0;0;0;0;0;0;0;0;0;0;0;0;0;0;0;0;0;0;0;0;0;0;0;0;0;0;0;0;0;0;0;;9,98594E+14;7,98553E+14;;;;2,48038E+14;2,81725E+14;FALS;0;0;0;0;1,084E+14;low ;187;5;low ;0;5605;low ;0;6,73282E+14;5,74694E+14;1,15574E+14;6,01671E+14;6,79815E+14;;;P_score_freshwater_pred_RIVM;9,98594E+14;8,98574E+14;;;M_score_pred_Dashboard;2,81725E+14;2,64881E+14;kemi_score;5;5,30405E+14;10;;;4,87868E+14;10;6,79815E+14;5;5,76149E+14;75;6,79815E+14;25;5,44919E+13;75;10;PM(T);(T);PM(T);3;Al Oh, Al Oh Notert, Alkyl Halide, Halogen;['Alkylphenols', 'PFAS']
1H,1H,2H,2H-Perfluorododecan-1-ol;865-86-1;212-748-7;FLXYIZWPNQYPIT-UHFFFAOYSA-N;C(CO)C(C(C(C(C(C(C(C(C(C(F)(F)F)(F)F)(F)F)(F)F)(F)F)(F)F)(F)F)(F)F)(F)F)(F)F;DTXSID2029905;700830;PRO-058;NS00009618;;FALS;;;;FALS;FALS;;;FALS;FALS;FALS;FALS;FALS;FALS;FALS;FALS;FALS;FALS;FALS;FALS;FALS;FALS;FALS;FALS;FALS;FALS;;;;FALS;FALS;FALS;FALS;FALS;FALS;FALS;FALS;FALS;FALS;FALS;FALS;FALS;FALS;FALS;FALS;FALS;FALS;FALS;FALS;FALS;FALS;FALS;FALS;FALS;;564137;71;783;;476;0,00000848;0,0000016;5089905111;44298;1,3429E+14;9836856572;2240;;;;;;4,96411E+14;;59;;;;;;0;0;0;0;0;0;0;0;0;0;0;0;0;0;0;0;0;0;0;0;0;0;0;0;0;0;0;0;0;0;0;0;0;0;0;0;0;0;0;0;0;0;0;0;0;0;0;0;0;0;0;0;0;0;0;0;0;0;0;0;0;0;0;0;0;;9,99836E+14;7,98553E+14;;;;1,56539E+13;1,05104E+14;FALS;0;0;0;0;144;low ;182;3;low ;0;2710;low ;0;3,32735E+14;6,27821E+14;2,38965E+14;8,06929E+14;3,6032E+14;;;P_score_freshwater_pred_RIVM;9,99836E+14;8,99195E+14;;;M_score_pred_Episuite;1,56539E+13;1,30821E+14;kemi_score;59;3,95618E+14;10;;;3,42978E+14;10;3,6032E+14;5;3,83483E+14;75;3,6032E+14;25;3,48664E+14;75;10;PM;;PM;2;Al Oh, Al Oh Notert, Alkyl Halide, Halogen;['Alkylphenols', 'PFAS']
1H,1H,2H,2H-Perfluorohexan-1-ol;2043-47-2;218-050-9;JCMNMOBHVPONLD-UHFFFAOYSA-N;C(CO)C(C(C(C(F)(F)F)(F)F)(F)F)(F)F;DTXSID1062122;748830;PRO-059;NS00010126;;FALS;;;;FALS;FALS;;;FALS;FALS;FALS;FALS;FALS;FALS;FALS;FALS;FALS;FALS;FALS;FALS;FALS;FALS;FALS;FALS;FALS;FALS;;;;FALS;FALS;FALS;FALS;FALS;FALS;FALS;FALS;FALS;FALS;FALS;FALS;FALS;FALS;FALS;FALS;FALS;FALS;FALS;FALS;FALS;FALS;FALS;FALS;FALS;;264091;327;303;477;382;274;234;2029383778;2339;8,73567E+14;2253094456;407;;;;;;9,07659E+14;;49;;;;;;0;0;0;0;0;0;0;0;0;0;0;0;0;0;0;0;0;0;0;0;0;0;0;0;0;0;0;0;0;0;0;0;0;0;0;0;0;0;0;0;0;0;0;0;0;0;0;0;0;0;0;0;0;0;0;0;0;0;0;0;0;0;0;0;0;;9,05673E+14;6,55248E+14;;;;4,41525E+14;4,94908E+14;FALS;0;0;0;0;2489;low ;204;15500;low ;212;87000;low ;0;1,23692E+13;3,95312E+14;8,34763E+14;1,90862E+14;1,36347E+14;;;P_score_freshwater_pred_RIVM;9,05673E+14;7,8046E+14;;;M_score_pred_Dashboard;4,94908E+14;4,68216E+14;kemi_score;49;6,69496E+14;10;;;6,04503E+14;10;1,36347E+14;5;3,93895E+14;75;1,36347E+14;25;3,67972E+14;75;0;PM;;PM;3;Al Oh, Al Oh Notert, Alkyl Halide, Halogen;['Alkylphenols', 'PFAS']
1H,1H,2H,2H-Perfluorooctan-1-ol / ;647-42-7;211-477-1;GRJRKPMIRMSBNK-UHFFFAOYSA-N;C(CO)C(C(C(C(C(C(F)(F)F)(F)F)(F)F)(F)F)(F)F)(F)F;DTXSID5044572;695370;PRO-060;NS00010919;;FALS;;;;FALS;FALS;;;FALS;FALS;FALS;FALS;FALS;FALS;FALS;FALS;FALS;FALS;FALS;FALS;FALS;FALS;FALS;FALS;FALS;FALS;;"Intermediates; Monomers";;CERT;CERT;CERT;FALS;FALS;FALS;FALS;FALS;FALS;FALS;FALS;FALS;FALS;FALS;FALS;FALS;FALS;FALS;FALS;FALS;FALS;FALS;FALS;FALS;FALS;;364106;458;466;531;41;0,00484;0,00739;3499687083;30249;8,73567E+14;7932594052;912;;;;;;4,43637E+14;33;52;0;0;;;;0;0;0;0;0;0;0;0;0;0;0;0;0;0;0;0;0;0;0;0;0;0;0;0;0;0;0;0;0;0;0;0;0;0;0;0;0;0;0;0;0;0;0;0;0;0;0;0;0;0;1;1;0;0;0;0;0;0;0;0;0;0;0;0;0;;9,88034E+14;6,55248E+14;;;;3,29509E+14;2,61246E+14;FALS;0;0;0;0;3108;low ;194;2008;low ;2;9949;low ;0;5,87338E+14;9,08943E+14;7,6387E+14;4,75263E+14;5,92791E+14;;;P_score_freshwater_pred_RIVM;9,88034E+14;8,21641E+13;;;M_score_pred_Episuite;3,29509E+14;2,95377E+14;kemi_score;52;5,70584E+14;10;;;4,9264E+13;10;4,42291E+14;10;5,02358E+14;10;4,42291E+14;5;4,66787E+11;10;10;PM;;PM;3;Al Oh, Al Oh Notert, Alkyl Halide, Halogen;['Alkylphenols', 'PFAS']
1-methylpiperazine;109-01-3;203-639-5;PVOAHINGSUIXLS-UHFFFAOYSA-N;CN1CCNCC1;DTXSID4021898;531670;PRO-061;NS00006535;REACH-A;CERT;vPvM & PMT;MQ;PMT;FALS;FALS;;;FALS;FALS;FALS;FALS;FALS;FALS;FALS;FALS;FALS;FALS;FALS;FALS;FALS;FALS;FALS;FALS;FALS;FALS;;;;CERT;CERT;CERT;FALS;FALS;FALS;CERT;FALS;FALS;FALS;CERT;FALS;FALS;FALS;FALS;FALS;FALS;FALS;FALS;FALS;FALS;FALS;FALS;FALS;FALS;P-PNEC pred;100165;;-406;;462;;747;1820201459;-5335;8,62642E+14;2663154067;24;290;;;29;;6179587;85;54;9;18;>10 to < 100 tonnes;100;1000;0;0;0;0;0;0;0;0;0;0;0;0;0;0;0;0;0;0;1;0;1;0;0;0;0;0;0;1;0;0;0;0;0;0;0;0;0;0;0;0;0;1;0;0;0;0;0;0;0;0;1;1;0;0;0;0;0;0;0;0;0;0;0;0;0;2,23932E+14;1,9964E+13;9,89615E+14;;;3,4891E+14;8,52719E+14;5,31116E+14;FALS;0;0;0;0;172400;low ;573;66300;moderate ;85;55100;low ;7;1,42955E+14;2,14255E+14;1,42515E+14;2,31769E+14;1,45068E+13;;;P_score_freshwater_pred_Dashboard;9,89615E+14;4,71062E+14;M_score_exp_UBA;3,4891E+14;M_score_pred_Episuite;8,52719E+14;5,77582E+14;kemi_score;54;9,18621E+14;10;3,4891E+14;5;5,2161E+14;10;3,51152E+14;10;5,67958E+14;10;3,50403E+14;75;4,27977E+14;10;20;vPvM;PM;PM;2;Nh0, Nh1, Ndealkylation1, Piperzine;['Other']
1-vinylimidazole;1072-63-5;214-012-0;OSSNTDFYBPYIEC-UHFFFAOYSA-N;C=CN1C=CN=C1;DTXSID0061458;661710;PRO-062;NS00001038;REACH-B;CERT;vPvM & PMT;MQ;vPvM & PMT;FALS;FALS;;;FALS;FALS;FALS;FALS;FALS;FALS;FALS;FALS;FALS;FALS;FALS;FALS;FALS;FALS;FALS;FALS;FALS;CERT;not reported;Intermediates;;CERT;CERT;CERT;FALS;FALS;FALS;CERT;FALS;FALS;FALS;CERT;CERT;FALS;FALS;FALS;FALS;FALS;FALS;FALS;FALS;FALS;FALS;CERT;FALS;FALS;P-PNEC pred;94117;;724;;389;;419;1269512944;18545;5,3517E+14;1571462521;513;230;;;;-11;3564805;53;77;12;0;>10 tonnes;100;;0;0;0;0;0;0;0;0;0;0;0;0;0;0;0;0;0;0;0;1;0;0;0;0;0;0;0;0;0;0;1;0;1;0;0;0;0;0;0;0;0;0;0;0;0;0;1;0;0;0;1;0;0;0;0;0;0;0;0;0;0;0;0;0;0;1,62579E+14;9,19276E+14;4,51287E+14;;;;5,25192E+13;6,23947E+14;CERT;0;0;75;0;24200;low ;224;27700;low ;292;14300;low ;253;1,74792E+14;3,09939E+14;3,28051E+14;4,08815E+14;1,79476E+14;;;P_score_freshwater_pred_Dashboard;4,51287E+14;2,35264E+14;;;M_score_pred_Dashboard;6,23947E+14;5,74569E+14;kemi_score;77;5,3064E+14;10;;;3,67662E+14;10;3,08419E+14;10;4,04548E+14;10;3,08419E+14;5;3,3674E+14;10;0;PM;;PM;1;Ar N, Nh0, Imidazole;['Aromatic amines', 'Imidazoles', 'Pyrimidines']
2-(2H-1,2,3-benzotriazol-2-yl)-6-(2-phenylpropan-2-yl)-4-(2,4,4-trimethylpentan-2-yl)phenol;73936-91-1;422-600-5;UZUNCLSDTUBVCN-UHFFFAOYSA-N;c1(NP(=O)(N)N)c(N(=O)=O)cccc1;;;PRO-063;NS00005141;REACH-A;FALS;PMT;HQ;PMT;FALS;FALS;;;FALS;FALS;FALS;FALS;FALS;FALS;FALS;FALS;FALS;FALS;FALS;FALS;FALS;FALS;FALS;CERT;CERT;CERT;;;;CERT;CERT;CERT;CERT;CERT;CERT;CERT;FALS;FALS;FALS;CERT;CERT;CERT;FALS;CERT;FALS;FALS;CERT;FALS;FALS;FALS;CERT;CERT;FALS;FALS;;;;;;;;;;;;;;4210;;;7;;144;;53;39;52;>10 to <10010 tonnes;10010;100100;0;1;0;0;0;0;0;1;0;0;0;0;0;0;0;0;0;1;0;0;0;0;0;0;0;0;0;0;0;0;1;0;0;0;0;0;0;0;0;0;0;0;0;0;0;0;0;0;0;0;0;0;1;0;1;0;0;0;0;1;0;0;0;0;0;9,65464E+14;;;;;7,11174E+14;;;FALS;0;0;0;0;5703;low ;329;32300;low ;323;67700;low ;282;9,44885E+14;2,90515E+13;5,97429E+14;2,12361E+14;9,45454E+14;;;P_score_freshwater_pred_UBA;9,65464E+14;9,65464E+14;M_score_exp_UBA;7,11174E+14;M_score_exp_UBA;7,11174E+14;7,11174E+14;kemi_score;53;8,28621E+14;10;7,11174E+14;5;8,28621E+14;10;9,45454E+14;5;8,65866E+14;75;8,19989E+13;5;8,65866E+14;75;;vPvM(T);vPvM(T);vPvM(T);3;Nh0, Nh1, Nh2, Aniline, Benzene, Nitro, Nitro Arom, Para Hydroxylation;['Aromatic amines', 'Nitrobenzene derivatives']
2,2'-(2,5-dichloro-1,4-phenylene)bis(1H-anthra[1,2-d]imidazole-6,11-dione);40783-05-9;255-078-0;MLQFPPIUTFMVLZ-UHFFFAOYSA-N;Clc1cc(c2nc3c4C(=O)c5ccccc5C(=O)c4ccc3[nH]2)c(Cl)cc1c1nc2c3C(=O)c4ccccc4C(=O)c3ccc2[nH]1;DTXSID3068253;1624270;PRO-064;NS00020301;REACH-B;FALS;vPvM;HQ;vPvM;FALS;FALS;;;FALS;FALS;FALS;FALS;FALS;FALS;FALS;FALS;FALS;FALS;FALS;FALS;FALS;FALS;FALS;CERT;FALS;CERT;;;;FALS;FALS;FALS;CERT;FALS;CERT;CERT;FALS;FALS;FALS;CERT;CERT;CERT;FALS;CERT;FALS;FALS;FALS;FALS;FALS;FALS;FALS;CERT;FALS;FALS;P-PNEC;63945;;631;;979;;0,0000274;4749736316;51385;1,7009E+118;4478942238;347;10470;;;;-1;14426764;1;28;4;14;>1 to < 10 tonnes;10;100;0;0;0;0;0;0;0;0;0;0;0;0;0;0;0;0;0;0;0;0;0;1;0;0;0;0;0;0;0;0;0;0;1;0;0;0;0;0;0;0;0;0;0;0;0;0;1;0;0;0;0;0;0;0;0;0;0;0;0;0;0;0;0;0;0;9,9252E+14;9,68825E+14;10;;;;1,01978E+14;1,29434E+14;FALS;0;0;0;0;2359;low ;0;55200;low ;524;866;low ;0;8,63047E+13;2,3159E+14;8,52761E+14;1,25921E+14;8,65067E+14;;;P_score_freshwater_pred_Dashboard;10;9,87115E+14;;;M_score_pred_Dashboard;1,29434E+14;1,15706E+13;kemi_score;28;3,59769E+14;10;;;3,37957E+14;10;2,9412E+14;10;3,25293E+14;10;2,9412E+14;5;3,15278E+14;10;10;PM;;PM;4;Ar N, Ar Nh, C O, C O Nocoo, Nh0, Nh1, Nhpyrrole, Benzene, Bicyclic, Halogen, Imidazole, Ketone;['Benzimidazole', 'Aromatic amines', 'Chlorobenzenes', 'Cyclohexanes', 'Benzophenones', 'Imidazoles', 'HBCDDs', 'PBB', 'PCB', 'Pyrimidines']
2,2,2-trifluoroethanol;75-89-8;200-913-6;RHQDFWAXVIIEBN-UHFFFAOYSA-N;OCC(F)(F)F;DTXSID0021751;64090;PRO-065;NS00008975;REACH-B;FALS;vPvM & PMT;MQ;vPvM & PMT;FALS;FALS;;;FALS;FALS;FALS;FALS;FALS;FALS;FALS;FALS;FALS;FALS;FALS;FALS;FALS;FALS;FALS;CERT;FALS;FALS;;"Intermediate; Solvent";Intermediate;CERT;CERT;CERT;FALS;FALS;FALS;CERT;FALS;FALS;FALS;CERT;FALS;CERT;CERT;FALS;FALS;FALS;FALS;FALS;FALS;FALS;FALS;FALS;FALS;FALS;P-PNEC pred;10004;41;341;;265;100;345;1120573931;7404;2,44692E+13;3209790245;363;510;;;;3;12456296;;56;0;0;>10 tonnes;100;;1;0;0;0;0;0;0;0;0;0;0;0;0;0;0;0;0;0;1;0;1;0;0;0;0;0;0;0;0;0;0;0;0;0;0;0;0;0;0;0;0;0;0;0;0;0;0;0;0;0;0;1;0;0;0;0;0;0;0;0;0;0;0;0;1;4,30986E+14;2,55519E+14;9,17055E+14;;;;7,05388E+14;6,47843E+14;FALS;0;0;0;0;20700;low ;0;29900;low ;378;71000;low ;0;1,09546E+14;3,00124E+14;3,50274E+14;2,08107E+14;1,14942E+14;;;P_score_freshwater_pred_Dashboard;9,17055E+14;5,3452E+14;;;M_score_pred_Episuite;7,05388E+14;6,76615E+14;kemi_score;56;8,04288E+14;10;;;6,01385E+14;10;1,14942E+14;5;4,20501E+14;75;1,14942E+14;25;3,46413E+14;75;20;vPvM;;PM;2;Al Oh, Al Oh Notert, Alkyl Halide, Halogen;['Alkylphenols', 'PFAS']
2,2,3-trifluoro-3-[1,1,2,2,3,3-hexafluoro-3-(trifluoromethoxy)propoxy]propanoic acid;919005-14-4;700-835-7;AFDRCEOKCOUICI-UHFFFAOYSA-N;OC(=O)C(F)(F)C(F)OC(F)(F)C(F)(F)C(F)(F)OC(F)(F)F;DTXSID40881350;529152990;PRO-066;;REACH-B;FALS;vPvM;HQ;vPvM;FALS;FALS;;;FALS;FALS;FALS;FALS;FALS;FALS;FALS;FALS;FALS;FALS;FALS;FALS;FALS;FALS;FALS;FALS;FALS;FALS;;;;CERT;FALS;FALS;FALS;FALS;FALS;FALS;FALS;FALS;FALS;FALS;FALS;FALS;FALS;FALS;FALS;FALS;FALS;FALS;FALS;FALS;FALS;FALS;FALS;FALS;P-PNEC pred;37807;;574;;425;;182;2989894564;;8,73567E+14;;537;43660;;;13;;174602;;27;0;0;;;;0;0;0;0;0;0;0;0;0;0;0;0;0;0;0;0;0;0;0;0;0;0;0;0;0;0;0;0;0;0;0;0;0;0;0;0;0;0;0;0;0;0;0;0;0;0;0;0;0;0;0;0;0;0;0;0;0;0;0;0;0;0;0;0;0;9,99344E+14;;6,55248E+14;;;6,18976E+14;;3,34892E+14;FALS;0;0;0;0;715;low ;197;1128;low ;0;36200;low ;0;4,39781E+14;1,13819E+14;1,35368E+14;2,76872E+14;4,52901E+14;;;P_score_freshwater_pred_UBA;9,99344E+14;8,27296E+14;M_score_exp_UBA;6,18976E+14;M_score_exp_UBA;6,18976E+14;4,76934E+14;kemi_score;27;7,86492E+14;10;6,18976E+14;5;6,28144E+14;10;4,52901E+14;5;6,54331E+14;75;5,29466E+14;5;5,63258E+14;75;0;vPvM;PM;PM;4;Al Coo, Coo, Coo2, C O, Alkyl Halide, Ether, Halogen;['Alkylphenols', 'Ethylene Glycols', 'PFAS']
2,2'-[(2,2',5,5'-tetrachloro[1,1'-biphenyl]-4,4'-diyl)bis(azo)]bis[N-(2,4-dimethylphenyl)-3-oxobutyramide];22094-93-5;244-776-0;GPWXTTPSHZOIKO-UHFFFAOYSA-N;CC1=CC(=C(C=C1)NC(=O)C(C(=O)C)N=NC2=C(C=C(C(=C2)Cl)C3=CC(=C(C=C3Cl)N=NC(C(=O)C)C(=O)NC4=C(C=C(C=C4)C)C)Cl)Cl)C;DTXSID20865032;895970;PRO-067;;REACH-A;CERT;vPvM;HQ;vPvM;FALS;FALS;;;FALS;FALS;FALS;FALS;FALS;FALS;FALS;FALS;FALS;FALS;FALS;FALS;FALS;FALS;FALS;CERT;CERT;CERT;Electronics/small appliances -> computers and accessories/supplies -> printer toner;;;CERT;CERT;CERT;CERT;CERT;CERT;CERT;CERT;CERT;CERT;CERT;CERT;FALS;FALS;CERT;FALS;FALS;CERT;FALS;FALS;FALS;CERT;CERT;CERT;CERT;P-PNEC pred;75449;;825;;979;;0,00000262;5008600172;74714;7,69479E+37;106041259;1860;340180;;;;5;49;2;67;14;26;>10 to < 100 tonnes;100;1000;0;1;0;0;0;0;1;1;1;1;0;1;1;1;1;0;0;1;0;0;0;1;1;1;1;1;0;0;0;1;1;0;1;0;0;0;0;0;0;0;0;0;1;0;0;0;1;1;1;1;1;1;0;1;1;1;1;1;1;1;1;1;0;1;0;9,9998E+14;9,99856E+13;10;;;;2,20427E+14;1,10524E+14;FALS;0;0;0;0;2783;low ;0;4782;low ;0;8740;low ;0;9,64764E+14;6,41873E+14;7,98407E+14;5,01392E+14;9,6525E+14;;;P_score_freshwater_pred_Dashboard;10;9,99945E+14;;;M_score_pred_Dashboard;1,10524E+14;6,62832E+14;kemi_score;67;3,32451E+14;10;;;2,57448E+14;10;1,38942E+14;10;2,14922E+14;10;1,38942E+14;5;1,89131E+13;10;10;PM;;;2;C O, C O Nocoo, Nh0, Nh1, Amide, Aniline, Aryl Methyl, Azo, Benzene, Halogen, Ketone, Ketone Topliss;['Chlorobenzenes', 'Benzophenones', 'PAHs', 'PBB', 'PCB']
2,2'-[(3,3'-dichloro[1,1'-biphenyl]-4,4'-diyl)bis(azo)]bis[3-oxo-N-phenylbutyramide];6358-85-6;228-787-8;GNCOVOVCHIHPHP-UHFFFAOYSA-N;CC(=O)C(C(=O)NC1=CC=CC=C1)N=NC2=C(C=C(C=C2)C3=CC(=C(C=C3)N=NC(C(=O)C)C(=O)NC4=CC=CC=C4)Cl)Cl;DTXSID1021451;1863420;PRO-068;NS00009591;REACH-A;CERT;vPvM;HQ;PM;FALS;FALS;;;FALS;FALS;FALS;FALS;FALS;FALS;FALS;FALS;FALS;FALS;FALS;FALS;FALS;FALS;FALS;CERT;CERT;CERT;"Arts and crafts/office supplies -> children's art and toys -> crayons; Electronics/small appliances -> computers and accessories/supplies -> printer ink; hair dyeing; pigments agents";"Paint additives and coating additives not described by other categories; Pigment; Pigments";"Paint additives and coating additives not described by other categories; Pigment; Pigments";CERT;CERT;CERT;CERT;CERT;CERT;CERT;FALS;FALS;CERT;CERT;CERT;CERT;FALS;CERT;CERT;FALS;CERT;CERT;CERT;CERT;FALS;CERT;FALS;FALS;P-PNEC pred;6295;;599;;975;;0,00000059;5029383778;60271;7,23781E+14;1413728943;776;44690;;;;21;62;6;86;52;65;>10000 to < 100000 tonnes;100000;1000000;1;1;0;0;0;0;0;1;1;1;0;1;0;1;1;0;0;1;0;0;1;1;0;0;1;0;0;0;0;1;1;0;1;1;0;0;0;1;0;0;0;0;1;0;0;0;1;1;1;1;1;1;1;1;1;1;0;1;1;1;1;1;0;1;1;9,9937E+12;9,9551E+14;1E+15;;;;5,77921E+14;1,09115E+14;FALS;0;0;0;0;1606;low ;0;17400;low ;0;3380;low ;0;9,6112E+14;3,7668E+14;9,92357E+13;7,38557E+14;9,61787E+14;;;P_score_freshwater_pred_Dashboard;1E+15;9,98293E+14;;;M_score_pred_Dashboard;1,09115E+14;8,34538E+14;kemi_score;86;3,30326E+14;10;;;2,88637E+14;10;2,40223E+14;10;2,81695E+14;10;2,40223E+14;5;2,6332E+13;10;10;PM;;;1;C O, C O Nocoo, Nh0, Nh1, Amide, Aniline, Azo, Benzene, Halogen, Ketone, Ketone Topliss, Para Hydroxylation;['Chlorobenzenes', 'Benzophenones', 'PBB', 'PCB']
2,2'-[(3,3'-dichloro[1,1'-biphenyl]-4,4'-diyl)bis(azo)]bis[N-(2,4-dimethylphenyl)-3-oxobutyramide];5102-83-0;225-822-9;QWYLRRUZRFYUOL-UHFFFAOYSA-N;CC1=CC(=C(C=C1)NC(=O)C(C(=O)C)N=NC2=C(C=C(C=C2)C3=CC(=C(C=C3)N=NC(C(=O)C)C(=O)NC4=C(C=C(C=C4)C)C)Cl)Cl)C;DTXSID0029268;734620;PRO-069;NS00006890;REACH-A;CERT;vPvM;HQ;PM;FALS;FALS;;;FALS;FALS;FALS;FALS;FALS;FALS;FALS;FALS;FALS;FALS;FALS;FALS;FALS;FALS;FALS;CERT;CERT;CERT;;"Pigment; Pigments";"Not Known or Reasonably Ascertainable; Pigment; Pigments";CERT;CERT;CERT;CERT;CERT;CERT;CERT;FALS;FALS;CERT;CERT;CERT;CERT;CERT;CERT;CERT;FALS;CERT;CERT;CERT;CERT;CERT;CERT;CERT;FALS;P-PNEC pred;68561;;641;;979;;0,0000135;5008600172;66134;1,45375E+14;3518549377;1740;99760;;;;18;62;4;84;39;52;>1000 to < 10000 tonnes;10000;100000;1;1;0;0;0;0;1;1;1;1;0;1;1;1;1;1;1;1;0;0;1;1;1;1;1;1;0;0;0;1;1;0;1;1;0;0;0;1;0;0;0;0;1;0;0;0;1;1;1;1;1;1;1;1;1;1;1;1;1;1;1;1;0;1;1;9,9984E+14;9,99052E+14;1E+15;;;;3,92499E+13;1,10524E+14;FALS;0;0;0;0;2529;low ;0;11800;low ;0;5914;low ;0;9,6112E+14;4,42821E+12;8,29481E+14;5,88627E+13;9,61678E+14;;;P_score_freshwater_pred_Dashboard;1E+15;9,99631E+14;;;M_score_pred_Dashboard;1,10524E+14;7,48868E+14;kemi_score;84;3,32451E+14;10;;;2,73604E+14;10;1,9613E+14;10;2,5535E+13;10;1,9613E+14;5;2,31651E+14;10;10;PM;;;1;C O, C O Nocoo, Nh0, Nh1, Amide, Aniline, Aryl Methyl, Azo, Benzene, Halogen, Ketone, Ketone Topliss;['Chlorobenzenes', 'Benzophenones', 'PAHs', 'PBB', 'PCB']
2,2'-[(3,3'-dichloro[1,1'-biphenyl]-4,4'-diyl)bis(azo)]bis[N-(2-methoxyphenyl)-3-oxobutyramide];4531-49-1;224-867-1;VTGOEJALMFECDQ-UHFFFAOYSA-N;CC(=O)C(C(=O)NC1=CC=CC=C1OC)N=NC2=C(C=C(C=C2)C3=CC(=C(C=C3)N=NC(C(=O)C)C(=O)NC4=CC=CC=C4OC)Cl)Cl;DTXSID60863411;915390;PRO-070;;REACH-A;CERT;vPvM;HQ;vPvM;FALS;FALS;;;FALS;FALS;FALS;FALS;FALS;FALS;FALS;FALS;FALS;FALS;FALS;FALS;FALS;FALS;FALS;CERT;CERT;CERT;"Electronics/small appliances -> computers and accessories/supplies -> printer toner; pigments agents";"Other; Pigment; Pigments";"Other; Pigment; Pigments";CERT;CERT;CERT;CERT;CERT;CERT;CERT;FALS;FALS;CERT;CERT;CERT;CERT;FALS;CERT;CERT;FALS;CERT;FALS;FALS;FALS;CERT;CERT;CERT;FALS;P-PNEC pred;68955;;629;;975;;0,00000618;5021189299;5608;2,9666E+14;250383622;776;44380;;;;4;68;8;83;26;39;>100 to < 1000 tonnes;1000;10000;1;1;0;0;0;0;1;1;1;1;0;1;1;1;1;0;0;1;0;0;0;1;1;1;1;1;0;0;0;1;1;0;1;0;0;0;0;1;0;0;0;0;1;0;0;0;1;1;1;1;1;1;1;1;1;1;1;1;1;1;1;1;0;1;0;9,99362E+14;9,98305E+14;2,30749E+14;;;;7,57969E+14;1,09669E+14;FALS;0;0;0;0;1759;low ;0;14000;low ;0;6191;low ;0;9,59592E+14;4,12441E+14;9,57586E+14;5,7771E+14;9,60262E+14;;;P_score_freshwater_pred_UBA;9,99362E+14;7,42806E+14;;;M_score_pred_Dashboard;1,09669E+14;9,27328E+14;kemi_score;83;3,31057E+14;10;;;2,62455E+14;10;2,77166E+14;10;3,02915E+14;10;2,77166E+14;5;2,6971E+14;10;10;PM;;;1;C O, C O Nocoo, Nh0, Nh1, Amide, Aniline, Azo, Benzene, Ether, Halogen, Ketone, Ketone Topliss, Methoxy, Para Hydroxylation;['Chlorobenzenes', 'Ethylene Glycols', 'Benzophenones', 'PBB', 'PBDE', 'PCB', 'PhenylEthers']
2,2'-[(3,3'-dichloro[1,1'-biphenyl]-4,4'-diyl)bis(azo)]bis[N-(2-methylphenyl)-3-oxobutyramide];5468-75-7;226-789-3;LQZFGPJGXVFSTR-UHFFFAOYSA-N;CC1=CC=CC=C1NC(=O)C(C(=O)C)N=NC2=C(C=C(C=C2)C3=CC(=C(C=C3)N=NC(C(=O)C)C(=O)NC4=CC=CC=C4C)Cl)Cl;DTXSID9027601;930060;PRO-071;NS00006410;REACH-A;FALS;vPvM;HQ;vPvM;FALS;FALS;;;FALS;FALS;FALS;FALS;FALS;FALS;FALS;FALS;FALS;FALS;FALS;FALS;FALS;FALS;FALS;CERT;CERT;CERT;"Specialty occupational products -> Firefighting foam; green 580: pigment; pigment; pigment; pigments agents";"Paint additives and coating additives not described by other categories; Pigment; Pigments";"Paint additives and coating additives not described by other categories; Pigment; Pigments";CERT;CERT;CERT;CERT;CERT;CERT;CERT;CERT;CERT;CERT;CERT;CERT;CERT;FALS;CERT;CERT;CERT;CERT;CERT;CERT;CERT;CERT;CERT;CERT;CERT;P-PNEC pred;65755;;656;;975;;0,00000908;5021189299;60105;8,81746E+14;2328567258;776;63800;;;;5;64;6;81;39;52;>1000 to < 10000 tonnes;10000;100000;1;1;0;0;0;0;1;1;1;1;0;1;1;1;1;1;1;1;0;0;1;1;1;1;1;1;0;0;0;1;1;0;1;1;0;0;0;1;0;0;0;0;1;0;0;0;1;1;1;1;1;1;1;1;1;1;1;1;1;1;1;1;0;1;0;9,99657E+13;9,98082E+14;1E+15;;;;5,84219E+14;1,09669E+14;FALS;0;0;0;0;2426;low ;0;14500;low ;0;4,231E+14;low ;0;9,60601E+14;4,06457E+14;8,43321E+14;6,74559E+14;9,61176E+14;;;P_score_freshwater_pred_Dashboard;1E+15;9,99246E+14;;;M_score_pred_Dashboard;1,09669E+14;8,40453E+14;kemi_score;81;3,31163E+14;10;;;2,89796E+14;10;2,40147E+14;10;2,82007E+14;10;2,40147E+14;5;2,63806E+14;10;10;PM;;;1;C O, C O Nocoo, Nh0, Nh1, Amide, Aniline, Aryl Methyl, Azo, Benzene, Halogen, Ketone, Ketone Topliss, Para Hydroxylation;['Chlorobenzenes', 'Benzophenones', 'PAHs', 'PBB', 'PCB']
2,2'-[(3,3'-dichloro[1,1'-biphenyl]-4,4'-diyl)bis(azo)]bis[N-(4-chloro-2,5-dimethoxyphenyl)-3-oxobutyramide];5567-15-7;226-939-8;NKXPXRNUMARIMZ-UHFFFAOYSA-N;CC(=O)C(C(=O)NC1=CC(=C(C=C1OC)Cl)OC)N=NC2=C(C=C(C=C2)C3=CC(=C(C=C3)N=NC(C(=O)C)C(=O)NC4=CC(=C(C=C4OC)Cl)OC)Cl)Cl;DTXSID1021453;217330;PRO-072;NS00006520;REACH-A;CERT;vPvM;HQ;vPvM;FALS;FALS;;;FALS;FALS;FALS;FALS;FALS;FALS;FALS;FALS;FALS;FALS;FALS;FALS;FALS;FALS;FALS;CERT;CERT;CERT;"Electronics/small appliances -> computers and accessories/supplies -> printer toner; Personal care -> body hygiene -> bar soap; additive - non-reactive; additive non-reactive; colorant; colorants; cosmetic colorant; dye; impurity; pigment; pigment; pigments agents; residual";"Paint additives and coating additives not described by other categories; Pigment; Pigments";"Pigment; Pigments";CERT;CERT;CERT;CERT;CERT;CERT;CERT;CERT;CERT;CERT;CERT;CERT;CERT;FALS;CERT;CERT;FALS;CERT;CERT;CERT;CERT;CERT;CERT;CERT;CERT;P-PNEC pred;81849;;771;;979;;0,00000176;5008600172;65544;1,62755E+14;1226291903;631;185030;;;;0;71;4;87;39;52;>1000 to < 10000 tonnes;10000;100000;1;1;0;0;0;0;1;1;1;1;0;1;1;1;1;1;1;1;1;1;1;1;1;1;1;1;0;0;0;1;1;0;1;1;0;0;0;1;0;0;0;1;1;0;0;0;1;1;1;1;1;1;1;1;1;1;1;1;1;1;1;1;0;1;0;9,99944E+14;9,99888E+14;9,99999E+14;;;;4,08215E+14;1,10524E+14;FALS;0;0;0;0;3019;low ;0;6,47E+14;low ;0;12900;low ;0;9,58859E+14;1,40529E+11;7,7282E+14;4,26725E+14;9,59409E+14;;;P_score_freshwater_pred_Dashboard;9,99999E+14;9,99944E+13;;;M_score_pred_Dashboard;1,10524E+14;7,56726E+14;kemi_score;87;3,32451E+14;10;;;2,75079E+14;10;1,95899E+14;10;2,55199E+14;10;1,95899E+14;5;2,32137E+14;10;10;PM;;;1;C O, C O Nocoo, Nh0, Nh1, Amide, Aniline, Azo, Benzene, Ether, Halogen, Ketone, Ketone Topliss, Methoxy;['Chlorobenzenes', 'Ethylene Glycols', 'Benzophenones', 'PBB', 'PBDE', 'PCB', 'PhenylEthers']
2,2'-[(3,3'-dichloro[1,1'-biphenyl]-4,4'-diyl)bis(azo)]bis[N-(4-ethoxyphenyl)-3-oxobutyramide];31775-20-9;250-799-7;LNBRYDZEIVHGHO-UHFFFAOYSA-N;CCOC1=CC=C(C=C1)NC(=O)C(C(=O)C)N=NC2=C(C=C(C=C2)C3=CC(=C(C=C3)N=NC(C(=O)C)C(=O)NC4=CC=C(C=C4)OCC)Cl)Cl;DTXSID40885515;1693600;PRO-073;;REACH-B;FALS;vPvM;HQ;vPvM;FALS;FALS;;;FALS;FALS;FALS;FALS;FALS;FALS;FALS;FALS;FALS;FALS;FALS;FALS;FALS;FALS;FALS;FALS;FALS;FALS;;;;FALS;FALS;CERT;CERT;CERT;FALS;FALS;FALS;FALS;CERT;FALS;FALS;FALS;FALS;FALS;FALS;FALS;FALS;FALS;FALS;FALS;FALS;FALS;FALS;FALS;P-PNEC pred;7176;;689;;979;;0,0000104;5008600172;67751;2,9666E+14;2825754769;741;47770;;;;11;62;4;43;0;0;;;;0;0;0;0;0;0;0;1;1;1;0;0;0;0;0;0;0;1;0;0;0;1;0;0;1;0;0;0;0;0;1;0;0;0;0;0;0;1;0;0;0;0;0;0;0;0;0;1;1;1;0;0;1;1;1;0;0;0;0;0;0;0;0;0;0;9,99438E+14;9,98621E+14;2,30749E+14;;;;3,52349E+14;1,10524E+14;FALS;0;0;0;0;2074;low ;0;13000;low ;0;6444;low ;0;9,6112E+14;4,25358E+14;8,97404E+14;5,68314E+14;9,61723E+13;;;P_score_freshwater_pred_UBA;9,99438E+14;7,42936E+14;;;M_score_pred_Dashboard;1,10524E+14;7,28793E+12;kemi_score;43;3,32358E+14;10;;;2,3269E+14;10;1,96135E+14;10;2,55317E+14;10;1,96135E+14;5;2,13632E+14;10;10;PM;;;3;C O, C O Nocoo, Nh0, Nh1, Amide, Aniline, Azo, Benzene, Ether, Halogen, Ketone, Ketone Topliss;['Chlorobenzenes', 'Ethylene Glycols', 'Benzophenones', 'PBB', 'PBDE', 'PCB', 'PhenylEthers']
2,2'-[[5-acetamido-4-[(2-chloro-4,6-dinitrophenyl)azo]-2-methoxyphenyl]imino]diethyl diacetate;3618-73-3;222-814-7;VRTQJBZLCYJJCI-UHFFFAOYSA-N;CC(=O)NC1=CC(=C(C=C1N=NC2=C(C=C(C=C2Cl)[N+](=O)[O-])[N+](=O)[O-])OC)N(CCOC(=O)C)CCOC(=O)C;DTXSID0063103;771730;PRO-074;NS00020299;REACH-A;FALS;vPvM;HQ;PM;FALS;FALS;;;FALS;FALS;FALS;FALS;FALS;FALS;FALS;FALS;FALS;FALS;FALS;FALS;FALS;FALS;FALS;CERT;CERT;CERT;;;;FALS;CERT;CERT;CERT;CERT;CERT;CERT;FALS;FALS;FALS;CERT;CERT;FALS;CERT;CERT;FALS;FALS;CERT;FALS;FALS;FALS;FALS;CERT;FALS;FALS;P-PNEC pred;58094;;481;;102;;0,00000471;4630427875;42835;1,0777E+12;7909415268;102;11080;;;;16;482;17;49;14;26;>10 to < 100 tonnes;100;1000;0;0;0;0;0;0;0;0;0;0;0;0;0;0;0;0;0;1;0;0;0;1;0;0;1;0;0;0;0;0;1;0;1;0;0;0;0;0;0;0;0;0;0;0;0;0;1;1;1;1;0;0;0;0;1;0;0;0;0;0;0;0;0;0;0;9,93206E+14;9,87974E+14;7,31291E+14;;;;1,70399E+14;1,39042E+14;FALS;0;0;0;0;1733;low ;227;1532;low ;0;6754;low ;0;9,10271E+14;1,01082E+14;9,63201E+14;5,57475E+14;9,11767E+14;;;P_score_freshwater_pred_UBA;9,93206E+14;9,04157E+14;;;M_score_pred_Episuite;1,70399E+14;1,5472E+14;kemi_score;49;4,1139E+14;10;;;3,74021E+14;10;3,93701E+14;10;4,02448E+14;10;3,93701E+14;5;3,83735E+14;10;10;PM;;PM;3;C O, C O Nocoo, Nh0, Nh1, Amide, Aniline, Azo, Benzene, Ester, Ether, Halogen, Methoxy, Nitro, Nitro Arom, Nitro Arom Nonortho;['Chlorobenzenes', 'Ethylene Glycols', 'Nitrobenzene derivatives', 'PBB', 'PBDE', 'PhenylEthers', 'Phtalates']
2,2'-azobis[2-methylbutyronitrile];13472-08-7;236-740-8;AVTLBBWTUPQRAY-UHFFFAOYSA-N;CCC(C)(C#N)N=NC(C)(CC)C#N;DTXSID8027747;930790;PRO-075;NS00001627;REACH-A;CERT;vPvM;HQ;PM;FALS;FALS;;;FALS;FALS;FALS;FALS;FALS;FALS;FALS;FALS;FALS;FALS;FALS;FALS;FALS;FALS;FALS;CERT;FALS;FALS;"Home maintenance -> paint/stain and related products -> paint; catalyst; structure";"Intermediates; Process regulators";;CERT;CERT;CERT;CERT;CERT;CERT;CERT;FALS;FALS;CERT;CERT;FALS;CERT;CERT;FALS;CERT;CERT;FALS;FALS;FALS;FALS;FALS;FALS;FALS;FALS;P-PNEC pred;192266;;161;;501;;2;2269512944;42755;3,77128E+14;1360190637;38;25000;;;;21;304345;17;7;23;35;>100 to < 1000 tonnes;1000;10000;0;0;0;0;0;0;0;1;0;0;0;0;0;0;0;0;0;0;0;0;0;0;0;0;0;0;0;0;0;0;1;0;0;0;0;0;0;0;0;0;0;0;0;0;0;0;0;0;0;0;0;0;0;0;1;0;0;0;0;0;0;0;0;0;0;9,98301E+13;8,02049E+14;3,11353E+14;;;;1,71184E+14;4,53432E+14;FALS;0;0;0;0;1,823E+14;low ;219;60600;low ;643;11800;low ;663;3,81458E+14;2,22596E+14;9,44231E+14;4,42821E+12;3,91562E+14;;;P_score_freshwater_pred_UBA;9,98301E+13;7,03901E+14;;;M_score_pred_Dashboard;4,53432E+14;3,12308E+14;kemi_score;7;6,72802E+14;10;;;4,68865E+14;10;2,58003E+14;10;4,16635E+11;10;2,58003E+14;5;3,47805E+14;10;0;PM;;PM;2;Nh0, Azo, Nitrile;['Other']
2,2-difluoro-2-(trifluoromethoxy)acetic Acid;674-13-5;821-118-6;IHYMJUVQLSNPPP-UHFFFAOYSA-N;C(=O)(C(OC(F)(F)F)(F)F)O;DTXSID00408562;51252730;PRO-076;NS00074607;;FALS;;;;FALS;FALS;;;FALS;FALS;FALS;FALS;FALS;FALS;FALS;FALS;FALS;FALS;FALS;FALS;FALS;FALS;FALS;FALS;FALS;FALS;;;;FALS;FALS;FALS;FALS;FALS;FALS;FALS;FALS;FALS;FALS;FALS;FALS;FALS;FALS;FALS;FALS;FALS;FALS;FALS;FALS;FALS;FALS;FALS;FALS;FALS;;18003;;216;;30;;49;680335513;;4,12644E+14;;457;;;;;;2,83168E+14;;;;;;;;0;0;0;0;0;0;0;0;0;0;0;0;0;0;0;0;0;0;0;0;0;0;0;0;0;0;0;0;0;0;0;0;0;0;0;0;0;0;0;0;0;0;0;0;0;0;0;0;0;0;0;0;0;0;0;0;0;0;0;0;0;0;0;0;0;;;3,45259E+14;;;;;7,13965E+14;FALS;0;0;0;0;11700;low ;206;201000;low ;226;70700;low ;0;1,89687E+14;1,33448E+14;4,44388E+14;2,08482E+14;1,95917E+14;;;P_score_freshwater_pred_Dashboard;3,45259E+14;3,45259E+14;;;M_score_pred_Dashboard;7,13965E+14;7,13965E+14;;;4,9649E+14;10;;;4,9649E+14;10;1,95917E+14;5;3,64165E+14;75;1,95917E+14;25;3,64165E+14;75;0;PM;;PM;;Al Coo, Coo, Coo2, C O, Alkyl Halide, Ether, Halogen;['Alkylphenols', 'Ethylene Glycols', 'PFAS']
2,2'-dimethyl-2,2'-azodipropiononitrile;78-67-1;201-132-3;OZAIFHULBGXAKX-UHFFFAOYSA-N;CC(C)(C#N)N=NC(C)(C)C#N;DTXSID1026457;65470;PRO-077;NS00005643;REACH-A;FALS;vPvM;HQ;vPvM;FALS;FALS;;;FALS;FALS;FALS;FALS;FALS;FALS;FALS;FALS;FALS;FALS;FALS;FALS;FALS;FALS;FALS;CERT;FALS;FALS;"Home maintenance -> paint/stain and related products -> paint; catalyst; structure";"Flame retardants; Intermediate; Polymerization promoter; Process regulators; Propellants and blowing agents";"Other; Photosensitive chemicals";CERT;CERT;CERT;CERT;CERT;CERT;CERT;FALS;FALS;CERT;CERT;FALS;CERT;CERT;FALS;CERT;CERT;FALS;FALS;FALS;FALS;FALS;FALS;FALS;FALS;P-PNEC pred;164212;11;137;;414;214;449;1829946696;27489;1,65243E+14;1205233596;309;9500;;;;11;502933;37;88;29;38;>1000 to < 10000 tonnes;10000;100000;1;0;0;0;0;0;0;1;0;0;0;0;0;0;0;0;0;0;1;1;0;0;0;0;0;0;0;0;0;0;1;0;0;0;0;0;0;0;0;0;0;0;0;0;0;0;0;0;0;0;0;1;1;1;1;0;0;0;0;0;0;0;0;0;0;9,9118E+14;7,67167E+14;9,96558E+13;;;;3,73063E+14;5,29434E+14;CERT;0;0;0;0;17100;low ;225;77900;;10;28900;;10;3,31477E+14;2,00055E+14;3,79427E+14;3,04455E+14;3,35866E+14;;;P_score_freshwater_pred_Dashboard;9,96558E+13;9,18302E+14;;;M_score_pred_Dashboard;5,29434E+14;4,51249E+14;kemi_score;88;7,26369E+14;10;;;6,43725E+14;10;3,5252E+14;10;5,06023E+14;10;3,5252E+14;5;4,76368E+14;10;0;vPvM;;PM;1;Nh0, Azo, Nitrile;['Other']
2,2'-dimorpholinyldiethyl ether;6425-39-4;229-194-7;ZMSQJSMSLXVTKN-UHFFFAOYSA-N;C1COCCN1CCOCCN2CCOCC2;DTXSID9042170;809000;PRO-078;NS00005825;REACH-A;CERT;vPvM;HQ;vPvM;FALS;FALS;;;FALS;FALS;FALS;FALS;FALS;FALS;FALS;FALS;FALS;FALS;FALS;FALS;FALS;FALS;FALS;CERT;CERT;CERT;;"Adhesives and sealant chemicals; Catalyst; Intermediates; Paint additives and coating additives not described by other categories";"Adhesives and sealant chemicals; Catalyst; Not Known or Reasonably Ascertainable; Paint additives and coating additives not described by other categories; Processing aids, not otherwise listed";CERT;CERT;CERT;CERT;CERT;CERT;CERT;CERT;CERT;CERT;CERT;CERT;CERT;FALS;CERT;FALS;FALS;CERT;FALS;FALS;FALS;FALS;FALS;FALS;FALS;P-PNEC pred;244335;;-766;;738;;362;2439332694;-202;1,90566E+13;8538171168;182;10530;;;;-23;114348;82;81;39;52;>1000 to < 10000 tonnes;10000;100000;0;1;0;0;0;0;0;1;0;0;0;0;0;0;0;0;0;0;0;0;0;0;0;0;0;0;0;0;0;0;1;0;0;0;0;0;0;0;0;0;0;0;0;0;0;0;0;0;0;0;0;0;1;0;0;0;0;0;0;0;1;1;0;0;0;9,92593E+13;6,46364E+14;8,78212E+14;;;;8,21466E+14;4,24452E+14;FALS;0;0;0;0;3008;low ;649;82500;low ;7;5,952E+14;low ;0;2,57648E+14;1,95228E+14;7,73951E+13;5,87088E+14;2,67588E+14;;;P_score_freshwater_pred_UBA;9,92593E+13;8,39056E+14;;;M_score_pred_Episuite;8,21466E+14;6,22959E+14;kemi_score;81;9,02984E+14;10;;;7,22978E+14;10;4,68425E+14;10;6,50369E+14;10;4,68425E+14;5;5,81946E+12;10;20;vPvM;;vPvM;1;Nh0, Ether, Morpholine, Unbrch Alkane;['Ethylene Glycols']
2,2'-iminobis[4,6-diamino-1,3,5-triazine];3576-88-3;222-695-1;YZEZMSPGIPTEBA-UHFFFAOYSA-N;C1(=NC(=NC(=N1)NC2=NC(=NC(=N2)N)N)N)N;DTXSID50957156;771250;PRO-079;NS00003143;REACH-A;FALS;vPvM;HQ;vPvM;FALS;FALS;;;FALS;FALS;FALS;FALS;FALS;FALS;FALS;FALS;FALS;FALS;FALS;FALS;FALS;FALS;FALS;FALS;FALS;CERT;;;;FALS;FALS;CERT;FALS;FALS;FALS;FALS;FALS;FALS;FALS;FALS;CERT;FALS;FALS;FALS;FALS;FALS;FALS;FALS;FALS;FALS;FALS;FALS;FALS;FALS;P-PNEC pred;235215;;-309;;71;;553;1589949601;8442;5,3517E+14;2810419116;347;11450;;;;-34;717;69;26;18;28;>100 to < 1000 tonnes;1000;10000;0;0;0;0;0;0;0;0;0;0;0;0;0;0;0;0;0;0;0;0;0;0;0;0;0;0;0;0;0;0;0;0;0;0;0;0;0;0;0;0;0;0;0;0;0;0;0;0;0;0;0;0;0;0;1;0;0;0;1;0;0;0;0;0;0;9,93574E+14;9,33377E+14;4,51287E+14;;;;6,90218E+14;5,70582E+14;FALS;0;0;0;0;3935;low ;462;3,626E+14;low ;0;43400;low ;7;8,95152E+14;7,17957E+14;6,94645E+14;2,56434E+14;8,96412E+14;;;P_score_freshwater_pred_UBA;9,93574E+14;7,92746E+14;;;M_score_pred_Episuite;6,90218E+14;6,304E+14;E_score_max;28;8,2812E+14;10;;;7,06928E+14;10;7,86463E+14;10;8,07023E+14;10;7,86463E+14;5;7,45636E+14;10;0;vPvM(T);(T);vPvM(T);4;Arn, Ar N, Nh0, Nh1, Nh2, Aniline;['Aromatic amines']
2,3,4-trichlorobut-1-ene;2431-50-7;219-397-9;WZUZDBPJFHQVJC-UHFFFAOYSA-N;C=C(C(CCl)Cl)Cl;DTXSID6027474;170730;PRO-080;NS00002662;REACH-B;FALS;vPvM & PMT;MQ;PMT;FALS;FALS;;;FALS;FALS;FALS;FALS;FALS;FALS;FALS;FALS;FALS;FALS;FALS;FALS;FALS;FALS;FALS;FALS;FALS;FALS;;;;FALS;FALS;FALS;FALS;FALS;FALS;FALS;FALS;FALS;FALS;FALS;FALS;FALS;FALS;FALS;FALS;FALS;FALS;FALS;FALS;FALS;FALS;FALS;FALS;FALS;P-PNEC pred;15943;;281;;373;;346;2530199698;26901;4,89109E+14;5738298655;132;620;;;20;;1376838;38;39;0;0;;;;0;0;0;0;0;0;0;0;0;0;0;0;0;0;0;0;0;0;0;0;0;0;0;0;0;0;0;0;0;0;0;0;0;0;0;0;0;0;0;0;0;0;0;0;0;0;0;0;0;0;0;0;0;0;0;0;0;0;0;0;0;0;0;0;0;5,1401E+14;4,8095E+14;4,13545E+13;;;5;3,82644E+14;4,09144E+14;CERT;5;0;0;0;30100;low ;212;5583;low ;445;49900;low ;7;2,42526E+14;6,02638E+13;2,99283E+14;2,41718E+14;2,46447E+14;;;P_score_freshwater_pred_UBA;5,1401E+14;4,69502E+13;M_score_exp_UBA;5;M_score_exp_UBA;5;4,30596E+14;kemi_score;39;5,06957E+13;10;5;5;4,49628E+14;10;3,06023E+14;10;3,93879E+14;10;3,60434E+14;75;3,7094E+14;10;0;PM;PM;PM;3;Alkyl Halide, Allylic Oxid, Halogen;['Chlorinated alkane']
2,3-epoxypropyl o-tolyl ether;2210-79-9 ;218-645-3;KFUSXMDYOPXKKT-UHFFFAOYSA-N;CC1=CC=CC=C1OCC2CO2;DTXSID8024862;166400;PRO-081;;REACH-A;FALS;vPvM & PMT;MQ;PMT;FALS;FALS;;;FALS;FALS;FALS;FALS;FALS;FALS;FALS;FALS;FALS;FALS;FALS;FALS;FALS;FALS;FALS;FALS;FALS;FALS;"Home maintenance -> adhesives and adhesive removers -> multipurpose adhesive; diluent; diluent";"Adhesives and sealant chemicals; Diluent; Not Known or Reasonably Ascertainable; Paint additives and coating additives not described by other categories; Plasticizer; Viscosity adjustors";"Adhesives and sealant chemicals; Not Known or Reasonably Ascertainable; Paint additives and coating additives not described by other categories; Plasticizer; Viscosity adjustors";FALS;FALS;FALS;FALS;FALS;FALS;FALS;FALS;FALS;FALS;FALS;FALS;FALS;FALS;FALS;FALS;FALS;FALS;FALS;FALS;FALS;FALS;FALS;FALS;FALS;P-PNEC pred;164204;;213;;586;;749;206069784;;1,3429E+14;;741;320;;;23;;1128189;;;;;;;;0;0;0;0;0;0;0;0;0;0;0;0;0;0;0;0;0;0;0;0;0;0;0;0;0;0;0;0;0;0;0;0;0;0;0;0;0;0;0;0;0;0;0;0;0;0;0;0;0;0;0;0;0;0;0;0;0;0;0;0;0;0;0;0;0;2,54527E+14;;7,98553E+14;;;4,482E+13;;4,89483E+14;CERT;0;5;0;0;2610;low ;689;28400;moderate ;85;58000;low ;7;2,58768E+14;3,06701E+14;8,19125E+13;2,26778E+14;2,69272E+14;;;P_score_freshwater_pred_Dashboard;7,98553E+14;5,2654E+14;M_score_exp_UBA;4,482E+13;M_score_pred_Dashboard;4,89483E+14;4,68842E+14;;;6,25203E+14;10;4,482E+13;5;4,96854E+14;10;2,69272E+14;5;4,72147E+14;75;3,47401E+14;5;4,05088E+14;75;0;PM;PM;PM;;Aryl Methyl, Benzene, Epoxide, Ether, Para Hydroxylation;['Ethylene Glycols', 'PAHs', 'PBDE', 'PhenylEthers']
2,4,5-trichloroaniline;636-30-6;211-254-9;GUMCAKKKNKYFEB-UHFFFAOYSA-N;Nc1cc(Cl)c(Cl)cc1Cl;DTXSID5044152;124870;PRO-082;NS00006767;REACH-B;FALS;vPvM & PMT;MQ;PMT;FALS;FALS;;;FALS;FALS;FALS;FALS;FALS;FALS;FALS;FALS;FALS;FALS;FALS;FALS;FALS;FALS;FALS;FALS;FALS;FALS;;;;FALS;FALS;CERT;FALS;FALS;FALS;FALS;FALS;FALS;FALS;FALS;FALS;FALS;FALS;FALS;FALS;FALS;FALS;FALS;FALS;FALS;FALS;FALS;FALS;FALS;P-PNEC pred;19646;345;333;;84;;326;2920123326;29562;1,39409E+14;1065017022;2090;2310;;;30;;150542;34;34;0;0;;;;0;0;0;0;0;0;0;0;0;0;0;0;0;0;0;0;0;0;1;0;0;0;0;0;0;0;0;0;0;0;0;0;0;0;0;0;0;0;0;0;0;0;0;0;0;0;0;0;0;0;0;1;0;0;0;0;0;0;0;0;0;0;0;0;0;9,09253E+14;7,27296E+14;9,95402E+14;;;3,33333E+14;3,40114E+14;3,45748E+14;FALS;0;0;0;0;1489;moderate ;85;48;good ;10;4737;moderate ;85;4,55702E+14;3,35984E+14;1,02211E+14;6,44344E+14;4,65327E+14;;;P_score_freshwater_pred_Dashboard;9,95402E+14;8,77317E+14;M_score_exp_UBA;3,33333E+14;M_score_pred_Dashboard;3,45748E+14;3,39732E+13;kemi_score;34;5,8665E+14;10;3,33333E+14;5;5,45942E+14;10;3,97758E+14;10;4,83058E+13;10;3,75006E+14;75;4,65996E+14;10;10;PM;PM;PM;4;Arn, Nh2, Aniline, Benzene, Halogen;['Aromatic amines', 'Chlorobenzenes', 'PBB', 'PCB']
2,4,6-tribromophenol;118-79-6;204-278-6;BSWWXRFVMJHFBN-UHFFFAOYSA-N;Oc1c(Br)cc(Br)cc1Br;DTXSID6021959;14830;PRO-083;NS00004395;REACH-A;FALS;PMT;HQ;Not PMT/vPvM;FALS;FALS;;;FALS;FALS;FALS;FALS;FALS;FALS;FALS;FALS;FALS;FALS;FALS;FALS;FALS;FALS;FALS;FALS;FALS;FALS;;Intermediate;;FALS;FALS;FALS;FALS;FALS;FALS;FALS;FALS;FALS;FALS;FALS;FALS;FALS;FALS;FALS;FALS;FALS;FALS;FALS;FALS;FALS;FALS;FALS;FALS;FALS;P-PNEC pred;330801;413;418;;848;;154;3759667845;33764;9,84609E+14;865725527;5130;;5230;;30;;187077;28;47;11;16;>100 to < 1000 tonnes;1000;10000;0;0;0;0;0;0;0;0;0;0;0;0;0;0;0;0;0;0;0;0;0;0;0;0;0;0;0;0;0;0;1;0;0;0;0;0;0;0;0;0;0;0;0;0;0;0;0;0;0;0;0;0;0;0;1;0;0;0;0;0;0;0;0;0;0;;6,51757E+14;1E+15;8,60974E+14;;3,33333E+14;2,78072E+14;2,27988E+14;FALS;0;0;0;0;1535;moderate ;85;1144;;10;2845;;10;4,32411E+14;1,13204E+14;1,01005E+14;7,91405E+14;4,42329E+14;P_score_soil_exp_UBA;8,60974E+14;P_score_freshwater_pred_Dashboard;1E+15;8,37577E+14;M_score_exp_UBA;3,33333E+14;M_score_exp_UBA;3,33333E+14;2,79798E+14;kemi_score;47;5,7735E+14;10;5,35716E+14;10;4,84099E+14;10;3,51926E+14;10;4,5076E+14;10;4,34203E+14;10;4,12756E+14;10;10;PM;PM;PM;3;Ar Oh, Benzene, Halogen, Phenol, Phenol Noorthohbond;['Alkylphenols', 'Chlorobenzenes', 'Phenols', 'PBB', 'PCB']
2,4,6-triisopropyl-m-phenylene diisocyanate;2162-73-4;218-485-4;AZAKSPACDDRBQB-UHFFFAOYSA-N;CC(C)c1cc(c(c(c1N=C=O)C(C)C)N=C=O)C(C)C;DTXSID40176011;750990;PRO-084;;REACH-A;CERT;PMT;MQ;Potential PMT/vPvM;FALS;FALS;;;FALS;FALS;FALS;FALS;FALS;FALS;FALS;FALS;FALS;FALS;FALS;FALS;FALS;FALS;FALS;FALS;FALS;FALS;;;;CERT;CERT;CERT;FALS;FALS;FALS;CERT;FALS;FALS;FALS;FALS;FALS;FALS;FALS;FALS;FALS;FALS;FALS;FALS;FALS;FALS;FALS;FALS;FALS;FALS;P-PNEC pred;286375;;619;;742;;0,000289;2810232518;65609;3,14191E+14;5578253474;2690;2230;;;;27;134;4;29;16;24;>100 to < 1000 tonnes;1000;10000;0;0;0;0;0;0;0;0;0;0;0;0;0;0;0;0;0;0;0;0;0;0;0;0;0;0;0;0;0;0;1;0;0;0;0;0;0;0;0;0;0;0;0;0;0;0;0;0;0;0;1;1;0;0;0;0;0;0;0;0;0;0;0;0;0;9,04157E+14;4,68891E+14;9,44295E+14;;;;4,06454E+14;3,63175E+14;CERT;0;0;0;0;284;low ;375;2465;low ;309;390;low ;309;9,4649E+14;8,37988E+14;1,89491E+14;1,69234E+14;9,48244E+14;;;P_score_freshwater_pred_Dashboard;9,44295E+14;7,72448E+14;;;M_score_pred_Dashboard;3,63175E+14;2,0191E+14;kemi_score;29;5,85614E+14;10;;;3,94924E+14;10;1,94756E+14;10;3,37715E+14;10;1,94756E+14;5;2,77333E+13;10;10;PM;;PM;4;C O Nocoo, Imine, Nh0, Benzene, Isocyan;['Other']
2,4,6-trinitrobenzene-1,3,5-triamine;3058-38-6;221-297-5;JDFUJAMTCCQARF-UHFFFAOYSA-N;Nc1c(c(N)c(c(N)c1N(=O)=O)N(=O)=O)N(=O)=O;DTXSID8062818;182860;PRO-085;NS00022025;REACH-B;FALS;vPvM;HQ;vPvM;FALS;FALS;;;FALS;FALS;FALS;FALS;FALS;FALS;FALS;FALS;FALS;FALS;FALS;FALS;FALS;FALS;FALS;FALS;FALS;FALS;;Propellants and blowing agents;;FALS;FALS;FALS;FALS;FALS;FALS;FALS;FALS;FALS;FALS;FALS;FALS;FALS;FALS;FALS;FALS;FALS;FALS;FALS;FALS;FALS;FALS;FALS;FALS;FALS;P-PNEC pred;25815;;25;;921;;255;2079181246;612;2,67645E+14;189435005;661;54480;;;;-3;6704;72;39;8;15;>10 to < 100 tonnes;100;1000;0;0;0;0;0;0;0;0;0;0;0;0;0;0;0;0;0;0;0;0;0;0;0;0;0;0;0;0;0;0;0;0;0;0;0;0;0;0;0;0;0;0;0;0;0;0;0;0;0;0;0;0;0;0;0;0;0;0;0;0;0;0;0;0;0;9,99551E+13;8,77119E+14;1E+15;;;;7,2354E+14;4,86282E+14;FALS;0;0;0;0;2977;moderate ;85;3502;low ;0;4645;low ;0;7,63807E+14;7,28093E+14;7,77169E+14;6,49498E+12;7,66983E+14;;;P_score_freshwater_pred_Dashboard;1E+15;9,5889E+14;;;M_score_pred_Episuite;7,2354E+14;6,04911E+14;kemi_score;39;8,50611E+13;10;;;7,61606E+13;10;7,4312E+14;10;7,95051E+14;10;7,4312E+14;5;7,52306E+14;10;0;vPvM(T);(T);vPvM(T);3;Arn, Nh0, Nh2, Aniline, Benzene, Nitro, Nitro Arom;['Aromatic amines', 'Nitrobenzene derivatives']
2,4,6-tris(dimethylaminomethyl)phenol;90-72-2;202-013-9;AHDSRXYHVZECER-UHFFFAOYSA-N;CN(C)CC1=CC(=C(C(=C1)CN(C)C)O)CN(C)C;DTXSID5026548;70260;PRO-086;NS00003023;REACH-A;CERT;vPvM;HQ;vPvM;FALS;FALS;;;FALS;FALS;FALS;FALS;FALS;FALS;FALS;FALS;FALS;FALS;FALS;FALS;FALS;FALS;FALS;CERT;CERT;FALS;"Home maintenance -> adhesives and adhesive removers -> multipurpose adhesive; Home maintenance -> surface sealers; Pet care -> cats; accelerator; catalyst; curing agent; hardener";"Adhesives and sealant chemicals; Catalyst; Hardener; Paint additives and coating additives not described by other categories; Plasticizers; Viscosity adjustors";"Hardener; Not Known or Reasonably Ascertainable";CERT;CERT;CERT;CERT;CERT;CERT;CERT;FALS;FALS;FALS;CERT;CERT;CERT;CERT;CERT;CERT;CERT;CERT;FALS;FALS;FALS;FALS;FALS;FALS;FALS;P-PNEC pred;265401;;852;;991;;111;2720159303;13218;1,01232E+14;1308908407;117;8120;;;;-89;699245;62;82;38;5;>1000 to < 10000 tonnes;10000;100000;0;1;0;0;0;0;0;1;1;0;0;0;0;0;0;0;0;0;0;0;0;0;0;0;0;0;0;0;0;0;1;0;0;0;0;0;0;0;0;0;0;0;0;1;0;0;0;0;0;0;0;0;1;0;1;1;0;0;0;1;0;1;0;0;0;9,88497E+14;7,91411E+14;9,92081E+14;;;;6,15406E+14;3,77734E+14;CERT;0;0;0;0;2214;low ;454;36900;low ;464;14700;low ;0;3,00561E+14;2,74641E+14;8,74498E+14;4,04143E+14;3,11142E+14;;;P_score_freshwater_pred_Dashboard;9,92081E+14;9,23996E+14;;;M_score_pred_Episuite;6,15406E+14;4,9657E+14;kemi_score;82;7,81365E+14;10;;;6,77369E+14;10;4,39213E+14;10;5,85821E+13;10;4,39213E+14;5;5,45444E+11;10;0;vPvM;;PM;1;Ar Oh, Nh0, Benzene, Phenol, Phenol Noorthohbond;['Alkylphenols', 'Phenols']
2,4,8,10-tetra(tert-butyl)-6-hydroxy-12H-dibenzo[d,g][1,3,2]dioxaphosphocin 6-oxide, sodium salt;85209-91-2;286-344-4;ZHROMWXOTYBIMF-UHFFFAOYSA-M;CC(C)(C)C1=CC2=C(C(=C1)C(C)(C)C)OP(=O)(OC3=C(C2)C=C(C=C3C(C)(C)C)C(C)(C)C)[O-].[Na+];DTXSID2072914;236742780;PRO-087;NS00020034;REACH-A;CERT;vPvM;HQ;PM;FALS;FALS;;;FALS;FALS;FALS;FALS;FALS;FALS;FALS;FALS;FALS;FALS;FALS;FALS;FALS;FALS;FALS;FALS;FALS;CERT;nucleating agents;"Other (specify); Processing aids, not otherwise listed";Other (specify);FALS;FALS;FALS;CERT;FALS;CERT;CERT;FALS;FALS;FALS;CERT;CERT;FALS;FALS;FALS;FALS;FALS;FALS;FALS;FALS;FALS;FALS;CERT;FALS;FALS;P-PNEC pred;508615;;801;;102;;0,00476;511058971;6656;1,88618E+78;5170492778;11000;13750;;;29;;1951;4;5;25;38;>100 to < 1000 tonnes;1000;10000;0;0;0;0;0;0;0;0;0;0;0;0;0;0;0;0;0;0;0;0;0;0;0;0;0;0;0;0;0;0;1;0;0;0;0;0;0;0;0;0;0;0;0;0;0;0;0;0;0;0;0;0;1;0;1;0;0;0;0;0;0;0;0;0;0;9,95293E+14;9,75444E+14;10;;;3,4891E+14;3,81514E+14;1,03763E+14;FALS;0;0;0;0;2204;low ;0;247;low ;0;11000;low ;0;8,46803E+14;1,98978E+14;8,76069E+13;4,55905E+14;8,49125E+14;;;P_score_freshwater_pred_Dashboard;10;9,90246E+14;M_score_exp_UBA;3,4891E+14;M_score_exp_UBA;3,4891E+14;1,63608E+14;kemi_score;5;5,90686E+14;10;3,4891E+14;5;4,02508E+14;10;1,84296E+13;10;3,29941E+14;10;2,2799E+14;75;2,72361E+14;10;10;PM;PM;PM;3;Benzene, Bicyclic, Phos Acid, Phos Ester;['Cyclohexanes', 'Organophosphates']
2,4-diaminotoluene;95-80-7;202-453-1;VOZKAJLKRJDJLL-UHFFFAOYSA-N;CC1=C(C=C(C=C1)N)N;DTXSID4020402;72610;PRO-088;NS00007515;;FALS;;;;FALS;FALS;;;FALS;FALS;FALS;FALS;FALS;FALS;FALS;FALS;FALS;CERT;FALS;FALS;FALS;FALS;CERT;FALS;FALS;FALS;;Intermediate;;CERT;FALS;CERT;FALS;FALS;FALS;FALS;FALS;FALS;FALS;FALS;FALS;FALS;FALS;FALS;FALS;FALS;FALS;FALS;FALS;FALS;FALS;FALS;FALS;FALS;;122171;14;192;;786;;323;1670245853;9593;5,3517E+14;3475034378;501;;;;;;1195292;67;68;0;0;;;;0;0;0;0;0;0;0;0;0;0;0;0;0;0;0;0;0;0;1;0;0;0;0;0;0;0;0;0;0;0;0;0;0;0;0;0;0;0;0;0;0;0;0;0;0;0;0;0;0;0;0;1;0;0;0;0;0;0;0;0;0;0;0;0;0;;2,82183E+14;4,51287E+14;;;;6,72906E+14;5,56895E+13;CERT;75;5;0;0;31500;low ;7;1123;;10;14400;;10;2,53984E+14;1,14014E+13;2,93603E+14;4,0763E+14;2,57774E+14;;;P_score_freshwater_pred_Dashboard;4,51287E+14;3,66735E+14;;;M_score_pred_Episuite;6,72906E+14;6,149E+13;kemi_score;68;5,51066E+14;10;;;4,74874E+14;10;4,15582E+14;10;4,78553E+14;10;4,15582E+14;5;4,4424E+13;10;0;PM;;PM;2;Arn, Nh2, Aniline, Aryl Methyl, Benzene;['Aromatic amines', 'PAHs']
2,4-dichlorophenol;120-83-2;204-429-6;HFZWRUODUSTPEG-UHFFFAOYSA-N;Oc1ccc(Cl)cc1Cl;DTXSID1020439;84490;PRO-089;NS00004912;REACH-B;FALS;vPvM & PMT;MQ;PMT;FALS;FALS;;;FALS;FALS;FALS;FALS;FALS;FALS;FALS;FALS;FALS;FALS;FALS;FALS;FALS;FALS;FALS;FALS;FALS;FALS;;"Agricultural chemicals (non-pesticidal); Intermediate";;FALS;FALS;CERT;FALS;FALS;FALS;FALS;FALS;FALS;FALS;FALS;FALS;FALS;FALS;FALS;FALS;FALS;FALS;FALS;FALS;FALS;FALS;FALS;FALS;FALS;EQS water (=AA-EQS);1630;306;30;;631;277;107;2920123326;27845;5,3517E+14;4242591481;316;490;;;23;;2;37;54;0;0;;;;0;0;0;0;0;0;0;0;0;0;0;0;0;0;0;0;0;0;0;0;0;0;0;0;0;0;0;0;0;0;0;0;0;0;0;0;0;0;0;0;0;0;0;0;0;0;0;0;0;0;1;0;0;0;0;0;0;0;0;0;0;0;0;0;0;4,143E+14;3,56063E+14;4,51287E+14;;;4,482E+13;3,6731E+14;3,45748E+14;CERT;0;0;0;0;13800;low ;7;1003;;10;9132;;10;6,67959E+14;1,19066E+14;4,14919E+14;4,92395E+14;6,70343E+14;;;P_score_freshwater_pred_Dashboard;4,51287E+14;4,07217E+14;M_score_exp_UBA;4,482E+13;M_score_exp_UBA;4,482E+13;3,87086E+14;kemi_score;54;4,49741E+14;10;4,482E+13;5;3,97024E+14;10;4,98023E+14;10;4,73267E+14;10;4,80829E+14;75;4,44665E+14;10;0;PM;PM;PM;2;Ar Oh, Benzene, Halogen, Phenol, Phenol Noorthohbond;['Alkylphenols', 'Chlorobenzenes', 'Phenols', 'PBB', 'PCB']
2,4-dichlorotoluene;95-73-8;202-445-8;FUNUTBJJKQIVSY-UHFFFAOYSA-N;Cc1ccc(Cl)cc1Cl;DTXSID5040702;72540;PRO-090;NS00002540;REACH-B;FALS;PMT;MQ;Not PMT/vPvM;FALS;FALS;;;FALS;FALS;FALS;FALS;FALS;FALS;FALS;FALS;FALS;FALS;FALS;FALS;FALS;FALS;FALS;FALS;FALS;FALS;;;;CERT;CERT;CERT;FALS;FALS;FALS;CERT;FALS;FALS;FALS;FALS;FALS;FALS;FALS;FALS;FALS;FALS;FALS;FALS;FALS;FALS;FALS;FALS;FALS;FALS;P-PNEC pred;16103;424;40;;485;;201;2720159303;36795;6,39061E+14;5433261102;6760;630;;;32;;142052;24;38;0;0;;;;0;0;0;0;0;0;0;0;0;0;0;0;0;0;0;0;0;0;0;0;0;0;0;0;0;0;0;0;0;0;0;0;0;0;0;0;0;0;0;0;0;0;0;0;0;0;0;0;0;0;0;1;0;0;0;0;0;0;0;0;0;0;0;0;0;5,2084E+14;4,57697E+14;9,82777E+14;;;3,0327E+14;2,37916E+14;3,77734E+14;FALS;0;0;0;0;2,618E+14;moderate ;85;1731;moderate ;85;3967;moderate ;85;4,61962E+14;9,63637E+14;8,18126E+14;6,92375E+14;4,69577E+14;;;P_score_freshwater_pred_Dashboard;9,82777E+14;6,53771E+14;M_score_exp_UBA;3,0327E+14;M_score_pred_Dashboard;3,77734E+14;3,06306E+14;kemi_score;38;6,09285E+14;10;3,0327E+14;5;4,47498E+14;10;3,35706E+14;10;4,52262E+14;10;3,24526E+13;75;3,87592E+14;10;10;PM;;PM;Priority group;Aryl Methyl, Benzene, Halogen;['Chlorobenzenes', 'PAHs', 'PBB', 'PCB']
2,4-dinitrophenol;51-28-5;200-087-7;UFBJCMHMOXMLKC-UHFFFAOYSA-N;C1=CC(=C(C=C1[N+](=O)[O-])[N+](=O)[O-])O;DTXSID0020523;14930;PRO-091;NS00010496;REACH-A;FALS;vPvM & PMT;MQ;vPvM & PMT;FALS;FALS;;;FALS;FALS;FALS;FALS;FALS;FALS;FALS;FALS;FALS;FALS;FALS;FALS;FALS;FALS;FALS;FALS;FALS;CERT;;Intermediate;;FALS;FALS;FALS;FALS;FALS;FALS;FALS;FALS;FALS;FALS;FALS;FALS;FALS;FALS;FALS;FALS;FALS;FALS;FALS;FALS;FALS;FALS;CERT;FALS;FALS;PNEC aqua (freshwater);184107;167;17;;734;;628;2350248018;24538;9,65441E+14;4021767726;372;25000;;;11;;40;42;55;2;3;>100 to < 1000 tonnes;1000;10000;1;0;0;0;0;0;0;0;0;0;0;0;0;0;0;0;0;0;1;0;0;0;0;0;0;0;0;0;0;0;0;0;0;0;0;0;0;0;0;0;0;0;0;0;0;0;1;0;0;0;0;0;0;0;0;0;0;0;0;0;0;0;0;0;0;9,98301E+13;3,35398E+14;6,92778E+14;;;6,5109E+14;4,22004E+14;4,39603E+14;CERT;0;0;0;0;10100;good ;10;20200;good ;10;4,508E+14;moderate ;85;3,53873E+14;3,53881E+14;4,7231E+14;6,57439E+14;3,59152E+14;;;P_score_freshwater_pred_UBA;9,98301E+13;6,75492E+14;M_score_exp_UBA;6,5109E+14;M_score_exp_UBA;6,5109E+14;5,04232E+14;kemi_score;55;8,06215E+14;10;6,5109E+14;5;5,83614E+14;10;3,88386E+14;10;5,59574E+14;10;4,61377E+14;75;4,76096E+14;10;0;vPvM;PM;PM;4;Ar Oh, Nh0, Benzene, Nitro, Nitro Arom, Nitro Arom Nonortho, Phenol, Phenol Noorthohbond;['Alkylphenols', 'Phenols', 'Nitrobenzene derivatives']
2,4-di-tert-butylphenol;96-76-4;202-532-0;ICKWICRCANNIBI-UHFFFAOYSA-N;CC(C)(C)c1cc(c(cc1)O)C(C)(C)C;DTXSID2026602;73110;PRO-092;NS00010683;REACH-A;CERT;PMT;HQ;Not PMT/vPvM;FALS;FALS;;;FALS;FALS;FALS;FALS;FALS;FALS;FALS;FALS;FALS;FALS;FALS;FALS;FALS;FALS;FALS;CERT;CERT;FALS;;"Antioxidant; Crystal growth modifiers (nucleating agents); Fuels and fuel additives; Intermediates; Processing aids, not otherwise listed; UV stabilizer";Crystal growth modifiers (nucleating agents);CERT;CERT;CERT;FALS;FALS;FALS;CERT;FALS;FALS;FALS;CERT;FALS;FALS;FALS;FALS;FALS;FALS;FALS;CERT;CERT;CERT;FALS;FALS;FALS;FALS;;206329;519;503;;867;17;177;3499687083;39627;2,69032E+14;5225355976;2510;;;;37;;32257;2;82;32;42;>1000 to < 10000 tonnes;10000;100000;1;0;0;0;0;0;0;0;0;0;0;0;1;0;0;0;0;0;1;0;0;0;0;0;0;0;0;0;0;0;0;0;0;0;0;0;0;0;0;0;0;0;0;0;0;0;0;0;0;0;1;1;0;0;0;0;0;0;0;0;0;0;0;0;0;;4,41194E+14;9,99971E+14;;;2,35349E+14;2,04169E+14;2,61246E+14;FALS;0;0;0;0;1434;moderate ;85;1,518E+14;moderate ;85;1844;;10;6,20431E+14;1,01445E+13;1,03721E+14;9,39986E+14;6,27241E+14;;;P_score_freshwater_pred_Dashboard;9,99971E+14;7,20582E+13;M_score_exp_UBA;2,35349E+14;M_score_pred_Dashboard;2,61246E+14;2,33588E+14;kemi_score;82;5,11115E+14;10;2,35349E+14;5;4,10267E+13;10;3,54187E+14;10;4,25476E+14;10;3,09072E+14;75;3,81197E+14;10;10;PM;;PM;2;Ar Oh, Benzene, Phenol, Phenol Noorthohbond;['Alkylphenols', 'Phenols']
2,5-bis-isocyanatomethyl-bicyclo[2.2.1]heptane;74091-64-8;411-280-2;LEAAXJONQWQISB-UHFFFAOYSA-N;C(=O)=NCC1C2C(CN=C=O)CC(C2)C1;DTXSID901335728;117012540;PRO-093;;REACH-B;FALS;vPvM & PMT;MQ;vPvM & PMT;FALS;FALS;;;FALS;FALS;FALS;FALS;FALS;FALS;FALS;FALS;FALS;FALS;FALS;FALS;FALS;FALS;FALS;FALS;FALS;FALS;;;;CERT;FALS;CERT;FALS;FALS;FALS;CERT;FALS;FALS;FALS;FALS;FALS;FALS;FALS;FALS;FALS;FALS;FALS;FALS;FALS;FALS;FALS;FALS;FALS;FALS;;206245;;118;;474;;316;1959994838;;1,90566E+13;;692;380;;;;13;1758;;;16;24;>100 to < 1000 tonnes;1000;10000;0;0;0;0;0;0;0;0;0;0;0;0;0;0;0;0;0;0;0;0;0;0;0;0;0;0;0;0;0;0;1;0;0;0;0;0;0;0;0;0;0;0;0;0;0;0;0;0;0;0;0;0;0;0;1;0;0;0;0;0;0;0;0;0;0;3,1414E+14;;8,78212E+14;;;;;5,06932E+13;FALS;0;0;0;0;2606;low ;265;49900;low ;301;3911;low ;384;6,80263E+14;2,41718E+14;8,19627E+13;6,96364E+14;6,84797E+14;;;P_score_freshwater_pred_Dashboard;8,78212E+14;5,96176E+14;;;M_score_pred_Dashboard;5,06932E+13;5,06932E+13;E_score_max;24;6,67228E+14;10;;;5,49746E+14;10;6,84797E+14;5;6,73034E+14;75;6,84797E+14;25;5,9151E+14;75;0;PM(T);(T);PM(T);1;C O Nocoo, Imine, Nh0, Bicyclic, Isocyan;['Cyclohexanes']
2,5-diaminobenzenesulphonic acid;88-45-9;201-832-9;HEAHMJLHQCESBZ-UHFFFAOYSA-N;C1=CC(=C(C=C1N)S(=O)(=O)O)N;DTXSID7058969;666170;PRO-094;NS00007767;REACH-A;CERT;vPvM & PMT;MQ;vPvM & PMT;FALS;FALS;;;FALS;FALS;FALS;FALS;FALS;FALS;FALS;FALS;FALS;FALS;FALS;FALS;FALS;FALS;FALS;FALS;FALS;FALS;;;;CERT;CERT;CERT;FALS;FALS;FALS;FALS;FALS;FALS;FALS;CERT;FALS;FALS;FALS;FALS;FALS;FALS;FALS;FALS;FALS;FALS;FALS;FALS;FALS;FALS;P-PNEC pred;1882;;-268;;832;;746;1670245853;-10817;1,30658E+14;3024377472;398;2800;;;13;;1376414;89;42;9;18;>10 to < 100 tonnes;100;1000;0;0;0;0;0;0;0;0;0;0;0;0;0;0;0;0;0;0;1;0;0;1;0;0;0;0;0;0;0;0;0;0;0;0;0;0;0;0;0;0;0;0;0;0;0;0;0;0;0;0;1;1;0;0;0;0;0;0;0;0;0;0;0;0;0;9,32981E+14;2,36655E+14;6,87607E+13;;;6,18976E+14;8,9436E+14;5,56895E+13;FALS;0;0;0;0;12000;low ;217;1514;low ;7;83800;good ;10;2,4255E+14;1,01549E+14;4,39742E+14;1,93933E+14;2,48312E+14;;;P_score_freshwater_pred_UBA;9,32981E+14;4,12799E+14;M_score_exp_UBA;6,18976E+14;M_score_pred_Episuite;8,9436E+14;6,90077E+14;kemi_score;42;9,13466E+14;10;6,18976E+14;5;5,33725E+13;10;4,70104E+14;10;6,55305E+14;10;5,15253E+13;75;5,00906E+14;10;0;vPvM;PM;PM;;Arn, Nh2, Aniline, Benzene;['Aromatic amines']
2,5-di-tert-pentylhydroquinone;79-74-3;201-222-2;CZNRFEXEPBITDS-UHFFFAOYSA-N;CCC(C)(C)c1cc(c(cc1O)C(C)(C)CC)O;DTXSID5044992;66100;PRO-095;NS00008202;REACH-A;FALS;PMT;MQ;Not PMT/vPvM;FALS;FALS;;;FALS;FALS;FALS;FALS;FALS;FALS;FALS;FALS;FALS;FALS;FALS;FALS;FALS;FALS;FALS;CERT;CERT;CERT;"antioxidant; antioxidant";"Antioxidant; UV stabilizer";;CERT;CERT;CERT;CERT;FALS;CERT;CERT;FALS;FALS;FALS;CERT;CERT;FALS;CERT;FALS;FALS;FALS;FALS;FALS;FALS;FALS;FALS;CERT;FALS;FALS;P-PNEC pred;250382;;514;;837;;154;4260071388;44835;1,65243E+14;5659366001;7590;550;;;37;;71402;15;63;14;26;>10 to < 100 tonnes;100;1000;0;1;0;0;0;0;0;0;0;0;0;0;0;0;0;0;0;0;0;0;1;0;0;0;0;0;0;0;0;0;1;0;0;0;0;0;0;0;0;0;0;0;0;0;0;0;0;0;0;0;0;1;0;1;1;0;0;0;0;0;0;0;0;0;1;4,62882E+14;4,75042E+14;9,96558E+13;;;2,35349E+14;1,51687E+14;1,72707E+14;FALS;0;0;0;0;208;moderate ;85;1424;moderate ;85;1969;good ;10;5,36507E+14;1,04004E+14;2,11141E+14;9,16007E+14;5,53437E+14;;;P_score_freshwater_pred_Dashboard;9,96558E+13;6,44827E+14;M_score_exp_UBA;2,35349E+14;M_score_exp_UBA;2,35349E+14;1,86581E+14;kemi_score;63;4,84292E+14;10;2,35349E+14;5;3,46861E+14;10;2,88124E+14;10;3,73546E+14;10;2,69334E+14;75;3,16131E+14;10;10;PM;;PM;3;Ar Oh, Benzene, Phenol, Phenol Noorthohbond;['Alkylphenols', 'Phenols']
2,6-xylidine;87-62-7;201-758-7;UFFBMTHBGFGIHF-UHFFFAOYSA-N;Cc1cccc(C)c1N;DTXSID8026307;68960;PRO-096;NS00008896;REACH-B;FALS;PMT;HQ;PMT;FALS;FALS;;;FALS;FALS;FALS;FALS;FALS;FALS;FALS;FALS;FALS;FALS;FALS;FALS;FALS;FALS;FALS;FALS;FALS;FALS;Furniture and furnishings;Adhesives and sealant chemicals;;CERT;CERT;CERT;FALS;FALS;FALS;CERT;FALS;FALS;FALS;FALS;FALS;FALS;FALS;FALS;FALS;FALS;FALS;FALS;FALS;FALS;FALS;FALS;FALS;FALS;P-PNEC pred;121183;184;188;;648;678;406;1859738566;19213;9,87158E+14;3077346387;55;25000;;;16;;1268452;51;52;0;6;>0 to < 10 tonnes;0;100;0;0;0;0;0;0;0;0;0;0;0;0;0;0;0;0;0;0;0;0;0;0;0;0;0;0;0;0;0;0;0;0;0;0;0;0;0;0;0;0;0;0;0;0;0;0;0;0;0;0;0;1;0;0;0;0;0;0;0;0;0;0;0;0;0;9,98301E+13;2,42059E+14;9,99997E+14;;;5,68874E+14;5,13634E+14;5,24286E+14;CERT;5;0;0;0;50800;low ;7;460;;7;136600;;85;2,49127E+14;1,59392E+14;2,39893E+14;1,57436E+14;2,52243E+14;;;P_score_freshwater_pred_Dashboard;9,99997E+14;7,46785E+14;M_score_exp_UBA;5,68874E+14;M_score_exp_UBA;5,68874E+14;5,35598E+14;kemi_score;52;7,54236E+14;10;5,68874E+14;5;6,32437E+13;10;3,5867E+14;10;5,20117E+14;10;4,18281E+14;75;4,76273E+14;10;0;vPvM;PM;PM;2;Arn, Nh2, Aniline, Aryl Methyl, Benzene, Para Hydroxylation;['Aromatic amines', 'PAHs']
2:2 fluorotelomer alcohol;54949-74-5;259-405-8;JPMHUDBOKDBBLG-UHFFFAOYSA-N;C(CO)C(C(F)(F)F)(F)F;DTXSID6068985;1086440;PRO-097;NS00003254;;FALS;;;;FALS;FALS;;;FALS;FALS;FALS;FALS;FALS;FALS;FALS;FALS;FALS;FALS;FALS;FALS;FALS;FALS;FALS;FALS;FALS;FALS;;;;FALS;FALS;FALS;FALS;FALS;FALS;FALS;FALS;FALS;FALS;FALS;FALS;FALS;FALS;FALS;FALS;FALS;FALS;FALS;FALS;FALS;FALS;FALS;FALS;FALS;;164075;;126;;31;;117;2029383778;14706;8,73567E+14;6398215216;355;;;;;;311232;;13;;;;;;0;0;0;0;0;0;0;0;0;0;0;0;0;0;0;0;0;0;0;0;0;0;0;0;0;0;0;0;0;0;0;0;0;0;0;0;0;0;0;0;0;0;0;0;0;0;0;0;0;0;0;0;0;0;0;0;0;0;0;0;0;0;0;0;0;;5,27436E+14;6,55248E+14;;;;5,90722E+14;4,94908E+14;FALS;0;0;0;0;68700;low ;218;154700;low ;236;139900;low ;0;1,83459E+13;1,49278E+14;2,11041E+14;1,55838E+14;1,8644E+14;;;P_score_freshwater_pred_Dashboard;6,55248E+14;5,91342E+14;;;M_score_pred_Episuite;5,90722E+14;5,42815E+14;kemi_score;13;6,22149E+14;10;;;5,66559E+14;10;1,8644E+14;5;4,16335E+14;75;1,8644E+14;25;3,9115E+14;75;0;PM;;PM;3;Al Oh, Al Oh Notert, Alkyl Halide, Halogen;['Alkylphenols', 'PFAS']
2-[4,5-dihydro-4-methyl-4-(1-methylethyl)-5-oxo-1H-imidazol-2-yl]-3-pyridine carboxylate;81334-34-1;617-219-8;CLQMBPJKHLGMQK-UHFFFAOYSA-M;CC(C)C1(C(=O)NC(=N1)C2=C(C=CC=N2)C(=O)O)C;DTXSID8034665;547380;PRO-098;;REACH-A;FALS;vPvM;HQ;vPvM;FALS;FALS;;;FALS;FALS;FALS;FALS;FALS;FALS;FALS;FALS;FALS;FALS;FALS;FALS;FALS;FALS;FALS;FALS;FALS;FALS;"Landscape/yard -> herbicide; herbicide; pesticide and pesticide degradates";;;FALS;FALS;FALS;FALS;FALS;FALS;FALS;FALS;FALS;FALS;FALS;FALS;FALS;FALS;FALS;FALS;FALS;FALS;FALS;FALS;FALS;FALS;FALS;FALS;FALS;PNEC acute;261281;22;684;;90;435;159;20;4282;3,48133E+13;6949948649;339;;21540;;15;;24;75;46;8;15;>10 to < 100 tonnes;100;1000;0;0;0;0;0;0;0;0;0;0;0;0;0;0;0;0;0;0;0;0;0;0;0;0;0;0;0;0;0;0;0;0;0;0;0;0;0;0;0;0;0;0;0;0;0;0;0;0;0;0;0;0;0;0;0;0;0;0;0;0;0;0;0;0;0;;5,62485E+14;2,8281E+14;9,85842E+14;;5,85786E+14;7,48285E+14;5;CERT;0;0;0;0;2016;low ;195;98900;low ;24;9148;low ;355;8,34766E+14;1,80713E+14;9,07517E+14;4,92039E+13;8,3736E+13;P_score_soil_exp_UBA;9,85842E+14;P_score_soil_exp_UBA;9,85842E+14;6,10379E+14;M_score_exp_UBA;5,85786E+14;M_score_pred_Episuite;7,48285E+14;6,11357E+13;kemi_score;46;8,5889E+14;10;7,5993E+12;10;6,10868E+14;10;7,92477E+14;10;8,25015E+14;10;7,76033E+14;10;6,95772E+14;10;0;vPvM(T);vPvM(T);PM(T);4;Ar Coo, Ar N, Coo, Coo2, C O, C O Nocoo, Imine, Nh0, Nh1, Amide, Amidine, Pyridine;['Alkylphenols', 'Pyridin']
2-[difluoro(methoxy)methyl]-1,1,1,3,3,3-hexafluoropropane;382-26-3;609-534-4;AQHKYFLVHBIQMS-UHFFFAOYSA-N;COC(F)(F)C(C(F)(F)F)C(F)(F)F;DTXSID40880146;454590;PRO-099;;REACH-B;FALS;vPvM & PMT;MQ;PMT;FALS;FALS;;;FALS;FALS;FALS;FALS;FALS;FALS;FALS;FALS;FALS;FALS;FALS;FALS;FALS;FALS;FALS;FALS;FALS;FALS;;;;CERT;FALS;FALS;FALS;FALS;FALS;FALS;FALS;FALS;FALS;FALS;FALS;FALS;FALS;FALS;FALS;FALS;FALS;FALS;FALS;FALS;FALS;FALS;FALS;FALS;P-PNEC pred;232073;;306;;157;;26;2599883072;;4,12644E+14;;427;18390;;;;21;306283;;27;0;0;;;;0;0;0;0;0;0;0;0;0;0;0;0;0;0;0;0;0;0;0;0;0;0;0;0;0;0;0;0;0;0;0;0;0;0;0;0;0;0;0;0;0;0;0;0;0;0;0;0;0;0;0;1;0;0;0;0;0;0;0;0;0;0;0;0;0;9,97131E+14;;3,45259E+14;;;;;3,9752E+14;FALS;0;0;0;0;5875;low ;213;25800;low ;0;48400;low ;0;3,80807E+14;3,19343E+14;5,90221E+14;2,44864E+14;3,8713E+14;;;P_score_freshwater_pred_UBA;9,97131E+14;6,71195E+14;;;M_score_pred_Dashboard;3,9752E+14;3,9752E+14;kemi_score;27;6,29587E+14;10;;;5,1654E+14;10;3,8713E+14;5;5,35373E+14;75;3,8713E+14;25;4,69197E+14;75;0;PM;;PM;3;Alkyl Halide, Ether, Halogen, Methoxy;['Ethylene Glycols', 'PFAS']
2-{2-chloro-4-(methylsulfonyl)-3-[(tetrahydrofuran-2-ylmethoxy)methyl]benzoyl}cyclohexane-1,3-dione;473278-76-1;695-022-6;UFAPVJDEYHLLBG-UHFFFAOYSA-N;CS(=O)(=O)C1=C(C(=C(C=C1)C(=O)C2C(=O)CCCC2=O)Cl)COCC3CCCO3;DTXSID9058105;112051540;PRO-100;;REACH-A;FALS;vPvM;HQ;vPvM;FALS;FALS;;;FALS;FALS;FALS;FALS;FALS;FALS;FALS;FALS;FALS;FALS;FALS;FALS;FALS;FALS;FALS;FALS;FALS;FALS;;;;FALS;FALS;CERT;FALS;FALS;FALS;CERT;FALS;FALS;FALS;CERT;FALS;FALS;FALS;FALS;FALS;FALS;FALS;FALS;FALS;FALS;FALS;FALS;FALS;FALS;;44291;;135;;117;;328;1729974286;;2,9666E+14;;501;;10000;;15;;;;;11;22;>20 to <200 tonnes;200;2000;0;0;0;0;0;0;0;0;0;0;0;0;0;0;0;0;0;0;0;0;0;0;0;0;0;1;0;0;0;0;0;0;0;0;0;0;0;0;0;0;0;0;0;0;0;0;0;0;0;0;0;0;0;0;0;0;0;0;0;0;0;0;0;0;0;;;2,30749E+14;9,4938E+14;;5,85786E+14;;5,46656E+14;FALS;0;0;0;0;2528;low ;298;25800;low ;375;17200;low ;373;;3,19343E+14;8,29612E+14;3,78504E+14;5,0006E+14;P_score_soil_exp_UBA;9,4938E+14;P_score_soil_exp_UBA;9,4938E+14;5,90065E+14;M_score_exp_UBA;5,85786E+14;M_score_exp_UBA;5,85786E+14;5,66221E+14;E_score_max;22;7,45744E+14;10;7,45744E+14;10;5,7802E+14;10;5,0006E+14;5;3,02971E+14;75;3,02971E+14;75;2,55644E+14;75;0;vPvM;vPvM;PM;4;C O, C O Nocoo, Benzene, Ether, Halogen, Ketone, Ketone Topliss, Sulfone;['Chlorobenzenes', 'Ethylene Glycols', 'Benzophenones', 'PBB', 'PBDE', 'PhenylEthers']
21-Acetoxy-6alpha-fluoro-11ÃŸ-hydroxy-16alpha-methyl-4-pregnene-3,20-dione;1176-81-4;601-489-9;JXJAJSNUTGVHEG-WLDNQIQOSA-N;CC(=O)OCC(=O)C1[C@H](C)CC2C3C[C@H](F)C4=CC(=O)CCC4(C)C3[C@@H](O)CC12C;DTXSID801035711;704078610;PRO-101;NS00077291;REACH-B;FALS;PMT;MQ;Potential PMT/vPvM;FALS;FALS;;;FALS;FALS;FALS;FALS;FALS;FALS;FALS;FALS;FALS;FALS;FALS;FALS;FALS;FALS;FALS;FALS;FALS;FALS;;;;FALS;CERT;FALS;FALS;FALS;FALS;CERT;FALS;FALS;FALS;FALS;FALS;FALS;FALS;FALS;FALS;FALS;FALS;FALS;FALS;FALS;FALS;FALS;FALS;FALS;P-PNEC;420521;;306;;104;;0,00209;4579783597;;2,98623E+55;;891;940;;;;28;5784613828;;19;3;9;>1 to < 10 tonnes;10;100;0;0;0;0;0;0;0;0;0;0;0;0;0;0;0;0;0;0;0;0;0;0;0;0;0;0;0;0;0;0;0;0;0;0;0;0;0;0;0;0;0;0;0;0;0;0;0;0;0;0;0;1;0;0;0;0;0;0;0;0;0;0;0;0;0;6,82977E+14;;10;;;;;1,43297E+14;FALS;0;0;0;0;3972;low ;353;23100;low ;321;3982;low ;381;3,18153E+14;3,34522E+14;6,92022E+14;6,91319E+13;3,57595E+14;;;P_score_freshwater_pred_Dashboard;10;8,41488E+14;;;M_score_pred_Dashboard;1,43297E+14;1,43297E+14;kemi_score;19;3,78546E+14;10;;;3,47251E+14;10;3,57595E+14;5;3,71429E+14;75;3,57595E+14;25;3,50665E+14;75;10;PM;;PM;;Al Oh, Al Oh Notert, C O, C O Nocoo, Alkyl Halide, Allylic Oxid, Bicyclic, Ester, Ether, Halogen, Ketone, Ketone Topliss;['Alkylphenols', 'Cyclohexanes', 'Ethylene Glycols', 'HBCDDs', 'Terpenoid', 'Acrylics/Acrylates', 'PFAS']
2-amino-4,5-dichlorobenzenesulfonic acid;6331-96-0;700-413-2;AKLDPNVZTZIVFA-UHFFFAOYSA-N;Nc1cc(Cl)c(Cl)cc1S(=O)(=O)O;DTXSID5074921;2357120;PRO-102;NS00009690;REACH-A;FALS;vPvM & PMT;MQ;vPvM & PMT;FALS;FALS;;;FALS;FALS;FALS;FALS;FALS;FALS;FALS;FALS;FALS;FALS;FALS;FALS;FALS;FALS;FALS;FALS;FALS;FALS;;;;CERT;CERT;CERT;FALS;FALS;FALS;CERT;FALS;FALS;FALS;FALS;FALS;FALS;FALS;FALS;FALS;FALS;FALS;FALS;FALS;FALS;FALS;FALS;FALS;FALS;P-PNEC pred;24207;;102;;814;;184;1250420002;;1,3429E+14;;525;3340;;;;-10;1071255;;29;2;6;>1 to < 10 tonnes;10;100;0;0;0;0;0;0;0;0;0;0;0;0;0;0;0;0;0;0;1;0;0;0;0;0;0;0;0;0;0;0;0;0;0;0;0;0;0;0;0;0;0;0;0;0;0;0;0;0;0;0;0;1;0;0;0;0;0;0;0;0;0;0;0;0;0;9,49544E+14;;7,98553E+14;;;;;6,27047E+14;FALS;0;0;0;0;1917;low ;214;34500;moderate ;85;64700;moderate ;85;2,63105E+14;2,82551E+14;9,25725E+14;2,16491E+14;2,96751E+14;;;P_score_freshwater_pred_UBA;9,49544E+14;8,74049E+14;;;M_score_pred_Dashboard;6,27047E+14;6,27047E+14;kemi_score;29;7,71627E+14;10;;;7,40317E+14;10;2,96751E+14;5;5,61137E+14;75;2,96751E+14;25;5,45853E+14;75;0;vPvM;;vPvM;4;Arn, Nh2, Aniline, Benzene, Halogen;['Aromatic amines', 'Chlorobenzenes', 'PBB', 'PCB']
2-amino-4,6-dinitrophenol;96-91-3;202-544-6;QXYMVUZOGFVPGH-UHFFFAOYSA-N;Nc1cc(cc(c1O)N(=O)=O)N(=O)=O;DTXSID5024479;49213190;PRO-103;NS00006370;REACH-A;FALS;PMT;HQ;PMT;FALS;FALS;;;FALS;FALS;FALS;FALS;FALS;FALS;FALS;FALS;FALS;FALS;FALS;FALS;FALS;FALS;FALS;FALS;FALS;FALS;hair dyeing;;;CERT;CERT;CERT;CERT;FALS;CERT;CERT;FALS;FALS;FALS;CERT;FALS;FALS;FALS;FALS;FALS;FALS;FALS;FALS;FALS;FALS;FALS;FALS;FALS;FALS;P-PNEC pred;199122;93;13;;792;479;117;2139879086;20229;1,0777E+12;5582608062;295;5050;;;6;;330011;;43;3;9;;;;0;0;0;0;0;0;0;1;1;0;0;0;0;0;0;0;0;1;1;0;1;0;0;0;0;0;0;0;0;0;0;0;0;0;0;0;0;0;0;0;0;0;0;0;0;0;0;0;0;0;0;1;0;0;0;0;0;0;0;0;0;0;0;0;0;9,7446E+13;4,69224E+14;7,31291E+14;;;7,252E+14;4,96032E+14;4,7578E+14;CERT;0;0;0;0;6427;moderate ;85;926;moderate ;85;3407;good ;10;3,73196E+14;1,22753E+14;5,6893E+14;7,36197E+14;4,28329E+14;;;P_score_freshwater_pred_UBA;9,7446E+13;7,24992E+14;M_score_exp_UBA;7,252E+14;M_score_exp_UBA;7,252E+14;5,65671E+14;kemi_score;43;8,40642E+14;10;7,252E+14;5;6,40396E+14;10;4,28329E+14;5;6,71428E+14;75;5,57337E+14;5;5,60047E+14;75;0;vPvM;vPvM;PM;4;Arn, Ar Oh, Nh0, Nh2, Aniline, Benzene, Nitro, Nitro Arom, Nitro Arom Nonortho, Phenol, Phenol Noorthohbond;['Alkylphenols', 'Aromatic amines', 'Phenols', 'Nitrobenzene derivatives']
2-amino-4-cresol;95-84-1;202-457-3;ZMXYNJXDULEQCK-UHFFFAOYSA-N;CC1=CC(=C(C=C1)O)N;DTXSID4024488;72640;PRO-104;NS00015128;;FALS;;;;FALS;FALS;;;FALS;FALS;FALS;FALS;FALS;FALS;FALS;FALS;FALS;CERT;FALS;FALS;FALS;FALS;CERT;FALS;FALS;FALS;;;;CERT;FALS;CERT;FALS;FALS;FALS;FALS;FALS;FALS;FALS;FALS;FALS;FALS;FALS;FALS;FALS;FALS;FALS;FALS;FALS;FALS;FALS;FALS;FALS;FALS;;123155;116;105;;778;;585;1720159303;1712;7,15216E+14;2402493931;603;;;;;;;55;;0;0;;;;0;0;0;0;0;0;0;0;0;0;0;0;0;0;0;0;0;0;0;0;0;0;0;0;0;0;0;0;0;0;0;0;0;0;0;0;0;0;0;0;0;0;0;0;0;0;0;0;0;0;1;1;0;0;0;0;0;0;0;0;0;0;0;0;0;;1,72983E+14;5,74512E+14;;;;5,49742E+14;5,48341E+14;FALS;0;0;0;0;45100;low ;7;282;good ;10;14200;low ;7;;1,89963E+13;2,52298E+14;4,10012E+14;2,27107E+14;;;P_score_freshwater_pred_Dashboard;5,74512E+14;3,73747E+14;;;M_score_pred_Episuite;5,49742E+14;5,49041E+14;E_score_min;0;5,6199E+14;10;;;4,52993E+14;10;3,53425E+14;10;4,45669E+14;10;3,53425E+14;5;4,00124E+14;10;0;PM;;PM;3;Arn, Ar Oh, Nh2, Aniline, Aryl Methyl, Benzene, Phenol, Phenol Noorthohbond;['Alkylphenols', 'Aromatic amines', 'Phenols', 'PAHs']
2-aminophenol;95-55-6;202-431-1;CDAWCLOXVUBKRW-UHFFFAOYSA-N;C1=CC=C(C(=C1)N)O;DTXSID8024498;58010;PRO-105;NS00001117;;FALS;;;;FALS;FALS;;;FALS;FALS;FALS;FALS;FALS;FALS;FALS;FALS;FALS;CERT;FALS;FALS;FALS;FALS;CERT;FALS;FALS;FALS;"hair colorant; hair dyeing";;;CERT;FALS;CERT;FALS;FALS;FALS;FALS;FALS;FALS;FALS;FALS;FALS;FALS;FALS;FALS;FALS;FALS;FALS;FALS;FALS;FALS;FALS;FALS;FALS;FALS;;109128;62;577;;76;187;201;1489958479;14133;3,61405E+14;1954451364;100;;;;;;404413;6;61;0;0;;;;0;0;0;0;0;0;0;0;0;0;0;0;0;0;0;0;0;0;0;0;0;0;0;0;0;0;0;0;0;0;0;0;0;0;0;0;0;0;0;0;0;0;0;0;0;0;0;0;0;0;1;0;0;0;0;0;0;0;0;0;0;0;0;0;0;;1,28144E+14;9,55625E+14;;;;6,00289E+14;5,87474E+14;CERT;0;5;0;0;20800;low ;7;6,47E+14;good ;10;108;;85;3,52784E+13;1,40529E+11;3,49567E+14;2,62421E+14;5,5703E+14;;;P_score_freshwater_pred_Dashboard;9,55625E+14;5,41884E+14;;;M_score_pred_Episuite;6,00289E+14;5,93882E+14;kemi_score;61;7,57398E+14;10;;;5,67288E+14;10;5,78116E+14;10;6,61713E+14;10;5,78116E+14;5;5,72676E+13;10;0;vPvM;;PM;;Arn, Ar Oh, Nh2, Aniline, Benzene, Para Hydroxylation, Phenol, Phenol Noorthohbond;['Alkylphenols', 'Aromatic amines', 'Phenols']
2-bromo-3,3,3-trifluoroprop-1-ene;1514-82-5;627-872-0;QKBKGNDTLQFSEU-UHFFFAOYSA-N;C=C(C(F)(F)F)Br;DTXSID80883575;2726960;PRO-106;;REACH-A;CERT;vPvM & PMT;MQ;PMT;FALS;FALS;;;FALS;FALS;FALS;FALS;FALS;FALS;FALS;FALS;FALS;FALS;FALS;FALS;FALS;FALS;FALS;FALS;CERT;FALS;;;;FALS;FALS;CERT;FALS;FALS;FALS;FALS;FALS;FALS;FALS;CERT;FALS;FALS;FALS;FALS;FALS;FALS;FALS;CERT;CERT;CERT;FALS;FALS;FALS;FALS;P-PNEC pred;174948;;287;;22;;723;211058971;;9,65441E+14;;245;990;;;22;;22014;;32;12;24;>10 to < 100 tonnes;100;1000;1;0;0;0;0;0;0;0;0;0;0;0;0;0;0;0;0;0;0;0;0;0;0;0;0;0;0;0;0;0;0;0;0;0;0;0;0;0;0;0;0;0;0;0;0;0;0;0;0;0;0;0;0;0;0;0;0;0;0;0;0;0;0;0;0;7,01841E+14;;6,92778E+14;;;4,65398E+14;;4,80846E+14;FALS;0;0;0;0;26500;low ;209;5569;low ;237;39400;low ;223;4,15154E+14;6,03256E+14;3,15768E+14;2,67138E+14;4,72632E+14;;;P_score_freshwater_pred_UBA;7,01841E+14;6,9731E+14;M_score_exp_UBA;4,65398E+14;M_score_pred_Dashboard;4,80846E+14;4,73122E+14;kemi_score;32;5,80928E+14;10;4,65398E+14;5;5,7438E+14;10;4,72632E+14;5;5,4232E+14;75;4,69001E+14;5;5,38238E+14;75;0;PM;PM;PM;2;Alkyl Halide, Allylic Oxid, Halogen;['PFAS']
2-chlorobuta-1,3-diene;126-99-8;204-818-0;YACLQRRMGMJLJV-UHFFFAOYSA-N;C=CC(=C)Cl;DTXSID5020316;313690;PRO-107;NS00008234;REACH-A;CERT;vPvM & PMT;MQ;vPvM & PMT;FALS;FALS;;;FALS;FALS;FALS;FALS;FALS;FALS;FALS;FALS;FALS;FALS;FALS;FALS;FALS;FALS;FALS;FALS;FALS;FALS;chloroprene (use cas rn 126-99-8);;;CERT;CERT;CERT;FALS;FALS;FALS;FALS;FALS;FALS;FALS;FALS;FALS;FALS;FALS;FALS;FALS;FALS;FALS;FALS;FALS;FALS;FALS;FALS;FALS;FALS;EQS water (=AA-EQS);8853;;216;;279;;169;1609594409;21954;4,10516E+14;2150919177;676;270;;;14;;320;47;63;24;31;>10000 to < 100000 tonnes;100000;1000000;0;0;0;0;0;0;0;0;0;0;0;0;0;0;0;0;0;0;0;0;0;0;0;0;0;0;0;0;0;0;0;0;0;0;0;0;0;0;0;0;0;0;0;0;0;0;0;0;0;0;1;0;0;1;0;0;0;0;0;0;0;0;0;0;0;2,03419E+14;1,47578E+14;9,99272E+14;;;6,02499E+13;4,66191E+14;5,67242E+14;CERT;75;0;0;0;27000;low ;34;9583;low ;438;50200;low ;626;1,81659E+14;4,82686E+14;3,13295E+14;2,41105E+14;2,51096E+13;;;P_score_freshwater_pred_Dashboard;9,99272E+14;4,5009E+13;M_score_exp_UBA;6,02499E+13;M_score_exp_UBA;6,02499E+13;5,45311E+14;kemi_score;63;7,75925E+14;10;6,02499E+13;5;4,95418E+14;10;3,43533E+14;10;5,16291E+14;10;4,14284E+14;75;4,12544E+14;10;0;vPvM;PM;PM;4;Allylic Oxid, Halogen;['Other']
2-ethoxy-1-{[2'-(1H-tetrazol-5-yl)biphenyl-4-yl]methyl}-1H-benzimidazole-7-carboxylic acid;139481-59-7;604-138-8;HTQMVQVXFRQIKW-UHFFFAOYSA-N;CCOc1nc2cccc(C(=O)O)c2n1Cc1ccc(cc1)c1ccccc1c1nn[nH]n1;DTXSID0022725;25410;PRO-108;NS00009281;REACH-B;FALS;vPvM;MQ;vPvM;FALS;FALS;;;FALS;FALS;FALS;FALS;FALS;FALS;FALS;FALS;FALS;FALS;FALS;FALS;FALS;FALS;FALS;FALS;FALS;FALS;;;;FALS;FALS;CERT;FALS;FALS;FALS;FALS;FALS;FALS;FALS;FALS;FALS;FALS;FALS;FALS;FALS;FALS;FALS;FALS;FALS;FALS;FALS;FALS;FALS;FALS;PNEC aqua, fw;440463;;459;;966;;0,00487;2859738566;;1,97831E+13;;324;1240;;;;-9;1000;;36;0;0;;;;0;0;0;0;0;0;0;0;0;0;0;0;0;0;0;0;0;0;0;0;0;0;0;0;0;0;0;0;0;0;0;0;0;0;0;0;0;0;0;0;0;0;0;0;0;0;0;0;0;0;0;1;0;0;0;0;0;0;0;0;0;0;0;0;0;7,75738E+14;;9,97467E+12;;;;;3,55276E+14;FALS;0;0;0;0;1188;low ;193;37200;low ;231;575;low ;0;1,19203E+14;2,73704E+14;1,11569E+14;1,46832E+14;2,91392E+14;;;P_score_freshwater_pred_Dashboard;9,97467E+12;8,86602E+14;;;M_score_pred_Dashboard;3,55276E+14;3,55276E+14;kemi_score;36;5,95295E+14;10;;;5,61239E+13;10;2,91392E+14;5;4,69153E+14;75;2,91392E+14;25;4,51084E+13;75;0;PM;;PM;2;Ar Coo, Ar N, Ar Nh, Coo, Coo2, C O, Nh0, Nh1, Nhpyrrole, Benzene, Bicyclic, Ether, Imidazole, Para Hydroxylation, Tetrazole;['Benzimidazole', 'Alkylphenols', 'Aromatic amines', 'Cyclohexanes', 'Ethylene Glycols', 'Imidazoles', 'PBDE', 'PhenylEthers', 'Pyrimidines']
2-Ethylhexyl (R)-2-(2-methyl-4chlorophenoxy)propionate;861229-15-4;630-324-3;NWTKQOOQEPXMMW-GICMACPYSA-N;CCCCC(CC)COC(=O)C(C)OC1=C(C=C(C=C1)Cl)C;DTXSID7034254;248434010;PRO-109;;REACH-A;FALS;vPvM;HQ;PM;FALS;FALS;;;FALS;FALS;FALS;FALS;FALS;FALS;FALS;FALS;FALS;FALS;FALS;FALS;FALS;FALS;FALS;CERT;CERT;CERT;;;;CERT;CERT;FALS;FALS;FALS;FALS;CERT;FALS;FALS;FALS;FALS;CERT;FALS;FALS;FALS;FALS;FALS;CERT;FALS;FALS;FALS;FALS;FALS;FALS;FALS;;32686;;603;;96;;0,000344;3340444115;;1,3429E+14;;4070;610;80;610;21;;;;;26;39;>100 to < 1000 tonnes;1000;10000;0;1;0;0;0;0;0;0;0;0;0;0;0;0;0;0;0;0;0;0;0;0;0;0;0;0;0;0;0;0;0;0;0;0;0;0;0;0;0;0;0;0;0;0;0;0;0;0;0;0;0;0;0;0;0;0;0;0;0;0;0;1;0;0;0;5,07064E+13;;7,98553E+14;4,8564E+13;1,35892E+14;4,82678E+14;;2,83102E+13;FALS;0;0;0;0;2,36E+14;low ;685;1454;moderate ;85;1153;low ;7;;1,03163E+14;2,0215E+14;1,12863E+13;2,76114E+14;P_score_sediment_exp_UBA;1,35892E+14;P_score_freshwater_pred_Dashboard;7,98553E+14;3,61592E+14;M_score_exp_UBA;4,82678E+14;M_score_exp_UBA;4,82678E+14;3,8289E+14;E_score_max;39;6,20842E+14;10;2,5611E+14;10;3,72089E+14;10;2,76114E+14;5;4,73896E+14;75;2,62612E+13;75;3,36868E+14;75;10;PM;;PM;4;C O, C O Nocoo, Aryl Methyl, Benzene, Ester, Ether, Halogen;['Chlorobenzenes', 'Ethylene Glycols', 'PAHs', 'PBB', 'PBDE', 'PhenylEthers', 'Phtalates']
2-ethylhexyl 4,4-dibutyl-10-ethyl-7-oxo-8-oxa-3,5-dithia-4-stannatetradecanoate;10584-98-2;234-186-1;PRIUALOJYOZZOJ-UHFFFAOYSA-L;CCCCC(CC)COC(=O)CS[Sn](CCCC)(CCCC)SCC(=O)OCC(CC)CCCC;DTXSID0029719;95710220;PRO-110;;REACH-A;FALS;PMT;HQ;Potential PMT/vPvM;FALS;FALS;;;FALS;FALS;FALS;FALS;FALS;FALS;FALS;FALS;FALS;FALS;FALS;FALS;FALS;FALS;FALS;FALS;FALS;CERT;;"Heat stabilizer; Processing aids, not otherwise listed; Stabilizing agent";Processing aids, not otherwise listed;CERT;CERT;CERT;FALS;FALS;FALS;FALS;FALS;FALS;FALS;FALS;CERT;FALS;FALS;FALS;FALS;FALS;FALS;FALS;FALS;FALS;FALS;CERT;FALS;FALS;P-PNEC pred;63958;;130;;979;;5,62E-11;5008600172;;1,45375E+14;;1740;;;;;34;5980363;;64;12;23;>10 to < 100 tonnes;100;1000;0;0;0;0;0;0;0;0;0;0;0;0;0;0;0;0;0;0;0;0;0;0;0;0;0;0;0;0;0;0;1;0;0;0;0;0;0;0;0;0;0;0;0;0;0;0;0;0;0;0;0;0;0;0;1;0;0;0;0;0;0;0;0;0;0;;;1E+15;;;;;1,10524E+14;FALS;0;0;0;0;3282;low ;0;9;low ;29;8244;low ;0;7,72639E+14;5,11437E+14;7,47345E+14;5,13615E+13;8,82441E+13;;;P_score_freshwater_pred_Dashboard;1E+15;1E+15;;;M_score_pred_Dashboard;1,10524E+14;1,10524E+14;kemi_score;64;3,32451E+14;10;;;3,32451E+14;10;8,82441E+13;5;4,60307E+14;75;8,82441E+13;25;4,60307E+14;75;10;PM(T);(T);PM(T);;C O, C O Nocoo, Ester, Ether;['Ethylene Glycols']
2H,2H,3H,3H-Perfluoroundecanoic acid;34598-33-9;252-108-4;JZRCRCFPVAXHHQ-UHFFFAOYSA-N;C(CC(C(C(C(C(C(C(C(F)(F)F)(F)F)(F)F)(F)F)(F)F)(F)F)(F)F)(F)F)C(=O)O;DTXSID50188165;27824130;PRO-111;NS00002588;;FALS;;;;FALS;FALS;;;FALS;FALS;FALS;FALS;FALS;CERT;FALS;FALS;FALS;FALS;FALS;FALS;FALS;FALS;CERT;FALS;FALS;FALS;;;;FALS;FALS;FALS;FALS;FALS;FALS;FALS;FALS;FALS;FALS;FALS;FALS;FALS;FALS;FALS;FALS;FALS;FALS;FALS;FALS;FALS;FALS;FALS;FALS;FALS;;492132;;659;;494;;0,00542;2589949601;37345;1,49905E+14;2114634884;363;;;;;;17635;23;17;;;;;;0;0;0;0;0;0;0;0;0;0;0;0;0;0;0;0;0;0;0;0;0;0;0;0;0;0;0;0;0;0;0;0;0;0;0;0;0;0;0;0;0;0;0;0;0;0;0;0;0;0;0;0;0;0;0;0;0;0;0;0;0;0;0;0;0;;9,97739E+14;8,27116E+14;;;;2,31073E+14;3,99171E+14;FALS;0;0;0;0;6,42E+14;low ;19;5;low ;0;3265;low ;0;6,79968E+13;5,74694E+14;1,40936E+13;7,48906E+14;8,59857E+14;;;P_score_freshwater_pred_RIVM;9,97739E+14;9,12428E+14;;;M_score_pred_Dashboard;3,99171E+14;3,15122E+14;kemi_score;17;6,31085E+14;10;;;5,36214E+13;10;4,4471E+14;10;5,29764E+13;10;4,4471E+14;5;4,88324E+14;10;10;PM;;PM;2;Al Coo, Coo, Coo2, C O, Alkyl Halide, Halogen;['Alkylphenols', 'PFAS']
2-hydroxy-N,N,N-trimethyl-3-[(3,3,4,4,5,5,6,6,7,7,8,8,8-tridecafluorooctyl)thio]propan-1-aminium chloride;88992-45-4;811-523-6;AATYNBPIINGGLV-UHFFFAOYSA-M;C[N+](C)(C)CC(CSCCC(C(C(C(C(C(F)(F)F)(F)F)(F)F)(F)F)(F)F)(F)F)O.[Cl-];DTXSID50892533;110278450;PRO-112;;REACH-A;FALS;vPvM;HQ;PM;FALS;FALS;;;FALS;FALS;FALS;FALS;FALS;FALS;FALS;FALS;FALS;FALS;FALS;FALS;FALS;FALS;FALS;CERT;FALS;FALS;;Fire extinguishing agent;;FALS;FALS;CERT;FALS;CERT;FALS;FALS;FALS;FALS;FALS;CERT;FALS;CERT;FALS;FALS;CERT;FALS;FALS;FALS;FALS;FALS;FALS;FALS;FALS;FALS;P-PNEC;5318;;185;;843;;385;5029383778;;1,20301E+14;;1780;46230;;;;4;61708975;;;4;12;>1 to < 10 tonnes;10;100;1;0;0;0;0;0;0;1;0;0;0;0;0;0;0;0;0;0;0;0;0;0;0;0;0;0;0;0;0;0;0;0;0;0;0;0;0;0;0;0;0;1;0;0;0;0;0;0;0;0;0;0;0;0;0;0;0;0;0;0;0;0;0;0;0;9,99405E+14;;7,66603E+14;;;;;1,09115E+14;FALS;0;0;0;0;3612;low ;156;122;low ;0;21200;low ;0;5,52222E+14;2,52304E+14;7,19077E+14;3,46787E+13;6,73696E+14;;;P_score_freshwater_pred_UBA;9,99405E+14;8,83004E+14;;;M_score_pred_Dashboard;1,09115E+14;1,09115E+14;E_score_max;12;3,30228E+13;10;;;3,10402E+14;10;6,73696E+14;5;4,18823E+14;75;6,73696E+14;25;4,01887E+14;75;10;PM(T);(T);(T);4;Al Oh, Al Oh Notert, Nh0, Ndealkylation1, Alkyl Halide, Halogen, Quatn, Sulfide, Unbrch Alkane;['Alkylphenols', 'Organotins', 'PFAS']
2-methyl-1-(4-methylthiophenyl)-2-morpholinopropan-1-one;71868-10-5;400-600-6;LWRBVKNFOYUCNP-UHFFFAOYSA-N;CC(C)(N1CCOCC1)C(=O)c1ccc(SC)cc1;DTXSID8038857;923870;PRO-113;NS00003224;REACH-C;FALS;vPvM & PMT;MQ;PMT;FALS;FALS;;;FALS;FALS;FALS;FALS;FALS;FALS;FALS;FALS;FALS;FALS;FALS;FALS;FALS;FALS;FALS;CERT;FALS;FALS;binding;"Not Known or Reasonably Ascertainable; Paint additives and coating additives not described by other categories; Photosensitive agent; Processing aids not otherwise specified";"Not Known or Reasonably Ascertainable; Paint additives and coating additives not described by other categories; Photosensitive agent";CERT;CERT;CERT;CERT;CERT;CERT;CERT;FALS;FALS;FALS;CERT;CERT;FALS;FALS;CERT;FALS;FALS;FALS;FALS;FALS;FALS;FALS;FALS;FALS;FALS;P-PNEC pred;2794;;302;;918;;153;2650307523;;2,35706E+14;;200;2140;;;25;;310433;;69;12;23;>1000 tonnes;10000;;0;0;0;0;0;0;0;1;1;0;0;0;0;0;0;0;0;1;0;0;0;0;0;0;0;0;0;0;0;0;0;0;0;0;0;0;0;0;0;0;0;0;0;0;0;0;0;0;1;0;0;1;0;0;1;0;0;1;0;0;0;0;0;0;0;8,97878E+14;;1,68363E+14;;;4,14214E+14;;3,8918E+13;CERT;0;0;75;0;3892;low ;216;7360;low ;673;4947;low ;673;3,7943E+14;5,38154E+14;6,97736E+14;6,33081E+14;4,61109E+14;;;P_score_freshwater_pred_UBA;8,97878E+14;5,33121E+14;M_score_exp_UBA;4,14214E+14;M_score_exp_UBA;4,14214E+14;4,01697E+14;kemi_score;69;6,09847E+14;10;4,14214E+14;5;4,62767E+14;10;4,61109E+14;5;5,55582E+14;75;4,37033E+14;5;4,62213E+14;75;0;PM;PM;PM;;C O, C O Nocoo, Nh0, Benzene, Ether, Ketone, Ketone Topliss, Morpholine, Sulfide;['Ethylene Glycols', 'Benzophenones', 'PBDE', 'PhenylEthers']
2-methylpropan-2-ol;75-65-0;200-889-7;DKGAVHZHDRPRBM-UHFFFAOYSA-N;CC(C)(C)O;DTXSID8020204;63860;PRO-114;NS00006876;REACH-A;FALS;vPvM;MQ;vPvM;FALS;FALS;;;FALS;FALS;FALS;FALS;FALS;FALS;FALS;FALS;FALS;FALS;FALS;FALS;FALS;FALS;FALS;CERT;CERT;FALS;"Cleaning and safety; Cleaning products and household care -> air freshener; Cleaning products and household care -> bathroom -> bathroom cleaner; Cleaning products and household care -> general household cleaning -> disinfectant; Cleaning products and household care -> general household cleaning -> glass cleaner; Cleaning products and household care -> metal specific -> metal polish; Home maintenance -> caulk/sealant; Home maintenance -> degreaser; Home maintenance -> paint/stain and related products; Home maintenance -> paint/stain and related products -> primer; Manufactured formulations; Personal care; Personal care -> acne treatment -> face wash; Personal care -> body hygiene -> body wash; Personal care -> body hygiene -> hand sanitizer; Personal care -> deodorant; Personal care -> fragrance; Personal care -> hair styling and care; Personal care -> hair styling and care -> dry shampoo; Personal care -> hair styling and care -> hair spray; Personal care -> hair styling and care -> hair styling; Personal care -> hair styling and care -> shampoo; Personal care -> make-up and related -> lip color; Personal care -> nails; Personal care -> self-tanner; Personal care -> shaving and hair removal -> aftershave; Personal care -> sunscreen; Pesticides -> insect repellent; Pesticides -> insecticide; Specialty occupational products -> Firefighting foam; Vehicle -> engine maintenance -> auto fluids and additives; denaturant; flavoring and nutrient; flavouring; fragrance; fragrance; fragrance component; fragrance ingredient; non-functional constituent; perfuming; solubilizer; solvent; solvent; solvents; surfactant";"Adhesion/cohesion promoter; Fuels and fuel additives; Intermediate; Intermediates; Not Known or Reasonably Ascertainable; Other (specify); Plasticizer; Process regulators; Solvent; Viscosity modifiers";"Fuel agents; Fuels and fuel additives; UV stabilizer";CERT;CERT;CERT;CERT;CERT;CERT;CERT;FALS;FALS;CERT;CERT;FALS;CERT;FALS;FALS;CERT;CERT;FALS;FALS;FALS;FALS;FALS;FALS;FALS;FALS;P-PNEC pred;74123;35;578;35;352;104;399;1008600172;7073;1,97831E+13;2180918608;501;290;;;3;;12227838;71;89;76;88;>1000000 to < 10000000 tonnes;10000000;100000000;0;1;0;0;0;0;0;1;1;0;0;0;1;0;0;0;0;0;0;0;1;0;1;0;0;0;1;1;0;0;0;0;0;1;0;0;0;1;0;0;0;0;0;0;0;0;0;0;0;0;1;1;1;0;0;0;0;0;0;0;0;0;0;0;1;2,23932E+14;1,50581E+14;9,97467E+12;;;7,64651E+11;7,10133E+14;6,65341E+14;CERT;0;0;0;0;39300;low ;7;20900;moderate ;85;125900;low ;0;1,10332E+14;3,48865E+14;2,67426E+14;1,63021E+13;1,62199E+14;;;P_score_freshwater_pred_Dashboard;9,97467E+12;4,57327E+14;M_score_exp_UBA;7,64651E+11;M_score_exp_UBA;7,64651E+11;7,13375E+14;kemi_score;89;8,73335E+14;10;7,64651E+11;5;5,71179E+14;10;3,39355E+14;10;5,44399E+14;10;4,44894E+14;75;4,40264E+14;10;20;vPvM;vPvM;PM;2;Al Oh;['Alkylphenols']
2-nitrotoluene;88-72-2;201-853-3;PLAZTCDQAHEYBI-UHFFFAOYSA-N;Cc1ccccc1N(=O)=O;DTXSID4025791;69440;PRO-115;NS00005656;REACH-A;FALS;vPvM & PMT;MQ;vPvM & PMT;FALS;FALS;;;FALS;FALS;FALS;FALS;FALS;FALS;FALS;FALS;FALS;FALS;FALS;FALS;FALS;FALS;FALS;CERT;FALS;FALS;Personal care -> child specific;;;CERT;CERT;CERT;FALS;FALS;FALS;CERT;FALS;FALS;FALS;FALS;FALS;CERT;FALS;FALS;FALS;FALS;FALS;FALS;FALS;FALS;FALS;FALS;FALS;FALS;P-PNEC pred;137138;23;238;;455;47;475;1859738566;24164;5,8557E+14;3047475408;182;660;;;19;;943586;43;59;0;1;>0 to < 10 tonnes;0;100;0;0;0;0;0;0;0;0;0;0;0;0;0;0;0;0;0;0;1;0;1;0;0;0;0;0;0;0;0;0;0;0;0;0;0;0;0;0;0;0;0;0;0;0;0;0;0;0;0;0;1;1;0;0;0;0;0;0;0;0;0;0;0;0;1;5,40644E+14;2,39012E+14;4,89597E+14;;;5,17322E+14;4,2834E+14;5,24286E+14;CERT;75;75;0;0;31300;moderate ;85;8618;good ;10;15400;low ;7;2,73928E+14;5,04308E+14;2,94393E+14;3,96381E+14;3,3796E+14;;;P_score_freshwater_pred_UBA;5,40644E+14;4,23084E+14;M_score_exp_UBA;5,17322E+14;M_score_pred_Dashboard;5,24286E+14;4,89983E+14;kemi_score;59;5,32402E+14;10;5,17322E+14;5;4,55307E+14;10;3,81212E+14;10;4,50509E+14;10;4,22051E+14;75;4,16616E+14;10;0;PM;PM;PM;1;Nh0, Aryl Methyl, Benzene, Nitro, Nitro Arom, Para Hydroxylation;['Nitrobenzene derivatives', 'PAHs']
2-phenylbenzimidazole-5-sulfonic acid;27503-81-7;248-502-0;UVCJGUGAGLDPAA-UHFFFAOYSA-N;C1=CC=C(C=C1)C2=NC3=C(N2)C=C(C=C3)S(=O)(=O)O;DTXSID3038852;339190;PRO-116;NS00010386;;FALS;;;;FALS;FALS;;;FALS;FALS;FALS;FALS;FALS;FALS;FALS;FALS;FALS;CERT;FALS;FALS;FALS;FALS;CERT;CERT;CERT;FALS;"Personal care -> facial cleansing and moisturizing -> face cream/moisturizer; UV stabilizer; fragrance; fragrance component; sunscreen agent; ultraviolet light absorber; uv absorber; uv filter";;;CERT;CERT;CERT;FALS;FALS;FALS;CERT;FALS;FALS;CERT;CERT;FALS;CERT;FALS;FALS;CERT;FALS;FALS;FALS;FALS;FALS;FALS;FALS;FALS;FALS;;27429;;962;;931;;236;2459392488;-2695;4,89109E+14;2501985458;851;;;;;;1000;83;57;25;38;>100 to < 1000 tonnes;1000;10000;0;0;0;0;0;0;0;0;0;0;0;0;0;0;0;0;0;0;0;0;0;0;0;0;0;0;0;0;0;0;0;0;0;0;0;0;0;1;0;0;0;0;0;0;0;0;0;0;0;0;0;1;1;0;0;0;0;0;0;0;0;0;0;0;0;;1,83133E+14;4,13545E+13;;;;8,28225E+14;4,21059E+14;FALS;0;0;0;0;3,263E+14;low ;207;12800;low ;534;5117;low ;634;1,19203E+14;4,28108E+14;7,49091E+14;6,24435E+14;2,30001E+14;;;P_score_freshwater_pred_Dashboard;4,13545E+13;2,98339E+14;;;M_score_pred_Episuite;8,28225E+14;6,24642E+14;kemi_score;57;5,85242E+14;10;;;4,31688E+14;10;4,36922E+14;10;5,05673E+14;10;4,36922E+14;5;4,34297E+14;10;0;PM;;PM;2;Ar N, Ar Nh, Nh0, Nh1, Nhpyrrole, Benzene, Bicyclic, Imidazole;['Benzimidazole', 'Aromatic amines', 'Cyclohexanes', 'Imidazoles', 'Pyrimidines']
2-Phenylphenol;90-43-7;201-993-5;LLEMOWNGBBNAJR-UHFFFAOYSA-N;C1=CC=C(C=C1)C2=CC=CC=C2O;DTXSID2021151;70170;PRO-117;NS00010901;;CERT;;;;FALS;FALS;;;FALS;FALS;FALS;FALS;FALS;FALS;FALS;FALS;FALS;FALS;FALS;FALS;FALS;FALS;FALS;CERT;FALS;FALS;"Cleaning products and household care -> carpet and floor -> carpet cleaner; Cleaning products and household care -> general household cleaning -> disinfectant; Cleaning products and household care -> laundry and fabric treatment -> laundry detergent; Home maintenance -> septic system; Personal care -> deodorant; Pesticides -> insecticide; active ingredient; biocide; fungicide; other; preservative; preservative";;;CERT;FALS;CERT;CERT;CERT;CERT;CERT;FALS;FALS;FALS;CERT;FALS;CERT;FALS;FALS;FALS;FALS;FALS;FALS;FALS;FALS;FALS;FALS;FALS;FALS;;170211;309;31;;92;268;535;3530199698;28011;5,34806E+14;1872344262;490;;;;;;18;36;8;0;12;>0 to < 10 tonnes;0;100;0;0;0;0;0;0;0;0;0;0;0;0;0;0;0;0;0;0;0;0;0;0;0;0;0;0;0;0;0;0;0;0;0;0;0;0;0;0;0;0;0;0;0;0;0;0;0;0;0;0;1;1;0;0;0;0;0;0;0;0;0;0;1;0;0;;1,20168E+14;1E+15;;;;3,6464E+14;2,57185E+14;CERT;0;0;0;0;2223;low ;7;2332;good ;10;1009;moderate ;85;6,78029E+14;8,56669E+14;8,73093E+13;1,18795E+12;7,42667E+14;;;P_score_freshwater_pred_Dashboard;1E+15;5,60084E+14;;;M_score_pred_Episuite;3,6464E+14;3,10912E+14;kemi_score;8;6,03854E+14;10;;;4,17297E+14;10;5,17069E+14;10;5,58779E+14;10;5,17069E+14;5;4,64512E+14;10;10;PM;;PM;2;Ar Oh, Benzene, Para Hydroxylation, Phenol, Phenol Noorthohbond;['Alkylphenols', 'Phenols']
2R,3R,4R,5R,8R,10R,11R,13S,14R)-11-[(2S,3R,4S,6R)-4-dimethylamino-3-hydroxy-6-methyl-oxan-2-yl]oxy-2-ethyl-3,4,10-trihydroxy-13-[(2S,4R,5S,6S)-5-hydroxy-4-methoxy-4,6-dimethyl-oxan-2-yl]oxy-3,5,6,8,10,12,14-heptamethyl-1-oxa-6-azacyclopentadecan-15-one;83905-01-5;617-500-5;MQTOSJVFKKJCRP-BICOPXKESA-N;CCC1OC(=O)C(C)C(OC2CC(C)(OC)C(O)C(C)O2)C(C)C(OC2OC(C)CC(C2O)N(C)C)C(C)(O)CC(C)CN(C)C(C)C(O)C1(C)O;DTXSID8030760;4470430;PRO-118;NS00000204;REACH-B;FALS;vPvM & PMT;MQ;vPvM & PMT;FALS;FALS;;;FALS;FALS;FALS;FALS;FALS;FALS;FALS;FALS;FALS;FALS;FALS;FALS;FALS;FALS;FALS;FALS;FALS;FALS;;;;FALS;FALS;CERT;FALS;FALS;FALS;FALS;FALS;FALS;FALS;FALS;FALS;FALS;FALS;FALS;FALS;FALS;FALS;FALS;FALS;FALS;FALS;FALS;FALS;FALS;EQS-proposal;748996;402;347;;953;;467;4640481437;16765;3,61282E+14;8029122521;617;123510;;;;-45;19;56;42;0;0;;;;0;0;0;0;0;0;0;0;0;0;0;0;0;0;0;0;0;0;1;0;0;0;0;0;0;0;0;0;0;0;0;0;0;0;0;0;0;0;0;0;0;0;0;0;0;0;0;0;0;0;0;1;0;0;0;0;0;0;0;0;0;0;0;0;0;9,99889E+14;9,88276E+14;1E+15;;;;5,55825E+14;1,38209E+14;FALS;0;0;0;0;4437;low ;0;4077;low ;0;39300;low ;0;8,48289E+14;6,84759E+14;6,61686E+14;2,67426E+14;8,66149E+14;;;P_score_freshwater_pred_Dashboard;1E+15;9,96055E+14;;;M_score_pred_Episuite;5,55825E+14;3,47017E+14;kemi_score;42;7,45536E+13;10;;;5,87918E+14;10;6,96451E+14;10;7,20576E+14;10;6,96451E+14;5;6,39888E+14;10;10;vPvM(T);(T);PM(T);1;Al Oh, Al Oh Notert, C O, C O Nocoo, Nh0, Ndealkylation1, Ester, Ether, Lactone, Methoxy;['Alkylphenols', 'Ethylene Glycols']
3-({[(4-methylphenyl)sulfonyl]carbamoyl}amino)phenyl 4-methylbenzenesulfonate;232938-43-1;432-520-2;HEVGMYPGMWZOBU-UHFFFAOYSA-N;CC1=CC=C(C=C1)S(=O)(=O)NC(=O)NC2=CC(=CC=C2)OS(=O)(=O)C3=CC=C(C=C3)C;DTXSID90872910;220354250;PRO-119;NS00004605;REACH-A;FALS;vPvM;HQ;PM;FALS;FALS;;;FALS;FALS;FALS;FALS;FALS;FALS;FALS;FALS;FALS;FALS;FALS;FALS;FALS;FALS;FALS;CERT;CERT;CERT;;;;CERT;CERT;CERT;CERT;FALS;CERT;FALS;FALS;FALS;FALS;CERT;CERT;FALS;FALS;CERT;FALS;FALS;FALS;FALS;FALS;FALS;FALS;CERT;FALS;FALS;P-PNEC pred;46052;;419;;963;;0,00152;4230448921;;4,10516E+14;;617;7270;;;22;;41054;;52;39;52;>1000 to < 10000 tonnes;10000;100000;0;0;0;0;0;0;0;0;0;0;0;0;0;0;0;0;0;0;0;0;0;0;0;0;1;0;0;0;0;0;0;0;0;0;0;0;0;0;0;0;0;0;0;0;0;0;0;0;1;0;0;0;0;0;0;0;0;0;0;0;0;0;0;0;0;9,86136E+14;;9,99272E+14;;;4,65398E+14;;1,7566E+14;CERT;0;0;0;0;594;low ;194;102;low ;204;7264;low ;261;5,95475E+13;2,67254E+13;1,45072E+13;5,41065E+13;7,29101E+14;;;P_score_freshwater_pred_Dashboard;9,99272E+14;9,92704E+14;M_score_exp_UBA;4,65398E+14;M_score_exp_UBA;4,65398E+14;3,20529E+14;kemi_score;52;6,81952E+14;10;4,65398E+14;5;5,64084E+14;10;7,29101E+14;5;6,9732E+14;75;5,82514E+14;5;6,14457E+14;75;10;PM(T);PM(T);PM(T);3;C O, C O Nocoo, Nh1, Amide, Aniline, Aryl Methyl, Benzene, Sulfonamd, Urea;['Sulfonamides', 'PAHs', 'Phenylureas']
3-(4-methyl-1H-imidazol-1-yl)-5-(trifluoromethyl)aniline;641571-11-1;688-269-6;WWTGXYAJVXKEKL-UHFFFAOYSA-N;C(F)(F)(F)c1cc(N)cc(n2cc(C)nc2)c1;DTXSID10475604;120028250;PRO-120;NS00009975;REACH-B;FALS;vPvM & PMT;MQ;vPvM & PMT;FALS;FALS;;;FALS;FALS;FALS;FALS;FALS;FALS;FALS;FALS;FALS;FALS;FALS;FALS;FALS;FALS;FALS;CERT;CERT;FALS;;;;FALS;FALS;CERT;FALS;FALS;FALS;FALS;FALS;FALS;FALS;FALS;FALS;FALS;FALS;FALS;FALS;FALS;FALS;FALS;FALS;FALS;FALS;FALS;FALS;FALS;P-PNEC pred;241217;;263;;100;;209;2640481437;;3,48133E+13;;24;2120;;;;-10;204459;;3;0;0;;;;1;0;0;0;0;0;0;0;0;0;0;0;0;0;0;0;0;0;1;0;0;0;0;0;0;0;0;0;0;0;0;0;0;0;0;0;0;0;0;0;0;0;0;0;0;0;0;0;0;0;0;1;0;0;0;0;0;0;0;0;0;0;0;0;0;8,96397E+14;;2,8281E+14;;;;;3,90801E+14;FALS;0;0;0;0;2021;low ;2;269;low ;204;14800;low ;204;4,22967E+14;1,93137E+14;9,0663E+14;4,03003E+14;5,6041E+14;;;P_score_freshwater_pred_UBA;8,96397E+14;5,89604E+14;;;M_score_pred_Dashboard;3,90801E+14;3,90801E+14;kemi_score;3;5,91872E+14;10;;;4,80018E+14;10;5,6041E+14;5;5,81193E+14;75;5,6041E+14;25;5,05445E+14;75;0;PM;;PM;3;Arn, Ar N, Nh0, Nh2, Alkyl Halide, Aniline, Aryl Methyl, Benzene, Halogen, Imidazole;['Benzimidazole', 'Aromatic amines', 'Chlorobenzenes', 'Imidazoles', 'PAHs', 'PBB', 'PCB', 'Pyrimidines', 'PFAS']
3,3,4,4,5,5,6,6,7,7,8,8,8-tridecafluorooct-1-ene;25291-17-2;246-791-8;FYQFWFHDPNXORA-UHFFFAOYSA-N;FC(F)(F)C(F)(F)C(F)(F)C(F)(F)C(F)(F)C(F)(F)C=C;DTXSID8067076;913840;PRO-121;NS00011085;REACH-A;FALS;vPvM;HQ;PM;FALS;FALS;;;FALS;FALS;FALS;FALS;FALS;FALS;FALS;FALS;FALS;FALS;FALS;FALS;FALS;FALS;FALS;FALS;FALS;FALS;;Intermediates;;CERT;CERT;CERT;FALS;FALS;FALS;CERT;FALS;FALS;FALS;FALS;FALS;FALS;FALS;FALS;FALS;FALS;FALS;FALS;FALS;FALS;FALS;FALS;FALS;FALS;P-PNEC pred;346091;;551;;213;;0,00101;4469822016;49813;8,73567E+14;1002888939;1150;37350;;;27;;9697;11;37;9;16;>10 to < 100 tonnes;100;1000;0;0;0;0;0;0;0;1;0;0;0;0;0;0;1;0;0;0;0;0;0;0;0;0;0;0;0;0;0;0;1;0;0;0;0;0;0;0;0;0;0;0;0;0;0;0;0;0;0;0;1;1;0;0;1;0;0;0;0;0;0;0;0;0;0;9,99144E+14;9,91954E+14;6,55248E+14;;;3,81024E+13;1,12398E+14;1,52911E+14;FALS;0;0;0;0;1945;low ;185;887;low ;188;4895;low ;0;7,33678E+14;1,2478E+14;9,20448E+14;6,35807E+14;7,86863E+14;;;P_score_freshwater_pred_UBA;9,99144E+14;8,82115E+14;M_score_exp_UBA;3,81024E+13;M_score_exp_UBA;3,81024E+13;2,15444E+14;kemi_score;37;6,17007E+14;10;3,81024E+13;5;4,35943E+14;10;2,94202E+13;10;4,26057E+14;10;3,20687E+14;75;3,58128E+14;10;10;PM;PM;PM;4;Alkyl Halide, Allylic Oxid, Halogen;['PFAS']
3,3,4,4,5,5,6,6,7,7,8,8,8-tridecafluorooctanesulphonic acid;27619-97-2;248-580-6;VIONGDJUYAYOPU-UHFFFAOYSA-N;C(CS(=O)(=O)O)C(C(C(C(C(C(F)(F)F)(F)F)(F)F)(F)F)(F)F)(F)F;DTXSID6067331;1196880;PRO-122;NS00010579;REACH-A;FALS;vPvM;MQ;vPvM;CERT;CERT;x;x;CERT;CERT;CERT;CERT;CERT;CERT;FALS;FALS;FALS;FALS;FALS;FALS;FALS;FALS;CERT;FALS;FALS;FALS;;"Fire extinguishing agent; Processing aids, not otherwise listed; Surface active agents";;FALS;FALS;CERT;FALS;FALS;CERT;FALS;FALS;FALS;FALS;CERT;FALS;FALS;FALS;FALS;FALS;FALS;FALS;FALS;FALS;FALS;FALS;FALS;FALS;FALS;P-PNEC pred;42816;373;339;;571;;855;2980003372;23964;1,3429E+14;9812141731;603;29370;;;13;;62184;43;37;11;22;>10 to < 100 tonnes;100;1000;1;0;0;0;0;0;0;0;0;0;0;0;0;1;1;0;0;0;0;0;0;0;0;0;0;0;0;0;0;0;1;0;0;0;0;0;0;0;0;0;0;0;0;0;0;0;0;0;0;0;0;1;0;1;1;0;0;1;1;0;0;0;0;0;0;9,98709E+14;9,9165E+14;7,98553E+14;;;6,18976E+14;4,31738E+14;3,36421E+14;FALS;0;0;0;0;1785;low ;151;2427;low ;192;5747;low ;0;5,51398E+14;8,43183E+13;9,52082E+14;5,95557E+14;6,26939E+14;;;P_score_freshwater_pred_UBA;9,98709E+14;9,29638E+14;M_score_exp_UBA;6,18976E+14;M_score_exp_UBA;6,18976E+14;4,62378E+14;kemi_score;37;7,86242E+14;10;6,18976E+14;5;6,55625E+14;10;5,19214E+14;10;6,38927E+13;10;5,5054E+14;75;5,83447E+13;10;0;vPvM;PM;PM;4;Alkyl Halide, Halogen;['PFAS']
3,3'-dichlorobenzidine dihydrochloride;612-83-9;210-323-0;BXAONUZFBUNTQR-UHFFFAOYSA-N;c1cc(c(cc1c1cc(c(cc1)N)Cl)Cl)N;DTXSID1020433;119330;PRO-123;NS00078378;REACH-B;FALS;PMT;HQ;Not PMT/vPvM;FALS;FALS;;;FALS;FALS;FALS;FALS;FALS;FALS;FALS;FALS;FALS;FALS;FALS;FALS;FALS;FALS;FALS;FALS;FALS;FALS;;"Intermediate; Intermediates; Pigments";"Intermediate; Pigments";CERT;CERT;CERT;FALS;FALS;FALS;CERT;FALS;FALS;FALS;FALS;FALS;FALS;FALS;FALS;FALS;FALS;FALS;FALS;FALS;FALS;FALS;FALS;FALS;FALS;P-PNEC;32604;;198;;911;;0,00248;4350248018;11308;1,17495E+16;9564756469;1450;5080;;;38;;1046072515;65;;0;0;;;;0;0;0;0;0;0;0;0;0;0;0;0;0;0;0;0;0;0;1;0;0;0;0;0;0;0;0;0;0;0;0;0;0;0;0;0;0;0;0;0;0;0;1;0;0;0;1;1;1;1;1;0;1;1;1;1;0;1;1;1;1;1;0;0;1;9,7471E+13;6,89373E+14;10;;;2,23105E+14;6,46224E+14;1,63958E+14;FALS;0;0;0;0;1290;low ;7;378;;10;1829;;10;4,9511E+14;1,71151E+14;1,08072E+13;9,43011E+14;6,26871E+14;;;P_score_freshwater_pred_Dashboard;10;8,88028E+14;M_score_exp_UBA;2,23105E+14;M_score_pred_Episuite;6,46224E+14;3,44429E+13;E_score_min;0;8,03881E+14;10;2,23105E+14;5;5,53048E+14;10;6,38331E+14;10;7,16339E+14;10;4,49642E+14;75;5,94161E+14;10;10;vPvM(T);(T);PM(T);4;Arn, Nh2, Aniline, Benzene, Halogen;['Aromatic amines', 'Chlorobenzenes', 'PBB', 'PCB']
3,3'-sulphonyldianiline;599-61-1;209-967-5;LJGHYPLBDBRCRZ-UHFFFAOYSA-N;C1=CC(=CC(=C1)S(=O)(=O)C2=CC=CC(=C2)N)N;DTXSID3044962;117410;PRO-124;NS00001251;REACH-A;CERT;vPvM & PMT;MQ;vPvM & PMT;FALS;FALS;;;FALS;FALS;FALS;FALS;FALS;FALS;FALS;FALS;FALS;FALS;FALS;FALS;FALS;FALS;FALS;FALS;FALS;FALS;;"Hardener; Intermediate";Hardener;CERT;CERT;CERT;CERT;FALS;CERT;CERT;FALS;FALS;CERT;CERT;CERT;FALS;FALS;FALS;FALS;FALS;FALS;FALS;FALS;FALS;FALS;FALS;FALS;FALS;P-PNEC pred;2483;;108;;907;;586;1899820502;13317;4,85165E+13;5171607279;275;3430;;;18;;139435;61;63;22;33;>100 to < 1000 tonnes;1000;10000;0;1;0;0;0;0;0;0;0;0;0;0;0;0;0;0;0;0;1;0;0;0;0;0;0;0;0;0;0;0;1;0;0;0;0;0;0;0;0;0;0;1;0;0;0;0;0;0;0;0;0;0;0;0;1;0;0;0;0;0;0;0;0;0;0;9,51678E+13;4,36841E+14;1E+15;;;5,34602E+14;6,1378E+14;5,17353E+14;FALS;0;0;0;0;2389;low ;322;1,329E+14;low ;7;6668;low ;485;4,6397E+14;1,06831E+14;8,4849E+14;5,60412E+14;5,58978E+14;;;P_score_freshwater_pred_Dashboard;1E+15;7,96173E+14;M_score_exp_UBA;5,34602E+14;M_score_pred_Episuite;6,1378E+14;5,55245E+13;kemi_score;63;7,83441E+14;10;5,34602E+14;5;6,64884E+13;10;5,83932E+14;10;6,7637E+14;10;5,67002E+14;75;6,23095E+14;10;0;vPvM;PM;PM;;Arn, Nh2, Aniline, Benzene, Sulfone;['Aromatic amines']
3,4-diaminobenzenesulphonic acid;7474-78-4;231-274-1;FKSRSWQTEJTBMI-UHFFFAOYSA-N;Nc1ccc(S(=O)(=O)O)cc1N;DTXSID4064715;819860;PRO-125;NS00002363;REACH-B;FALS;vPvM & PMT;MQ;vPvM & PMT;FALS;FALS;;;FALS;FALS;FALS;FALS;FALS;FALS;FALS;FALS;FALS;FALS;FALS;FALS;FALS;FALS;FALS;FALS;FALS;FALS;;;;CERT;FALS;CERT;FALS;FALS;FALS;CERT;FALS;FALS;FALS;FALS;FALS;FALS;FALS;FALS;FALS;FALS;FALS;FALS;FALS;FALS;FALS;FALS;FALS;FALS;P-PNEC pred;1882;;-244;;832;;272;1710117365;-7775;1,23049E+14;3024377472;437;2800;;;;-29;1390823;87;32;0;0;;;;0;0;0;0;0;0;0;0;0;0;0;0;0;0;0;0;0;0;1;0;0;0;0;0;0;0;0;0;0;0;0;0;0;0;0;0;0;0;0;0;0;0;0;0;0;0;0;0;0;0;0;1;0;0;0;0;0;0;0;0;0;0;0;0;0;9,32981E+14;2,36655E+14;6,24763E+14;;;;8,72719E+14;5,50065E+14;FALS;0;0;0;0;7297;low ;218;1584;low ;7;90800;good ;10;2,4172E+14;9,97725E+14;5,40058E+14;1,87417E+14;3,40468E+14;;;P_score_freshwater_pred_UBA;9,32981E+14;4,10704E+14;;;M_score_pred_Episuite;8,72719E+14;7,11392E+14;kemi_score;32;9,02347E+14;10;;;5,40529E+14;10;5,44249E+14;10;7,00786E+14;10;5,44249E+14;5;5,42386E+14;10;0;vPvM;;PM;2;Arn, Nh2, Aniline, Benzene;['Aromatic amines']
3,4-dichloroaniline;95-76-1;202-448-4;SDYWXFYBZPNOFX-UHFFFAOYSA-N;c1cc(c(cc1N)Cl)Cl;DTXSID7021815;72570;PRO-126;NS00000077;REACH-B;FALS;vPvM & PMT;MQ;PMT;FALS;FALS;;;FALS;FALS;FALS;FALS;FALS;FALS;FALS;FALS;FALS;FALS;FALS;FALS;FALS;FALS;FALS;FALS;FALS;FALS;"degradate (diuron); herbicides and herbicide degradates";;;CERT;FALS;CERT;FALS;FALS;FALS;FALS;FALS;FALS;FALS;FALS;FALS;FALS;FALS;FALS;FALS;FALS;FALS;FALS;FALS;FALS;FALS;FALS;FALS;FALS;AA-QSwater_eco;16201;269;254;;751;131;244;242975228;23914;5,40365E+14;6135405879;129;1330;;;23;;2;43;57;0;0;;;;0;0;0;0;0;0;0;0;0;0;0;0;0;0;0;0;0;0;1;0;0;0;0;0;0;0;0;0;0;0;0;0;0;0;0;0;0;0;0;0;0;0;0;0;0;0;0;0;0;0;1;1;0;0;0;0;0;0;0;0;0;0;0;0;0;7,95886E+14;5,09537E+14;1E+15;;;4,482E+13;4,32589E+14;4,26075E+14;CERT;0;0;0;0;9558;moderate ;85;9,3E+14;;10;10900;;10;6,67959E+14;2,75183E+13;4,83207E+14;4,57634E+14;7,61924E+14;;;P_score_freshwater_pred_Dashboard;1E+15;7,68474E+13;M_score_exp_UBA;4,482E+13;M_score_exp_UBA;4,482E+13;4,35621E+14;kemi_score;57;6,69478E+14;10;4,482E+13;5;5,78588E+14;10;5,72387E+14;10;6,19032E+14;10;5,27575E+14;75;5,75479E+14;10;0;PM;PM;PM;4;Arn, Nh2, Aniline, Benzene, Halogen;['Aromatic amines', 'Chlorobenzenes', 'PBB', 'PCB']
3,4-dichlorobut-1-ene;760-23-6;212-079-0;XVEASTGLHPVZNA-UHFFFAOYSA-N;C=CC(CCl)Cl;DTXSID8022113;129710;PRO-127;NS00002776;REACH-B;FALS;vPvM & PMT;MQ;PMT;FALS;FALS;;;FALS;FALS;FALS;FALS;FALS;FALS;FALS;FALS;FALS;FALS;FALS;FALS;FALS;FALS;FALS;FALS;FALS;FALS;;;;CERT;FALS;CERT;FALS;FALS;FALS;FALS;FALS;FALS;FALS;FALS;FALS;FALS;FALS;FALS;FALS;FALS;FALS;FALS;FALS;FALS;FALS;FALS;FALS;FALS;P-PNEC pred;12499;;218;;353;337;58;2089905111;22561;4,89109E+14;3528316503;129;410;;;;20;857764;46;48;0;0;;;;0;0;0;0;0;0;0;0;0;0;0;0;0;0;0;0;0;0;1;0;0;0;0;0;0;0;0;0;0;0;0;0;0;0;0;0;0;0;0;0;0;0;0;0;0;0;0;0;0;0;1;1;0;0;0;0;0;0;0;0;0;0;0;0;0;3,42779E+14;2,87482E+14;4,13545E+13;;;;4,55737E+14;4,84426E+14;FALS;0;0;0;0;61000;low ;34;8,702E+14;;10;95200;;10;2,82242E+14;5,02294E+14;2,21975E+14;1,83675E+13;3,32034E+14;;;P_score_freshwater_pred_Dashboard;4,13545E+13;3,47935E+14;;;M_score_pred_Dashboard;4,84426E+14;4,70082E+14;kemi_score;48;4,47584E+14;10;;;4,04423E+14;10;3,90814E+14;10;4,18237E+14;10;3,90814E+14;5;3,9756E+14;10;0;PM;;PM;2;Alkyl Halide, Allylic Oxid, Halogen;['Chlorinated alkane']
3,5-bis(1,1-dimethylethyl)-4-hydroxy-benzoic acid;13423-73-9;;YEXOWHQZWLCHHD-UHFFFAOYSA-N;CC(C)C1=CC(=CC(=C1O)C(C)C)C(=O)O;DTXSID30158604;259720;PRO-128;;;FALS;;;;FALS;FALS;;;FALS;FALS;FALS;FALS;FALS;FALS;FALS;FALS;FALS;CERT;FALS;FALS;FALS;FALS;CERT;FALS;FALS;FALS;;;;FALS;FALS;FALS;FALS;FALS;FALS;FALS;FALS;FALS;FALS;FALS;FALS;FALS;FALS;FALS;FALS;FALS;FALS;FALS;FALS;FALS;FALS;FALS;FALS;FALS;;222284;;378;;814;;101;2220108088;;1,3429E+14;;309;;;;;;;;;;;;;;0;0;0;0;0;0;0;0;0;0;0;0;0;0;0;0;0;0;0;0;0;0;0;0;0;0;0;0;0;0;0;0;0;0;0;0;0;0;0;0;0;0;0;0;0;0;0;0;0;0;0;0;0;0;0;0;0;0;0;0;0;0;0;0;0;;;7,98553E+14;;;;;4,61932E+14;FALS;0;0;0;0;1201;low ;7;3549;low ;7;4,846E+14;low ;7;;7,24194E+14;1,11101E+14;6,38414E+14;1,63646E+14;;;P_score_freshwater_pred_Dashboard;7,98553E+14;7,98553E+14;;;M_score_pred_Dashboard;4,61932E+14;4,61932E+14;;;6,07353E+14;10;;;6,07353E+14;10;1,63646E+14;5;3,9228E+14;75;1,63646E+14;25;3,9228E+14;75;0;PM;;PM;3;Ar Coo, Ar Oh, Coo, Coo2, C O, Benzene, Phenol, Phenol Noorthohbond;['Alkylphenols', 'Phenols']
3,5-diacetamido-2,4,6-triiodobenzoic acid;117-96-4;204-223-6;YVPYQUNUQOZFHG-UHFFFAOYSA-N;CC(=O)Nc1c(I)c(NC(=O)C)c(I)c(C(=O)O)c1I;DTXSID0044521;21400;PRO-129;;REACH-B;FALS;vPvM;MQ;vPvM;FALS;FALS;;;FALS;FALS;FALS;FALS;FALS;FALS;FALS;FALS;FALS;FALS;FALS;FALS;FALS;FALS;FALS;CERT;FALS;FALS;x-ray contrast medium;;;CERT;CERT;CERT;CERT;FALS;FALS;CERT;FALS;FALS;FALS;CERT;FALS;FALS;CERT;FALS;FALS;FALS;FALS;FALS;FALS;FALS;FALS;FALS;FALS;FALS;P-PNEC pred;613916;;132;;939;163;129;2519827994;8627;8,77199E+14;2000703839;347;;;;;-6;73;69;54;3;1;>1 to < 10 tonnes;10;100;1;0;0;0;0;0;0;0;0;0;0;0;0;0;0;0;0;0;1;0;1;0;0;0;0;0;0;0;0;0;0;0;0;0;0;0;0;0;0;0;0;0;0;0;0;0;0;0;0;0;0;1;0;0;0;0;0;0;0;0;0;0;1;0;1;;8,86834E+14;10;;;;6,8747E+14;4,10883E+14;FALS;0;0;0;0;2389;low ;0;11000;low ;283;4063;low ;0;7,57069E+14;4,55905E+14;8,4849E+14;6,85712E+14;7,89408E+12;;;P_score_freshwater_pred_Dashboard;10;9,43417E+14;;;M_score_pred_Episuite;6,8747E+14;5,49176E+14;kemi_score;54;8,29138E+14;10;;;7,19793E+14;10;7,38032E+14;10;7,8226E+14;10;7,38032E+14;5;7,28856E+14;10;0;vPvM(T);(T);vPvM(T);;Ar Coo, Coo, Coo2, C O, C O Nocoo, Nh1, Amide, Aniline, Benzene, Halogen;['Alkylphenols', 'Chlorobenzenes', 'PBB', 'PCB']
3:3 fluorotelomer carboxylate;356-27-4;206-602-1;JVHJRIQPDBCRRE-UHFFFAOYSA-N;CCOC(=O)C(C(C(F)(F)F)(F)F)(F)F;DTXSID9059882;96440;PRO-130;NS00019000;;FALS;;;;FALS;FALS;;;FALS;FALS;FALS;FALS;FALS;CERT;FALS;FALS;FALS;FALS;FALS;FALS;FALS;FALS;CERT;FALS;FALS;FALS;;;;FALS;FALS;FALS;FALS;FALS;FALS;FALS;FALS;FALS;FALS;FALS;FALS;FALS;FALS;FALS;FALS;FALS;FALS;FALS;FALS;FALS;FALS;FALS;FALS;FALS;;242093;;299;;27;;624;1980003372;24746;8,73567E+14;1407977891;389;;;;;;16843;;24;;;;;;0;0;0;0;0;0;0;0;0;0;0;0;0;0;0;0;0;0;0;0;0;0;0;0;0;0;0;0;0;0;0;0;0;0;0;0;0;0;0;0;0;0;0;0;0;0;0;0;0;0;0;0;0;0;0;0;0;0;0;0;0;0;0;0;0;;8,11254E+14;6,55248E+14;;;;4,18492E+14;5,03465E+14;FALS;0;0;0;0;2475;low ;226;26100;low ;227;106700;low ;0;4,43636E+14;3,17794E+13;8,36639E+14;1,74954E+14;4,94143E+12;;;P_score_freshwater_pred_RIVM;8,11254E+14;7,33251E+14;;;M_score_pred_Dashboard;5,03465E+14;4,60978E+14;kemi_score;24;6,39092E+14;10;;;5,81389E+14;10;4,94143E+12;5;5,86579E+13;75;4,94143E+12;25;5,50717E+14;75;0;PM;;PM;2;C O, C O Nocoo, Alkyl Halide, Ester, Ether, Halogen;['Ethylene Glycols', 'PFAS']
3-[(E)-2-[1-({4-[(2E)-2-[2-(5-carboxy-2-chlorophenyl)hydrazin-1-ylidene]-3-oxobutanamido]-2,5-dimethylphenyl}carbamoyl)-2-oxopropylidene]hydrazin-1-yl]-4-chlorobenzoic acid;74351-78-3;616-083-7;MFNRAHKNWDJWME-UHFFFAOYNA-N;CC(=O)C(N=Nc1cc(ccc1Cl)C(=O)O)C(=O)Nc1cc(C)c(NC(=O)C(N=Nc2cc(ccc2Cl)C(=O)O)C(=O)C)cc1C;DTXSID601110236;139813530;PRO-131;NS00009996;REACH-B;FALS;vPvM;HQ;vPvM;FALS;FALS;;;FALS;FALS;FALS;FALS;FALS;FALS;FALS;FALS;FALS;FALS;FALS;FALS;FALS;FALS;FALS;FALS;FALS;FALS;;;;FALS;FALS;CERT;FALS;FALS;FALS;FALS;FALS;FALS;FALS;FALS;FALS;FALS;FALS;FALS;FALS;FALS;FALS;FALS;FALS;FALS;FALS;FALS;FALS;FALS;P-PNEC;66947;;284;;953;;282;4589949601;;1,98276E+14;;708;22160;;;;-12;12001418;;27;0;0;;;;0;0;0;0;0;0;0;0;0;0;0;0;0;0;0;0;0;0;1;0;0;0;0;0;0;0;0;0;0;0;0;0;0;0;0;0;0;0;0;0;0;0;0;0;0;0;0;0;0;0;0;1;0;0;0;0;0;0;0;0;0;0;0;0;0;9,97913E+14;;1E+15;;;;;1,42434E+14;FALS;0;0;0;0;1992;low ;0;13000;low ;0;9422;low ;0;8,72224E+14;4,25358E+14;9,11818E+14;4,86078E+14;8,8789E+13;;;P_score_freshwater_pred_Dashboard;1E+15;9,98956E+14;;;M_score_pred_Dashboard;1,42434E+14;1,42434E+14;kemi_score;27;3,77405E+14;10;;;3,77208E+14;10;8,8789E+13;5;5,01947E+13;75;8,8789E+13;25;5,01773E+14;75;10;PM(T);(T);PM(T);4;Ar Coo, Coo, Coo2, C O, C O Nocoo, Nh0, Nh1, Amide, Aniline, Aryl Methyl, Azo, Benzene, Halogen, Ketone, Ketone Topliss;['Alkylphenols', 'Chlorobenzenes', 'Benzophenones', 'PAHs', 'PBB', 'PCB']
3-acetamido-5-amino-4-hydroxybenzenesulphonic acid;40306-75-0;254-879-2;SFUJTLIHMWZDTL-UHFFFAOYSA-N;CC(=O)NC1=CC(=CC(=C1O)N)S(=O)(=O)O;DTXSID90885424;995010;PRO-132;;REACH-B;CERT;vPvM & PMT;MQ;vPvM & PMT;FALS;FALS;;;FALS;FALS;FALS;FALS;FALS;FALS;FALS;FALS;FALS;FALS;FALS;FALS;FALS;FALS;FALS;FALS;FALS;FALS;;;;CERT;CERT;CERT;FALS;FALS;FALS;CERT;FALS;FALS;FALS;FALS;FALS;FALS;FALS;FALS;FALS;FALS;FALS;FALS;FALS;FALS;FALS;FALS;FALS;FALS;P-PNEC pred;24624;;-224;;939;;914;211058971;-8689;3,48133E+13;2972900192;398;950;;;;-34;1397613709;88;39;0;0;;;;0;0;0;0;0;0;0;0;0;0;0;0;0;0;0;0;0;0;1;0;1;0;0;0;0;0;0;0;0;0;0;0;0;0;0;0;0;0;0;0;0;0;0;0;0;0;0;0;0;0;0;1;0;0;0;0;0;0;0;0;0;0;0;0;0;6,86881E+13;2,31394E+14;2,8281E+14;;;;8,79592E+13;4,80846E+14;FALS;0;0;0;0;2,213E+14;low ;215;1,137E+14;low ;692;28700;low ;7;2,41333E+14;1,13472E+14;8,74655E+14;3,05347E+14;3,58368E+14;;;P_score_freshwater_pred_UBA;6,86881E+13;4,00362E+14;;;M_score_pred_Episuite;8,79592E+13;6,80219E+14;kemi_score;39;7,77287E+14;10;;;5,21856E+14;10;5,61573E+13;10;6,60684E+14;10;5,61573E+13;5;5,4135E+14;10;0;vPvM;;PM;4;Arn, Ar Oh, C O, C O Nocoo, Nh1, Nh2, Amide, Aniline, Benzene, Phenol, Phenol Noorthohbond;['Alkylphenols', 'Phenols']
3-amino-4-methoxybenzanilide;120-35-4;204-388-4;LHMQDVIHBXWNII-UHFFFAOYSA-N;COc1ccc(cc1N)C(=O)Nc1ccccc1;DTXSID0051607;84260;PRO-133;NS00004705;REACH-B;FALS;vPvM & PMT;MQ;PMT;FALS;FALS;;;FALS;FALS;FALS;FALS;FALS;FALS;FALS;FALS;FALS;FALS;FALS;FALS;FALS;FALS;FALS;FALS;FALS;FALS;;Intermediates;;CERT;CERT;CERT;FALS;FALS;FALS;FALS;FALS;FALS;FALS;FALS;FALS;FALS;FALS;FALS;FALS;FALS;FALS;FALS;FALS;FALS;FALS;FALS;FALS;FALS;P-PNEC pred;242278;;206;;919;;791;2320146286;17373;3,48133E+13;4619241291;355;580;;;;21;24581;55;42;0;0;;;;0;0;0;0;0;0;0;0;0;0;0;0;0;0;0;0;0;0;1;0;0;0;0;0;0;0;0;0;0;0;0;0;0;0;0;0;0;0;0;0;0;0;0;0;0;0;0;0;0;0;1;1;0;0;0;0;0;0;0;0;0;0;0;0;0;4,85515E+14;3,90054E+13;2,8281E+14;;;;5,45397E+14;4,44749E+14;FALS;0;0;0;0;1331;moderate ;85;270;low ;673;4494;moderate ;85;4,03573E+14;1,92886E+14;1,06769E+14;6,58269E+14;5,44655E+14;;;P_score_freshwater_pred_UBA;4,85515E+14;3,86126E+14;;;M_score_pred_Episuite;5,45397E+14;4,95073E+14;kemi_score;42;5,14586E+14;10;;;4,37219E+13;10;5,47321E+14;10;5,30701E+13;10;5,47321E+14;5;4,89182E+14;10;0;PM;;PM;3;Arn, C O, C O Nocoo, Nh1, Nh2, Amide, Aniline, Benzene, Ether, Methoxy, Para Hydroxylation;['Ethylene Glycols', 'PBDE', 'PhenylEthers']
3-aminobenzenesulphonic acid;121-47-1;204-473-6;ZAJAQTYSTDTMCU-UHFFFAOYSA-N;Nc1cccc(S(=O)(=O)O)c1;DTXSID6024462;84740;PRO-134;NS00020466;REACH-B;FALS;vPvM & PMT;MQ;vPvM & PMT;FALS;FALS;;;FALS;FALS;FALS;FALS;FALS;FALS;FALS;FALS;FALS;FALS;FALS;FALS;FALS;FALS;FALS;FALS;FALS;FALS;;Intermediate;;CERT;CERT;CERT;FALS;FALS;FALS;CERT;FALS;FALS;FALS;CERT;FALS;FALS;FALS;FALS;FALS;FALS;FALS;FALS;FALS;FALS;FALS;FALS;FALS;FALS;P-PNEC pred;17319;;-148;;793;;133;1290034611;-247;4,89109E+14;2178792345;479;1190;;;;-28;3760023;83;44;0;9;>0 to < 10 tonnes;0;100;0;0;0;0;0;0;0;0;0;0;0;0;0;0;0;0;0;0;1;0;0;0;0;0;0;0;0;0;0;0;0;0;0;0;0;0;0;0;0;0;0;0;0;0;0;0;0;0;0;0;1;1;0;0;0;0;0;0;0;0;0;0;0;0;0;7,6326E+14;1,50368E+14;4,13545E+13;;;;8,25995E+14;6,20603E+14;CERT;0;0;0;0;12900;low ;221;869;low ;7;69700;good ;10;1,71478E+14;1,25756E+14;4,26725E+14;2,09749E+14;2,77744E+14;;;P_score_freshwater_pred_UBA;7,6326E+14;4,42391E+14;;;M_score_pred_Episuite;8,25995E+14;7,23299E+14;kemi_score;44;7,94008E+14;10;;;5,65669E+14;10;4,80133E+14;10;6,17438E+13;10;4,80133E+14;5;5,21149E+14;10;0;vPvM;;PM;3;Arn, Nh2, Aniline, Benzene;['Aromatic amines']
3-aminomethyl-3,5,5-trimethylcyclohexylamine;2855-13-2;220-666-8;RNLHGQLZWXBQNY-UHFFFAOYSA-N;CC1(C)CC(N)CC(C)(CN)C1;DTXSID6027503;178570;PRO-135;NS00010871;REACH-A;CERT;PMT;HQ;PMT;FALS;FALS;;;FALS;FALS;FALS;FALS;FALS;FALS;FALS;FALS;FALS;FALS;FALS;FALS;FALS;FALS;FALS;CERT;FALS;CERT;"Cleaning products and household care -> dishwasher and dishes -> automatic dishwashing detergent; Home maintenance -> caulk/sealant; Home maintenance -> surface sealers; amine hardener; binder; binder; curing agent; curing agent component; hardener; not reported; quartz coating hardener; reactive hardener and plasticizer";"Hardener; Intermediates; Monomers; Paint additives and coating additives not described by other categories; Process regulators; Propellants and blowing agents";"Hardener; Paint additives and coating additives not described by other categories; Propellants and blowing agents";CERT;CERT;CERT;CERT;CERT;CERT;CERT;FALS;FALS;CERT;CERT;FALS;CERT;CERT;CERT;FALS;CERT;CERT;FALS;FALS;FALS;FALS;FALS;FALS;FALS;P-PNEC pred;1703;;176;;784;;894;1989894564;15967;8,73567E+14;4538846927;398;25000;;;;-66;1602622;57;87;48;6;>10000 to < 100000 tonnes;100000;1000000;1;1;0;0;0;0;0;1;1;0;0;0;0;0;0;0;0;0;1;0;1;0;0;0;0;0;0;0;0;0;1;0;0;0;0;0;0;0;0;0;0;1;0;0;0;0;0;0;0;0;1;1;1;0;0;0;0;0;0;0;0;1;0;0;0;9,98301E+13;3,82937E+14;6,55248E+14;;;;5,69435E+14;5,01751E+14;CERT;0;0;0;0;9956;low ;553;17700;moderate ;85;44900;low ;7;2,30617E+13;3,73998E+14;4,75125E+14;2,52773E+14;2,88494E+13;;;P_score_freshwater_pred_UBA;9,98301E+13;6,78828E+14;;;M_score_pred_Episuite;5,69435E+14;5,35593E+14;kemi_score;87;7,53968E+13;10;;;6,02972E+14;10;4,05514E+14;10;5,52942E+14;10;4,05514E+14;5;4,94483E+14;10;0;vPvM;;PM;3;Nh2;['Other']
3-bromo-5-chlorophenol;56962-04-0;611-435-6;GMGWXLPFRHYWAS-UHFFFAOYSA-N;Oc1cc(Cl)cc(Br)c1;DTXSID80627097;226301800;PRO-136;NS00002535;REACH-B;FALS;vPvM & PMT;MQ;PMT;FALS;FALS;;;FALS;FALS;FALS;FALS;FALS;FALS;FALS;FALS;FALS;FALS;FALS;FALS;FALS;FALS;FALS;FALS;FALS;FALS;;;;FALS;FALS;FALS;FALS;FALS;FALS;FALS;FALS;FALS;FALS;FALS;FALS;FALS;FALS;FALS;FALS;FALS;FALS;FALS;FALS;FALS;FALS;FALS;FALS;FALS;P-PNEC pred;20745;;341;;771;;118;3149219113;;8,73567E+14;;324;500;;;;21;126104;;14;0;0;;;;0;0;0;0;0;0;0;0;0;0;0;0;0;0;0;0;0;0;0;0;0;0;0;0;0;0;0;0;0;0;0;0;0;0;0;0;0;0;0;0;0;0;0;0;0;0;0;0;0;0;0;0;0;0;0;0;0;0;0;0;0;0;0;0;0;4,22705E+14;;6,55248E+14;;;;;3,10758E+14;FALS;0;0;0;0;19500;low ;7;2200;moderate ;85;6223;moderate ;85;4,74839E+14;8,76699E+14;3,59146E+13;5,76493E+14;5,38852E+14;;;P_score_freshwater_pred_Dashboard;6,55248E+14;5,38976E+13;;;M_score_pred_Dashboard;3,10758E+14;3,10758E+14;kemi_score;14;4,51247E+13;10;;;4,09257E+14;10;5,38852E+14;5;4,78739E+14;75;5,38852E+14;25;4,4856E+14;75;10;PM;;PM;1;Ar Oh, Benzene, Halogen, Phenol, Phenol Noorthohbond;['Alkylphenols', 'Chlorobenzenes', 'Phenols', 'PBB', 'PCB']
3-chloroaniline;108-42-9;203-581-0;PNPCRKVUWYDDST-UHFFFAOYSA-N;C1=CC(=CC(=C1)Cl)N;DTXSID0024761;79320;PRO-137;NS00001502;REACH-B;CERT;vPvM & PMT;MQ;vPvM & PMT;FALS;FALS;;;FALS;FALS;FALS;FALS;FALS;FALS;FALS;FALS;FALS;FALS;FALS;FALS;FALS;FALS;FALS;FALS;FALS;FALS;;;;CERT;FALS;CERT;FALS;FALS;FALS;FALS;FALS;FALS;FALS;CERT;FALS;FALS;FALS;FALS;FALS;FALS;FALS;FALS;FALS;FALS;FALS;FALS;FALS;FALS;JG-MKN (totaal);12757;188;185;;621;425;238;2130333768;19434;6,06324E+14;3534516776;229;;;;16;;41;51;52;0;0;;;;0;0;0;0;0;0;1;0;0;0;0;0;0;0;0;0;0;0;1;0;0;1;0;0;0;0;0;1;0;0;0;0;0;0;0;0;0;0;0;0;0;0;0;0;0;0;1;0;0;0;1;1;0;0;0;0;0;0;0;0;0;0;0;0;0;;2,88097E+14;9,99626E+14;;;5,68874E+14;5,09807E+14;4,7743E+14;FALS;0;0;0;0;30500;moderate ;85;164;;10;16200;;10;5,95612E+14;2,28845E+13;2,97623E+14;3,88092E+14;6,76501E+14;;;P_score_freshwater_pred_Dashboard;9,99626E+14;6,43861E+13;M_score_exp_UBA;5,68874E+14;M_score_exp_UBA;5,68874E+14;5,18704E+14;kemi_score;52;7,54096E+13;10;5,68874E+14;5;5,77904E+13;10;5,8738E+14;10;6,65538E+14;10;5,81146E+14;75;5,82623E+14;10;0;vPvM;PM;PM;4;Arn, Nh2, Aniline, Benzene, Halogen;['Aromatic amines', 'Chlorobenzenes', 'PBB']
3-hydroxy-4'-methoxy-2-naphthanilide;92-79-5;202-190-2;UIXFPIHXQQZAGX-UHFFFAOYSA-N;COc1ccc(NC(=O)c2cc3ccccc3cc2O)cc1;DTXSID2059067;667210;PRO-138;NS00009994;REACH-B;FALS;PMT;MQ;Potential PMT/vPvM;FALS;FALS;;;FALS;FALS;FALS;FALS;FALS;FALS;FALS;FALS;FALS;FALS;FALS;FALS;FALS;FALS;FALS;FALS;FALS;CERT;;;;CERT;CERT;CERT;FALS;FALS;CERT;CERT;FALS;FALS;FALS;FALS;CERT;FALS;FALS;FALS;FALS;FALS;FALS;FALS;FALS;FALS;FALS;CERT;FALS;FALS;P-PNEC pred;293322;;425;;941;;0,00179;2859738566;34137;1,20301E+14;4137155912;550;450;;;;23;13621;27;42;3;1;>1 to < 10 tonnes;10;100;0;0;0;0;0;0;0;0;0;0;0;0;0;0;0;0;0;0;1;0;0;0;0;0;0;0;0;0;0;0;0;0;0;0;0;0;0;0;0;0;0;0;0;0;0;0;0;0;0;0;0;1;0;0;0;0;0;0;0;0;0;0;0;0;0;3,79471E+14;3,46262E+14;7,66603E+14;;;;2,72911E+14;3,55276E+14;FALS;0;0;0;0;2450;moderate ;85;7094;low ;689;1847;moderate ;85;7,03869E+14;5,46353E+14;8,40026E+13;9,39385E+14;7,49568E+14;;;P_score_freshwater_pred_Dashboard;7,66603E+14;4,97445E+14;;;M_score_pred_Dashboard;3,55276E+14;3,14094E+14;kemi_score;42;5,21878E+14;10;;;3,95278E+14;10;4,4987E+14;10;4,84538E+14;10;4,4987E+14;5;4,21692E+14;10;10;PM;;PM;3;Ar Oh, C O, C O Nocoo, Nh1, Amide, Aniline, Benzene, Bicyclic, Ether, Methoxy, Phenol, Phenol Noorthohbond;['Alkylphenols', 'Cyclohexanes', 'Ethylene Glycols', 'Phenols', 'PBDE', 'PhenylEthers']
3-isocyanatomethyl-3,5,5-trimethylcyclohexyl isocyanate;4098-71-9;223-861-6;NIMLQBUJDJZYEJ-UHFFFAOYSA-N;CC1(CC(CC(C1)(C)CN=C=O)N=C=O)C;DTXSID0023826;1691320;PRO-139;NS00011466;REACH-A;CERT;vPvM & PMT;MQ;vPvM & PMT;FALS;FALS;;;FALS;FALS;FALS;FALS;FALS;FALS;FALS;FALS;FALS;FALS;FALS;FALS;FALS;FALS;FALS;CERT;FALS;CERT;"Home maintenance -> adhesives and adhesive removers -> multipurpose adhesive; Home maintenance -> caulk/sealant; Home maintenance -> surface sealers; Personal care -> facial cleansing and moisturizing -> face mask; Vehicle; Vehicle -> car surface treatment; film forming";"Adhesives and sealant chemicals; Intermediates; Monomers; Other";Monomers;CERT;CERT;CERT;CERT;FALS;CERT;CERT;FALS;FALS;FALS;CERT;FALS;FALS;FALS;CERT;FALS;FALS;CERT;FALS;FALS;FALS;FALS;CERT;FALS;FALS;P-PNEC pred;222288;;394;;474;;127;2089905111;41221;2,44692E+13;6247734718;1000;740;;;;10;7489;19;83;48;6;>10000 to < 100000 tonnes;100000;1000000;1;0;0;0;0;0;0;1;0;0;0;0;0;0;0;0;0;0;1;0;0;0;0;0;0;0;0;0;0;0;1;0;0;0;0;0;0;0;0;0;0;0;0;0;0;0;0;0;0;0;1;0;1;0;1;0;0;0;0;0;0;1;0;0;0;5,88682E+14;5,17285E+14;9,17055E+14;;;;1,86802E+14;4,84426E+14;CERT;0;0;0;0;1253;low ;233;46800;low ;248;6890;low ;373;5,31353E+14;2,48376E+13;1,09296E+13;5,52935E+14;5,91193E+13;;;P_score_freshwater_pred_Dashboard;9,17055E+14;6,7434E+14;;;M_score_pred_Dashboard;4,84426E+14;3,35614E+14;kemi_score;83;6,66517E+14;10;;;4,75729E+14;10;3,35152E+14;10;4,72635E+14;10;3,35152E+14;5;3,99301E+14;10;0;PM;;PM;3;C O Nocoo, Imine, Nh0, Isocyan;['Other']
3-methylindole;83-34-1;201-471-7;ZFRKQXVRDFCRJG-UHFFFAOYSA-N;Cc1c[nH]c2ccccc12;DTXSID8021775;67360;PRO-140;NS00013192;REACH-B;FALS;vPvM & PMT;HQ;vPvM & PMT;FALS;FALS;;;FALS;FALS;FALS;FALS;FALS;FALS;FALS;FALS;FALS;FALS;FALS;FALS;FALS;FALS;FALS;FALS;FALS;FALS;"fecal indicator; flavouring; fragrance; fragrance component; perfuming";;;CERT;FALS;CERT;FALS;FALS;FALS;FALS;FALS;FALS;FALS;FALS;FALS;FALS;FALS;FALS;FALS;FALS;FALS;FALS;FALS;FALS;FALS;FALS;FALS;FALS;P-PNEC pred;131178;26;26;;777;38;477;2829946696;22561;1,38738E+14;2133783877;955;25000;;;;-26;314486;46;66;0;0;;;;0;0;0;0;0;0;0;0;0;0;0;0;0;0;0;0;0;0;0;0;0;0;0;0;0;0;0;0;0;0;0;0;0;0;0;0;0;0;0;0;0;0;0;0;0;0;0;0;0;0;0;0;0;0;0;0;0;0;0;0;0;0;0;0;1;9,98301E+13;1,45866E+13;7,56262E+14;;;;4,55737E+14;3,6002E+14;FALS;0;0;0;0;4780;low ;27;17600;moderate ;85;28400;low ;7;3,78105E+14;3,74885E+14;6,41982E+14;3,06701E+14;4,34055E+14;;;P_score_freshwater_pred_UBA;9,98301E+13;4,06598E+14;;;M_score_pred_Episuite;4,55737E+14;4,07879E+14;kemi_score;66;6,7451E+14;10;;;4,07238E+14;10;4,46839E+14;10;5,48997E+14;10;4,46839E+14;5;4,26579E+13;10;0;PM;;PM;1;Ar N, Ar Nh, Nh1, Nhpyrrole, Aryl Methyl, Benzene, Bicyclic, Para Hydroxylation;['Aromatic amines', 'Cyclohexanes', 'PAHs']
3-oxopregn-4-ene-21,17?-carbolactone;976-70-5;213-552-4;UWBICEKKOYXZRG-NEFAYWBCNA-N;CC12CCC(=O)C=C1CCC1C2CCC2(C)C1CCC12CCC(=O)O1;DTXSID10875403;1019310;PRO-141;NS00008961;REACH-B;FALS;PMT;MQ;Potential PMT/vPvM;FALS;FALS;;;FALS;FALS;FALS;FALS;FALS;FALS;FALS;FALS;FALS;FALS;FALS;FALS;FALS;FALS;FALS;FALS;FALS;FALS;;;;CERT;FALS;CERT;FALS;FALS;FALS;CERT;FALS;FALS;FALS;FALS;FALS;FALS;FALS;FALS;FALS;FALS;FALS;FALS;FALS;FALS;FALS;FALS;FALS;FALS;P-PNEC;342479;298;306;;116;;0,00116;5029383778;27034;2,98623E+55;1261034808;537;1840;;;;27;154222873;;28;0;0;;;;1;0;0;0;0;0;0;0;0;0;0;0;0;0;0;0;0;0;1;0;0;0;0;0;0;0;0;0;0;0;0;0;0;0;0;0;0;0;0;0;0;0;0;0;0;0;0;0;0;0;0;1;0;0;0;0;0;0;0;0;0;0;0;0;0;8,71654E+14;7,80701E+14;10;;;;3,80469E+13;1,09115E+14;FALS;0;0;0;0;799;low ;7;1907;low ;567;1,117E+14;moderate ;85;4,53101E+14;9,27634E+14;1,29821E+14;1,14249E+14;5,72267E+13;;;P_score_freshwater_pred_Dashboard;10;8,84118E+14;;;M_score_pred_Episuite;3,80469E+13;2,44792E+14;kemi_score;28;6,16821E+14;10;;;4,65215E+14;10;5,72267E+13;5;6,01597E+13;75;5,72267E+13;25;4,98466E+14;75;10;PM;;PM;2;C O, C O Nocoo, Allylic Oxid, Bicyclic, Ester, Ether, Ketone;['Cyclohexanes', 'Ethylene Glycols', 'Pyrethrins', 'Unsaturated ketones', 'Terpenoid', 'Acrylics/Acrylates']
3-perfluoro-methoxypropanoic acid;377-73-1;;AGIMOOYNBDLMJV-UHFFFAOYSA-N;C(=O)(C(C(OC(F)(F)F)(F)F)(F)F)O;DTXSID70191136;1202280;PRO-142;NS00002613;;FALS;;;;FALS;FALS;;;FALS;FALS;FALS;FALS;FALS;FALS;FALS;FALS;FALS;FALS;FALS;FALS;FALS;FALS;FALS;FALS;FALS;FALS;;;;FALS;FALS;FALS;FALS;FALS;FALS;FALS;FALS;FALS;FALS;FALS;FALS;FALS;FALS;FALS;FALS;FALS;FALS;FALS;FALS;FALS;FALS;FALS;FALS;FALS;;230038;;315;;37;;477;16599162;;8,73567E+14;;55;;;;;;460977;;2;;;;;;0;0;0;0;0;0;0;0;0;0;0;0;0;0;0;0;0;0;0;0;0;0;0;0;0;0;0;0;0;0;0;0;0;0;0;0;0;0;0;0;0;0;0;0;0;0;0;0;0;0;0;0;0;0;0;0;0;0;0;0;0;0;0;0;0;;;6,55248E+14;;;;;5,58661E+14;FALS;0;0;0;0;2908;low ;216;193800;low ;214;64700;low ;0;3,39914E+14;1,3555E+14;7,84501E+14;2,16491E+14;3,91446E+14;;;P_score_freshwater_pred_Dashboard;6,55248E+14;6,55248E+14;;;M_score_pred_Dashboard;5,58661E+14;5,58661E+14;kemi_score;2;6,0503E+14;10;;;6,0503E+14;10;3,91446E+14;5;5,23289E+14;75;3,91446E+14;25;5,23289E+14;75;0;PM;;PM;4;Al Coo, Coo, Coo2, C O, Alkyl Halide, Ether, Halogen;['Alkylphenols', 'Ethylene Glycols', 'PFAS']
4-(1,1,3,3-tetramethylbutyl)phenol;140-66-9;205-426-2;ISAVYTVYFVQUDY-UHFFFAOYSA-N;CC(C)(C)CC(C)(C)c1ccc(cc1)O;DTXSID9022360;88140;PRO-143;NS00008649;REACH-C;CERT;PMT;HQ;Not PMT/vPvM;FALS;FALS;;;FALS;FALS;FALS;FALS;FALS;FALS;FALS;FALS;FALS;FALS;FALS;FALS;FALS;FALS;FALS;CERT;CERT;FALS;detergent metabolite;"Intermediates; Monomers; Processing aids not otherwise specified; Processing aids, specific to petroleum production; Surface active agents; Surfactant (surface active agent)";Surfactant (surface active agent);CERT;CERT;CERT;CERT;CERT;CERT;CERT;FALS;FALS;CERT;CERT;CERT;CERT;CERT;CERT;FALS;FALS;CERT;FALS;FALS;FALS;FALS;CERT;FALS;FALS;EQS chronic water (=AA-EQS);206329;;494;;869;;158;3389166084;40125;5,8557E+14;5225355976;2880;600;410;200;40;;1;2;72;5;63;>10000 to < 100000 tonnes;100000;1000000;1;1;0;0;0;0;0;1;0;0;0;0;0;0;0;0;0;0;0;1;1;0;0;0;0;0;0;0;0;0;1;0;0;0;0;0;0;0;0;0;0;0;0;0;0;0;0;0;0;0;0;1;0;0;0;0;0;0;0;0;0;0;1;0;1;5;4,41194E+14;4,89597E+14;7,38483E+14;2,2839E+14;2;1,98617E+14;2,76299E+16;CERT;0;0;0;0;1344;;85;1932;moderate ;85;1399;moderate ;85;7,31059E+14;9,22885E+14;1,06367E+14;1,04723E+13;7,84232E+14;P_score_soil_exp_UBA;7,38483E+14;P_score_freshwater_pred_UBA;5;3,05496E+14;M_score_exp_UBA;2;M_score_pred_Dashboard;2,76299E+16;2,24972E+14;kemi_score;72;3,71684E+14;10;1,2153E+14;10;2,6216E+14;10;3,96038E+14;10;3,83668E+14;10;2,19387E+14;10;3,2222E+14;10;10;PM;;;4;Ar Oh, Benzene, Phenol, Phenol Noorthohbond;['Alkylphenols', 'Phenols']
4-(1-phenylethyl)benzene-1,3-diol;85-27-8;480-070-0;PQSXNIMHIHYFEE-UHFFFAOYSA-N;CC(C1=CC=CC=C1)C2=C(C=C(C=C2)O)O;DTXSID501005319;111719030;PRO-144;NS00022840;REACH-A;FALS;vPvM & PMT;MQ;vPvM & PMT;FALS;FALS;;;FALS;FALS;FALS;FALS;FALS;FALS;FALS;FALS;FALS;FALS;FALS;FALS;FALS;FALS;FALS;CERT;CERT;FALS;"antioxidant; antioxidant";;;CERT;CERT;CERT;FALS;FALS;FALS;CERT;FALS;FALS;CERT;CERT;FALS;CERT;FALS;FALS;FALS;FALS;FALS;FALS;FALS;FALS;FALS;FALS;FALS;FALS;P-PNEC;214264;;435;;82;;127;3350248018;;5,50045E+14;;427;450;;;20;;1597562637;;22;13;25;>10 to < 100 tonnes;100;1000;0;0;0;0;0;0;0;0;0;0;0;0;0;0;0;0;0;0;0;0;0;0;0;0;0;0;0;0;0;0;0;0;0;0;0;0;0;1;0;0;0;0;0;0;0;0;0;0;0;0;0;0;0;0;0;0;0;0;0;0;0;0;0;0;0;3,79471E+14;;9,77854E+13;;;5;;2,81725E+14;FALS;0;0;0;0;833;low ;51;5591;low ;559;4079;moderate ;85;4,4931E+13;6,02286E+14;1,2779E+14;6,84623E+14;5,42728E+14;;;P_score_freshwater_pred_Dashboard;9,77854E+13;6,78662E+14;M_score_exp_UBA;5;M_score_exp_UBA;5;3,90863E+14;E_score_max;25;6,99233E+14;10;5;5;5,15037E+14;10;5,42728E+14;5;6,42602E+14;75;5,20926E+14;5;5,24107E+14;75;20;PM;PM;PM;1;Ar Oh, Benzene, Phenol, Phenol Noorthohbond;['Alkylphenols', 'Phenols']
4-(2-hydroxypropan-2-yl)-2-propyl-1-{[2'-(1H-tetrazol-5-yl)biphenyl-4-yl]methyl}-1H-imidazole-5-carboxylic acid;144689-24-7;646-413-5;VTRAEEWXHOVJFV-UHFFFAOYSA-N;c1(c2c(c3ccc(Cn4c(C(=O)O)c(C(C)(C)O)nc4CCC)cc3)cccc2)nnn[nH]1;DTXSID2040571;1587810;PRO-145;NS00008999;REACH-B;FALS;vPvM;MQ;vPvM;FALS;FALS;;;FALS;FALS;FALS;FALS;FALS;FALS;FALS;FALS;FALS;FALS;FALS;FALS;FALS;FALS;FALS;FALS;FALS;FALS;;;;CERT;FALS;CERT;FALS;FALS;FALS;CERT;FALS;FALS;FALS;FALS;FALS;FALS;FALS;FALS;FALS;FALS;FALS;FALS;FALS;FALS;FALS;FALS;FALS;FALS;P-PNEC pred;446511;;321;;943;;104;2330413773;;2,67645E+14;;309;3100;;;;-12;402;;43;0;0;;;;0;0;0;0;0;0;0;0;0;0;0;0;0;0;0;0;0;0;1;0;0;0;0;0;0;0;0;0;0;0;0;0;0;0;0;0;0;0;0;0;0;0;0;0;0;0;0;0;0;0;0;1;0;0;0;0;0;0;0;0;0;0;0;0;0;9,43075E+14;;1E+15;;;;;4,42993E+14;FALS;0;0;0;0;1358;low ;197;112400;low ;227;1,619E+14;low ;0;9,16504E+14;1,71111E+14;1,0594E+14;9,89232E+14;9,28911E+14;;;P_score_freshwater_pred_Dashboard;1E+15;9,71537E+14;;;M_score_pred_Dashboard;4,42993E+14;4,42993E+14;kemi_score;43;6,65577E+14;10;;;6,56036E+14;10;9,28911E+14;5;7,43801E+14;75;9,28911E+14;25;7,36676E+14;75;0;PM(T);(T);PM(T);4;Al Oh, Ar Coo, Ar N, Ar Nh, Coo, Coo2, C O, Nh0, Nh1, Nhpyrrole, Aryl Methyl, Benzene, Imidazole, Tetrazole;['Benzimidazole', 'Alkylphenols', 'Aromatic amines', 'Imidazoles', 'PAHs', 'Pyrimidines', 'Triazoles']
4-(4-((((4-CHLORO-3-(TRIFLUOROMETHYL)PHENYL)AMINO)CARBONYL)AMINO)PHENOXY)-N-METHYL-2-PYRIDINECARBOXAMIDE;284461-73-0;608-209-4;MLDQJTXFUGDVEO-UHFFFAOYSA-N;CNC(=O)c1cc(Oc2ccc(NC(=O)Nc3ccc(Cl)c(c3)C(F)(F)F)cc2)ccn1;DTXSID7041128;2162390;PRO-146;NS00005946;REACH-A;CERT;PMT;HQ;Potential PMT/vPvM;FALS;FALS;;;FALS;FALS;FALS;FALS;FALS;FALS;FALS;FALS;FALS;FALS;FALS;FALS;FALS;FALS;FALS;FALS;FALS;FALS;;;;FALS;CERT;CERT;FALS;FALS;FALS;CERT;FALS;FALS;FALS;FALS;FALS;FALS;FALS;FALS;FALS;FALS;FALS;FALS;FALS;FALS;FALS;FALS;FALS;FALS;P-PNEC pred;46483;;502;;944;;0,0000651;5149219113;;3,48133E+13;;117;;1870;10;;33;1307;;46;9;16;>1 to < 10 tonnes;10;100;0;0;0;0;0;0;0;0;0;0;0;0;0;0;0;0;0;0;1;0;0;0;0;0;0;0;0;0;0;0;0;0;0;0;0;0;0;0;0;0;0;0;0;0;0;0;0;0;0;0;0;1;0;0;0;0;0;0;0;0;0;0;0;0;0;;;2,8281E+14;5,16299E+14;1,39484E+12;;;1,01299E+14;FALS;0;0;0;0;404;low ;298;16100;low ;3;5913;low ;0;8,68038E+14;3,89097E+14;1,67092E+12;5,88668E+14;8,91318E+14;P_score_soil_exp_UBA;5,16299E+14;P_score_soil_exp_UBA;5,16299E+14;2,66416E+14;;;M_score_pred_Dashboard;1,01299E+14;1,01299E+14;kemi_score;46;2,28693E+14;10;5,16299E+14;5;1,6428E+14;10;8,91318E+14;5;3,59898E+14;75;6,78371E+14;5;2,88669E+14;75;10;(T);PM(T);(T);3;Ar N, C O, C O Nocoo, Nh0, Nh1, Alkyl Halide, Amide, Aniline, Benzene, Ether, Halogen, Pyridine, Urea;['Chlorobenzenes', 'Ethylene Glycols', 'PBB', 'PBDE', 'PCB', 'PhenylEthers', 'Phenylureas', 'Pyridin', 'PFAS']
4-(5,5,6-trimethylbicyclo[2.2.1]hept-2-yl)cyclohexan-1-ol;66068-84-6;266-100-3;PCFHYANYPQEMPU-UHFFFAOYSA-N;CC1C2CC(C1(C)C)CC2C3CCC(CC3)O;DTXSID4041816;1066730;PRO-147;NS00005733;REACH-A;CERT;vPvM & PMT;MQ;PMT;FALS;FALS;;;FALS;FALS;FALS;FALS;FALS;FALS;FALS;FALS;FALS;FALS;FALS;FALS;FALS;FALS;FALS;CERT;CERT;FALS;"Cleaning products and household care -> air freshener; Cleaning products and household care -> general household cleaning -> disinfectant; fragrance; fragrance component; fragrances; perfuming";;;CERT;CERT;CERT;CERT;CERT;CERT;CERT;FALS;FALS;FALS;CERT;FALS;CERT;FALS;FALS;CERT;FALS;FALS;FALS;FALS;FALS;FALS;FALS;FALS;FALS;P-PNEC pred;236399;;485;;846;;133;3399673721;35559;4,96179E+52;321292265;3720;280;;;;24;11987;25;58;25;38;>100 to < 1000 tonnes;1000;10000;0;0;0;1;0;0;1;0;0;0;0;0;0;0;0;0;0;0;0;0;0;0;0;0;0;0;1;0;0;1;0;0;0;1;0;0;0;1;0;0;0;0;0;0;0;0;0;0;0;0;0;1;0;0;0;0;0;0;0;0;0;0;0;0;0;2,1368E+14;2,55836E+14;10;;;;2,53796E+14;2,74845E+13;FALS;0;0;0;0;931;low ;659;7920;moderate ;85;1603;low ;7;7,15305E+14;5,22166E+14;1,22502E+14;9,93083E+14;7,66664E+13;;;P_score_freshwater_pred_Dashboard;10;4,89839E+14;;;M_score_pred_Dashboard;2,74845E+13;2,6432E+14;kemi_score;58;5,24256E+14;10;;;3,59825E+14;10;4,37797E+14;10;4,7908E+14;10;4,37797E+14;5;3,96901E+13;10;10;PM;;PM;3;Al Oh, Al Oh Notert, Bicyclic;['Alkylphenols', 'Cyclohexanes']
4-(?,?-dimethylbenzyl)phenol;599-64-4;209-968-0;QBDSZLJBMIMQRS-UHFFFAOYSA-N;CC(C)c1ccccc1c1ccc(cc1)O;DTXSID3022536;117420;PRO-148;NS00009362;REACH-A;FALS;PMT;MQ;Not PMT/vPvM;FALS;FALS;;;FALS;FALS;FALS;FALS;FALS;FALS;FALS;FALS;FALS;FALS;FALS;FALS;FALS;FALS;FALS;FALS;FALS;FALS;;"Intermediate; Intermediates; Terminator/Blocker";Intermediates;CERT;CERT;CERT;FALS;FALS;FALS;CERT;FALS;FALS;FALS;FALS;FALS;FALS;FALS;FALS;FALS;FALS;FALS;FALS;FALS;FALS;FALS;FALS;FALS;FALS;P-PNEC pred;212292;;407;;884;;333;3021189299;33708;3,61282E+14;3395291079;4170;530;;;34;;78665;28;53;12;18;>100 to < 1000 tonnes;1000;10000;0;0;0;0;0;0;0;0;0;0;0;0;0;0;0;0;0;0;1;0;0;0;0;0;0;0;0;0;0;0;0;0;0;0;0;0;0;0;0;0;0;0;0;0;0;0;0;0;0;0;1;0;0;0;1;0;0;0;0;0;0;0;0;0;0;4,4718E+14;2,74214E+14;1E+15;;;2,748E+14;2,78851E+14;3,30078E+14;FALS;0;0;0;0;539;low ;697;3,056E+14;moderate ;85;908;moderate ;85;5,26031E+14;7,69056E+14;1,50384E+14;1,23674E+14;6,33492E+14;;;P_score_freshwater_pred_Dashboard;1E+15;5,73798E+14;M_score_exp_UBA;2,748E+14;M_score_pred_Dashboard;3,30078E+14;2,94576E+14;kemi_score;53;5,74524E+12;10;2,748E+14;5;4,11129E+14;10;4,21162E+14;10;4,91902E+14;10;3,6529E+14;75;4,16116E+14;10;10;PM;;PM;2;Ar Oh, Benzene, Phenol, Phenol Noorthohbond;['Alkylphenols', 'Phenols']
4,4',4''-(ethan-1,1,1-triyl)triphenol;27955-94-8;405-800-7;BRPSWMCDEYMRPE-UHFFFAOYSA-N;CC(c1ccc(O)cc1)(c1ccc(O)cc1)c1ccc(O)cc1;DTXSID2037712;931180;PRO-149;NS00019386;REACH-B;FALS;vPvM & PMT;MQ;PMT;FALS;FALS;;;FALS;FALS;FALS;FALS;FALS;FALS;FALS;FALS;FALS;FALS;FALS;FALS;FALS;FALS;FALS;FALS;FALS;FALS;;"Intermediate; Solvents (which become part of product formulation or mixture)";Solvents (which become part of product formulation or mixture);CERT;CERT;CERT;FALS;FALS;FALS;FALS;FALS;FALS;FALS;FALS;FALS;FALS;FALS;FALS;FALS;FALS;FALS;FALS;FALS;FALS;FALS;FALS;FALS;FALS;P-PNEC pred;306361;;386;;929;;136;3178976947;;2,58799E+32;;832;730;;;22;;99686;;5;0;0;Tonnage data confidential;;;0;0;0;0;0;0;0;0;0;0;0;0;0;0;0;0;0;0;1;0;0;0;0;0;0;0;0;0;0;0;1;0;0;0;0;0;0;0;0;0;0;0;0;0;0;0;0;0;0;0;0;1;0;0;1;0;0;0;0;0;0;0;0;0;0;5,83039E+14;;10;;;4,65398E+14;;3,06357E+13;CERT;0;0;0;0;419;low ;48;25900;;10;693;low ;536;5,00341E+13;3,18824E+14;1,649E+14;1,36965E+14;6,0931E+13;;;P_score_freshwater_pred_Dashboard;10;7,91519E+14;M_score_exp_UBA;4,65398E+14;M_score_exp_UBA;4,65398E+14;3,85878E+14;kemi_score;5;6,82201E+14;10;4,65398E+14;5;5,52657E+14;10;6,0931E+13;5;6,56983E+14;75;5,32515E+14;5;5,70931E+14;75;10;PM(T);PM(T);PM(T);3;Ar Oh, Benzene, Phenol, Phenol Noorthohbond;['Alkylphenols', 'Phenols']
"4,4'-[2,2,2-trifluoro-1-(trifluoromethyl)ethylidene]diphenol; bisphenol AF";1478-61-1;216-036-7;ZFVMWEVVKGLCIJ-UHFFFAOYSA-N;Oc1ccc(cc1)C(c1ccc(O)cc1)(C(F)(F)F)C(F)(F)F;DTXSID7037717;738640;PRO-150;NS00011437;REACH-A;FALS;PMT;HQ;Not PMT/vPvM;FALS;FALS;;;FALS;FALS;FALS;FALS;FALS;FALS;FALS;FALS;FALS;FALS;FALS;FALS;FALS;FALS;FALS;FALS;FALS;FALS;;"Fillers; Intermediates; Process regulators; Processing aids, not otherwise listed";Fillers;FALS;FALS;CERT;FALS;FALS;FALS;CERT;FALS;FALS;FALS;CERT;FALS;FALS;FALS;FALS;FALS;FALS;FALS;FALS;FALS;FALS;FALS;FALS;FALS;FALS;P-PNEC pred;336233;;369;;813;;384;3829946696;37313;3,61282E+14;4008370036;1290;9130;;;34;;101908;23;;22;33;>100 to < 1000 tonnes;1000;10000;0;0;0;0;0;0;0;0;0;0;0;0;0;0;0;0;0;0;0;0;1;0;0;0;0;0;0;0;0;0;1;0;0;0;0;0;0;0;0;0;0;0;0;0;0;0;0;0;0;0;0;0;0;1;0;0;0;0;0;0;0;0;0;0;0;9,90566E+14;9,62555E+14;1E+15;;;2,748E+14;2,31467E+14;2,19527E+14;FALS;0;0;0;0;252;low ;271;5719;low ;421;2727;low ;0;4,97948E+14;5,96746E+14;1,97594E+14;8,04917E+14;6,08818E+14;;;P_score_freshwater_pred_Dashboard;1E+15;9,84374E+13;M_score_exp_UBA;2,748E+14;M_score_exp_UBA;2,748E+14;2,41931E+14;E_score_max;33;5,24213E+14;10;2,748E+14;5;4,88007E+14;10;3,74203E+14;10;4,42902E+14;10;3,37606E+14;75;4,27333E+14;10;10;PM;;PM;3;Ar Oh, Alkyl Halide, Benzene, Halogen, Phenol, Phenol Noorthohbond;['Alkylphenols', 'Chlorobenzenes', 'Phenols', 'PBB', 'PCB', 'PFAS']
4,4'-bis(dimethylamino)-4''-(methylamino)trityl alcohol;561-41-1;209-218-2;MAGJOSJRYKEYAZ-UHFFFAOYSA-N;CNc1ccc(C(O)(c2ccc(N(C)C)cc2)c2ccc(N(C)C)cc2)cc1;DTXSID00204642;684140;PRO-151;NS00008275;REACH-C;CERT;PMT;HQ;Not PMT/vPvM;FALS;FALS;;;FALS;FALS;FALS;FALS;FALS;FALS;FALS;FALS;FALS;FALS;FALS;FALS;FALS;FALS;FALS;CERT;FALS;CERT;;;;CERT;CERT;CERT;FALS;FALS;FALS;FALS;FALS;FALS;FALS;CERT;FALS;CERT;FALS;CERT;FALS;FALS;CERT;FALS;FALS;FALS;FALS;FALS;FALS;FALS;P-PNEC pred;375516;;408;;955;;149;3100370545;27787;5,8557E+14;281151586;145;25000;;;34;;1233;37;41;12;24;>10 to < 100 tonnes;100;1000;0;0;0;0;0;0;0;0;0;0;0;0;0;0;0;0;0;1;0;0;0;0;0;0;0;0;0;0;0;0;0;0;0;0;0;0;0;0;0;0;0;0;0;0;0;0;0;0;0;0;0;0;0;0;0;0;0;0;0;0;0;0;0;0;0;9,98301E+13;9,33418E+14;4,89597E+14;;;2,748E+14;3,68245E+13;3,18056E+14;FALS;0;0;0;0;796;low ;298;5482;low ;408;787;low ;0;8,70911E+14;6,07144E+14;1,30005E+14;1,30565E+14;8,97914E+14;;;P_score_freshwater_pred_UBA;9,98301E+13;8,07105E+14;M_score_exp_UBA;2,748E+14;M_score_pred_Episuite;3,68245E+13;3,20367E+14;kemi_score;41;6,06316E+14;10;2,748E+14;5;5,08498E+14;10;5,76392E+14;10;5,91165E+14;10;4,50282E+14;75;5,41382E+14;10;10;PM;;PM;;Al Oh, Nh0, Nh1, Aniline, Benzene;['Alkylphenols', 'Aromatic amines']
4,4'-bis[(4,6-bis{[3-(diethylamino)propyl]amino}-1,3,5-triazin-2-yl)amino]-1,1'-bianthracene-9,9',10,10'-tetrone;157367-45-8;941-814-4;MZLOLIIBMRZBTH-UHFFFAOYSA-N;CCN(CC)CCCNc1nc(Nc2c3C(=O)c4ccccc4C(=O)c3c(cc2)c2c3C(=O)c4ccccc4C(=O)c3c(Nc3nc(NCCCN(CC)CC)nc(NCCCN(CC)CC)n3)cc2)nc(NCCCN(CC)CC)n1;DTXSID001107221;207152430;PRO-152;NS00003258;REACH-B;FALS;vPvM;HQ;vPvM;FALS;FALS;;;FALS;FALS;FALS;FALS;FALS;FALS;FALS;FALS;FALS;FALS;FALS;FALS;FALS;FALS;FALS;CERT;FALS;FALS;;;;FALS;FALS;CERT;FALS;FALS;FALS;FALS;FALS;FALS;FALS;FALS;FALS;FALS;FALS;FALS;FALS;FALS;FALS;CERT;FALS;FALS;FALS;FALS;FALS;FALS;P-PNEC pred;1115446;;456;;963;;0,00372;4499687083;;1,71997E+75;;282;16656210;;;;-75;5515718;;37;0;9;>0 to < 10 tonnes;0;100;0;0;0;0;0;0;0;1;0;0;0;0;0;0;0;0;0;1;1;0;0;0;0;0;0;0;0;0;0;0;0;0;0;0;0;0;0;0;0;0;0;0;0;0;0;0;0;0;0;0;0;1;1;0;0;0;0;0;0;0;0;0;0;0;0;1E+15;;10;;;;;1,50249E+14;FALS;0;0;0;0;4115;low ;0;2392;low ;0;10400;low ;0;1,4911E+14;8,48067E+13;6,82193E+14;4,66623E+14;2,62738E+14;;;P_score_freshwater_pred_Dashboard;10;1E+14;;;M_score_pred_Dashboard;1,50249E+14;1,50249E+14;kemi_score;37;3,87619E+14;10;;;3,87619E+14;10;2,62738E+14;5;3,40495E+14;75;2,62738E+14;25;3,40495E+14;75;10;PM;;PM;3;Ar N, C O, C O Nocoo, Nh0, Nh1, Aniline, Benzene, Bicyclic, Ketone, Unbrch Alkane;['Aromatic amines', 'Cyclohexanes', 'Benzophenones']
4,4'-diaminostilbene-2,2'-disulphonic acid;81-11-8;201-325-2;REJHVSOVQBJEBF-UHFFFAOYSA-N;C1=CC(=C(C=C1N)S(=O)(=O)O)C=CC2=C(C=C(C=C2)N)S(=O)(=O)O;DTXSID5024926;52843780;PRO-153;NS00073857;REACH-B;FALS;vPvM & PMT;HQ;vPvM & PMT;FALS;FALS;;;FALS;FALS;FALS;FALS;FALS;FALS;FALS;FALS;FALS;FALS;FALS;FALS;FALS;FALS;FALS;FALS;FALS;CERT;;"Brightener; Intermediate; Intermediates";;CERT;CERT;CERT;FALS;FALS;FALS;CERT;FALS;FALS;FALS;FALS;FALS;FALS;FALS;FALS;FALS;FALS;FALS;FALS;FALS;FALS;FALS;FALS;FALS;FALS;P-PNEC;37039;-17;-164;;942;;119;1840106094;-584;3,77128E+14;502638686;234;14830;;;;-37;472886202;81;7;0;0;;;;1;0;0;0;0;0;0;0;0;0;0;0;0;0;0;0;0;0;1;0;0;0;0;0;0;0;0;0;0;0;0;0;0;0;0;0;0;0;0;0;0;0;0;0;0;0;0;0;0;0;1;1;0;0;0;0;0;0;0;0;0;0;0;0;0;9,95861E+14;4,24902E+14;3,11353E+14;;;;8,06398E+14;5,27679E+14;FALS;0;0;0;0;1789;low ;203;1526;low ;658;14500;moderate ;85;5,80602E+14;1,01237E+14;9,51245E+14;4,06457E+14;6,46619E+14;;;P_score_freshwater_pred_UBA;9,95861E+14;5,77372E+14;;;M_score_pred_Episuite;8,06398E+14;6,67039E+14;kemi_score;7;8,96137E+14;10;;;6,20588E+13;10;7,23714E+14;10;8,05324E+14;10;7,23714E+14;5;6,7017E+13;10;0;vPvM(T);(T);PM(T);4;Arn, Nh2, Aniline, Benzene;['Aromatic amines', 'Styrenes']
4,4'-Dihydroxybiphenyl;92-88-6;202-200-5;VCCBEIPGXKNHFW-UHFFFAOYSA-N;C1=CC(=CC=C1C2=CC=C(C=C2)O)O;DTXSID1029120;71120;PRO-154;NS00002875;;FALS;;;;FALS;FALS;;;FALS;FALS;FALS;FALS;FALS;FALS;FALS;FALS;FALS;CERT;FALS;FALS;FALS;FALS;CERT;CERT;FALS;FALS;"bleaching; skin protecting";"Intermediates; Other (specify)";Other (specify);CERT;CERT;CERT;FALS;FALS;FALS;CERT;FALS;FALS;FALS;CERT;FALS;FALS;FALS;CERT;FALS;FALS;FALS;FALS;FALS;FALS;FALS;FALS;FALS;FALS;;18621;;265;;815;;248;3008600172;28076;5,3897E+14;1876000453;490;;;;;;522899;36;62;35;46;>1000 to < 10000 tonnes;10000;100000;1;0;0;0;0;0;0;0;0;0;0;0;0;0;0;0;0;0;0;0;1;0;0;0;0;0;0;0;0;0;1;0;0;0;0;0;0;0;0;0;0;0;0;0;0;0;0;0;0;0;0;1;0;0;1;0;0;0;0;0;0;0;0;0;0;;1,20521E+14;1E+15;;;;3,63597E+14;3,3201E+14;FALS;0;0;0;0;6572;low ;683;15500;moderate ;85;5298;;10;3,27741E+14;3,95312E+14;5,63753E+14;6,15655E+14;3,99197E+14;;;P_score_freshwater_pred_Dashboard;1E+15;5,6026E+14;;;M_score_pred_Episuite;3,63597E+14;3,47803E+14;kemi_score;62;6,0299E+14;10;;;4,4143E+14;10;3,79092E+14;10;4,7811E+14;10;3,79092E+14;5;4,09076E+14;10;10;PM;;PM;2;Ar Oh, Benzene, Phenol, Phenol Noorthohbond;['Alkylphenols', 'Phenols']
4,4'-methylenebis(N-sec-butylcyclohexanamine);154279-60-4;679-514-8;PICLBAFTFYTURY-UHFFFAOYSA-N;CCC(C)NC1CCC(CC1)CC2CCC(CC2)NC(C)CC;DTXSID80870021;218853360;PRO-155;;REACH-A;FALS;vPvM & PMT;MQ;vPvM & PMT;FALS;FALS;;;FALS;FALS;FALS;FALS;FALS;FALS;FALS;FALS;FALS;FALS;FALS;FALS;FALS;FALS;FALS;CERT;FALS;FALS;;Process regulators;;FALS;FALS;CERT;FALS;FALS;FALS;FALS;FALS;FALS;FALS;CERT;FALS;FALS;FALS;FALS;FALS;FALS;CERT;FALS;FALS;FALS;FALS;FALS;FALS;FALS;P-PNEC pred;322581;;644;;921;;733;4630427875;;3,24376E+14;;4270;880;;;;-60;1748;;5;12;23;>10 to < 100 tonnes;100;1000;0;0;0;0;0;0;0;0;0;0;0;0;0;0;0;0;0;0;0;0;0;0;0;0;0;0;0;0;0;0;0;0;0;0;0;0;0;0;0;0;0;0;0;0;0;0;0;0;0;0;0;0;0;0;0;0;0;0;0;0;0;0;0;0;0;6,58075E+14;;1E+15;;;;;1,39042E+14;FALS;0;0;0;0;357;low ;565;5521;low ;7;1395;low ;7;6,80802E+14;6,0539E+14;1,74701E+14;1,04839E+14;7,51399E+14;;;P_score_freshwater_pred_Dashboard;1E+15;8,29038E+14;;;M_score_pred_Dashboard;1,39042E+14;1,39042E+14;kemi_score;5;3,72883E+14;10;;;3,39515E+14;10;7,51399E+14;5;4,70983E+14;75;7,51399E+14;25;4,42449E+14;75;10;PM(T);(T);PM(T);2;Nh1;['Other']
4,4'-oxydianiline;101-80-4;202-977-0;HLBLWEWZXPIGSM-UHFFFAOYSA-N;c1cc(ccc1N)Oc1ccc(cc1)N;DTXSID0021094;75790;PRO-156;NS00002329;REACH-C;CERT;vPvM & PMT;MQ;vPvM & PMT;FALS;FALS;;;FALS;FALS;FALS;FALS;FALS;FALS;FALS;FALS;FALS;FALS;FALS;FALS;FALS;FALS;FALS;FALS;FALS;FALS;;"Intermediates; Monomers";;CERT;CERT;CERT;CERT;FALS;CERT;CERT;FALS;FALS;FALS;CERT;CERT;FALS;FALS;FALS;FALS;FALS;FALS;FALS;FALS;FALS;FALS;FALS;FALS;FALS;P-PNEC pred;200241;136;131;;836;;48;2559906625;16901;5,34806E+14;4709320763;331;1070;;;17;;203654;55;59;11;22;>10 to < 100 tonnes;100;1000;0;0;0;0;0;0;0;0;0;0;0;0;0;1;0;0;0;0;0;0;0;0;0;0;0;0;0;0;1;0;1;1;0;0;0;0;0;0;0;0;0;0;0;0;0;0;0;0;0;0;0;0;0;0;1;0;0;1;1;0;0;0;0;0;0;7,28876E+14;3,97936E+14;1E+15;;;5,518E+14;5,53496E+14;4,04175E+14;CERT;75;75;0;0;2766;low ;7;1429;low ;511;17800;;10;4,23385E+14;1,03862E+14;8,00364E+14;3,73118E+14;5,08446E+14;;;P_score_freshwater_pred_Dashboard;1E+15;7,08937E+14;M_score_exp_UBA;5,518E+14;M_score_pred_Episuite;5,53496E+14;5,03157E+14;kemi_score;59;7,43973E+14;10;5,518E+14;5;5,97249E+14;10;5,28815E+14;10;6,27235E+14;10;5,36368E+14;75;5,61991E+14;10;0;vPvM;PM;PM;3;Arn, Nh2, Aniline, Benzene, Ether;['Aromatic amines', 'Ethylene Glycols', 'PBDE', 'PhenylEthers']
4,4'-Sulfonyldiphenol (Bisphenol S);80-09-1;201-250-5;VPWNQTHUCYMVMZ-UHFFFAOYSA-N;C1=CC(=CC=C1O)S(=O)(=O)C2=CC=C(C=C2)O;DTXSID3022409;66260;PRO-157;NS00010610;;FALS;;;;FALS;FALS;;;FALS;FALS;FALS;FALS;FALS;FALS;FALS;FALS;FALS;FALS;FALS;FALS;FALS;FALS;FALS;CERT;FALS;CERT;;"Dyes; Etching agent; Fixing agent (mordant); Monomers; Other; Other (specify); Polymerization promoter; Processing aids, not otherwise listed; Surfactant (surface active agent)";"Etching agent; Fixing agent (mordant); Intermediates; Other (specify); Polymerization promoter; Processing aids, not otherwise listed";CERT;CERT;CERT;FALS;FALS;CERT;CERT;FALS;FALS;FALS;CERT;CERT;FALS;FALS;CERT;FALS;FALS;FALS;FALS;FALS;FALS;FALS;CERT;CERT;FALS;;25027;;13;;898;;541;2720159303;21953;5,3897E+14;2472388128;316;;;;;;1288093;47;68;48;6;>10000 to < 100000 tonnes;100000;1000000;0;0;0;0;0;0;0;1;0;0;0;0;0;0;0;0;0;0;0;0;0;1;0;0;1;0;0;0;0;0;1;0;0;0;0;0;0;0;0;0;0;0;0;0;0;0;1;0;1;0;0;1;0;0;0;0;0;0;0;0;0;0;0;0;0;;1,80109E+14;1E+15;;;;4,66209E+14;3,77734E+14;CERT;0;0;75;0;2260;low ;397;15400;;10;4908;low ;47;2,47881E+14;3,96381E+14;8,67398E+14;6,35122E+14;3,43686E+14;;;P_score_freshwater_pred_Dashboard;1E+15;5,90054E+14;;;M_score_pred_Episuite;4,66209E+14;4,21971E+14;kemi_score;68;6,82795E+14;10;;;4,98985E+14;10;4,01911E+14;10;5,23854E+14;10;4,01911E+14;5;4,47825E+14;10;0;PM;;PM;2;Ar Oh, Benzene, Phenol, Phenol Noorthohbond, Sulfone;['Alkylphenols', 'Phenols']
4,8-dioxa-3H-perfluorononanoic acid;958445-44-8;;;C(C(C(=O)[O-])(F)F)(OC(C(C(OC(F)(F)F)(F)F)(F)F)(F)F)F.[NH4+];DTXSID00874026;874909830;PRO-158;;;FALS;;;;CERT;CERT;x;<LOD;CERT;CERT;CERT;CERT;FALS;CERT;FALS;FALS;FALS;FALS;FALS;FALS;FALS;FALS;CERT;FALS;FALS;FALS;;;;FALS;FALS;FALS;FALS;FALS;FALS;FALS;FALS;FALS;FALS;FALS;FALS;FALS;FALS;FALS;FALS;FALS;FALS;FALS;FALS;FALS;FALS;FALS;FALS;FALS;;395101;;555;;425;;182;2989894564;;8,73567E+14;;537;;;;;;2,40896E+14;;;;;;;;0;0;0;0;0;0;0;0;0;0;0;0;0;0;0;0;0;0;0;0;0;0;0;0;0;0;0;0;0;0;0;0;0;0;0;0;0;0;0;0;0;0;0;0;0;0;0;0;0;0;0;0;0;0;0;0;0;0;0;0;0;0;0;0;0;;;6,55248E+14;;;;;3,34892E+14;FALS;0;0;0;0;990;low ;199;1120;low ;0;36100;low ;0;2,00715E+14;1,14131E+14;1,19662E+14;2,77195E+14;3,39248E+13;;;P_score_freshwater_pred_Dashboard;6,55248E+14;6,55248E+14;;;M_score_pred_Dashboard;3,34892E+14;3,34892E+14;;;4,68441E+13;10;;;4,68441E+13;10;3,39248E+13;5;4,20671E+14;75;3,39248E+13;25;4,20671E+14;75;0;PM;;PM;2;Al Coo, Coo, Coo2, C O, C O Nocoo, Alkyl Halide, Ether, Halogen, Quatn;['Ethylene Glycols', 'Organotins', 'PFAS']
4:2 fluorotelomer sulfonic acid;757124-72-4;816-391-3;TXGIGTRUEITPSC-UHFFFAOYSA-N;C(CS(=O)(=O)O)C(C(C(C(F)(F)F)(F)F)(F)F)(F)F;DTXSID30891564;207345430;PRO-159;NS00011094;;FALS;;;;CERT;CERT;<1,6;<0.7;CERT;CERT;CERT;FALS;CERT;CERT;FALS;FALS;FALS;FALS;FALS;FALS;FALS;FALS;CERT;FALS;FALS;FALS;;;;FALS;FALS;FALS;FALS;FALS;FALS;FALS;FALS;FALS;FALS;FALS;FALS;FALS;FALS;FALS;FALS;FALS;FALS;FALS;FALS;FALS;FALS;FALS;FALS;FALS;;32815;;204;;477;;87;2699837726;;8,73567E+14;;631;;;;;;297001;;2;;;;;;0;0;0;0;0;0;0;0;0;0;0;0;0;0;0;0;0;0;0;0;0;0;0;0;0;0;0;0;0;0;0;0;0;0;0;0;0;0;0;0;0;0;0;0;0;0;0;0;0;0;0;0;0;0;0;0;0;0;0;0;0;0;0;0;0;;;6,55248E+14;;;;;3,81051E+14;FALS;0;0;0;0;1840;low ;16;5390;low ;201;51000;low ;0;3,83964E+14;6,11349E+14;9,4079E+14;2,39494E+14;4,58394E+14;;;P_score_freshwater_pred_Dashboard;6,55248E+14;6,55248E+14;;;M_score_pred_Dashboard;3,81051E+14;3,81051E+14;kemi_score;2;4,99683E+14;10;;;4,99683E+14;10;4,58394E+14;5;4,85522E+14;75;4,58394E+14;25;4,85522E+14;75;0;PM;;PM;;Alkyl Halide, Halogen;['PFAS']
4-[(2,4-dichloro-5-methoxyphenyl)amino]-6-methoxy-7-[3-(4-methylpiperazin-1-yl)propoxy]quinoline-3-carbonitrile;380843-75-4;700-455-1;UBPYILGKFZZVDX-UHFFFAOYSA-N;COc1cc(Nc2c(C#N)cnc3cc(OCCCN4CCN(C)CC4)c(OC)cc23)c(Cl)cc1Cl;DTXSID10861568;53289400;PRO-160;NS00002757;REACH-B;FALS;vPvM;HQ;PM;FALS;FALS;;;FALS;FALS;FALS;FALS;FALS;FALS;FALS;FALS;FALS;FALS;FALS;FALS;FALS;FALS;FALS;FALS;FALS;FALS;;;;CERT;FALS;CERT;FALS;FALS;FALS;FALS;FALS;FALS;FALS;FALS;FALS;FALS;FALS;FALS;FALS;FALS;FALS;FALS;FALS;FALS;FALS;FALS;FALS;FALS;P-PNEC pred;53045;;453;;106;;0,000949;4740362689;;5,40365E+14;;234;31830;;;;3;202;;41;2;6;>1 to < 10 tonnes;10;100;0;0;0;0;0;0;0;0;0;0;0;0;0;0;0;0;0;0;0;0;0;0;0;0;0;0;0;1;0;0;0;0;0;0;0;0;0;0;0;0;0;0;0;0;0;0;0;0;0;0;0;0;0;0;0;0;0;0;0;0;0;0;0;0;0;9,98875E+13;;1E+15;;;;;1,30168E+14;FALS;0;0;0;0;1433;low ;0;6278;low ;0;1433;low ;0;9,3671E+14;5,7442E+14;1,03749E+14;1,03749E+14;9,47758E+14;;;P_score_freshwater_pred_Dashboard;1E+15;9,99437E+14;;;M_score_pred_Dashboard;1,30168E+14;1,30168E+14;kemi_score;41;3,60788E+14;10;;;3,60686E+14;10;9,47758E+14;5;4,97814E+13;75;9,47758E+14;25;4,97721E+14;75;10;PM(T);(T);PM(T);4;Ar N, Nh0, Nh1, Ndealkylation1, Aniline, Benzene, Bicyclic, Ether, Halogen, Methoxy, Nitrile, Piperzine, Pyridine, Unbrch Alkane;['Aromatic amines', 'Chlorobenzenes', 'Cyclohexanes', 'Ethylene Glycols', 'HBCDDs', 'PBB', 'PBDE', 'PCB', 'PhenylEthers', 'Pyridin']
4-[[(2-aminophenyl)methyl]amino]cyclohexyl acetate;93839-71-5;298-842-9;VPLIJSLZFWAYSJ-UHFFFAOYSA-N;CC(=O)OC1CCC(CC1)NCc1ccccc1N;DTXSID70239744;30225500;PRO-161;NS00008566;REACH-B;FALS;vPvM & PMT;MQ;vPvM & PMT;FALS;FALS;;;FALS;FALS;FALS;FALS;FALS;FALS;FALS;FALS;FALS;FALS;FALS;FALS;FALS;FALS;FALS;FALS;FALS;FALS;;;;FALS;FALS;CERT;FALS;FALS;FALS;FALS;FALS;FALS;FALS;FALS;FALS;FALS;FALS;FALS;FALS;FALS;FALS;FALS;FALS;FALS;FALS;FALS;FALS;FALS;P-PNEC pred;262353;;216;;904;;905;3220108088;17584;3,48133E+13;3062971952;646;480;;;;-30;394009;54;28;0;0;;;;0;0;0;0;0;0;0;0;0;0;0;0;0;0;0;0;0;0;1;0;0;0;0;0;0;0;0;0;0;0;0;0;0;0;0;0;0;0;0;0;0;0;0;0;0;0;0;0;0;0;0;0;0;0;0;0;0;0;0;0;0;0;0;0;0;4,05773E+14;2,40593E+14;2,8281E+14;;;;5,41769E+13;3,00333E+13;FALS;0;0;0;0;1,488E+14;low ;318;1597;low ;468;5639;low ;671;3,55372E+14;9,94541E+14;1,02238E+14;6,00188E+14;4,66566E+14;;;P_score_freshwater_pred_UBA;4,05773E+14;3,09726E+14;;;M_score_pred_Episuite;5,41769E+13;4,21051E+14;kemi_score;28;4,68866E+14;10;;;3,61123E+14;10;5,01942E+14;10;4,85122E+14;10;5,01942E+14;5;4,2575E+14;10;0;PM;;PM;3;Arn, C O, C O Nocoo, Nh1, Nh2, Aniline, Benzene, Ester, Ether, Para Hydroxylation;['Aromatic amines', 'Ethylene Glycols', 'PBDE', 'PhenylEthers', 'Phtalates']
4-[4-({[4-chloro-3-(trifluoromethyl)phenyl]carbamoyl}amino)-3-fluorophenoxy]-N-methylpyridine-2-carboxamide hydrochloride;835621-07-3;692-722-3;ACSWJKPZXNIVMY-UHFFFAOYSA-N;CNC(=O)c1nccc(Oc2cc(F)c(NC(=O)Nc3cc(c(Cl)cc3)C(F)(F)F)cc2)c1;DTXSID60735346;665770090;PRO-162;;REACH-B;FALS;PMT;HQ;Potential PMT/vPvM;FALS;FALS;;;FALS;FALS;FALS;FALS;FALS;FALS;FALS;FALS;FALS;FALS;FALS;FALS;FALS;FALS;FALS;FALS;FALS;FALS;;;;CERT;FALS;CERT;FALS;FALS;FALS;CERT;FALS;FALS;FALS;FALS;FALS;FALS;FALS;FALS;FALS;FALS;FALS;FALS;FALS;FALS;FALS;FALS;FALS;FALS;;51928;;411;;944;;0,00000729;5178976947;;3,48133E+13;;204;33050;;;;34;;;;0;0;;;;0;0;0;0;0;0;0;0;0;0;0;0;0;0;0;0;0;0;1;0;0;0;0;0;0;0;0;0;0;0;0;0;0;0;0;0;0;0;0;0;0;0;0;0;0;0;0;0;0;0;0;1;0;0;0;0;0;0;0;0;0;0;0;0;0;9,98945E+14;;2,8281E+14;;;;;9,94367E+14;FALS;0;0;0;0;504;low ;194;14400;low ;195;6197;low ;0;;4,0763E+14;1,54148E+13;5,77481E+14;3,76158E+14;;;P_score_freshwater_pred_UBA;9,98945E+14;6,40878E+14;;;M_score_pred_Dashboard;9,94367E+14;9,94367E+14;E_score_min;0;3,1517E+14;10;;;2,52442E+14;10;3,76158E+14;5;1,55174E+14;75;3,76158E+14;25;1,33833E+14;75;10;;;;4;Ar N, C O, C O Nocoo, Nh0, Nh1, Alkyl Halide, Amide, Aniline, Benzene, Ether, Halogen, Pyridine, Urea;['Chlorobenzenes', 'Ethylene Glycols', 'PBB', 'PBDE', 'PCB', 'PhenylEthers', 'Phenylureas', 'Pyridin', 'PFAS']
4-amino-2,5-dimethoxy-N-methylbenzenesulphonamide;49701-24-8;256-435-3;CISVVDNATRQDNU-UHFFFAOYSA-N;CNS(=O)(=O)c1cc(OC)c(N)cc1OC;DTXSID2068507;1708010;PRO-163;NS00006391;REACH-B;FALS;vPvM & PMT;MQ;vPvM & PMT;FALS;FALS;;;FALS;FALS;FALS;FALS;FALS;FALS;FALS;FALS;FALS;FALS;FALS;FALS;FALS;FALS;FALS;FALS;FALS;FALS;;;;CERT;CERT;CERT;FALS;FALS;FALS;CERT;FALS;FALS;FALS;FALS;FALS;FALS;FALS;FALS;FALS;FALS;FALS;FALS;FALS;FALS;FALS;FALS;FALS;FALS;P-PNEC pred;24628;;71;;811;;291;1980003372;11992;7,15216E+14;4943726272;178;570;;;;3;1366213;64;34;0;0;;;;0;0;0;0;0;0;0;0;0;0;0;0;0;0;0;0;0;0;1;0;0;0;0;0;0;0;0;0;0;0;0;0;0;0;0;0;0;0;0;0;0;0;0;0;0;0;0;0;0;0;0;1;0;0;0;0;0;0;0;0;0;0;0;0;0;4,78092E+14;4,1799E+14;5,74512E+14;;;;6,35312E+13;5,03465E+14;FALS;0;0;0;0;2266;low ;212;978;low ;396;18400;low ;682;2,43144E+14;1,20221E+14;8,66486E+13;3,67981E+14;2,73312E+14;;;P_score_freshwater_pred_Dashboard;5,74512E+14;4,90198E+14;;;M_score_pred_Episuite;6,35312E+13;5,69388E+14;kemi_score;34;6,04148E+14;10;;;5,28312E+14;10;4,18234E+14;10;5,02668E+14;10;4,18234E+14;5;4,70061E+14;10;0;PM;;PM;;Arn, Nh1, Nh2, Aniline, Benzene, Ether, Methoxy, Sulfonamd;['Sulfonamides', 'Ethylene Glycols', 'PBDE', 'PhenylEthers']
4-amino-5-hydroxynaphthalene-2,7-disulphonic acid;90-20-0;201-975-7;APRRQJCCBSJQOQ-UHFFFAOYSA-N;Nc1cc(S(=O)(=O)O)cc2cc(S(=O)(=O)O)cc(O)c12;DTXSID0046981;70090;PRO-164;NS00006582;REACH-A;FALS;vPvM & PMT;MQ;vPvM & PMT;FALS;FALS;;;FALS;FALS;FALS;FALS;FALS;FALS;FALS;FALS;FALS;FALS;FALS;FALS;FALS;FALS;FALS;FALS;FALS;FALS;;;;FALS;FALS;CERT;FALS;FALS;FALS;FALS;FALS;FALS;FALS;FALS;FALS;FALS;FALS;FALS;FALS;FALS;FALS;FALS;FALS;FALS;FALS;FALS;FALS;FALS;;3193;;-184;;94;;123;1759667845;-1968;2,9666E+14;2776688198;24;3760;;;;-51;223548;82;;0;0;;;;0;0;0;0;0;0;0;0;0;0;0;0;0;0;0;0;0;0;1;0;0;0;0;0;0;0;0;0;0;0;0;0;0;0;0;0;0;0;0;0;0;0;0;0;0;0;0;0;0;0;0;1;0;0;0;0;0;0;0;0;0;0;0;0;0;9,58408E+14;2,11288E+14;2,30749E+14;;;;8,20937E+14;5,4155E+14;FALS;0;0;0;0;4759;low ;202;39900;low ;667;19200;low ;0;4,13535E+14;2,65718E+13;6,43132E+14;3,61485E+14;4,23853E+14;;;P_score_freshwater_pred_UBA;9,58408E+14;4,66815E+14;;;M_score_pred_Episuite;8,20937E+14;6,81243E+14;E_score_min;0;8,87013E+14;10;;;5,63928E+12;10;5,89542E+13;10;7,2314E+14;10;5,89542E+13;5;5,76593E+14;10;0;vPvM;;PM;4;Arn, Ar Oh, Nh2, Aniline, Benzene, Bicyclic, Phenol, Phenol Noorthohbond;['Alkylphenols', 'Aromatic amines', 'Cyclohexanes', 'Phenols']
4-amino-N-(1,1-dimethylethyl)-4,5-dihydro-3-(1-methylethyl)-5-oxo-1H-1,2,4-triazole-1-carboxamide;129909-90-6;603-373-3;ORFPWVRKFLOQHK-UHFFFAOYSA-N;CC(C)c1nn(C(=O)NC(C)(C)C)c(=O)n1N;DTXSID3034329;1539200;PRO-165;NS00001668;REACH-B;FALS;vPvM;HQ;vPvM;FALS;FALS;;;FALS;FALS;FALS;FALS;FALS;FALS;FALS;FALS;FALS;FALS;FALS;FALS;FALS;FALS;FALS;FALS;FALS;FALS;;;;CERT;FALS;CERT;FALS;FALS;FALS;CERT;FALS;FALS;FALS;CERT;FALS;FALS;FALS;FALS;FALS;FALS;FALS;FALS;FALS;FALS;FALS;FALS;FALS;FALS;P-PNEC pred;241295;;508;;812;191;235;1519827994;;7,15216E+14;;263;25000;;;14;;1453302;;42;4;11;>1 to < 10 tonnes;10;100;0;0;0;0;0;0;0;0;0;0;0;0;0;0;0;0;0;0;0;0;0;0;0;0;0;1;0;0;0;0;0;0;0;0;0;0;0;0;0;0;0;0;0;0;0;0;0;0;0;0;0;0;0;0;0;0;0;0;0;0;0;0;0;0;0;9,98301E+13;;5,74512E+14;;;6,02499E+13;;5,82448E+14;FALS;0;0;0;0;1344;low ;225;65900;low ;296;21200;low ;24;2,38239E+14;2,14807E+14;1,06367E+14;3,46787E+13;2,57084E+14;;;P_score_freshwater_pred_UBA;9,98301E+13;7,86407E+14;M_score_exp_UBA;6,02499E+13;M_score_exp_UBA;6,02499E+13;5,92473E+14;kemi_score;42;7,75548E+14;10;6,02499E+13;5;6,82587E+14;10;2,57084E+14;5;5,3674E+14;75;3,93564E+14;5;4,92943E+13;75;0;vPvM;PM;PM;;Arn, Ar N, C O, C O Nocoo, Nh0, Nh1, Nh2, Amide;['Other']
4-aminophenol;123-30-8;204-616-2;PLIKAWJENQZMHA-UHFFFAOYSA-N;Nc1ccc(O)cc1;DTXSID3024499;4030;PRO-166;NS00006730;REACH-A;CERT;PMT;HQ;PMT;FALS;FALS;;;FALS;FALS;FALS;FALS;FALS;FALS;FALS;FALS;FALS;FALS;FALS;FALS;FALS;FALS;FALS;CERT;CERT;FALS;"Personal care -> hair coloring; Personal care -> hair coloring -> hair color - permanent; Personal care -> hair styling and care -> hair conditioner; Personal care -> hair styling and care -> shampoo; hair colorant; hair dyeing";Not Known or Reasonably Ascertainable;;CERT;CERT;CERT;FALS;CERT;FALS;CERT;FALS;FALS;FALS;CERT;FALS;CERT;CERT;FALS;CERT;FALS;FALS;FALS;FALS;FALS;FALS;FALS;FALS;FALS;P-PNEC pred;109128;4;39;;76;153;429;1550228353;10925;3,61405E+14;1954451364;219;25000;;;5;;676746;65;68;11;21;>10 to < 100 tonnes;100;1000;0;0;0;0;0;0;0;0;0;0;0;0;0;0;0;0;0;0;1;0;0;1;0;0;0;0;0;0;0;0;0;0;0;0;0;0;0;1;0;0;0;0;0;0;0;0;1;0;0;0;1;1;1;0;0;0;0;0;0;0;0;0;0;0;0;9,98301E+13;1,28144E+14;9,55625E+14;;;7,38796E+14;6,5227E+14;5,77314E+14;CERT;0;5;0;0;17700;;7;378;;10;371;;10;3,03555E+14;1,71151E+14;3,73998E+14;1,72306E+14;3,31683E+14;;;P_score_freshwater_pred_UBA;9,98301E+13;6,94023E+13;M_score_exp_UBA;7,38796E+14;M_score_exp_UBA;7,38796E+14;6,56127E+14;kemi_score;68;8,58802E+14;10;7,38796E+14;5;6,74809E+14;10;4,64321E+14;10;6,31474E+13;10;5,42068E+14;75;5,59757E+14;10;0;vPvM;vPvM;PM;3;Arn, Ar Oh, Nh2, Aniline, Benzene, Phenol, Phenol Noorthohbond;['Alkylphenols', 'Aromatic amines', 'Phenols']
4-aminotoluene-3-sulphonic acid;88-44-8;201-831-3;LTPSRQRIPCVMKQ-UHFFFAOYSA-N;Cc1ccc(N)c(S(=O)(=O)O)c1;DTXSID7026526;69340;PRO-167;NS00001366;REACH-A;FALS;vPvM & PMT;MQ;vPvM & PMT;FALS;FALS;;;FALS;FALS;FALS;FALS;FALS;FALS;FALS;FALS;FALS;FALS;FALS;FALS;FALS;FALS;FALS;FALS;FALS;FALS;;Pigments;Pigments;CERT;CERT;CERT;FALS;FALS;FALS;CERT;FALS;FALS;FALS;FALS;FALS;FALS;FALS;FALS;FALS;FALS;FALS;FALS;FALS;FALS;FALS;FALS;FALS;FALS;P-PNEC pred;18721;;-536;;795;;472;16599162;572;4,89109E+14;2678263313;398;1130;;;;-15;1610362;79;54;9;16;>10 to < 100 tonnes;100;1000;0;0;0;0;0;0;0;0;0;0;0;0;0;0;0;0;0;0;1;0;0;0;0;0;0;0;0;0;0;0;0;0;0;0;0;0;0;0;0;0;0;0;1;0;0;0;1;1;1;1;1;1;1;1;1;1;0;1;1;1;1;1;0;0;1;7,46909E+13;2,0119E+13;4,13545E+13;;;;7,93581E+14;5,58661E+14;FALS;0;0;0;0;12600;low ;217;30300;;10;116700;;10;2,30246E+14;2,98449E+14;4,3092E+14;1,68391E+14;2,41123E+14;;;P_score_freshwater_pred_UBA;7,46909E+13;4,53881E+14;;;M_score_pred_Episuite;7,93581E+14;6,76121E+14;kemi_score;54;7,69891E+14;10;;;5,53966E+14;10;4,36449E+14;10;5,79671E+14;10;4,36449E+14;5;4,91709E+13;10;0;vPvM;;PM;2;Arn, Nh2, Aniline, Aryl Methyl, Benzene;['Aromatic amines', 'PAHs']
4-chloro-2,5-dimethoxyaniline;6358-64-1;228-782-0;YGUFQYGSBVXPMC-UHFFFAOYSA-N;COc1cc(c(cc1N)OC)Cl;DTXSID9040718;228330;PRO-168;NS00008793;REACH-B;FALS;vPvM & PMT;MQ;PMT;FALS;FALS;;;FALS;FALS;FALS;FALS;FALS;FALS;FALS;FALS;FALS;FALS;FALS;FALS;FALS;FALS;FALS;FALS;FALS;FALS;;;;CERT;CERT;CERT;FALS;FALS;FALS;CERT;FALS;FALS;FALS;FALS;FALS;FALS;FALS;FALS;FALS;FALS;FALS;FALS;FALS;FALS;FALS;FALS;FALS;FALS;P-PNEC pred;18762;;183;;841;;386;1980003372;20552;3,48133E+13;5745019255;229;470;;;;19;694498;49;48;0;0;;;;0;0;0;0;0;0;0;0;0;0;0;0;0;0;0;0;0;0;1;0;0;0;0;0;0;0;0;0;0;0;0;0;0;0;0;0;0;0;0;0;0;0;0;0;0;0;0;0;0;0;0;1;0;0;0;0;0;0;0;0;0;0;0;0;0;3,97125E+14;4,81449E+14;2,8281E+14;;;;4,90436E+14;5,03465E+14;FALS;0;0;0;0;3356;low ;695;155;low ;7;46300;moderate ;85;3,01183E+14;2,332E+14;7,40677E+14;2,49508E+13;3,42546E+14;;;P_score_freshwater_pred_RIVM;4,81449E+14;3,87128E+14;;;M_score_pred_Dashboard;5,03465E+14;4,9695E+14;kemi_score;48;4,92334E+14;10;;;4,38616E+13;10;4,09692E+13;10;4,49116E+14;10;4,09692E+13;5;4,23907E+14;10;0;PM;;PM;2;Arn, Nh2, Aniline, Benzene, Ether, Halogen, Methoxy;['Aromatic amines', 'Chlorobenzenes', 'Ethylene Glycols', 'PBB', 'PBDE', 'PhenylEthers']
4-chloro-2-nitroaniline;89-63-4;201-925-4;PBGKNXWGYQPUJK-UHFFFAOYSA-N;Nc1ccc(Cl)cc1N(=O)=O;DTXSID4030384;69790;PRO-169;NS00003462;REACH-B;FALS;PMT;MQ;Potential PMT/vPvM;FALS;FALS;;;FALS;FALS;FALS;FALS;FALS;FALS;FALS;FALS;FALS;FALS;FALS;FALS;FALS;FALS;FALS;FALS;FALS;FALS;;;;CERT;CERT;CERT;FALS;FALS;FALS;FALS;FALS;FALS;FALS;FALS;FALS;FALS;FALS;FALS;FALS;FALS;FALS;FALS;FALS;FALS;FALS;FALS;FALS;FALS;EQS water (=AA-EQS);17257;272;266;;772;29;186;1949877704;26271;9,65441E+14;597360061;110;2700;;;;28;10;39;52;0;0;;;;0;0;0;0;0;0;0;0;0;0;0;0;0;0;0;0;0;0;1;0;0;0;0;0;0;0;0;0;0;0;0;0;0;0;0;0;0;0;0;0;0;0;0;0;0;0;0;0;0;0;1;1;0;0;0;0;0;0;0;0;0;0;0;0;0;9,28987E+14;4,98115E+12;6,92778E+14;;;;3,93011E+14;5,08685E+14;FALS;0;0;0;0;7996;low ;7;192;moderate ;85;10700;;10;5;2,16989E+14;5,20117E+14;4,61159E+14;5,25988E+14;;;P_score_freshwater_pred_UBA;9,28987E+14;7,06627E+14;;;M_score_pred_Dashboard;5,08685E+14;4,50848E+14;kemi_score;52;6,87431E+14;10;;;5,6443E+14;10;4,52919E+14;10;5,57988E+14;10;4,52919E+14;5;5,05609E+14;10;0;PM;;PM;3;Arn, Nh0, Nh2, Aniline, Benzene, Halogen, Nitro, Nitro Arom;['Aromatic amines', 'Chlorobenzenes', 'Nitrobenzene derivatives', 'PBB']
4-chloroaniline;106-47-8;203-401-0;QSNSCYSYFYORTR-UHFFFAOYSA-N;C1=CC(=CC=C1N)Cl;DTXSID9020295;78120;PRO-170;NS00010861;REACH-B;FALS;vPvM & PMT;MQ;vPvM & PMT;FALS;FALS;;;FALS;FALS;FALS;FALS;FALS;FALS;FALS;FALS;FALS;FALS;FALS;CERT;CERT;FALS;CERT;FALS;FALS;FALS;Furniture and furnishings;"Intermediate; Pigments";Pigments;CERT;CERT;CERT;FALS;FALS;FALS;CERT;FALS;FALS;FALS;FALS;FALS;FALS;FALS;FALS;FALS;FALS;FALS;FALS;FALS;FALS;FALS;FALS;FALS;FALS;AA-QSwater_eco;12757;183;177;;625;278;172;1959994838;19157;9,1362E+14;3534516776;692;780;;;15;;10;51;53;0;0;;;;1;0;0;0;0;0;0;0;0;0;0;0;0;0;0;0;0;0;1;0;0;0;0;0;0;0;0;0;0;0;0;0;0;0;0;0;0;0;0;0;0;0;1;0;0;0;0;0;0;0;1;1;0;0;0;0;0;0;0;0;0;0;0;0;0;6,10286E+14;2,88097E+14;9,99814E+14;;;5,85786E+14;5,14604E+13;5,06932E+13;CERT;75;0;0;0;48200;low ;7;188;;10;5983;;10;5;2,18546E+14;2,45294E+14;5,85842E+14;5,23586E+14;;;P_score_freshwater_pred_Dashboard;9,99814E+14;6,32732E+14;M_score_exp_UBA;5,85786E+14;M_score_exp_UBA;5,85786E+14;5,35774E+14;kemi_score;53;7,65296E+14;10;5,85786E+14;5;5,82238E+14;10;5,16748E+14;10;6,2886E+14;10;5,38806E+13;75;5,48517E+13;10;0;vPvM;PM;PM;3;Arn, Nh2, Aniline, Benzene, Halogen;['Aromatic amines', 'Chlorobenzenes', 'PBB']
4-chloro-N-cyclopentylbenzylamine;66063-15-8;266-097-9;XIXHUNCZQIRQOG-UHFFFAOYSA-N;Clc1ccc(cc1)CNC1CCCC1;DTXSID30216258;8340830;PRO-171;NS00003647;REACH-B;FALS;vPvM & PMT;MQ;vPvM & PMT;FALS;FALS;;;FALS;FALS;FALS;FALS;FALS;FALS;FALS;FALS;FALS;FALS;FALS;FALS;FALS;FALS;FALS;FALS;FALS;FALS;;;;CERT;FALS;CERT;FALS;FALS;FALS;FALS;FALS;FALS;FALS;FALS;FALS;FALS;FALS;FALS;FALS;FALS;FALS;FALS;FALS;FALS;FALS;FALS;FALS;FALS;P-PNEC pred;20972;;349;;924;;927;2650307523;10159;1,30658E+14;3887542061;447;590;;;;-73;411514;66;26;0;0;;;;0;0;0;0;0;0;0;0;0;0;0;0;0;0;0;0;0;0;1;0;0;0;0;0;0;0;0;0;0;0;0;0;0;0;0;0;0;0;0;0;0;0;0;0;0;0;0;0;0;0;0;1;0;0;0;0;0;0;0;0;0;0;0;0;0;4,92818E+14;3,22589E+13;6,87607E+13;;;;6,64213E+13;3,8918E+13;FALS;0;0;0;0;3367;low ;377;2993;low ;474;1276;low ;671;3,5106E+14;7,75503E+14;7,39703E+14;1,08529E+14;3,70045E+14;;;P_score_freshwater_pred_UBA;4,92818E+14;2,94722E+14;;;M_score_pred_Episuite;6,64213E+13;5,26697E+14;kemi_score;26;5,72133E+13;10;;;3,93992E+14;10;4,94196E+14;10;5,31738E+14;10;4,94196E+14;5;4,41258E+14;10;10;PM;;PM;3;Nh1, Benzene, Halogen;['Chlorobenzenes', 'PBB']
4-chloro-o-cresol;1570-64-5;216-381-3;RHPUJHQBPORFGV-UHFFFAOYSA-N;Cc1cc(Cl)ccc1O;DTXSID5022510;148550;PRO-172;NS00007230;REACH-B;FALS;vPvM & PMT;MQ;PMT;FALS;FALS;;;FALS;FALS;FALS;FALS;FALS;FALS;FALS;FALS;FALS;FALS;FALS;FALS;FALS;FALS;FALS;FALS;FALS;FALS;"degradate (mcpa); herbicides and herbicide degradates";;;FALS;FALS;CERT;FALS;FALS;FALS;FALS;FALS;FALS;FALS;FALS;FALS;FALS;FALS;FALS;FALS;FALS;FALS;FALS;FALS;FALS;FALS;FALS;FALS;FALS;P-PNEC pred;14258;278;28;;663;282;137;192992956;26296;3,48133E+13;3004383695;209;290;;;22;;257447;39;45;0;0;;;;0;0;0;0;0;0;0;0;0;0;0;0;0;0;0;0;0;0;0;0;0;0;0;0;0;0;0;0;0;0;0;0;0;0;0;0;0;0;0;0;0;0;0;0;0;0;0;0;0;0;1;0;0;0;0;0;0;0;0;0;0;0;0;0;0;2,23932E+14;2,34613E+14;2,8281E+14;;;4,65398E+14;3,92598E+14;5,1214E+14;CERT;0;0;0;0;28500;low ;7;1325;good ;10;16400;good ;10;3,98747E+14;1,06956E+14;3,06247E+14;3,86109E+13;4,14785E+14;;;P_score_freshwater_pred_Dashboard;2,8281E+14;2,47118E+14;M_score_exp_UBA;4,65398E+14;M_score_pred_Dashboard;5,1214E+14;4,56712E+14;kemi_score;45;3,80577E+14;10;4,65398E+14;5;3,35949E+14;10;4,02202E+14;10;3,9124E+14;10;4,22251E+14;75;3,67586E+14;10;0;PM;PM;PM;4;Ar Oh, Aryl Methyl, Benzene, Halogen, Phenol, Phenol Noorthohbond;['Alkylphenols', 'Chlorobenzenes', 'Phenols', 'PAHs', 'PBB']
4-chlorophenyl isocyanate;104-12-1;203-176-9;ADAKRBAJFHTIEW-UHFFFAOYSA-N;c1cc(ccc1N=C=O)Cl;DTXSID7040732;76930;PRO-173;NS00006206;REACH-B;FALS;PMT;MQ;Potential PMT/vPvM;FALS;FALS;;;FALS;FALS;FALS;FALS;FALS;FALS;FALS;FALS;FALS;FALS;FALS;FALS;FALS;FALS;FALS;FALS;FALS;FALS;;;;CERT;FALS;CERT;FALS;FALS;FALS;FALS;FALS;FALS;FALS;FALS;FALS;FALS;FALS;FALS;FALS;FALS;FALS;FALS;FALS;FALS;FALS;FALS;FALS;FALS;P-PNEC pred;15357;;297;;397;;8;1740362689;28116;1,0777E+12;3038570784;631;460;;;;31;163912;36;46;0;0;;;;0;0;0;0;0;0;0;0;0;0;0;0;0;0;0;0;0;0;1;0;0;0;0;0;0;0;0;0;0;0;0;0;0;0;0;0;0;0;0;0;0;0;0;0;0;0;0;0;0;0;1;1;0;0;0;0;0;0;0;0;0;0;0;0;0;3,88357E+14;2,38104E+14;7,31291E+14;;;;3,62956E+13;5,44871E+14;CERT;0;0;0;0;16600;low ;441;5495;low ;344;24200;low ;344;4,46552E+14;6,06557E+14;3,8416E+14;3,28051E+14;4,57174E+14;;;P_score_freshwater_pred_Dashboard;7,31291E+14;4,52584E+14;;;M_score_pred_Dashboard;5,44871E+14;4,53913E+14;kemi_score;46;6,31236E+14;10;;;4,53248E+14;10;4,05688E+14;10;5,06048E+13;10;4,05688E+14;5;4,28809E+14;10;0;PM;;PM;3;C O Nocoo, Imine, Nh0, Benzene, Halogen, Isocyan;['Chlorobenzenes', 'PBB']
4-fluoroaniline;371-40-4;206-735-5;KRZCOLNOCZKSDF-UHFFFAOYSA-N;c1cc(ccc1N)F;DTXSID9022027;97310;PRO-174;NS00010860;REACH-B;FALS;vPvM;HQ;vPvM;FALS;FALS;;;FALS;FALS;FALS;FALS;FALS;FALS;FALS;FALS;FALS;FALS;FALS;FALS;FALS;FALS;FALS;FALS;FALS;FALS;;;;CERT;FALS;CERT;FALS;FALS;FALS;FALS;FALS;FALS;FALS;CERT;FALS;FALS;FALS;FALS;FALS;FALS;FALS;FALS;FALS;FALS;FALS;FALS;FALS;FALS;P-PNEC pred;111119;115;119;;494;;598;1489958479;15396;2,14863E+14;4867170261;537;;;2110;17;;989895;58;48;0;7;>0 to < 10 tonnes;0;100;0;0;0;0;0;0;0;0;0;0;0;0;0;0;0;0;0;0;1;0;0;0;0;0;0;0;0;0;0;0;0;0;0;0;0;0;0;0;0;0;0;0;0;0;0;0;0;0;0;0;1;1;0;0;0;0;0;0;0;0;0;0;0;0;0;;4,11514E+14;8,98507E+14;;5,67496E+14;5,518E+14;5,79111E+14;5,87474E+14;FALS;0;0;0;0;25400;low ;3;327;low ;358;1307;moderate ;85;2,6981E+14;1,80266E+14;3,21447E+14;1,07525E+14;2,99871E+14;P_score_sediment_exp_UBA;5,67496E+14;P_score_freshwater_pred_Dashboard;8,98507E+14;6,25839E+14;M_score_exp_UBA;5,518E+14;M_score_pred_Dashboard;5,87474E+14;5,72795E+14;kemi_score;48;7,26533E+13;10;5,59593E+14;10;5,9873E+14;10;4,17043E+14;10;5,5045E+14;10;4,83088E+14;10;4,99696E+14;10;0;vPvM;PM;PM;3;Arn, Nh2, Aniline, Benzene, Halogen;['Aromatic amines', 'Chlorobenzenes', 'PBB']
4-isopropylaniline;99-88-7;202-797-2;LRTFPLFDLJYEKT-UHFFFAOYSA-N;CC(C)c1ccc(cc1)N;DTXSID20243932;74640;PRO-175;;REACH-B;FALS;vPvM & PMT;MQ;vPvM & PMT;FALS;FALS;;;FALS;FALS;FALS;FALS;FALS;FALS;FALS;FALS;FALS;FALS;FALS;FALS;FALS;FALS;FALS;FALS;FALS;FALS;;;;CERT;FALS;CERT;FALS;FALS;FALS;CERT;FALS;FALS;FALS;FALS;FALS;FALS;FALS;FALS;FALS;FALS;FALS;FALS;FALS;FALS;FALS;FALS;FALS;FALS;P-PNEC pred;13521;249;238;;734;;362;2640481437;22808;1,30658E+14;2824767968;407;650;;;17;;230573;45;24;0;0;;;;0;0;0;0;0;0;0;0;0;0;0;0;0;0;0;0;0;0;1;0;0;0;0;0;0;0;0;0;0;0;0;0;0;0;0;0;0;0;0;0;0;0;0;0;0;0;0;0;0;0;1;1;0;0;0;0;0;0;0;0;0;0;0;0;0;5,34155E+14;2,1622E+14;6,87607E+13;;;5,518E+14;4,51494E+14;3,90801E+14;FALS;0;0;0;0;8726;low ;7;158;;10;9720;;10;4,1028E+14;2,31714E+14;5,01724E+14;4,79862E+14;4,42407E+14;;;P_score_freshwater_pred_UBA;5,34155E+14;2,73045E+14;M_score_exp_UBA;5,518E+14;M_score_exp_UBA;5,518E+14;4,64698E+14;kemi_score;24;5,42906E+14;10;5,518E+14;5;3,56207E+14;10;4,46187E+12;10;4,92176E+14;10;4,7893E+14;75;3,98667E+14;10;0;PM;PM;PM;3;Arn, Nh2, Aniline, Benzene;['Aromatic amines']
4-mesyl-2-nitrotoluene;1671-49-4;430-550-0;OXBDLEXAVKAJFD-UHFFFAOYSA-N;c1(C)c(N(=O)=O)cc(S(=O)(=O)C)cc1;DTXSID30350742;6871250;PRO-176;NS00019649;REACH-B;FALS;vPvM & PMT;HQ;PMT;FALS;FALS;;;FALS;FALS;FALS;FALS;FALS;FALS;FALS;FALS;FALS;FALS;FALS;FALS;FALS;FALS;FALS;FALS;FALS;FALS;;;;CERT;FALS;CERT;FALS;FALS;FALS;CERT;FALS;FALS;FALS;FALS;FALS;FALS;FALS;FALS;FALS;FALS;FALS;FALS;FALS;FALS;FALS;FALS;FALS;FALS;EQS water (=AA-EQS);21522;;109;;61;;153;2290034611;;3,48133E+13;;676;25000;;;23;;10000;;41;0;9;>0 to < 10 tonnes;0;100;0;0;0;0;0;0;0;0;0;0;0;0;0;0;0;0;0;0;1;0;0;0;0;0;0;0;0;0;0;0;0;0;0;0;0;0;0;0;0;0;0;0;0;0;0;0;0;0;0;0;0;1;0;0;0;0;0;0;0;0;0;0;0;0;0;9,98301E+13;;2,8281E+14;;;4,482E+13;;4,49909E+12;CERT;0;0;0;0;3965;low ;358;9231;low ;535;23100;low ;535;4,74259E+14;4,90207E+14;6,92516E+14;3,34522E+14;6,92069E+14;;;P_score_freshwater_pred_UBA;9,98301E+13;6,40556E+14;M_score_exp_UBA;4,482E+13;M_score_pred_Dashboard;4,49909E+12;4,49055E+14;kemi_score;41;6,70183E+14;10;4,482E+13;5;5,36325E+14;10;6,92069E+14;5;3,14421E+14;75;1,76121E+14;5;2,7102E+13;75;0;PM;PM;PM;4;Nh0, Aryl Methyl, Benzene, Nitro, Nitro Arom, Sulfone;['Nitrobenzene derivatives', 'PAHs']
4-methanesulfonyl-2-nitrobenzoic acid;110964-79-9;601-017-1;QNOUABMNRMROSL-UHFFFAOYSA-N;O=S(=O)(C)c1cc(c(cc1)C(=O)O)N(=O)=O;DTXSID0074639;1842920;PRO-177;NS00002292;REACH-B;FALS;vPvM;MQ;vPvM;FALS;FALS;;;FALS;FALS;FALS;FALS;FALS;FALS;FALS;FALS;FALS;FALS;FALS;FALS;FALS;FALS;FALS;FALS;FALS;FALS;;;;CERT;CERT;CERT;FALS;FALS;FALS;CERT;FALS;FALS;FALS;FALS;FALS;FALS;FALS;FALS;FALS;FALS;FALS;FALS;FALS;FALS;FALS;FALS;FALS;FALS;EQS water (=AA-EQS);24521;;421;;913;;241;1309630167;;3,48133E+13;;398;620;;;;-80;10000;;29;0;0;;;;0;0;0;0;0;0;0;0;0;0;0;0;0;0;0;0;0;0;1;0;0;0;0;0;0;0;0;0;0;0;0;0;0;0;0;0;0;0;0;0;0;0;0;0;0;0;0;0;0;0;0;1;0;0;0;0;0;0;0;0;0;0;0;0;0;5,1401E+14;;2,8281E+14;;;;;6,174E+13;FALS;0;0;0;0;2452;low ;346;9667;low ;507;9847;low ;507;4,74259E+14;4,80948E+14;8,39753E+14;4,77293E+14;7,17326E+14;;;P_score_freshwater_pred_UBA;5,1401E+14;3,9841E+14;;;M_score_pred_Dashboard;6,174E+13;6,174E+13;kemi_score;29;5,63338E+14;10;;;4,95962E+14;10;7,17326E+14;5;2,83412E+14;75;7,17326E+14;25;2,60338E+14;75;0;PM;;PM;3;Ar Coo, Coo, Coo2, C O, Nh0, Benzene, Nitro, Nitro Arom, Sulfone;['Alkylphenols', 'Nitrobenzene derivatives']
4-Methyl-1H-benzotriazole;29878-31-7;249-921-1;CMGDVUCDZOBDNL-UHFFFAOYSA-N;CC1=CC=CC2=NNN=C12;DTXSID50274037;1224990;PRO-178;NS00010509;;FALS;;;;FALS;FALS;;;FALS;FALS;FALS;FALS;FALS;FALS;FALS;FALS;FALS;CERT;FALS;FALS;FALS;FALS;CERT;FALS;FALS;FALS;;;;FALS;FALS;FALS;FALS;FALS;FALS;FALS;FALS;FALS;FALS;FALS;FALS;FALS;FALS;FALS;FALS;FALS;FALS;FALS;FALS;FALS;FALS;FALS;FALS;FALS;;133154;;158;;605;;338;1829946696;19439;1,23049E+14;2151758556;324;;;;;;80;51;;;;;;;0;0;0;0;0;0;0;0;0;0;0;0;0;0;0;0;0;0;0;0;0;0;0;0;0;0;0;0;0;0;0;0;0;0;0;0;0;0;0;0;0;0;0;0;0;0;0;0;0;0;0;0;0;0;0;0;0;0;0;0;0;0;0;0;0;;1,47662E+14;6,24763E+14;;;;5,0972E+13;5,29434E+14;FALS;0;0;0;0;14700;low ;293;28600;low ;31;12500;low ;397;2,88416E+14;3,05796E+14;4,04143E+14;4,32349E+14;2,98205E+12;;;P_score_freshwater_pred_RIVM;1,47662E+14;1,05069E+14;;;M_score_pred_Dashboard;5,29434E+14;5,19577E+14;;;2,79602E+14;10;;;2,33648E+14;10;3,8998E+14;10;3,30211E+14;10;3,8998E+14;5;3,01858E+14;10;0;;;;4;Ar N, Ar Nh, Nh0, Nh1, Nhpyrrole, Aryl Methyl, Benzene, Bicyclic, Para Hydroxylation;['Aromatic amines', 'Cyclohexanes', 'PAHs']
4-methylpent-1-ene;691-37-2;211-720-1;WSSSPWUEQFSQQG-UHFFFAOYSA-N;CC(C)CC=C;DTXSID3061001;127240;PRO-179;NS00003382;REACH-B;CERT;vPvM & PMT;MQ;PMT;FALS;FALS;;;FALS;FALS;FALS;FALS;FALS;FALS;FALS;FALS;FALS;FALS;FALS;FALS;FALS;FALS;FALS;FALS;FALS;FALS;;;;FALS;FALS;CERT;FALS;FALS;FALS;FALS;FALS;FALS;FALS;FALS;FALS;FALS;FALS;FALS;FALS;FALS;FALS;FALS;FALS;FALS;FALS;FALS;FALS;FALS;P-PNEC pred;84162;;315;;285;574;123;2089905111;26727;5,3517E+14;1505444898;513;220;;;23;;402979;39;45;0;0;Tonnage data confidential;;;0;0;0;0;0;0;0;0;0;0;0;0;0;0;0;0;0;0;0;0;0;0;0;0;0;0;0;0;0;0;0;0;0;0;0;0;0;0;0;0;0;0;0;0;0;0;0;0;0;0;0;1;0;0;0;0;0;0;0;0;0;0;0;0;0;1,52496E+14;8,59836E+14;4,51287E+14;;;4,482E+13;3,85497E+14;4,84426E+14;FALS;0;0;0;0;23200;low ;624;8349;moderate ;85;369;;85;3,53136E+14;5,10944E+14;3,33916E+14;1,72641E+14;3,6373E+14;;;P_score_freshwater_pred_Dashboard;4,51287E+14;2,29922E+14;M_score_exp_UBA;4,482E+13;M_score_pred_Dashboard;4,84426E+14;4,39374E+13;kemi_score;45;4,67563E+14;10;4,482E+13;5;3,17839E+14;10;3,76636E+14;10;4,19644E+14;10;3,99122E+14;75;3,45991E+14;10;0;PM;PM;;;Allylic Oxid;['Other']
4-methylthiosemicarbazide;6610-29-3;229-563-2;PTVZQOAHCSKAAS-UHFFFAOYSA-N;CNC(=S)NN;DTXSID7044390;27238530;PRO-180;NS00007927;REACH-B;FALS;vPvM & PMT;MQ;vPvM & PMT;FALS;FALS;;;FALS;FALS;FALS;FALS;FALS;FALS;FALS;FALS;FALS;FALS;FALS;FALS;FALS;FALS;FALS;FALS;FALS;FALS;;;;CERT;CERT;CERT;FALS;FALS;FALS;CERT;FALS;FALS;FALS;FALS;FALS;FALS;FALS;FALS;FALS;FALS;FALS;FALS;FALS;FALS;FALS;FALS;FALS;FALS;P-PNEC pred;10516;;-875;;619;;214;820201459;5345;5,3517E+14;1831878542;158;520;;;;-8;3546546;73;36;0;0;;;;1;0;0;0;0;0;0;0;0;0;0;0;0;0;0;0;0;0;0;0;0;0;0;0;0;0;0;1;0;0;0;0;0;0;0;0;0;0;0;0;0;0;0;0;0;0;0;0;0;0;0;1;0;0;0;0;0;0;0;0;0;0;0;0;0;4,39145E+14;1,16274E+14;4,51287E+14;;;;7,34155E+14;6,93764E+14;FALS;0;0;0;0;128100;low ;22;22400;low ;417;13700;low ;7;1,75114E+14;3,3887E+14;1,61819E+14;4,16177E+14;1,83138E+14;;;P_score_freshwater_pred_Dashboard;4,51287E+14;3,35569E+13;;;M_score_pred_Episuite;7,34155E+14;7,13959E+14;kemi_score;36;5,75599E+14;10;;;4,89472E+14;10;3,65637E+14;10;4,5876E+14;10;3,65637E+14;5;4,23047E+14;10;20;PM;;PM;Priority group;C S, Nh1, Nh2, Hdrzine;['Thiocarbamates']
4-nitrotoluene;99-99-0;202-808-0;ZPTVNYMJQHSSEA-UHFFFAOYSA-N;CC1=CC=C(C=C1)[N+](=O)[O-];DTXSID5023792;74730;PRO-181;NS00001022;REACH-A;FALS;vPvM & PMT;MQ;PMT;FALS;FALS;;;FALS;FALS;FALS;FALS;FALS;FALS;FALS;FALS;FALS;FALS;FALS;FALS;FALS;FALS;FALS;CERT;FALS;FALS;;;;CERT;FALS;CERT;FALS;FALS;FALS;CERT;FALS;FALS;FALS;FALS;FALS;CERT;FALS;FALS;FALS;FALS;FALS;FALS;FALS;FALS;FALS;FALS;FALS;FALS;P-PNEC pred;137138;237;24;;455;323;335;1899820502;24551;5,8557E+14;3047475408;977;660;;;;24;1130252;42;53;0;1;>0 to < 10 tonnes;0;100;0;0;0;0;0;0;0;0;0;0;0;0;0;0;0;0;0;0;1;0;1;0;0;0;0;0;0;0;0;0;0;0;0;0;0;0;0;0;0;0;0;0;0;0;0;0;0;0;0;0;1;1;0;0;0;0;0;0;0;0;0;0;0;0;1;5,40644E+14;2,39012E+14;4,89597E+14;;;;4,21785E+14;5,17353E+14;CERT;0;0;0;0;26200;moderate ;85;5984;;10;15900;;10;2,58616E+14;5,85802E+14;3,17284E+14;3,91132E+14;2,71596E+14;;;P_score_freshwater_pred_UBA;5,40644E+14;4,23084E+14;;;M_score_pred_Dashboard;5,17353E+14;4,69569E+14;kemi_score;53;5,2887E+14;10;;;4,45721E+14;10;3,37743E+14;10;4,22637E+14;10;3,37743E+14;5;3,87994E+14;10;0;PM;;PM;3;Nh0, Aryl Methyl, Benzene, Nitro, Nitro Arom, Nitro Arom Nonortho;['Nitrobenzene derivatives', 'PAHs']
4-nitrotoluene-2-sulphonic acid;121-03-9;204-445-3;ZDTXQHVBLWYPHS-UHFFFAOYSA-N;CC1=C(C=C(C=C1)[N+](=O)[O-])S(=O)(=O)O;DTXSID4026975;84580;PRO-182;NS00003565;REACH-A;CERT;vPvM;HQ;vPvM;FALS;FALS;;;FALS;FALS;FALS;FALS;FALS;FALS;FALS;FALS;FALS;FALS;FALS;FALS;FALS;FALS;FALS;CERT;CERT;CERT;;"Intermediate; Intermediates";;CERT;CERT;CERT;CERT;FALS;CERT;CERT;FALS;FALS;FALS;CERT;CERT;FALS;FALS;CERT;FALS;FALS;FALS;FALS;FALS;FALS;FALS;CERT;FALS;FALS;P-PNEC pred;2172;;369;;86;307;14;1670245853;7017;8,73567E+14;3260913314;501;25000;;;;-15;4002791;71;66;33;44;>1000 to < 10000 tonnes;10000;100000;1;0;0;0;0;0;0;0;0;0;0;0;0;0;0;0;0;1;1;0;0;1;0;0;1;0;0;0;0;0;1;0;1;0;0;0;0;0;0;0;0;0;0;0;0;0;1;1;1;1;1;1;0;0;1;0;0;0;0;0;0;0;0;0;0;9,98301E+13;2,60691E+14;6,55248E+14;;;;7,10932E+14;5,56895E+13;FALS;0;0;0;0;6379;low ;287;11800;;85;204800;;85;1,67652E+14;4,42821E+12;5,70679E+14;1,32381E+14;1,83974E+14;;;P_score_freshwater_pred_UBA;9,98301E+13;6,3808E+14;;;M_score_pred_Episuite;7,10932E+14;6,33913E+14;kemi_score;66;8,42451E+14;10;;;6,35993E+14;10;3,61416E+14;10;5,51793E+14;10;3,61416E+14;5;4,79435E+14;10;20;vPvM;;PM;4;Nh0, Aryl Methyl, Benzene, Nitro, Nitro Arom, Nitro Arom Nonortho;['Nitrobenzene derivatives', 'PAHs']
4-vinylcyclohexene;100-40-3;202-848-9;BBDKZWKEPDTENS-UHFFFAOYSA-N;C=CC1CCC=CC1;DTXSID3021437;74990;PRO-183;NS00008744;REACH-B;FALS;vPvM & PMT;MQ;PMT;FALS;FALS;;;FALS;FALS;FALS;FALS;FALS;FALS;FALS;FALS;FALS;FALS;FALS;FALS;FALS;FALS;FALS;FALS;FALS;FALS;monomer;"Adhesives and sealant chemicals; Fuels and fuel additives; Functional fluids (closed systems); Intermediates; Solvent";"Adhesives and sealant chemicals; Fuels and fuel additives; Intermediates; Solvents (which become part of product formulation or mixture)";CERT;FALS;CERT;FALS;FALS;FALS;FALS;FALS;FALS;FALS;FALS;FALS;FALS;FALS;FALS;FALS;FALS;FALS;FALS;FALS;FALS;FALS;FALS;FALS;FALS;P-PNEC pred;108184;393;358;;348;465;663;2480006943;34104;4,89109E+14;1669756055;1660;220;;;24;;484965;27;76;0;0;;;;0;0;0;0;0;0;0;0;0;0;0;0;0;0;0;0;0;0;0;0;0;0;0;0;0;0;0;0;0;0;0;0;0;0;0;0;0;0;0;0;0;0;0;0;0;0;0;0;0;0;0;1;0;0;0;0;0;0;0;0;0;0;0;0;0;1,52496E+14;1,0096E+14;4,13545E+13;;;4,31126E+14;2,73365E+14;4,1758E+14;CERT;5;0;0;0;12600;low ;589;7110;;10;4729;;85;3,34988E+14;5,45848E+14;4,3092E+14;6,44787E+14;3,47567E+13;;;P_score_freshwater_pred_Dashboard;4,13545E+13;2,22334E+14;M_score_exp_UBA;4,31126E+14;M_score_exp_UBA;4,31126E+14;3,74024E+14;kemi_score;76;4,22244E+13;10;4,31126E+14;5;2,88371E+14;10;3,06338E+14;10;3,59652E+14;10;3,43296E+14;75;2,97219E+14;10;0;PM;PM;;3;Allylic Oxid;['Other']
5,5'-(1H-isoindole-1,3(2H)-diylidene)dibarbituric acid;36888-99-0;253-256-2;JSBMGPVJAADXIZ-UHFFFAOYSA-N;C1=CC=C2C(=C1)C(=C3C(=O)NC(=O)NC3=O)N=C2C4=C(NC(=O)NC4=O)O;DTXSID7068007;1603570;PRO-184;NS00005431;REACH-A;CERT;vPvM;HQ;vPvM;FALS;FALS;;;FALS;FALS;FALS;FALS;FALS;FALS;FALS;FALS;FALS;FALS;FALS;FALS;FALS;FALS;FALS;CERT;CERT;CERT;"Batteries; Cleaning and safety; Electronics/small appliances -> computers and accessories/supplies -> printer toner; Home maintenance -> paint/stain and related products; Home maintenance -> surface sealers; pigments agents";"Paint additives and coating additives not described by other categories; Pigment; Pigments";"Paint additives and coating additives not described by other categories; Pigment; Pigments";CERT;CERT;CERT;CERT;CERT;CERT;CERT;FALS;FALS;CERT;CERT;CERT;CERT;FALS;CERT;CERT;FALS;CERT;FALS;FALS;FALS;CERT;CERT;CERT;CERT;P-PNEC pred;367277;;-144;;948;;633;1710117365;-203;7,42483E+14;4864322588;331;25000;;;;-57;813;;78;39;52;>1000 to < 10000 tonnes;10000;100000;1;0;0;0;0;0;0;1;0;0;0;0;0;0;0;0;0;1;0;0;0;0;0;0;0;0;0;0;0;0;1;0;0;0;0;0;0;0;0;0;0;0;0;0;0;0;0;1;1;1;1;1;1;1;1;0;0;0;0;1;0;1;0;1;0;9,98301E+13;4,11272E+14;9,8662E+14;;;;8,21567E+13;5,50065E+14;FALS;0;0;0;0;2412;low ;183;5810;low ;0;7213;low ;0;7,48365E+14;5,9291E+14;8,45264E+14;5,42633E+14;7,55353E+14;;;P_score_freshwater_pred_UBA;9,98301E+13;7,98731E+14;;;M_score_pred_Episuite;8,21567E+13;6,85816E+14;kemi_score;78;9,05633E+14;10;;;7,40123E+14;10;7,55353E+14;5;8,52481E+14;75;7,55353E+14;25;7,45165E+14;75;0;vPvM(T);(T);vPvM(T);2;Ar N, Ar Nh, Ar Oh, C O, C O Nocoo, Imine, Nh0, Nh1, Nhpyrrole, Amide, Barbitur, Benzene, Bicyclic, Imide, Urea;['Alkylphenols', 'Cyclohexanes', 'Phenylureas', 'Terpenoid', 'Triazines']
5,5-dimethylhydantoin;77-71-4;201-051-3;YIROYDNZEPTFOL-UHFFFAOYSA-N;CC1(C(=O)NC(=O)N1)C;DTXSID5021754;64910;PRO-185;NS00005012;REACH-A;FALS;vPvM;HQ;vPvM;FALS;FALS;;;FALS;FALS;FALS;FALS;FALS;FALS;FALS;FALS;FALS;FALS;FALS;FALS;FALS;FALS;FALS;FALS;FALS;FALS;"Cleaning products and household care -> bathroom -> bathroom cleaner; hair conditioning; surfactant; surfactant; viscosity controlling";Ion exchange agents;Ion exchange agents;CERT;CERT;CERT;FALS;FALS;FALS;CERT;FALS;FALS;FALS;CERT;FALS;FALS;FALS;FALS;FALS;FALS;FALS;FALS;FALS;FALS;FALS;FALS;FALS;FALS;P-PNEC pred;128131;-48;-523;;793;;168;1309630167;6238;8,73567E+14;275241907;347;;;11700;18;;4132284;;83;22;33;>100 to < 1000 tonnes;1000;10000;0;0;0;0;0;0;0;0;0;0;0;0;0;0;0;0;0;0;1;0;0;0;0;0;0;0;0;0;0;0;0;0;0;0;0;1;0;0;0;0;0;0;0;0;0;0;0;0;0;0;1;1;0;0;0;0;0;0;0;0;0;0;0;0;0;;2,08798E+14;6,55248E+14;;9,60829E+14;5,34602E+14;7,21901E+14;6,174E+13;FALS;0;0;0;0;135900;low ;3;100800;low ;628;139400;low ;428;1,65731E+14;1,79252E+13;1,57782E+14;1,56077E+14;1,71192E+14;P_score_sediment_exp_UBA;9,60829E+14;P_score_sediment_exp_UBA;9,60829E+14;6,08292E+14;M_score_exp_UBA;5,34602E+14;M_score_pred_Episuite;7,21901E+14;6,24634E+14;kemi_score;83;8,3284E+14;10;7,16702E+14;10;6,16409E+14;10;1,71192E+14;5;4,91514E+14;75;4,44686E+14;75;4,02167E+13;75;0;vPvM;vPvM;PM;1;C O, C O Nocoo, Nh1, Amide, Imide, Urea;['Other']
5,6-Dimethyl-1H-benzotriazole;4184-79-6;224-058-3;MVPKIPGHRNIOPT-UHFFFAOYSA-N;CC1=CC2=NNN=C2C=C1C;DTXSID70881186;778490;PRO-186;;;FALS;;;;FALS;FALS;;;FALS;FALS;FALS;FALS;FALS;FALS;FALS;FALS;FALS;FALS;FALS;FALS;FALS;FALS;FALS;FALS;FALS;FALS;;;;FALS;FALS;FALS;FALS;FALS;FALS;FALS;FALS;FALS;FALS;FALS;FALS;FALS;FALS;FALS;FALS;FALS;FALS;FALS;FALS;FALS;FALS;FALS;FALS;FALS;;147181;;19;;692;;122;1459392488;22481;6,06324E+14;2645548293;49;;;;;;494039;46;17;;;;;;0;0;0;0;0;0;0;0;0;0;0;0;0;0;0;0;0;0;0;0;0;0;0;0;0;0;0;0;0;0;0;0;0;0;0;0;0;0;0;0;0;0;0;0;0;0;0;0;0;0;0;0;0;0;0;0;0;0;0;0;0;0;0;0;0;;1,97834E+14;9,99626E+14;;;;4,57113E+14;5,92599E+14;FALS;0;0;0;0;3072;low ;288;30800;low ;307;9185;low ;393;3,33197E+14;2,96398E+12;7,67447E+14;4,9122E+14;3,46921E+14;;;P_score_freshwater_pred_Dashboard;9,99626E+14;5,9873E+14;;;M_score_pred_Dashboard;5,92599E+14;5,24856E+13;kemi_score;17;7,69661E+14;10;;;5,60577E+14;10;3,99479E+14;10;5,54494E+14;10;3,99479E+14;5;4,73222E+14;10;0;vPvM;;PM;1;Ar N, Ar Nh, Nh0, Nh1, Nhpyrrole, Aryl Methyl, Benzene, Bicyclic;['Aromatic amines', 'Cyclohexanes', 'PAHs']
5:3 fluorotelomer carboxylate;914637-49-3;811-572-3;;C(CC(C(C(C(C(F)(F)F)(F)F)(F)F)(F)F)(F)F)C(=O)O;DTXSID20874028;146327900;PRO-187;;;FALS;;;;FALS;FALS;;;FALS;FALS;FALS;FALS;FALS;CERT;FALS;FALS;FALS;FALS;FALS;FALS;FALS;FALS;CERT;FALS;FALS;FALS;;;;FALS;FALS;FALS;FALS;FALS;FALS;FALS;FALS;FALS;FALS;FALS;FALS;FALS;FALS;FALS;FALS;FALS;FALS;FALS;FALS;FALS;FALS;FALS;FALS;FALS;;342108;;383;;425;;427;2940018155;;1,20301E+14;;589;;;;;;90758;;2;;;;;;0;0;0;0;0;0;0;0;0;0;0;0;0;0;0;0;0;0;0;0;0;0;0;0;0;0;0;0;0;0;0;0;0;0;0;0;0;0;0;0;0;0;0;0;0;0;0;0;0;0;0;0;0;0;0;0;0;0;0;0;0;0;0;0;0;;;7,66603E+14;;;;;3,42636E+14;FALS;0;0;0;0;4,463E+14;low ;2;5525;low ;218;10600;low ;0;5,10527E+14;6,05212E+14;6,6012E+14;4,62956E+14;5,22498E+14;;;P_score_freshwater_pred_Dashboard;7,66603E+14;7,66603E+14;;;M_score_pred_Dashboard;3,42636E+14;3,42636E+14;kemi_score;2;5,12509E+14;10;;;5,12509E+14;10;5,22498E+14;5;5,15817E+14;75;5,22498E+14;25;5,15817E+14;75;0;PM;;PM;1;Al Coo, Coo, Coo2, C O, Alkyl Halide, Halogen;['Alkylphenols', 'PFAS']
5-aminonaphthalene-2-sulphonic acid;119-79-9;204-351-2;UWPJYQYRSWYIGZ-UHFFFAOYSA-N;Nc1cccc2cc(S(=O)(=O)O)ccc12;DTXSID6059497;84080;PRO-188;NS00004034;REACH-B;FALS;vPvM & PMT;MQ;vPvM & PMT;FALS;FALS;;;FALS;FALS;FALS;FALS;FALS;FALS;FALS;FALS;FALS;FALS;FALS;FALS;FALS;FALS;FALS;FALS;FALS;FALS;;;;CERT;CERT;CERT;FALS;FALS;FALS;FALS;FALS;FALS;FALS;CERT;FALS;FALS;FALS;FALS;FALS;FALS;FALS;FALS;FALS;FALS;FALS;FALS;FALS;FALS;P-PNEC pred;22325;;-235;;838;447;567;306069784;4218;9,65441E+14;2703460316;575;1710;;;;-11;548279;;47;2;7;>1 to < 10 tonnes;10;100;0;0;0;0;0;0;0;0;0;0;0;0;0;0;0;0;0;1;1;0;1;0;0;0;0;0;0;0;0;0;0;0;0;0;0;0;0;0;0;0;0;0;0;0;0;0;0;0;0;0;1;1;0;0;0;0;0;0;0;0;0;0;0;0;0;8,56977E+14;2,03775E+14;6,92778E+14;;;;7,4912E+14;3,2405E+14;FALS;0;0;0;0;1636;low ;214;49800;moderate ;85;22000;moderate ;85;3,23223E+14;2,41923E+14;9,85196E+14;3,41442E+13;3,39289E+14;;;P_score_freshwater_pred_UBA;8,56977E+14;5,8451E+13;;;M_score_pred_Episuite;7,4912E+14;5,36585E+14;kemi_score;47;8,01236E+12;10;;;5,60035E+14;10;3,39289E+14;5;6,01677E+14;75;3,39289E+14;25;4,73878E+13;75;0;vPvM;;PM;4;Arn, Nh2, Aniline, Benzene, Bicyclic;['Aromatic amines', 'Cyclohexanes']
5-Chlorobenzotriazole;94-97-3;202-378-4;PZBQVZFITSVHAW-UHFFFAOYSA-N;C1=CC2=NNN=C2C=C1Cl;DTXSID0047450;667600;PRO-189;NS00009697;;FALS;;;;FALS;FALS;;;FALS;FALS;FALS;FALS;FALS;FALS;FALS;FALS;FALS;FALS;FALS;FALS;FALS;FALS;FALS;FALS;FALS;FALS;;;;FALS;FALS;FALS;FALS;FALS;FALS;FALS;FALS;FALS;FALS;FALS;FALS;FALS;FALS;FALS;FALS;FALS;FALS;FALS;FALS;FALS;FALS;FALS;FALS;FALS;;15357;;185;;658;;276;1680335513;19992;1,23049E+14;3038570784;102;;;;;;357026;;3;;;;;;0;0;0;0;0;0;0;0;0;0;0;0;0;0;0;0;0;0;0;0;0;0;0;0;0;0;0;0;0;0;0;0;0;0;0;0;0;0;0;0;0;0;0;0;0;0;0;0;0;0;0;0;0;0;0;0;0;0;0;0;0;0;0;0;0;;2,38104E+14;6,24763E+14;;;;5,00139E+14;5,55168E+14;FALS;0;0;0;0;5425;low ;307;11600;low ;308;9,842E+14;low ;394;3,65238E+14;4,45974E+14;6,09738E+14;4,77393E+14;3,78202E+14;;;P_score_freshwater_pred_RIVM;2,38104E+14;1,5029E+14;;;M_score_pred_Dashboard;5,55168E+14;5,27653E+14;kemi_score;3;3,63576E+13;10;;;2,81604E+14;10;3,78202E+14;5;3,68387E+14;75;3,78202E+14;25;3,10695E+14;75;0;PM;;;4;Ar N, Ar Nh, Nh0, Nh1, Nhpyrrole, Benzene, Bicyclic, Halogen;['Aromatic amines', 'Chlorobenzenes', 'Cyclohexanes', 'HBCDDs', 'PBB']
5-Methyl-1H-benzotriazole;136-85-6;205-265-8;LRUDIIUSNGCQKF-UHFFFAOYSA-N;CC1=CC2=NNN=C2C=C1;DTXSID1038743;87050;PRO-190;NS00008943;;FALS;;;;FALS;FALS;;;FALS;FALS;FALS;FALS;FALS;FALS;CERT;CERT;FALS;CERT;FALS;FALS;FALS;FALS;CERT;FALS;FALS;FALS;;;;CERT;FALS;FALS;FALS;FALS;CERT;CERT;FALS;FALS;FALS;FALS;FALS;FALS;FALS;FALS;FALS;FALS;FALS;FALS;FALS;FALS;FALS;FALS;FALS;FALS;;133154;;156;;605;;398;1800029359;19439;1,23049E+14;2151758556;324;;;;;;1500;51;62;0;9;>0 to < 10 tonnes;0;100;0;0;0;0;0;0;0;0;0;0;0;0;0;0;0;0;0;0;0;0;1;0;0;0;0;0;0;0;0;0;0;1;0;0;0;0;0;0;0;0;0;0;0;0;0;0;0;0;0;0;0;1;0;0;0;0;0;0;1;0;0;0;0;0;0;;1,47662E+14;6,24763E+14;;;;5,0972E+13;5,34597E+14;FALS;0;0;0;0;18400;low ;293;35000;low ;309;13200;low ;398;1,01918E+14;2,8084E+14;3,67981E+14;4,22665E+14;1,13213E+13;;;P_score_freshwater_pred_RIVM;1,47662E+14;1,05069E+14;;;M_score_pred_Dashboard;5,34597E+14;5,22159E+14;kemi_score;62;2,80962E+14;10;;;2,34228E+14;10;2,40288E+14;10;2,5983E+14;10;2,40288E+14;5;2,37239E+14;10;0;;;;3;Ar N, Ar Nh, Nh0, Nh1, Nhpyrrole, Aryl Methyl, Benzene, Bicyclic;['Aromatic amines', 'Cyclohexanes', 'PAHs']
6:2 fluorotelomer carboxylic acid;53826-12-3 ;;;C(C(=O)O)C(C(C(C(C(C(F)(F)F)(F)F)(F)F)(F)F)(F)F)(F)F;DTXSID50472556;117837640;PRO-191;;;FALS;;;;FALS;FALS;;;FALS;FALS;FALS;FALS;FALS;CERT;FALS;FALS;FALS;FALS;FALS;FALS;FALS;FALS;CERT;FALS;FALS;FALS;;;;FALS;FALS;FALS;FALS;FALS;FALS;FALS;FALS;FALS;FALS;FALS;FALS;FALS;FALS;FALS;FALS;FALS;FALS;FALS;FALS;FALS;FALS;FALS;FALS;FALS;;378089;;474;;419;;476;3380211242;;1,3429E+14;;589;;;;;;;;;;;;;;0;0;0;0;0;0;0;0;0;0;0;0;0;0;0;0;0;0;0;0;0;0;0;0;0;0;0;0;0;0;0;0;0;0;0;0;0;0;0;0;0;0;0;0;0;0;0;0;0;0;0;0;0;0;0;0;0;0;0;0;0;0;0;0;0;;;7,98553E+14;;;;;2,77541E+14;FALS;0;0;0;0;2,623E+14;low ;193;48;low ;0;9421;low ;0;;3,35984E+14;8,17504E+14;4,86099E+14;1,57778E+14;;;P_score_freshwater_pred_Dashboard;7,98553E+14;7,98553E+14;;;M_score_pred_Dashboard;2,77541E+14;2,77541E+14;;;4,70778E+14;10;;;4,70778E+14;10;1,57778E+14;5;1,51784E+14;75;1,57778E+14;25;1,51784E+14;75;0;PM;;PM;4;Al Coo, Coo, Coo2, C O, Alkyl Halide, Halogen;['Alkylphenols', 'PFAS']
6:2 fluorotelomer phosphate diester;57677-95-9;;;C(COP(=O)(O)OCCC(C(C(C(C(C(F)(F)F)(F)F)(F)F)(F)F)(F)F)(F)F)C(C(C(C(C(C(F)(F)F)(F)F)(F)F)(F)F)(F)F)(F)F;DTXSID50561590;145504080;PRO-192;;;FALS;;;;FALS;FALS;;<LOD;FALS;FALS;FALS;FALS;FALS;CERT;FALS;FALS;FALS;FALS;FALS;FALS;FALS;FALS;CERT;FALS;FALS;FALS;;;;FALS;FALS;FALS;FALS;FALS;FALS;FALS;FALS;FALS;FALS;FALS;FALS;FALS;FALS;FALS;FALS;FALS;FALS;FALS;FALS;FALS;FALS;FALS;FALS;FALS;;790176;;914;;908;;0,000479;5178976947;;4,12644E+14;;575;;;;;;;;;;;;;;0;0;0;0;0;0;0;0;0;0;0;0;0;0;0;0;0;0;0;0;0;0;0;0;0;0;0;0;0;0;0;0;0;0;0;0;0;0;0;0;0;0;0;0;0;0;0;0;0;0;0;0;0;0;0;0;0;0;0;0;0;0;0;0;0;;;3,45259E+14;;;;;9,94367E+14;FALS;0;0;0;0;332;low ;0;2;low ;0;9554;low ;0;;6,67959E+14;1,79294E+14;4,83291E+14;0;;;P_score_freshwater_pred_Dashboard;3,45259E+14;3,45259E+14;;;M_score_pred_Dashboard;9,94367E+14;9,94367E+14;;;1,85287E+14;10;;;1,85287E+14;10;0;5;0;75;0;25;0;75;10;;;;2;Alkyl Halide, Halogen, Phos Acid, Phos Ester;['Organophosphates', 'PFAS']
6-amino-4-hydroxynaphthalene-2-sulphonic acid;90-51-7;202-000-8;HBZVNWNSRNTWPS-UHFFFAOYSA-N;Nc1ccc2cc(S(=O)(=O)O)cc(O)c2c1;DTXSID0026547;70220;PRO-193;NS00009937;REACH-B;FALS;vPvM & PMT;MQ;vPvM & PMT;FALS;FALS;;;FALS;FALS;FALS;FALS;FALS;FALS;FALS;FALS;FALS;FALS;FALS;FALS;FALS;FALS;FALS;FALS;FALS;FALS;;;;CERT;CERT;CERT;FALS;FALS;FALS;FALS;FALS;FALS;FALS;CERT;FALS;FALS;FALS;FALS;FALS;FALS;FALS;FALS;FALS;FALS;FALS;FALS;FALS;FALS;P-PNEC pred;23925;;-758;;921;;234;3049218023;3231;2,55337E+14;2594944479;316;1470;;;;-19;361656;76;46;2;7;>1 to < 10 tonnes;10;100;0;0;0;0;0;0;0;0;0;0;0;0;0;0;0;0;0;0;1;0;1;0;0;0;0;0;0;1;0;0;0;0;0;0;0;0;0;0;0;0;0;0;0;0;0;0;0;0;0;0;1;1;0;0;0;0;0;0;0;0;0;0;0;0;0;8,2228E+14;1,92647E+14;1,88389E+14;;;;7,61757E+14;3,25796E+13;FALS;0;0;0;0;1763;low ;212;6487;moderate ;85;12200;low ;7;3,63942E+14;5,66768E+14;9,56732E+14;4,36734E+14;3,63942E+14;;;P_score_freshwater_pred_UBA;8,2228E+14;4,01105E+14;;;M_score_pred_Episuite;7,61757E+14;5,43777E+14;kemi_score;46;7,9144E+14;10;;;4,67024E+14;10;5,25924E+14;10;6,45165E+14;10;5,25924E+14;5;4,956E+14;10;0;vPvM;;PM;;Arn, Ar Oh, Nh2, Aniline, Benzene, Bicyclic, Phenol, Phenol Noorthohbond;['Alkylphenols', 'Aromatic amines', 'Cyclohexanes', 'Phenols']
6-methoxy-m-toluidine;120-71-8;204-419-1;WXWCDTXEKCVRRO-UHFFFAOYSA-N;COc1ccc(C)cc1N;DTXSID1020350;84450;PRO-194;NS00011442;REACH-C;FALS;PMT;MQ;Potential PMT/vPvM;FALS;FALS;;;FALS;FALS;FALS;FALS;FALS;FALS;FALS;FALS;FALS;CERT;FALS;FALS;FALS;FALS;CERT;FALS;FALS;FALS;;Dye;Intermediate;CERT;CERT;CERT;FALS;FALS;FALS;FALS;FALS;FALS;FALS;FALS;FALS;FALS;FALS;FALS;FALS;FALS;FALS;FALS;FALS;FALS;FALS;FALS;FALS;FALS;P-PNEC pred;137182;174;164;;728;;25;1729974286;19219;3,21367E+14;3191059843;355;290;;;;9;2298684;51;67;0;0;;;;0;0;0;0;0;0;0;0;0;0;0;0;0;0;0;0;0;0;1;0;0;0;0;0;0;0;0;0;0;0;0;0;0;0;0;0;0;0;0;0;0;0;0;0;0;0;0;0;0;0;0;1;0;0;0;0;0;0;0;0;0;0;0;0;0;2,23932E+14;2,5362E+14;2,55912E+14;;;;5,1353E+14;5,46656E+14;CERT;75;0;0;0;64300;low ;7;5,61E+14;good ;10;34900;moderate ;85;2,04E+14;1,48178E+14;2,17062E+14;2,8118E+14;2,04E+14;;;P_score_freshwater_pred_Dashboard;2,55912E+14;2,44488E+14;;;M_score_pred_Dashboard;5,46656E+14;5,30093E+14;kemi_score;67;3,74027E+14;10;;;3,60002E+14;10;3,22552E+14;10;3,47337E+14;10;3,22552E+14;5;3,40763E+14;10;0;PM;;PM;;Arn, Nh2, Aniline, Aryl Methyl, Benzene, Ether, Methoxy;['Aromatic amines', 'Ethylene Glycols', 'PAHs', 'PBDE', 'PhenylEthers']
6-methyl-1,3,5-triazine-2,4-diyldiamine;542-02-9;208-796-3;NJYZCEFQAIUHSD-UHFFFAOYSA-N;Cc1nc(nc(n1)N)N;DTXSID5029186;109490;PRO-195;NS00003170;REACH-B;FALS;vPvM;HQ;vPvM;FALS;FALS;;;FALS;FALS;FALS;FALS;FALS;FALS;FALS;FALS;FALS;FALS;FALS;FALS;FALS;FALS;FALS;FALS;FALS;FALS;;;;FALS;FALS;CERT;FALS;FALS;FALS;FALS;FALS;FALS;FALS;FALS;FALS;FALS;FALS;FALS;FALS;FALS;FALS;FALS;FALS;FALS;FALS;FALS;FALS;FALS;P-PNEC pred;125135;;-151;;794;;215;1439332694;8852;2,44692E+13;5685925233;204;25000;;;;-22;184143;68;48;0;0;;;;0;1;0;0;0;0;0;0;0;0;0;0;0;0;0;0;0;0;0;0;0;0;0;0;0;0;0;0;0;0;0;0;0;0;0;0;0;0;0;0;0;0;0;0;0;0;0;0;0;0;0;0;0;0;0;0;0;0;0;0;0;0;0;0;0;9,98301E+13;4,77038E+14;9,17055E+14;;;;6,84109E+14;5,95952E+14;FALS;0;0;0;0;153300;low ;501;1442;low ;403;138600;low ;485;4,34097E+14;1,03496E+14;1,4986E+14;1,56461E+14;4,34097E+14;;;P_score_freshwater_pred_UBA;9,98301E+13;7,97464E+14;;;M_score_pred_Episuite;6,84109E+14;6,4003E+14;kemi_score;48;8,26406E+14;10;;;7,14424E+14;10;5,4331E+14;10;6,70071E+14;10;5,4331E+14;5;6,2302E+14;10;0;vPvM;;vPvM;3;Arn, Ar N, Nh0, Nh2, Aniline, Aryl Methyl;['Aromatic amines']
6-methyl-2-pyridinemethanol;1122-71-0;214-358-2;JLVBSBMJQUMAMW-UHFFFAOYSA-N;CC1=NC(=CC=C1)CO;DTXSID90149952;707360;PRO-196;NS00015806;;FALS;;;;FALS;FALS;;;FALS;FALS;FALS;FALS;FALS;FALS;FALS;FALS;FALS;CERT;FALS;FALS;FALS;FALS;CERT;FALS;FALS;FALS;;;;FALS;FALS;FALS;FALS;FALS;FALS;FALS;FALS;FALS;FALS;FALS;FALS;FALS;FALS;FALS;FALS;FALS;FALS;FALS;FALS;FALS;FALS;FALS;FALS;FALS;;123155;;25;;605;;224;1540329475;9279;3,48133E+13;2290813704;49;;;;;;4596988;;13;;;;;;0;0;0;0;0;0;0;0;0;0;0;0;0;0;0;0;0;0;0;0;0;0;0;0;0;0;0;0;0;0;0;0;0;0;0;0;0;0;0;0;0;0;0;0;0;0;0;0;0;0;0;0;0;0;0;0;0;0;0;0;0;0;0;0;0;;1,61649E+14;2,8281E+14;;;;6,77678E+14;5,78988E+14;FALS;0;0;0;0;38100;low ;532;52400;low ;692;49000;low ;692;1,5943E+14;2,3676E+14;2,70953E+13;2,43589E+13;1,5943E+14;;;P_score_freshwater_pred_Dashboard;2,8281E+14;2,2223E+14;;;M_score_pred_Episuite;6,77678E+14;6,28333E+14;kemi_score;13;4,37784E+14;10;;;3,73677E+14;10;1,5943E+14;5;3,1263E+14;75;1,5943E+14;25;2,81312E+14;75;20;PM;;PM;2;Al Oh, Al Oh Notert, Ar N, Nh0, Aryl Methyl, Pyridine;['Alkylphenols', 'Aromatic amines', 'Pyridin']
6-phenyl-1,3,5-triazine-2,4-diyldiamine;91-76-9;202-095-6;GZVHEAJQGPRDLQ-UHFFFAOYSA-N;C1=CC=C(C=C1)C2=NC(=NC(=N2)N)N;DTXSID1020142;70640;PRO-197;NS00005541;REACH-A;FALS;vPvM;HQ;vPvM;FALS;FALS;;;FALS;FALS;FALS;FALS;FALS;FALS;FALS;FALS;FALS;FALS;FALS;FALS;FALS;FALS;FALS;CERT;FALS;CERT;"antioxidant; antioxidant; fragrance; fragrance component; masking";"Monomers; Paint additives and coating additives not described by other categories; Processing aids, not otherwise listed";Processing aids, not otherwise listed;CERT;CERT;CERT;CERT;CERT;CERT;CERT;FALS;FALS;FALS;CERT;CERT;FALS;CERT;CERT;FALS;FALS;FALS;CERT;FALS;FALS;FALS;FALS;FALS;FALS;P-PNEC pred;187206;136;139;;903;32;671;2170261715;15102;7,29416E+14;61509855;204;25000;;;14;;7293;58;73;36;48;>1000 to < 10000 tonnes;10000;100000;1;0;0;0;0;0;0;1;0;0;0;0;0;0;0;0;0;0;0;0;0;0;0;0;0;0;0;0;0;0;1;0;0;0;0;0;0;0;0;0;0;1;0;0;0;1;0;0;0;0;0;1;0;0;1;0;0;0;0;0;0;0;0;0;0;9,98301E+13;5,1062E+14;1E+15;;;6,02499E+13;5,8407E+14;4,7053E+14;CERT;0;0;0;0;3112;low ;304;2078;;85;138300;;85;7,57146E+14;8,96721E+14;7,63476E+14;1,56606E+14;7,57146E+14;;;P_score_freshwater_pred_Dashboard;1E+15;8,36307E+14;M_score_exp_UBA;6,02499E+13;M_score_exp_UBA;6,02499E+13;5,52366E+13;kemi_score;73;7,76208E+14;10;6,02499E+13;5;6,79667E+14;10;6,6268E+14;10;7,17201E+14;10;6,4198E+14;75;6,7112E+14;10;0;vPvM(T);PM(T);PM(T);3;Arn, Ar N, Nh0, Nh2, Aniline, Benzene;['Aromatic amines']
7:3 fluorotelomer carboxylate;812-70-4;696-430-7;HLBRGVKRZQSQHB-UHFFFAOYSA-N;C(CC(C(C(C(C(C(C(F)(F)F)(F)F)(F)F)(F)F)(F)F)(F)F)(F)F)C(=O)O;DTXSID90382620;27833760;PRO-198;NS00008860;;FALS;;;;FALS;FALS;;;FALS;FALS;FALS;FALS;FALS;CERT;FALS;FALS;FALS;FALS;FALS;FALS;FALS;FALS;CERT;FALS;FALS;FALS;;;;FALS;FALS;FALS;FALS;FALS;FALS;FALS;FALS;FALS;FALS;FALS;FALS;FALS;FALS;FALS;FALS;FALS;FALS;FALS;FALS;FALS;FALS;FALS;FALS;FALS;;442124;;529;;478;;102;3650307523;;1,49905E+14;;302;;;;;;23376;;2;;;;;;0;0;0;0;0;0;0;0;0;0;0;0;0;0;0;0;0;0;0;0;0;0;0;0;0;0;0;0;0;0;0;0;0;0;0;0;0;0;0;0;0;0;0;0;0;0;0;0;0;0;0;0;0;0;0;0;0;0;0;0;0;0;0;0;0;;;8,27116E+14;;;;;2,41604E+13;FALS;0;0;0;0;633;low ;192;13;low ;0;6104;low ;0;6,52768E+14;4,71545E+13;1,4168E+14;5,81065E+14;6,52768E+14;;;P_score_freshwater_pred_Dashboard;8,27116E+14;8,27116E+14;;;M_score_pred_Dashboard;2,41604E+13;2,41604E+13;kemi_score;2;4,47028E+13;10;;;4,47028E+13;10;6,52768E+14;5;5,07158E+14;75;6,52768E+14;25;5,07158E+14;75;10;PM(T);(T);PM(T);4;Al Coo, Coo, Coo2, C O, Alkyl Halide, Halogen;['Alkylphenols', 'PFAS']
7-[[2-[(aminocarbonyl)amino]-4-[(4-amino-6-chloro-1,3,5-triazin-2-yl)amino]phenyl]azo]naphthalene-1,3,6-trisulphonic acid;35642-64-9;252-652-2;GFPPLTJOYVDEIS-UHFFFAOYSA-N;NC(=O)Nc1cc(Nc2nc(N)nc(Cl)n2)ccc1N=Nc1cc2c(cc(cc2cc1S(=O)(=O)O)S(=O)(=O)O)S(=O)(=O)O;DTXSID70867869;946560;PRO-199;NS00089269;REACH-B;FALS;vPvM;HQ;vPvM;FALS;FALS;;;FALS;FALS;FALS;FALS;FALS;FALS;FALS;FALS;FALS;FALS;FALS;FALS;FALS;FALS;FALS;FALS;FALS;FALS;;;;CERT;CERT;CERT;FALS;FALS;FALS;FALS;FALS;FALS;FALS;FALS;CERT;FALS;FALS;FALS;FALS;FALS;FALS;FALS;FALS;FALS;FALS;FALS;FALS;FALS;P-PNEC;67403;;-307;;958;;588;1650307523;;2,80736E+14;;38;37600;;;10;;9314852;;;0;0;;;;0;0;0;0;0;0;0;0;0;0;0;0;0;0;0;0;0;0;0;0;0;1;0;0;0;0;0;0;0;0;0;0;1;0;0;0;0;0;0;0;0;0;0;0;0;0;1;0;0;0;0;1;0;0;0;0;0;0;0;0;0;0;0;0;0;9,99154E+14;;9,98606E+14;;;6,66667E+14;;5,60302E+14;FALS;0;0;0;0;4057;low ;0;34400;low ;0;14400;low ;0;8,83996E+14;2,82897E+14;6,86122E+14;4,0763E+14;8,83996E+14;;;P_score_freshwater_pred_UBA;9,99154E+14;9,9888E+14;M_score_exp_UBA;6,66667E+14;M_score_exp_UBA;6,66667E+14;6,13484E+14;E_score_min;0;8,16151E+14;10;6,66667E+14;5;7,82814E+14;10;8,83996E+14;5;8,38167E+14;75;7,67679E+14;5;8,15184E+14;75;0;vPvM(T);PM(T);vPvM(T);1;Arn, Ar N, C O, C O Nocoo, Nh0, Nh1, Nh2, Amide, Aniline, Azo, Benzene, Bicyclic, Halogen, Priamide, Urea;['Chlorobenzenes', 'Cyclohexanes', 'HBCDDs', 'PBB', 'Phenylureas']
7-amino-4-hydroxynaphthalene-2-sulphonic acid;87-02-5;201-718-9;KYARBIJYVGJZLB-UHFFFAOYSA-N;Nc1ccc2c(c1)cc(S(=O)(=O)O)cc2O;DTXSID7026520;68680;PRO-200;NS00007596;REACH-B;FALS;vPvM & PMT;MQ;vPvM & PMT;FALS;FALS;;;FALS;FALS;FALS;FALS;FALS;FALS;FALS;FALS;FALS;FALS;FALS;FALS;FALS;FALS;FALS;FALS;FALS;FALS;;Intermediate;Intermediate;CERT;CERT;CERT;FALS;FALS;FALS;CERT;FALS;FALS;FALS;CERT;FALS;FALS;FALS;FALS;FALS;FALS;FALS;FALS;FALS;FALS;FALS;FALS;FALS;FALS;P-PNEC pred;23925;;-758;;921;;233;3079181246;3231;2,55337E+14;2594944479;316;1470;;;;-17;361656;76;49;3;9;>1 to < 10 tonnes;10;100;0;0;0;0;0;0;0;0;0;0;0;0;0;0;0;0;0;0;1;0;0;0;0;0;0;0;0;0;0;0;0;0;0;0;0;0;0;0;0;0;0;0;0;0;0;0;1;0;0;0;1;1;1;0;0;0;0;0;0;0;0;0;0;0;0;8,2228E+14;1,92647E+14;1,88389E+14;;;;7,61757E+14;3,2125E+14;FALS;0;0;0;0;1946;low ;213;1378;low ;7;13900;low ;7;3,63942E+14;1,0534E+14;9,20261E+14;4,13674E+14;3,63942E+14;;;P_score_freshwater_pred_UBA;8,2228E+14;4,01105E+14;;;M_score_pred_Episuite;7,61757E+14;5,41504E+13;kemi_score;49;7,9144E+14;10;;;4,66047E+14;10;5,25924E+14;10;6,45165E+14;10;5,25924E+14;5;4,95081E+14;10;0;vPvM;;PM;4;Arn, Ar Oh, Nh2, Aniline, Benzene, Bicyclic, Phenol, Phenol Noorthohbond;['Alkylphenols', 'Aromatic amines', 'Cyclohexanes', 'Phenols']
7H-perfluoroheptanoic acid;1546-95-8;216-283-0;JZHDEEOTEUVLHR-UHFFFAOYSA-N;C(C(C(C(C(C(C(=O)O)(F)F)(F)F)(F)F)(F)F)(F)F)(F)F;DTXSID70165670;152430;PRO-201;NS00009073;;FALS;;;;CERT;CERT;;;FALS;FALS;FALS;CERT;FALS;CERT;FALS;FALS;FALS;FALS;FALS;FALS;FALS;FALS;CERT;FALS;FALS;FALS;;;;FALS;FALS;FALS;FALS;FALS;FALS;FALS;FALS;FALS;FALS;FALS;FALS;FALS;FALS;FALS;FALS;FALS;FALS;FALS;FALS;FALS;FALS;FALS;FALS;FALS;;346072;;444;;424;;479;2980003372;21138;8,73567E+14;1810171259;589;;;;;;83625;;2;;;;;;0;0;0;0;0;0;0;0;0;0;0;0;0;0;0;0;0;0;0;0;0;0;0;0;0;0;0;0;0;0;0;0;0;0;0;0;0;0;0;0;0;0;0;0;0;0;0;0;0;0;0;0;0;0;0;0;0;0;0;0;0;0;0;0;0;;8,68496E+14;6,55248E+14;;;;4,8029E+14;3,36421E+14;FALS;0;0;0;0;4,956E+14;low ;193;74;low ;0;14300;low ;0;5,19406E+14;2,95414E+14;6,32613E+14;4,08815E+14;5,19406E+14;;;P_score_freshwater_pred_RIVM;8,68496E+14;7,61872E+14;;;M_score_pred_Episuite;4,8029E+14;4,08355E+14;kemi_score;2;6,45856E+14;10;;;5,57776E+14;10;5,19406E+14;5;6,0061E+13;75;5,19406E+14;25;5,44681E+14;75;0;PM;;PM;;Al Coo, Coo, Coo2, C O, Alkyl Halide, Halogen;['Alkylphenols', 'PFAS']
8:2 chlorinated perfluoroalkylether sulfonate;83329-89-9;;BDKYEEMJFNONPU-UHFFFAOYSA-M;C(C(C(C(C(F)(F)Cl)(F)F)(F)F)(F)F)(C(C(C(OC(C(F)(F)S(=O)(=O)[O-])(F)F)(F)F)(F)F)(F)F)(F)F.[K+];DTXSID00892447;508511280;PRO-202;NS00117956;;FALS;;;;CERT;CERT;;;FALS;FALS;FALS;FALS;FALS;CERT;FALS;FALS;FALS;FALS;FALS;FALS;FALS;FALS;CERT;FALS;FALS;FALS;;;;FALS;FALS;FALS;FALS;FALS;FALS;FALS;FALS;FALS;FALS;FALS;FALS;FALS;FALS;FALS;FALS;FALS;FALS;FALS;FALS;FALS;FALS;FALS;FALS;FALS;;67068;;664;;764;;0,00216;4920123326;;8,73567E+14;;331;;;;;;;;;;;;;;0;0;0;0;0;0;0;0;0;0;0;0;0;0;0;0;0;0;0;0;0;0;0;0;0;0;0;0;0;0;0;0;0;0;0;0;0;0;0;0;0;0;0;0;0;0;0;0;0;0;0;0;0;0;0;0;0;0;0;0;0;0;0;0;0;;;6,55248E+14;;;;;1,16698E+14;FALS;0;0;0;0;305;low ;173;11;low ;0;4168;low ;0;;4,89653E+14;1,84779E+14;6,78669E+13;3,19667E+13;;;P_score_freshwater_pred_Dashboard;6,55248E+14;6,55248E+14;;;M_score_pred_Dashboard;1,16698E+14;1,16698E+14;;;2,76525E+14;10;;;2,76525E+14;10;3,19667E+13;5;1,34707E+14;75;3,19667E+13;25;1,34707E+14;75;10;;;;3;Alkyl Halide, Ether, Halogen;['Ethylene Glycols', 'PFAS']
8:2 fluorotelomer carboxylic acid;27854-31-5;;XTBXSCIWOVSSGB-UHFFFAOYSA-N;C(C(=O)O)C(C(C(C(C(C(C(C(F)(F)F)(F)F)(F)F)(F)F)(F)F)(F)F)(F)F)(F)F;DTXSID50451109;109944250;PRO-203;NS00011081;;FALS;;;;FALS;FALS;;;FALS;FALS;FALS;FALS;FALS;CERT;FALS;FALS;FALS;FALS;FALS;FALS;FALS;FALS;CERT;FALS;FALS;FALS;;;;FALS;FALS;FALS;FALS;FALS;FALS;FALS;FALS;FALS;FALS;FALS;FALS;FALS;FALS;FALS;FALS;FALS;FALS;FALS;FALS;FALS;FALS;FALS;FALS;FALS;;478105;;608;;465;;0,00738;2920123326;;1,3429E+14;;331;;;;;;18798;;2;;;;;;0;0;0;0;0;0;0;0;0;0;0;0;0;0;0;0;0;0;0;0;0;0;0;0;0;0;0;0;0;0;0;0;0;0;0;0;0;0;0;0;0;0;0;0;0;0;0;0;0;0;0;0;0;0;0;0;0;0;0;0;0;0;0;0;0;;;7,98553E+14;;;;;3,45748E+14;FALS;0;0;0;0;1186;low ;187;8;low ;0;5,041E+14;low ;0;6,73902E+14;5,24209E+14;1,11641E+14;6,2825E+14;6,80201E+14;;;P_score_freshwater_pred_Dashboard;7,98553E+14;7,98553E+14;;;M_score_pred_Dashboard;3,45748E+14;3,45748E+14;kemi_score;2;5,25451E+14;10;;;5,25451E+14;10;6,80201E+14;5;5,72665E+13;75;6,80201E+14;25;5,72665E+13;75;10;PM(T);(T);PM(T);4;Al Coo, Coo, Coo2, C O, Alkyl Halide, Halogen;['Alkylphenols', 'PFAS']
8:2 fluorotelomer phosphate diester;678-41-1;211-649-6;;C(COP(=O)(O)OCCC(C(C(C(C(C(C(C(F)(F)F)(F)F)(F)F)(F)F)(F)F)(F)F)(F)F)(F)F)C(C(C(C(C(C(C(C(F)(F)F)(F)F)(F)F)(F)F)(F)F)(F)F)(F)F)(F)F;DTXSID90218051;30222530;PRO-204;;;FALS;;;;FALS;FALS;;<LOD;FALS;FALS;FALS;FALS;FALS;CERT;FALS;FALS;FALS;FALS;FALS;FALS;FALS;FALS;CERT;FALS;FALS;FALS;;;;FALS;FALS;FALS;FALS;FALS;FALS;FALS;FALS;FALS;FALS;FALS;FALS;FALS;FALS;FALS;FALS;FALS;FALS;FALS;FALS;FALS;FALS;FALS;FALS;FALS;;990207;;117;;979;;0,000191;5120573931;77213;4,12644E+14;1816744676;1150;;;;;;7339;;17;;;;;;0;0;0;0;0;0;0;0;0;0;0;0;0;0;0;0;0;0;0;0;0;0;0;0;0;0;0;0;0;0;0;0;0;0;0;0;0;0;0;0;0;0;0;0;0;0;0;0;0;0;0;0;0;0;0;0;0;0;0;0;0;0;0;0;0;;1E+15;3,45259E+14;;;;1,86021E+14;1,03121E+14;FALS;0;0;0;0;3620;low ;0;1;low ;0;9089;low ;0;7,56643E+14;7,31059E+14;7,18436E+14;4,93356E+14;7,59668E+14;;;P_score_freshwater_pred_RIVM;1E+15;6,72629E+14;;;M_score_pred_Dashboard;1,03121E+14;6,08616E+14;kemi_score;17;3,21125E+14;10;;;2,0233E+14;10;7,59668E+14;5;4,27882E+14;75;7,59668E+14;25;3,14471E+14;75;10;(T);(T);(T);;Alkyl Halide, Halogen, Phos Acid, Phos Ester;['Organophosphates', 'PFAS']
8:2 fluorotelomer sulfonic acid;39108-34-4;254-295-8;ALVYVCQIFHTIRD-UHFFFAOYSA-N;C(CS(=O)(=O)O)C(C(C(C(C(C(C(C(F)(F)F)(F)F)(F)F)(F)F)(F)F)(F)F)(F)F)(F)F;DTXSID00192353;30160440;PRO-205;NS00011092;;FALS;;;;CERT;CERT;< 0,3;<1.5;CERT;CERT;CERT;FALS;CERT;CERT;FALS;FALS;FALS;FALS;FALS;FALS;FALS;FALS;CERT;FALS;FALS;FALS;;;;FALS;FALS;FALS;FALS;FALS;FALS;FALS;FALS;FALS;FALS;FALS;FALS;FALS;FALS;FALS;FALS;FALS;FALS;FALS;FALS;FALS;FALS;FALS;FALS;FALS;;52818;;522;;622;;226;3230448921;31376;1,3429E+14;3455288918;316;;;;;;25269;31;28;;;;;;0;0;0;0;0;0;0;0;0;0;0;0;0;0;0;0;0;0;0;0;0;0;0;0;0;0;0;0;0;0;0;0;0;0;0;0;0;0;0;0;0;0;0;0;0;0;0;0;0;0;0;0;0;0;0;0;0;0;0;0;0;0;0;0;0;;9,99022E+14;7,98553E+14;;;;3,12486E+14;2,98829E+14;FALS;0;0;0;0;2,26E+14;low ;146;8;low ;0;4501;low ;0;6,45064E+14;5,24209E+14;2,052E+14;6,57854E+14;6,57664E+14;;;P_score_freshwater_pred_RIVM;9,99022E+14;8,98788E+13;;;M_score_pred_Episuite;3,12486E+14;3,05657E+14;kemi_score;28;5,58731E+14;10;;;5,24138E+14;10;4,51526E+13;10;5,02276E+14;10;4,51526E+13;5;4,86479E+13;10;10;PM;;PM;4;Alkyl Halide, Halogen;['PFAS']
8:2 Fluorotelomerically unsaturated carboxylic acid;70887-84-2;;WHZXTVOEGZRRJM-UHFFFAOYSA-N;C(=C(C(C(C(C(C(C(C(F)(F)F)(F)F)(F)F)(F)F)(F)F)(F)F)(F)F)F)C(=O)O;DTXSID60825615;714047950;PRO-206;NS00117957;;FALS;;;;FALS;FALS;;;FALS;FALS;FALS;FALS;FALS;CERT;FALS;FALS;FALS;FALS;FALS;FALS;FALS;FALS;CERT;FALS;FALS;FALS;;;;FALS;FALS;FALS;FALS;FALS;FALS;FALS;FALS;FALS;FALS;FALS;FALS;FALS;FALS;FALS;FALS;FALS;FALS;FALS;FALS;FALS;FALS;FALS;FALS;FALS;;458098;;593;;481;14;0,00975;3230448921;;7,15216E+14;;501;;;;;;;;2;;;;;;0;0;0;0;0;0;0;0;0;0;0;0;0;0;0;0;0;0;0;0;0;0;0;0;0;0;0;0;0;0;0;0;0;0;0;0;0;0;0;0;0;0;0;0;0;0;0;0;0;0;0;0;0;0;0;0;0;0;0;0;0;0;0;0;0;;;5,74512E+14;;;;;2,98829E+14;FALS;0;0;0;0;928;low ;196;15;low ;0;4940;low ;0;;4,56091E+14;1,22653E+14;6,33445E+14;2,40399E+12;;;P_score_freshwater_pred_Dashboard;5,74512E+14;5,74512E+14;;;M_score_pred_Dashboard;2,98829E+14;2,98829E+14;kemi_score;2;4,14344E+14;10;;;4,14344E+14;10;2,40399E+12;5;1,60405E+14;75;2,40399E+12;25;1,60405E+14;75;0;PM;;PM;4;Al Coo, Coo, Coo2, C O, Alkyl Halide, Allylic Oxid, Halogen;['Alkylphenols', 'Acrylics/Acrylates', 'PFAS']
Acenaphthene;83-32-9;201-469-6;CWRYPZZKDGJXCA-UHFFFAOYSA-N;C1Cc2cccc3c2c1ccc3;DTXSID3021774;67340;PRO-207;NS00006748;REACH-B;FALS;PMT;HQ;Not PMT/vPvM;FALS;FALS;;;FALS;FALS;FALS;FALS;FALS;FALS;FALS;FALS;FALS;FALS;FALS;FALS;FALS;FALS;FALS;CERT;FALS;FALS;;;;CERT;CERT;CERT;FALS;FALS;FALS;CERT;FALS;FALS;FALS;FALS;FALS;FALS;FALS;FALS;FALS;FALS;FALS;FALS;FALS;FALS;FALS;FALS;FALS;FALS;AA-QSwater_eco;154212;392;406;631;633;0,00464;0,00271;3589949601;34018;7,83529E+30;2726765758;7590;;1340;;34;;37;27;44;0;0;;;;0;0;0;0;0;0;0;0;0;0;0;0;0;0;0;0;0;0;1;0;0;0;0;0;0;0;0;0;0;0;0;0;0;0;0;0;0;0;0;0;0;0;0;0;0;0;0;0;0;0;0;1;0;0;0;0;0;0;0;0;0;0;0;0;0;;2,06166E+14;10;3,76482E+14;;2,748E+14;2,74551E+14;2,49352E+14;FALS;0;0;0;0;5111;moderate ;85;8,27E+14;;10;785;;10;3,61652E+14;1,2814E+14;6,24733E+14;1,3069E+14;3,69468E+14;P_score_soil_exp_UBA;3,76482E+14;P_score_freshwater_pred_Dashboard;10;5,27549E+14;M_score_exp_UBA;2,748E+14;M_score_exp_UBA;2,748E+14;2,66234E+14;kemi_score;44;5,24213E+14;10;3,21648E+14;10;3,74769E+14;10;3,15842E+14;10;4,06901E+14;10;3,18732E+14;10;3,44046E+13;10;10;PM;;PM;4;Aryl Methyl, Benzene;['PAHs']
Acetic acid, 2,2-difluoro-2-[[2,2,4,5-tetrafluoro-5-(trifluoromethoxy)-1,3-dioxolan-4-yl]oxy]-, ammonium salt (1:1);1190931-41-9;682-238-0;;C(=O)(C(OC1(C(OC(O1)(F)F)(OC(F)(F)F)F)F)(F)F)[O-].[NH4+];DTXSID00882626;1547352010;PRO-208;;REACH-A;FALS;vPvM;HQ;vPvM;FALS;FALS;;;CERT;CERT;CERT;FALS;FALS;FALS;FALS;FALS;FALS;FALS;FALS;FALS;FALS;FALS;CERT;FALS;FALS;FALS;;;;CERT;FALS;CERT;FALS;FALS;FALS;FALS;FALS;FALS;FALS;FALS;FALS;FALS;FALS;FALS;FALS;FALS;FALS;FALS;FALS;FALS;FALS;FALS;FALS;FALS;P-PNEC;357085;;13;;429;;746;2670245853;;4,12644E+14;;49;185790;;;10;;4357843275;;;0;0;;;;0;0;0;0;0;0;0;0;0;0;0;0;0;0;0;0;0;0;1;0;0;0;0;0;0;0;0;0;0;0;0;0;0;0;0;0;0;0;0;0;0;0;0;0;0;0;0;0;0;0;1;0;0;0;0;0;0;0;0;0;0;0;0;0;0;9,99945E+14;;3,45259E+14;;;6,66667E+14;;3,859E+13;FALS;0;0;0;0;533;low ;193;81400;low ;194;35100;low ;0;3,45411E+14;1,96347E+14;1,51007E+13;2,80502E+14;3,64785E+14;;;P_score_freshwater_pred_UBA;9,99945E+14;6,72602E+14;M_score_exp_UBA;6,66667E+14;M_score_exp_UBA;6,66667E+14;5,26283E+14;E_score_min;0;8,16474E+14;10;6,66667E+14;5;5,94961E+14;10;3,64785E+14;5;6,24176E+14;75;4,93143E+14;5;5,05442E+14;75;20;vPvM;PM;PM;4;Al Coo, Coo, Coo2, C O, C O Nocoo, Alkyl Halide, Ether, Halogen, Quatn;['Ethylene Glycols', 'Organotins', 'PFAS']
Allyl 2,3-epoxypropyl ether;106-92-3;203-442-4;LSWYGACWGAICNM-UHFFFAOYSA-N;C=CCOCC1CO1;DTXSID9039232;78380;PRO-209;NS00002883;REACH-A;CERT;vPvM & PMT;MQ;vPvM & PMT;FALS;FALS;;;FALS;FALS;FALS;FALS;FALS;FALS;FALS;FALS;FALS;FALS;FALS;FALS;FALS;FALS;FALS;FALS;FALS;FALS;"Home maintenance -> adhesives and adhesive removers -> multipurpose adhesive; Home maintenance -> caulk/sealant";"Chemical reaction regulator; Intermediates; Monomers; Not Known or Reasonably Ascertainable";"Intermediate; Monomers; Not Known or Reasonably Ascertainable";CERT;CERT;CERT;FALS;FALS;FALS;CERT;FALS;FALS;FALS;FALS;FALS;FALS;FALS;FALS;FALS;FALS;FALS;FALS;FALS;FALS;FALS;FALS;FALS;FALS;P-PNEC pred;114144;;595;;401;;626;1389166084;9928;7,15216E+14;1772122279;295;950;;;3;;6532961;67;76;16;24;>100 to < 1000 tonnes;1000;10000;0;0;0;0;0;0;0;0;0;0;0;0;0;0;0;0;0;0;1;0;0;0;0;0;0;0;0;0;0;0;1;0;0;0;0;0;0;0;0;0;0;0;0;0;0;0;0;0;0;0;1;1;1;0;0;0;0;0;0;0;0;0;0;0;0;6,86881E+13;1,10574E+14;5,74512E+14;;;7,64651E+11;6,67775E+13;6,04296E+14;CERT;5;5;0;0;146300;low ;594;107700;moderate ;85;57800;low ;7;1,40022E+14;1,74259E+14;1,52886E+14;2,27111E+14;1,42599E+14;;;P_score_freshwater_pred_UBA;6,86881E+13;4,57322E+14;M_score_exp_UBA;7,64651E+11;M_score_exp_UBA;7,64651E+11;6,78907E+14;kemi_score;76;7,24723E+14;10;7,64651E+11;5;5,57207E+14;10;3,09097E+14;10;4,73297E+14;10;4,1804E+14;75;4,15007E+14;10;0;vPvM;vPvM;PM;3;Epoxide, Ether, Unbrch Alkane;['Ethylene Glycols']
Ametryn;834-12-8;212-634-7;RQVYBGPQFYCBGX-UHFFFAOYSA-N;CCNC1=NC(=NC(=N1)SC)NC(C)C;DTXSID1023869;132630;PRO-210;NS00000481;REACH-A;CERT;vPvM & PMT;HQ;PMT;FALS;FALS;;;FALS;FALS;FALS;FALS;FALS;FALS;FALS;FALS;FALS;FALS;FALS;FALS;FALS;FALS;FALS;FALS;FALS;FALS;herbicide;;;FALS;FALS;CERT;FALS;FALS;FALS;FALS;FALS;FALS;FALS;CERT;FALS;FALS;FALS;FALS;FALS;FALS;FALS;FALS;FALS;FALS;FALS;FALS;FALS;FALS;JD-UQN;22733;298;311;;907;905;751;2589949601;23627;2,9666E+14;7633673574;646;;1500;17800;21;;5;44;42;27;35;>1000 to < 10000 tonnes;10000;100000;0;0;0;0;0;0;0;0;0;0;0;0;0;0;0;0;0;0;0;0;0;0;0;0;0;0;0;0;0;0;0;0;0;0;0;0;0;0;0;0;0;0;0;0;0;0;0;0;0;0;0;0;0;0;0;0;0;0;0;0;0;0;0;0;0;;6,01488E+14;2,30749E+14;4,22705E+14;9,80491E+14;4,82678E+14;4,37478E+14;3,99171E+14;CERT;0;0;0;0;1757;low ;208;7075;low ;555;1,803E+14;low ;674;5,74694E+14;5,46955E+14;9,58014E+14;9,48335E+14;5,8268E+14;P_score_sediment_exp_UBA;9,80491E+14;P_score_sediment_exp_UBA;9,80491E+14;5,58858E+14;M_score_exp_UBA;4,82678E+14;M_score_exp_UBA;4,82678E+14;4,39776E+14;kemi_score;42;6,8794E+14;10;6,8794E+14;10;4,95754E+14;10;5,06339E+14;10;5,90196E+14;10;5,90196E+14;10;5,01019E+14;10;0;PM;PM;PM;;Ar N, Nh0, Nh1, Aniline, Sulfide;['Aromatic amines']
Ammonium 2,3,3,3-tetrafluoro-2-(heptafluoropropoxy)propanoate;62037-80-3;700-242-3;RJWVKMAIYPNUSL-UHFFFAOYSA-N;C(=O)(C(C(F)(F)F)(OC(C(C(F)(F)F)(F)F)(F)F)F)O;DTXSID40108559;513420340;PRO-211;;REACH-C;FALS;vPvM & PMT;HQ;vPvM & PMT;FALS;FALS;;;FALS;FALS;FALS;FALS;FALS;FALS;FALS;FALS;FALS;FALS;FALS;FALS;FALS;FALS;FALS;FALS;FALS;FALS;;Processing aids, not otherwise listed;;CERT;FALS;CERT;FALS;FALS;FALS;CERT;FALS;FALS;FALS;FALS;FALS;FALS;FALS;FALS;FALS;FALS;FALS;FALS;FALS;FALS;FALS;FALS;FALS;FALS;P-PNEC;347084;;512;;374;;141;2609594409;;8,73567E+14;;631;;;;11;;1085511913;;;9;16;>10 to < 100 tonnes;100;1000;0;0;0;0;0;0;0;0;0;0;0;0;0;0;0;0;0;0;0;1;0;0;0;0;0;0;0;0;0;0;1;0;0;0;0;0;0;0;0;0;0;0;0;0;0;0;0;0;0;0;0;0;0;0;1;0;0;0;0;0;0;0;0;0;0;;;6,55248E+14;;;6,5109E+14;;3,95909E+14;FALS;0;0;0;0;2716;low ;201;34900;low ;199;34300;low ;0;4,91092E+14;2,8118E+14;8,06217E+14;2,83245E+14;4,99134E+14;;;P_score_freshwater_pred_Dashboard;6,55248E+14;6,55248E+14;M_score_exp_UBA;6,5109E+14;M_score_exp_UBA;6,5109E+14;5,235E+14;E_score_max;16;6,53165E+14;10;6,5109E+14;5;5,85681E+14;10;4,99134E+14;5;5,97156E+14;75;5,70071E+14;5;5,55281E+14;75;0;PM;PM;PM;1;Al Coo, Coo, Coo2, C O, Alkyl Halide, Ether, Halogen;['Alkylphenols', 'Ethylene Glycols', 'PFAS']
Ammonium difluoro[1,1,2,2-tetrafluoro-2-(pentafluoroethoxy)ethoxy]acetate;908020-52-0;700-323-3;UEVSRUAUNBKSPD-UHFFFAOYSA-N;C(=O)(C(OC(C(OC(C(F)(F)F)(F)F)(F)F)(F)F)(F)F)O;DTXSID50893409;462217680;PRO-212;NS00078489;REACH-A;FALS;vPvM & PMT;MQ;PMT;FALS;FALS;;;FALS;FALS;FALS;FALS;FALS;FALS;FALS;FALS;FALS;FALS;FALS;FALS;FALS;FALS;FALS;FALS;FALS;FALS;;;;CERT;CERT;FALS;FALS;FALS;FALS;CERT;FALS;FALS;FALS;FALS;FALS;FALS;FALS;FALS;FALS;FALS;FALS;FALS;FALS;FALS;FALS;FALS;FALS;FALS;P-PNEC;363083;;55;;395;;3;2829946696;;4,12644E+14;;501;42140;;;;7;3196729694;;;9;16;>10 to < 100 tonnes;100;1000;0;0;0;0;0;0;0;0;0;0;0;0;0;0;0;0;0;0;0;0;0;0;0;0;0;0;0;0;0;0;0;0;0;0;0;0;0;0;0;0;0;0;0;0;0;0;0;0;0;0;0;0;0;0;1;0;0;0;0;0;0;0;0;0;0;9,99303E+14;;3,45259E+14;;;;;3,6002E+14;FALS;0;0;0;0;1667;low ;194;49500;low ;203;30800;low ;0;3,76435E+14;2,42544E+14;9,77979E+14;2,96398E+12;3,88388E+14;;;P_score_freshwater_pred_UBA;9,99303E+14;6,72281E+14;;;M_score_pred_Dashboard;3,6002E+14;3,6002E+14;E_score_max;16;5,99808E+14;10;;;4,9197E+13;10;3,88388E+14;5;5,18916E+14;75;3,88388E+14;25;4,54689E+14;75;0;PM;;PM;3;Al Coo, Coo, Coo2, C O, Alkyl Halide, Ether, Halogen;['Alkylphenols', 'Ethylene Glycols', 'PFAS']
Ammonium undecafluorohexanoate;21615-47-4;244-479-6;OWCNWICUDXNCTI-UHFFFAOYSA-N;C(=O)(C(C(C(C(C(F)(F)F)(F)F)(F)F)(F)F)(F)F)O.N;DTXSID90880232;735556210;PRO-213;;REACH-A;FALS;vPvM & PMT;HQ;vPvM & PMT;FALS;FALS;;;FALS;FALS;FALS;FALS;FALS;FALS;FALS;FALS;FALS;FALS;FALS;FALS;FALS;FALS;FALS;FALS;FALS;FALS;;;;CERT;FALS;CERT;FALS;FALS;FALS;FALS;FALS;FALS;FALS;FALS;FALS;FALS;FALS;FALS;FALS;FALS;FALS;FALS;FALS;FALS;FALS;FALS;FALS;FALS;P-PNEC pred;331085;;397;;383;;335;3029383778;10277;8,73567E+14;6214785853;55;10480;;;18;;115978;66;46;2;6;>1 to < 10 tonnes;10;100;1;0;0;0;0;0;0;0;0;0;0;0;0;0;0;0;0;0;0;0;0;0;0;0;0;0;0;0;0;0;0;0;0;0;0;0;0;0;0;0;0;0;0;0;0;0;0;0;0;0;0;0;0;0;1;0;0;0;0;0;0;0;0;0;0;9,92533E+14;9,8195E+14;6,55248E+14;;;5,34602E+14;6,62386E+14;3,28823E+14;FALS;0;0;0;0;3541;low ;195;16300;low ;209;14400;low ;0;4,83912E+13;3,87096E+14;7,24852E+14;4,0763E+14;4,91244E+14;;;P_score_freshwater_pred_UBA;9,92533E+14;8,76577E+14;M_score_exp_UBA;5,34602E+14;M_score_pred_Episuite;6,62386E+14;5,08604E+14;kemi_score;46;8,10827E+13;10;5,34602E+14;5;6,67705E+14;10;5,69404E+14;10;6,79476E+14;10;5,57559E+14;75;6,16599E+14;10;0;vPvM;PM;PM;;Al Coo, Coo, Coo2, C O, Alkyl Halide, Halogen;['Alkylphenols', 'PFAS']
Amoxicillin;26787-78-0;248-003-8;MQXQVCLAUDMCEF-CWLIKTDRSA-N;CC1(C(N2C(S1)C(C2=O)NC(=O)C(C3=CC=C(C=C3)O)N)C(=O)O)C;DTXSID3037044;336130;PRO-214;;REACH-A;CERT;vPvM & PMT;MQ;vPvM & PMT;FALS;FALS;;;FALS;FALS;FALS;FALS;FALS;FALS;FALS;FALS;FALS;FALS;FALS;FALS;FALS;FALS;FALS;FALS;FALS;FALS;antibiotic;;;CERT;FALS;CERT;FALS;FALS;FALS;CERT;FALS;FALS;FALS;CERT;FALS;FALS;FALS;FALS;FALS;FALS;FALS;FALS;FALS;FALS;FALS;FALS;FALS;FALS;EQS water (=AA-EQS);3654;87;733;;943;933;627;1949877704;7091;2,61489E+16;3966446659;324;480;;;;-36;78;71;43;22;33;>100 to < 1000 tonnes;1000;10000;1;0;0;0;0;0;0;0;0;0;0;0;0;0;0;0;0;0;1;0;0;0;0;0;0;0;0;0;0;0;0;0;0;0;0;0;0;0;0;0;0;0;0;0;0;0;0;0;0;0;0;1;0;0;0;0;0;0;0;0;0;0;0;0;0;4,05773E+14;3,30141E+14;10;;;;7,09876E+14;5,08685E+14;FALS;0;0;0;0;3000;low ;197;14300;low ;0;3916;low ;285;7,51738E+14;4,08815E+14;7,74777E+13;6,96005E+14;7,55508E+14;;;P_score_freshwater_pred_Dashboard;10;5,78638E+14;;;M_score_pred_Episuite;7,09876E+14;6,09281E+14;kemi_score;43;8,42542E+14;10;;;5,93762E+14;10;7,32401E+14;10;7,85543E+13;10;7,32401E+14;5;6,59448E+14;10;0;vPvM(T);(T);PM(T);;Al Coo, Ar Oh, Coo, Coo2, C O, C O Nocoo, Nh0, Nh1, Nh2, Amide, Benzene, Bicyclic, Lactam, Phenol, Phenol Noorthohbond, Sulfide;['Alkylphenols', 'Cyclohexanes', 'Phenols']
Anthracene;120-12-7;204-371-1;MWPLVEDNUUSJAV-UHFFFAOYSA-N;c1ccc2cc3ccccc3cc2c1;DTXSID0023878;84180;PRO-215;NS00010699;REACH-C;FALS;PMT;HQ;Not PMT/vPvM;FALS;FALS;;;FALS;FALS;FALS;FALS;FALS;FALS;FALS;FALS;FALS;FALS;FALS;FALS;FALS;FALS;FALS;FALS;FALS;FALS;;Other;;CERT;CERT;CERT;FALS;FALS;FALS;CERT;FALS;FALS;FALS;FALS;FALS;FALS;FALS;FALS;FALS;FALS;FALS;FALS;FALS;FALS;FALS;FALS;FALS;FALS;EQS chronic water (=AA-EQS);178234;445;454;755;755;0,0000338;0,000279;4309630167;38618;2,61952E+67;7082715093;18200;;;;39;;1;22;7;0;0;;;;0;0;0;0;0;0;0;0;0;0;0;0;0;0;0;0;0;0;1;0;1;0;0;0;0;0;0;1;0;0;0;0;0;0;0;0;0;0;0;0;0;0;0;0;0;0;0;0;0;0;1;1;0;0;0;0;0;0;0;0;0;0;0;0;0;;5,7043E+13;10;;;2,11321E+14;2,15768E+12;1,67854E+14;FALS;0;0;0;0;690;low ;7;820;;10;587;;10;7,31059E+14;1,28553E+14;1,37187E+14;1,45712E+14;7,3829E+14;;;P_score_freshwater_pred_Dashboard;10;7,85215E+14;M_score_exp_UBA;2,11321E+14;M_score_pred_Episuite;2,15768E+12;1,98314E+14;kemi_score;7;4,64508E+14;10;2,11321E+14;5;3,94613E+13;10;4,03018E+14;10;4,32672E+14;10;3,24986E+14;75;3,98794E+14;10;10;PM;;PM;3;Benzene, Bicyclic;['Cyclohexanes']
Atrazine;1912-24-9;217-617-8;MXWJVTOOROXGIU-UHFFFAOYSA-N;CCNc1nc(nc(n1)Cl)NC(C)C;DTXSID9020112;22560;PRO-216;NS00000262;REACH-C;FALS;vPvM & PMT;MQ;vPvM & PMT;FALS;FALS;;;FALS;FALS;FALS;FALS;FALS;FALS;FALS;FALS;FALS;FALS;FALS;FALS;FALS;FALS;FALS;FALS;FALS;FALS;"Laboratory supplies; Landscape/yard -> herbicide; Landscape/yard -> lawn fertilizer; biocide; herbicide; herbicide or degradate; herbicides and degradates; herbicides and herbicide degradates; pesticide; pesticide and pesticide degradates; pesticide or degradate";;;FALS;CERT;CERT;FALS;FALS;FALS;FALS;FALS;FALS;FALS;FALS;FALS;FALS;FALS;FALS;FALS;FALS;FALS;FALS;FALS;FALS;FALS;FALS;FALS;FALS;AA-EQS;21569;261;268;;838;212;488;2240549248;21581;1,3429E+14;1086209557;794;2480;;;14;;6;47;58;0;0;;;;0;0;0;0;0;0;0;0;0;0;0;0;0;0;0;0;0;0;1;0;0;0;0;0;0;0;0;0;0;0;0;0;0;0;0;0;0;0;0;0;0;0;0;0;0;0;0;0;0;0;0;1;0;0;0;0;0;0;0;0;0;0;0;0;0;9,18784E+14;7,33925E+14;7,98553E+14;;;6,02499E+13;4,72631E+13;4,58412E+14;CERT;0;0;0;0;1032;low ;512;32000;low ;403;21400;low ;474;5,55236E+14;2,91661E+14;1,17774E+14;3,45424E+14;5,65503E+14;;;P_score_freshwater_pred_UBA;9,18784E+14;8,17087E+14;M_score_exp_UBA;6,02499E+13;M_score_exp_UBA;6,02499E+13;5,11181E+14;kemi_score;58;7,4402E+14;10;6,02499E+13;5;6,46281E+14;10;5,15545E+14;10;6,19335E+13;10;5,43037E+14;75;5,77223E+14;10;0;vPvM;PM;PM;3;Ar N, Nh0, Nh1, Aniline, Halogen;['Aromatic amines']
Benzamide, 4-[(4-methyl-1-piperazinyl)methyl]-N-[4-methyl-3-[[4-(3-pyridinyl)-2-pyrimidinyl]amino]phenyl]-;152459-95-5;604-855-6;KTUFNOKKBVMGRW-UHFFFAOYSA-N;CN1CCN(CC1)Cc1ccc(cc1)C(=O)Nc1ccc(C)c(Nc2nccc(n2)c2cccnc2)c1;DTXSID3037125;52910;PRO-217;NS00009172;REACH-B;FALS;PMT;MQ;Potential PMT/vPvM;FALS;FALS;;;FALS;FALS;FALS;FALS;FALS;FALS;FALS;FALS;FALS;FALS;FALS;FALS;FALS;FALS;FALS;FALS;FALS;FALS;;;;CERT;FALS;CERT;FALS;FALS;FALS;FALS;FALS;FALS;FALS;FALS;FALS;FALS;FALS;FALS;FALS;FALS;FALS;FALS;FALS;FALS;FALS;FALS;FALS;FALS;;493615;;314;;974;;0,00167;4670245853;;1,20301E+14;;269;36640;;;;7;960;;;0;0;;;;0;0;0;0;0;0;0;0;0;0;0;0;0;0;0;0;0;0;0;0;0;0;0;0;0;0;0;1;0;0;0;0;0;0;0;0;0;0;0;0;0;0;0;0;0;0;0;0;0;0;0;1;0;0;0;0;0;0;0;0;0;0;0;0;0;9,99115E+14;;7,66603E+14;;;;;1,3577E+14;FALS;0;0;0;0;1,493E+14;low ;0;10700;low ;182;7526;low ;0;1,21077E+14;4,61159E+14;1,02104E+14;5,33243E+14;1,38666E+14;;;P_score_freshwater_pred_UBA;9,99115E+14;8,82859E+13;;;M_score_pred_Dashboard;1,3577E+14;1,3577E+14;E_score_min;0;3,68307E+14;10;;;3,46217E+14;10;1,38666E+14;5;2,65948E+14;75;1,38666E+14;25;2,55205E+14;75;10;PM;;PM;2;Ar N, C O, C O Nocoo, Nh0, Nh1, Ndealkylation1, Amide, Aniline, Aryl Methyl, Benzene, Piperzine, Pyridine;['PAHs', 'Pyridin', 'Triazines']
Benzidine-2,2'-disulphonic acid;117-61-3;204-200-0;MBJAPGAZEWPEFB-UHFFFAOYSA-N;Nc1ccc(c2ccc(N)cc2S(=O)(=O)O)c(S(=O)(=O)O)c1;DTXSID3024572;83370;PRO-218;NS00002417;REACH-B;CERT;PMT;HQ;PMT;FALS;FALS;;;FALS;FALS;FALS;FALS;FALS;FALS;FALS;FALS;FALS;FALS;FALS;FALS;FALS;FALS;FALS;FALS;FALS;FALS;;;;CERT;CERT;CERT;FALS;FALS;FALS;FALS;FALS;FALS;FALS;FALS;FALS;FALS;FALS;FALS;FALS;FALS;FALS;FALS;FALS;FALS;FALS;FALS;FALS;FALS;P-PNEC pred;34436;;-175;;942;24;108;1599883072;-3239;4,89109E+14;4493036181;24;;;;;-44;93139;83;42;0;0;;;;0;0;0;0;0;0;0;0;0;0;0;0;0;0;0;0;0;0;1;0;0;0;0;0;0;1;0;0;0;0;0;0;0;0;0;0;0;0;0;0;0;0;0;0;0;0;0;0;0;0;1;1;0;0;0;0;0;0;0;0;0;0;0;0;0;;3,78847E+14;4,13545E+13;;;;8,33523E+14;5,68894E+13;FALS;0;0;0;0;1263;low ;199;1,654E+14;low ;668;12900;low ;7;5,07716E+14;9,80983E+14;1,0896E+14;4,26725E+14;5,1823E+14;;;P_score_freshwater_pred_Dashboard;4,13545E+13;3,96196E+14;;;M_score_pred_Episuite;8,33523E+14;7,01209E+14;kemi_score;42;5,87111E+14;10;;;5,27083E+14;10;6,55844E+14;10;6,20526E+14;10;6,55844E+14;5;5,87949E+14;10;0;PM(T);(T);PM(T);2;Arn, Nh2, Aniline, Benzene;['Aromatic amines']
Benzoic acid;65-85-0;200-618-2;WPYMKLBDIGXBTP-UHFFFAOYSA-N;C1=CC=C(C=C1)C(=O)O;DTXSID6020143;201448410;PRO-219;;;FALS;;;;FALS;FALS;;;FALS;FALS;FALS;FALS;FALS;FALS;FALS;FALS;FALS;FALS;FALS;FALS;FALS;FALS;FALS;CERT;CERT;CERT;;;;CERT;CERT;CERT;CERT;CERT;CERT;CERT;CERT;CERT;CERT;CERT;CERT;CERT;CERT;CERT;CERT;FALS;CERT;FALS;FALS;FALS;FALS;CERT;FALS;FALS;;122123;187;188;;591;292;109;1499687083;11901;7,42483E+14;1430990537;372;;;;;;446;;95;65;78;>100000 to < 1000000 tonnes;1000000;10000000;1;0;0;0;1;0;1;1;1;0;0;0;0;0;0;0;0;0;1;1;1;0;1;0;0;0;1;1;0;0;1;0;0;1;0;0;0;1;0;0;0;1;0;0;0;0;0;0;0;0;0;1;1;0;0;0;0;0;0;1;0;0;1;0;1;;7,94092E+14;9,8662E+14;;;;6,36772E+13;5,85839E+14;CERT;0;0;0;0;52600;moderate ;85;25900;good ;10;58000;low ;7;1,61199E+14;3,18824E+14;2,36378E+14;2,26778E+14;1,65085E+14;;;P_score_freshwater_pred_Dashboard;9,8662E+14;5,33015E+14;;;M_score_pred_Episuite;6,36772E+13;6,11305E+14;kemi_score;95;7,92623E+14;10;;;5,70819E+13;10;1,65085E+14;5;4,69837E+14;75;1,65085E+14;25;3,77487E+14;75;0;vPvM;;PM;;Ar Coo, Coo, Coo2, C O, Benzene;['Alkylphenols']
Benzophenone;119-61-9;204-337-6;RWCCWEUUXYIKHB-UHFFFAOYSA-N;C1=CC=C(C=C1)C(=O)C2=CC=CC=C2;DTXSID0021961;31020;PRO-220;NS00010632;REACH-A;CERT;vPvM & PMT;MQ;PMT;FALS;FALS;;;FALS;FALS;FALS;FALS;FALS;FALS;FALS;FALS;FALS;FALS;FALS;FALS;FALS;FALS;FALS;CERT;CERT;CERT;"Cleaning products and household care -> air freshener; Personal care -> facial cleansing and moisturizing -> face mask; Personal care -> fragrance; Personal care -> general moisturizing; Personal care -> general moisturizing -> hand/body lotion; Personal care -> hair styling and care -> hair styling; Personal care -> hair styling and care -> shampoo; Personal care -> make-up and related -> lip balm; Personal care -> make-up and related -> lip gloss; Personal care -> nails -> nail polish; Personal care -> specialized bath products -> bath salts; Personal care -> sunscreen; UV stabilizer; finish; flavouring; fragrance; fragrance; fragrance component; fragrance ingredient; masking; other chemicals (function unknown); personal care; stabilizer; stabilizing agent; ultraviolet light absorber; uv absorber; uv acrylic layer; uv acrylic layer: photoinitiator; uv layer photoinitiator";"Anti-stain agent; Intermediates; Not Known or Reasonably Ascertainable; Paint additives and coating additives not described by other categories; Photosensitive agent; Process regulators; Semiconductor and photovoltaic agent";"Intermediates; Not Known or Reasonably Ascertainable; Paint additives and coating additives not described by other categories; Photosensitive agent; Process regulators; Semiconductor and photovoltaic agent";CERT;CERT;CERT;CERT;CERT;CERT;CERT;FALS;FALS;CERT;CERT;CERT;CERT;FALS;CERT;CERT;FALS;CERT;FALS;FALS;FALS;FALS;CERT;CERT;FALS;PNEC chronic;182222;318;312;;725;757;577;2630427875;28796;1,90566E+13;2203155132;120;350;;;27;;54;35;94;33;44;>1000 to < 10000 tonnes;10000;100000;1;1;0;1;1;0;1;1;1;1;0;0;0;0;0;0;0;1;1;0;1;0;0;0;1;0;1;1;0;1;1;0;0;1;0;0;0;1;0;0;0;0;0;0;0;0;0;1;1;1;1;1;1;0;1;0;0;1;1;1;1;1;1;0;0;2,84669E+14;1,52813E+14;8,78212E+14;;;3,81024E+13;3,52129E+13;3,92461E+14;CERT;75;0;0;0;12300;;85;5461;;10;5017;;10;3,2467E+14;6,08095E+14;4,35256E+14;6,29472E+14;3,30431E+14;;;P_score_freshwater_pred_Dashboard;8,78212E+14;4,38565E+14;M_score_exp_UBA;3,81024E+13;M_score_pred_Dashboard;3,92461E+14;3,75205E+14;kemi_score;94;5,87081E+14;10;3,81024E+13;5;4,0565E+14;10;3,40075E+14;10;4,46824E+14;10;3,53211E+14;75;3,71418E+14;10;0;PM;PM;PM;3;C O, C O Nocoo, Benzene, Ketone;['Benzophenones']
Benzothiazole;95-16-9;202-396-2;IOJUPLGTWVMSFF-UHFFFAOYSA-N;C1=CC=C2C(=C1)N=CS2;DTXSID7024586;72220;PRO-221;NS00000291;;FALS;;;;FALS;FALS;;;FALS;FALS;FALS;FALS;FALS;FALS;CERT;CERT;FALS;FALS;FALS;FALS;FALS;FALS;CERT;FALS;FALS;FALS;"flavouring; fragrance; fragrance component; odorant; perfuming";Intermediate;;CERT;CERT;CERT;FALS;FALS;FALS;CERT;FALS;FALS;FALS;FALS;FALS;FALS;FALS;FALS;FALS;FALS;FALS;FALS;FALS;FALS;FALS;FALS;FALS;FALS;;13518;201;207;;508;317;79;2729974286;17441;4,96416E+13;1876000453;759;;;;;;2400;54;74;9;16;>10 to < 100 tonnes;100;1000;0;0;0;0;0;0;0;0;0;0;0;0;0;0;0;0;0;0;1;0;0;0;0;0;0;0;0;0;0;0;0;0;0;0;0;0;0;0;1;0;0;0;0;0;0;0;0;0;0;0;1;1;0;0;0;0;0;0;0;0;0;0;0;0;0;;1,20521E+14;9,99473E+14;;;;5,44228E+14;3,76136E+14;FALS;0;0;0;0;11800;low ;205;6443;;10;54900;;10;8,46942E+14;5,6835E+14;4,42821E+12;2,32126E+14;9,26384E+14;;;P_score_freshwater_pred_Dashboard;9,99473E+14;5,59997E+14;;;M_score_pred_Episuite;5,44228E+14;4,60182E+13;kemi_score;74;7,37524E+14;10;;;5,07642E+14;10;2,23662E+14;10;4,06148E+14;10;2,23662E+14;5;3,36958E+14;10;0;vPvM;;PM;1;Ar N, Nh0, Benzene, Bicyclic, Para Hydroxylation, Thiazole;['Aromatic amines', 'Cyclohexanes']
Benzothiazole-2-sulfonic acid;941-57-1;825-261-5;ZCXGMSGCBDSEOY-UHFFFAOYSA-N;C1=CC=C2C(=C1)N=C(S2)S(=O)(=O)O;DTXSID80240528;306470;PRO-222;;;FALS;;;;FALS;FALS;;;FALS;FALS;FALS;FALS;FALS;FALS;FALS;FALS;FALS;FALS;FALS;FALS;FALS;FALS;FALS;FALS;FALS;FALS;;;;FALS;FALS;FALS;FALS;FALS;FALS;FALS;FALS;FALS;FALS;FALS;FALS;FALS;FALS;FALS;FALS;FALS;FALS;FALS;FALS;FALS;FALS;FALS;FALS;FALS;;21524;;776;;876;;401;1530199698;;7,31304E+14;;537;;;;;;997271;;2;;;;;;0;0;0;0;0;0;0;0;0;0;0;0;0;0;0;0;0;0;0;0;0;0;0;0;0;0;0;0;0;0;0;0;0;0;0;0;0;0;0;0;0;0;0;0;0;0;0;0;0;0;0;0;0;0;0;0;0;0;0;0;0;0;0;0;0;;;9,99995E+14;;;;;5,80698E+14;FALS;0;0;0;0;1773;low ;202;4199;low ;578;12000;low ;7;2,69175E+14;6,76636E+14;9,54609E+14;4,39742E+14;2,82849E+14;;;P_score_freshwater_pred_Dashboard;9,99995E+14;9,99995E+14;;;M_score_pred_Dashboard;5,80698E+14;5,80698E+14;kemi_score;2;7,62034E+14;10;;;7,62034E+14;10;2,82849E+14;5;5,47647E+13;75;2,82849E+14;25;5,47647E+13;75;0;vPvM;;vPvM;1;Ar N, Nh0, Benzene, Bicyclic, Para Hydroxylation, Thiazole;['Aromatic amines', 'Cyclohexanes']
Benzotriazole;95-14-7;202-394-1;QRUDEWIWKLJBPS-UHFFFAOYSA-N;C1=CC2=NNN=C2C=C1;DTXSID6020147;72200;PRO-223;NS00010261;REACH-A;FALS;vPvM & PMT;MQ;vPvM & PMT;FALS;FALS;;;FALS;FALS;FALS;FALS;FALS;FALS;FALS;FALS;FALS;CERT;FALS;FALS;FALS;FALS;CERT;CERT;CERT;CERT;"Arts and crafts/office supplies -> home office -> pens and markers; Cleaning products and household care; Cleaning products and household care -> dishwasher and dishes -> automatic dishwashing detergent; Raw materials; Specialty occupational products -> Firefighting foam; antimicrobial; biocide; corrosion inhibitor; corrosion inhibitor; preservative; preservative; stabilizer; stabilizing agent";"Anti-scaling agent; Cleaning agent; Corrosion inhibitor; Corrosion inhibitors and anti-scaling agents; Functional fluids (closed systems); Intermediate; Intermediates; Lubricants and lubricant additives; Lubricating agent; Plating agents and surface treating agents; Processing aids not otherwise specified";"Corrosion inhibitor; Corrosion inhibitors and anti-scaling agents; Functional fluids (closed systems); Lubricants and lubricant additives";CERT;CERT;CERT;CERT;CERT;CERT;CERT;CERT;CERT;CERT;CERT;CERT;CERT;FALS;FALS;CERT;FALS;FALS;CERT;CERT;CERT;CERT;CERT;CERT;FALS;;119127;144;137;;503;166;981;169019608;17945;5,3517E+14;1750475783;437;950;;;15;;190;54;89;33;44;>1000 to < 10000 tonnes;10000;100000;0;0;0;0;1;0;1;1;0;0;0;0;0;1;1;1;0;0;0;1;0;0;1;0;1;0;0;0;0;0;1;1;0;1;0;0;0;0;0;0;0;0;0;0;0;0;0;0;0;0;1;1;0;0;1;0;0;1;1;1;0;0;0;0;0;6,86881E+13;1,08525E+14;4,51287E+14;;;5,85786E+14;5,3555E+14;5,5348E+14;FALS;0;0;0;1;53100;low ;293;31300;low ;305;6199;low ;389;2,17762E+14;2,94393E+14;2,35432E+14;5,77405E+13;2,21372E+14;;;P_score_freshwater_pred_UBA;6,86881E+13;4,15564E+14;M_score_exp_UBA;5,85786E+14;M_score_exp_UBA;5,85786E+14;5,58272E+14;kemi_score;89;6,34323E+14;10;5,85786E+14;5;4,81662E+14;10;3,45747E+14;10;4,68311E+14;10;4,12178E+14;75;4,08085E+14;10;0;PM;PM;PM;1;Ar N, Ar Nh, Nh0, Nh1, Nhpyrrole, Benzene, Bicyclic, Para Hydroxylation;['Aromatic amines', 'Cyclohexanes']
"benzovindiflupyr (ISO); N-[9-(dichloromethylene)-1,2,3,4-tetrahydro-1,4-methanonaphthalen-5-yl]-3-(difluoromethyl)-1-methyl-1H-pyrazole-4-carboxamide";1072957-71-1;691-719-4;CCCGEKHKTPTUHJ-UHFFFAOYSA-N;Cn1cc(C(=O)Nc2cccc3c2[C@@H]2CC[C@H]3C2=C(Cl)Cl)c(n1)C(F)F;DTXSID8057930;534914640;PRO-224;NS00007313;REACH-B;FALS;PMT;HQ;Not PMT/vPvM;FALS;FALS;;;FALS;FALS;FALS;FALS;FALS;FALS;FALS;FALS;FALS;FALS;FALS;FALS;FALS;FALS;FALS;FALS;FALS;FALS;"biocide; fungicide";;;FALS;FALS;CERT;FALS;FALS;FALS;FALS;FALS;FALS;FALS;CERT;FALS;FALS;FALS;FALS;FALS;FALS;FALS;FALS;FALS;FALS;FALS;FALS;FALS;FALS;P-PNEC pred;39823;;409;;105;;0,00237;3161368002;;1,65243E+14;;2820;;10000;;37;;63;;29;0;0;;;;0;0;0;0;0;0;0;0;0;0;0;0;0;0;0;0;0;0;0;0;0;0;0;0;0;0;0;0;0;0;0;0;0;0;0;0;0;0;0;0;0;0;0;0;0;0;0;0;0;0;0;0;0;0;0;0;0;0;0;0;0;0;0;0;0;;;9,96558E+13;9,4938E+14;;2,35349E+14;;3,08957E+14;CERT;0;0;0;0;509;low ;195;1979;low ;194;535;low ;195;9,60859E+14;9,14177E+14;1,5359E+14;1,50798E+14;9,62037E+14;P_score_soil_exp_UBA;9,4938E+14;P_score_freshwater_pred_Dashboard;9,96558E+13;9,72969E+14;M_score_exp_UBA;2,35349E+14;M_score_pred_Dashboard;3,08957E+14;2,72153E+14;kemi_score;29;5,54882E+14;10;4,7269E+14;10;5,14584E+13;10;9,62037E+14;5;6,66598E+14;75;5,99029E+14;75;6,3392E+13;75;10;PM(T);PM(T);PM(T);4;Ar N, C O, C O Nocoo, Nh0, Nh1, Alkyl Halide, Allylic Oxid, Amide, Aniline, Aryl Methyl, Benzene, Bicyclic, Halogen;['Chlorobenzenes', 'Cyclohexanes', 'HBCDDs', 'PAHs', 'PBB', 'PCB', 'Terpenoid', 'PFAS']
Benzyl butyl phthalate;85-68-7;201-622-7;IRIAEXORFWYRCZ-UHFFFAOYSA-N;CCCCOC(=O)C1=CC=CC=C1C(=O)OCC2=CC=CC=C2;DTXSID3020205;23470;PRO-225;NS00009734;;FALS;;;;FALS;FALS;;;FALS;FALS;FALS;FALS;FALS;FALS;FALS;FALS;FALS;CERT;FALS;FALS;FALS;FALS;CERT;CERT;CERT;CERT;"Home maintenance -> adhesives and adhesive removers -> multipurpose adhesive; Home maintenance -> adhesives and adhesive removers -> wood adhesive; Home maintenance -> caulk/sealant; Home maintenance -> paint/stain and related products; Home maintenance -> paint/stain and related products -> paint; Home maintenance -> paint/stain and related products -> water-based paint; Home maintenance -> surface sealers; Personal care -> make-up and related -> eye shadow; Vehicle -> auto body work -> auto paint; Vehicle -> engine maintenance -> motor oil; plasticiser; plasticizer; plasticizer; plastisizer; primary component of backing";"Plasticizer; Viscosity modifiers";"Plasticizer; Sealant (barrier); Viscosity modifiers";CERT;CERT;CERT;CERT;FALS;CERT;FALS;FALS;FALS;FALS;CERT;CERT;CERT;CERT;CERT;FALS;FALS;CERT;FALS;FALS;FALS;FALS;CERT;FALS;FALS;;312365;482;483;;983;0,000654;0,00013;3720159303;34102;2,9666E+14;1247358925;162;;;;;;52;27;82;4;14;>1 to < 10 tonnes;10;100;1;1;0;0;0;0;0;1;0;0;0;0;0;0;0;0;0;0;0;0;0;0;0;0;0;0;0;0;0;0;0;0;0;0;0;0;0;0;0;0;0;0;0;0;0;0;0;0;0;0;0;0;0;0;0;0;0;0;0;0;0;0;0;0;0;;6,38534E+14;2,30749E+14;;;;2,73393E+14;2,32844E+14;CERT;0;0;75;0;790;;10;1,528E+14;;10;4796;moderate ;85;3,28274E+13;1,01185E+14;1,30377E+14;6,41111E+14;3,45439E+14;;;P_score_freshwater_pred_Dashboard;2,30749E+14;1,47301E+14;;;M_score_pred_Episuite;2,73393E+14;2,53118E+14;kemi_score;82;2,51168E+14;10;;;1,93092E+14;10;3,05399E+14;10;2,76959E+14;10;3,05399E+14;5;2,42838E+14;10;10;;;;1;C O, C O Nocoo, Benzene, Ester, Ether, Unbrch Alkane;['Ethylene Glycols', 'PBDE', 'PhenylEthers', 'Phtalates']
Benzyl(3-hydroxyphenacyl)methylammonium chloride;71786-67-9;276-017-4;XZXKMYOWHGSGAD-UHFFFAOYSA-N;C(=O)(c1cc(O)ccc1)CN(C)Cc1ccccc1;DTXSID6072421;1729000;PRO-226;NS00076492;REACH-B;FALS;vPvM & PMT;MQ;PMT;FALS;FALS;;;FALS;FALS;FALS;FALS;FALS;FALS;FALS;FALS;FALS;FALS;FALS;FALS;FALS;FALS;FALS;FALS;FALS;FALS;;;;FALS;FALS;CERT;FALS;FALS;FALS;FALS;FALS;FALS;FALS;FALS;FALS;FALS;FALS;FALS;FALS;FALS;FALS;FALS;FALS;FALS;FALS;FALS;FALS;FALS;P-PNEC;29178;;227;;106;;676;2959994838;12775;3,48133E+13;3303815045;195;560;;;;-4;1186302598;62;27;0;0;;;;0;0;0;0;0;0;0;0;0;0;0;0;0;0;0;0;0;0;1;0;0;0;0;0;0;0;0;0;0;0;0;0;0;0;0;0;0;0;0;0;0;0;0;0;0;0;0;0;0;0;0;0;0;0;0;0;0;0;0;0;0;0;0;0;0;4,70548E+14;2,65021E+14;2,8281E+14;;;;6,22647E+14;3,39524E+14;FALS;0;0;0;0;1023;low ;411;15400;low ;413;4025;low ;696;4,8146E+14;3,96381E+14;1,1817E+14;6,88323E+14;4,9347E+14;;;P_score_freshwater_pred_UBA;4,70548E+14;3,3946E+14;;;M_score_pred_Episuite;6,22647E+14;4,81085E+14;kemi_score;27;5,41281E+13;10;;;4,04115E+14;10;5,53129E+14;10;5,47173E+14;10;5,53129E+14;5;4,72787E+14;10;10;PM;;PM;4;Ar Oh, C O, C O Nocoo, Nh0, Ndealkylation1, Benzene, Ketone, Ketone Topliss, Phenol, Phenol Noorthohbond;['Alkylphenols', 'Benzophenones', 'Phenols']
Benzyltrimethylammonium chloride;56-93-9;200-300-3;KXHPPCXNWTUNSB-UHFFFAOYSA-M;C[N+](C)(C)CC1=CC=CC=C1.[Cl-];DTXSID8024600;59630;PRO-227;NS00077217;REACH-A;FALS;vPvM;MQ;vPvM;FALS;FALS;;;FALS;FALS;FALS;FALS;FALS;FALS;FALS;FALS;FALS;FALS;FALS;FALS;FALS;FALS;FALS;FALS;FALS;FALS;;"Etching agent; Surface modifier";"Etching agent; Surface modifier";CERT;CERT;CERT;FALS;FALS;CERT;FALS;FALS;FALS;FALS;CERT;FALS;FALS;FALS;FALS;FALS;FALS;FALS;FALS;FALS;FALS;FALS;FALS;FALS;FALS;P-PNEC;1857;-217;-221;;442;;75;3829946696;578;2,19696E+14;1926063527;240;25000;;;;-22;3126007904;;56;22;33;>100 to < 1000 tonnes;1000;10000;0;0;0;0;0;0;0;0;0;0;0;0;0;0;1;0;0;0;1;1;0;0;0;0;0;0;0;0;0;0;0;0;0;0;0;0;0;0;0;0;0;0;0;0;0;0;0;0;0;0;0;0;0;0;0;0;0;0;1;0;0;0;0;0;0;9,98301E+13;1,25375E+14;9,99999E+14;;;;7,28229E+14;2,19527E+14;FALS;0;0;0;0;18000;low ;323;67900;low ;423;29600;moderate ;85;1,83174E+14;2,12095E+14;3,71379E+14;3,01402E+13;1,8912E+14;;;P_score_freshwater_pred_Dashboard;9,99999E+14;7,07892E+14;;;M_score_pred_Episuite;7,28229E+14;4,73878E+14;kemi_score;56;8,53363E+14;10;;;5,79184E+14;10;1,8912E+14;5;5,16418E+14;75;1,8912E+14;25;3,98832E+14;75;0;vPvM;;PM;1;Nh0, Benzene, Halogen, Quatn;['Chlorobenzenes', 'Organotins', 'PBB']
Bis(2-(2-methoxyethoxy)ethyl) ether;143-24-8;205-594-7;ZUHZGEOKBKGPSW-UHFFFAOYSA-N;COCCOCCOCCOCCOC;DTXSID7044396;89250;PRO-228;NS00010103;REACH-A;CERT;vPvM & PMT;HQ;vPvM & PMT;FALS;FALS;;;FALS;FALS;FALS;FALS;FALS;FALS;FALS;FALS;FALS;FALS;FALS;FALS;FALS;FALS;FALS;CERT;FALS;CERT;Vehicle -> engine maintenance -> auto fluids and additives;"Absorbent; Processing aids, not otherwise listed; Solids separation (precipitating) agent, not otherwise specified; Solvent";Solvent;CERT;CERT;CERT;FALS;FALS;FALS;CERT;CERT;CERT;FALS;CERT;FALS;CERT;FALS;CERT;FALS;FALS;FALS;FALS;FALS;FALS;FALS;CERT;FALS;FALS;PNEC aqua (freshwater);222281;;-791;;635;;179;2320146286;-976;1,97831E+13;2971740493;363;12890;;;15;;320000;81;71;24;0;>100 tonnes;1000;;1;0;0;0;0;0;0;0;0;0;0;0;0;0;0;0;0;1;0;0;0;0;0;0;0;1;0;0;0;0;0;0;0;0;0;0;1;0;1;0;0;1;0;0;0;0;0;0;0;1;1;1;0;0;0;0;0;0;0;0;0;0;0;0;0;9,94746E+14;2,31276E+14;9,97467E+12;;;5,85786E+14;8,10605E+14;4,44749E+14;CERT;0;0;75;0;6370;low ;681;76000;low ;7;25800;low ;7;1,09311E+14;2,02169E+14;5,71009E+14;3,19343E+14;2,20006E+14;;;P_score_freshwater_pred_Dashboard;9,97467E+12;7,41163E+13;M_score_exp_UBA;5,85786E+14;M_score_pred_Episuite;8,10605E+14;6,13714E+14;kemi_score;71;8,99195E+14;10;5,85786E+14;5;6,74434E+13;10;1,33493E+14;10;3,46463E+14;10;2,18551E+14;75;3,00054E+14;10;20;vPvM;PM;PM;4;Ether, Methoxy, Unbrch Alkane;['Ethylene Glycols']
Bis(2-chloroethyl) ether;111-44-4;203-870-1;ZNSMNVMLTJELDZ-UHFFFAOYSA-N;C(CCl)OCCCl;DTXSID9020168;81150;PRO-229;NS00003159;REACH-A;FALS;vPvM & PMT;MQ;vPvM & PMT;FALS;FALS;;;FALS;FALS;FALS;FALS;FALS;FALS;FALS;FALS;FALS;FALS;FALS;FALS;FALS;FALS;FALS;FALS;FALS;FALS;;"Intermediate; Intermediates; Paint additives and coating additives not described by other categories; Surface active agents";Paint additives and coating additives not described by other categories;CERT;CERT;CERT;FALS;FALS;FALS;CERT;FALS;FALS;FALS;CERT;FALS;FALS;FALS;FALS;FALS;FALS;FALS;FALS;FALS;FALS;FALS;FALS;FALS;FALS;P-PNEC pred;14301;129;139;;38;985;766;1880241776;1548;3,48133E+13;3878451984;100;880;;;19;;1781606;58;64;18;27;>100 to < 1000 tonnes;1000;10000;0;0;0;0;0;0;0;0;0;0;0;0;0;0;0;0;0;0;1;0;0;0;0;0;0;0;0;0;0;0;1;0;0;0;0;0;0;0;0;0;0;0;0;0;0;0;0;0;0;0;1;1;0;0;0;0;0;0;0;0;0;0;0;0;0;6,58075E+14;3,21715E+14;2,8281E+14;;;5,17322E+14;5,77691E+14;5,20741E+14;CERT;5;0;0;0;45700;low ;654;14700;;10;297000;;10;2,2256E+14;4,04143E+14;2,5089E+14;1,1287E+14;2,26383E+14;;;P_score_freshwater_pred_UBA;6,58075E+14;4,20867E+14;M_score_exp_UBA;5,17322E+14;M_score_pred_Episuite;5,77691E+14;5,38585E+14;kemi_score;64;6,16575E+14;10;5,17322E+14;5;4,76101E+14;10;3,62356E+13;10;4,72673E+14;10;4,08016E+14;75;4,15353E+14;10;0;PM;PM;PM;2;Alkyl Halide, Ether, Halogen, Unbrch Alkane;['Chlorinated alkane', 'Ethylene Glycols']
Bis(2-dimethylaminoethyl)(methyl)amine;3030-47-5;221-201-1;UKODFQOELJFMII-UHFFFAOYSA-N;CN(C)CCN(C)CCN(C)C;DTXSID7029249;181960;PRO-230;NS00004531;REACH-A;CERT;vPvM;HQ;vPvM;FALS;FALS;;;FALS;FALS;FALS;FALS;FALS;FALS;FALS;FALS;FALS;FALS;FALS;FALS;FALS;FALS;FALS;CERT;FALS;FALS;catalyst;"Catalyst; Intermediates; Other (specify); Process regulators; Propellants and blowing agents";"Catalyst; Not Known or Reasonably Ascertainable";CERT;CERT;CERT;CERT;CERT;CERT;CERT;FALS;FALS;CERT;CERT;CERT;FALS;FALS;CERT;FALS;FALS;CERT;FALS;FALS;FALS;FALS;FALS;FALS;FALS;P-PNEC pred;173304;;114;;461;;214;2369215857;4137;1,75008E+14;9821918107;263;25000;;;;-72;222327;75;69;35;46;>1000 to < 10000 tonnes;10000;100000;0;1;0;0;0;0;0;1;0;0;0;0;0;0;0;0;0;0;1;0;1;0;0;0;0;0;0;0;0;0;1;0;0;0;0;0;0;0;0;0;0;0;0;1;0;0;0;0;0;0;1;1;0;0;1;0;0;0;0;1;1;1;0;0;0;9,98301E+13;6,99001E+14;9,99939E+14;;;;7,50174E+14;4,36367E+14;CERT;0;0;0;0;2,01E+14;low ;608;83100;moderate ;85;33300;;10;2,06363E+14;1,94627E+14;3,54617E+14;2,86803E+13;2,11879E+14;;;P_score_freshwater_pred_Dashboard;9,99939E+14;8,9908E+14;;;M_score_pred_Episuite;7,50174E+14;5,9327E+14;kemi_score;69;8,66099E+14;10;;;7,30341E+14;10;3,98634E+14;10;5,87585E+14;10;3,98634E+14;5;5,39573E+14;10;20;vPvM;;vPvM;1;Nh0, Ndealkylation1;['Other']
Bis(2-ethylhexyl) amine;106-20-7;203-372-4;SAIKULLUBZKPDA-UHFFFAOYSA-N;CCCCC(CC)CNCC(CC)CCCC;DTXSID7025053;77910;PRO-231;NS00010732;;CERT;;;;FALS;FALS;;;FALS;FALS;FALS;FALS;FALS;FALS;FALS;FALS;FALS;CERT;FALS;FALS;FALS;FALS;CERT;CERT;FALS;FALS;;"Corrosion inhibitors and anti-scaling agents; Intermediate; Intermediates";;CERT;CERT;CERT;FALS;FALS;FALS;CERT;CERT;CERT;FALS;CERT;FALS;CERT;FALS;FALS;CERT;FALS;FALS;FALS;FALS;FALS;FALS;FALS;FALS;FALS;;241463;;65;;851;;11;3670245853;27898;1,49905E+14;9301807321;6610;;;;;;5,20776E+14;37;59;23;35;>100 to < 1000 tonnes;1000;10000;0;0;0;0;0;0;0;0;0;0;0;0;0;0;0;0;1;0;0;0;1;0;1;1;0;0;0;0;0;0;0;0;0;0;0;0;0;0;0;0;0;0;0;0;0;0;0;0;0;0;0;0;0;0;0;0;0;0;0;0;0;0;0;0;0;;3,9667E+14;8,27116E+14;;;;3,66457E+14;2,39081E+14;FALS;0;0;0;0;339;low ;555;1413;moderate ;85;1361;low ;7;5,70367E+14;1,04318E+14;1,77964E+14;1,05849E+14;5,85353E+13;;;P_score_freshwater_pred_Dashboard;8,27116E+14;4,33391E+12;;;M_score_pred_Episuite;3,66457E+14;3,02769E+14;kemi_score;59;5,50547E+14;10;;;3,62239E+14;10;4,65382E+14;10;5,06177E+14;10;4,65382E+14;5;4,10585E+14;10;10;PM;;PM;2;Nh1;['Other']
Bis(2-methoxyethyl) ether;111-96-6;203-924-4;SBZXBUIDTXKZTM-UHFFFAOYSA-N;COCCOCCOC;DTXSID1024621;81500;PRO-232;NS00000296;REACH-C;CERT;vPvM & PMT;MQ;vPvM & PMT;FALS;FALS;;;FALS;FALS;FALS;FALS;FALS;FALS;FALS;FALS;FALS;FALS;FALS;FALS;FALS;FALS;FALS;FALS;FALS;CERT;"solvent; solvent";"Monomers; Not Known or Reasonably Ascertainable; Processing aids, not otherwise listed; Solvent; Solvents (which become part of product formulation or mixture)";"Monomers; Not Known or Reasonably Ascertainable";CERT;CERT;CERT;FALS;FALS;FALS;CERT;FALS;FALS;FALS;CERT;CERT;FALS;FALS;FALS;FALS;FALS;FALS;FALS;FALS;FALS;FALS;CERT;FALS;FALS;P-PNEC pred;134175;-36;-455;;396;745;388;142975228;4542;4,78186E+13;1965156421;20;380;;;12;;43629729;74;83;23;34;>100 to < 1000 tonnes;1000;10000;1;0;0;0;0;0;0;0;0;0;0;0;0;0;0;0;0;0;0;0;1;0;0;0;0;0;0;1;0;0;1;0;0;0;0;0;0;0;0;0;0;1;0;0;0;0;0;0;0;0;1;1;0;0;1;0;0;0;1;0;0;0;0;0;1;3,1414E+14;1,2919E+14;9,72033E+14;;;6,35183E+14;7,44876E+14;5,9755E+14;CERT;0;0;75;0;30000;low ;7;121800;low ;7;51800;low ;7;6,66216E+14;1,65343E+14;2,99703E+14;2,37919E+14;7,21044E+14;;;P_score_freshwater_pred_Dashboard;9,72033E+14;4,71788E+14;M_score_exp_UBA;6,35183E+14;M_score_pred_Episuite;7,44876E+14;6,59203E+14;kemi_score;83;8,50908E+14;10;6,35183E+14;5;5,57677E+14;10;2,30992E+14;10;4,43343E+14;10;3,23617E+14;75;3,58914E+14;10;20;vPvM;PM;PM;2;Ether, Methoxy, Unbrch Alkane;['Ethylene Glycols']
Bis(4-chlorophenyl) sulphone;80-07-9;201-247-9;GPAPPPVRLPGFEQ-UHFFFAOYSA-N;c1cc(ccc1S(=O)(=O)c1ccc(cc1)Cl)Cl;DTXSID9024986;66250;PRO-233;NS00003990;REACH-A;FALS;PMT;HQ;Not PMT/vPvM;FALS;FALS;;;FALS;FALS;FALS;FALS;FALS;FALS;FALS;FALS;FALS;FALS;FALS;FALS;FALS;FALS;FALS;FALS;FALS;CERT;;"Intermediates; Monomers; Process regulators; Processing aids, not otherwise listed";;CERT;CERT;CERT;FALS;FALS;FALS;CERT;FALS;FALS;CERT;FALS;CERT;FALS;FALS;FALS;FALS;FALS;FALS;FALS;FALS;FALS;FALS;CERT;FALS;FALS;P-PNEC pred;28715;;38;;895;;0,00607;3380211242;31062;7,31304E+14;8087452301;3630;;;12870;35;;218921;32;57;34;45;>1000 to < 10000 tonnes;10000;100000;1;0;0;0;0;0;0;0;0;0;0;0;0;0;0;0;0;0;1;0;0;0;0;0;0;0;0;0;0;0;1;0;0;0;0;0;0;0;0;0;0;0;0;0;0;0;0;0;0;0;1;1;0;1;1;0;0;0;0;0;0;0;0;0;0;;6,24896E+14;9,99995E+14;;9,66522E+14;2,61204E+14;3,17181E+13;2,77541E+14;FALS;0;0;0;0;482;low ;409;219;low ;7;3785;low ;476;4,1574E+14;2,07437E+14;1,56692E+14;7,05635E+14;4,33683E+14;P_score_sediment_exp_UBA;9,66522E+14;P_score_freshwater_pred_Dashboard;9,99995E+14;8,63804E+14;M_score_exp_UBA;2,61204E+14;M_score_pred_Episuite;3,17181E+13;2,85309E+14;kemi_score;57;5,63186E+14;10;5,02453E+14;10;4,96438E+14;10;3,7253E+14;10;4,58043E+14;10;4,32642E+14;10;4,30044E+14;10;10;PM;PM;PM;2;Benzene, Halogen, Sulfone;['Chlorobenzenes', 'PBB', 'PCB']
Bis(4-fluorophenyl) ketone;345-92-6;206-466-3;LSQARZALBDFYQZ-UHFFFAOYSA-N;c1cc(ccc1C(=O)c1ccc(cc1)F)F;DTXSID30188062;95820;PRO-234;NS00011109;REACH-A;CERT;PMT;HQ;Potential PMT/vPvM;FALS;FALS;;;FALS;FALS;FALS;FALS;FALS;FALS;FALS;FALS;FALS;FALS;FALS;FALS;FALS;FALS;FALS;FALS;FALS;CERT;;;;FALS;FALS;CERT;FALS;FALS;FALS;FALS;FALS;FALS;FALS;FALS;FALS;FALS;FALS;FALS;FALS;FALS;FALS;FALS;FALS;FALS;FALS;FALS;FALS;FALS;P-PNEC pred;218203;;341;;725;;0,00657;2640481437;30843;8,73567E+14;1371648681;389;13690;;;;34;504998;32;33;19;26;>1000 to < 10000 tonnes;10000;100000;0;0;0;0;0;0;0;0;0;0;0;0;0;0;0;0;0;0;1;0;0;0;0;0;0;0;0;0;0;0;1;0;0;0;0;0;0;0;0;0;0;0;0;0;0;0;0;0;0;0;0;0;0;0;1;0;0;0;0;0;0;0;0;0;0;9,95258E+14;8,04316E+13;6,55248E+14;;;;3,20477E+13;3,90801E+14;FALS;0;0;0;0;1,284E+14;low ;334;1337;low ;281;2,966E+14;moderate ;85;3,31083E+14;1,06583E+14;1,08267E+13;7,78323E+14;3,45278E+14;;;P_score_freshwater_pred_UBA;9,95258E+14;8,18274E+14;;;M_score_pred_Dashboard;3,90801E+14;3,55639E+14;kemi_score;33;6,23656E+13;10;;;5,39453E+14;10;3,32399E+14;10;4,55305E+14;10;3,32399E+14;5;4,23454E+14;10;0;PM;;PM;1;C O, C O Nocoo, Benzene, Halogen, Ketone;['Chlorobenzenes', 'Benzophenones', 'PBB', 'PCB']
Bis(?,?-dimethylbenzyl) peroxide;80-43-3;201-279-3;XMNIXWIUMCBBBL-UHFFFAOYSA-N;CC(C)c1ccccc1OOc1ccccc1C(C)C;DTXSID1025017;66410;PRO-235;NS00005939;REACH-A;FALS;PMT;MQ;Not PMT/vPvM;FALS;FALS;;;FALS;FALS;FALS;FALS;FALS;FALS;FALS;FALS;FALS;FALS;FALS;FALS;FALS;FALS;FALS;FALS;FALS;CERT;"Construction and building materials; additive - non-reactive, ethylene/propylene/diene terpolymer (epdm)";"Chemical reaction regulator; Hardener; Intermediate; Intermediates; Monomers; Polymerization promoter; Processing aids not otherwise specified; Viscosity adjustors";;CERT;CERT;CERT;CERT;FALS;CERT;CERT;FALS;FALS;FALS;CERT;CERT;FALS;FALS;FALS;FALS;FALS;FALS;FALS;FALS;FALS;FALS;CERT;FALS;FALS;P-PNEC pred;270372;55;563;;861;0,000017;0,000016;3589949601;47731;7,31304E+14;7053758384;4170;1390;;;40;;4311;13;79;45;56;>1000 to < 10000 tonnes;10000;100000;0;0;0;0;0;0;0;0;0;0;0;0;0;0;0;0;0;0;0;0;0;0;0;0;0;0;0;0;0;0;1;0;0;0;0;0;0;0;0;0;0;1;0;0;0;0;0;0;0;0;1;1;1;1;1;0;0;0;0;0;0;0;0;0;0;8,07867E+14;5,68713E+14;9,99995E+14;;;2;1,2762E+14;2,49352E+14;CERT;0;0;75;0;143;low ;468;610;low ;523;711;low ;503;7,96639E+14;1,43646E+14;2,39516E+14;1,35654E+14;8,06186E+14;;;P_score_freshwater_pred_Dashboard;9,99995E+14;7,92192E+14;M_score_exp_UBA;2;M_score_pred_Dashboard;2,49352E+14;1,92324E+14;kemi_score;79;4,99351E+14;10;2;5;3,9033E+14;10;3,23735E+14;10;4,02066E+14;10;2,75721E+14;75;3,55476E+14;10;10;PM;;PM;2;Benzene, Para Hydroxylation;['Other']
Bis[hydrogen [4-[4-(diethylamino)-5'-hydroxy-2',4'-disulphonatobenzhydrylidene]cyclohexa-2,5-dien-1-ylidene]diethylammonium], calcium salt;3536-49-0;222-573-8;;CCN(CC)C1=CC=C(C=C1)C(=C2C=CC(=[N+](CC)CC)C=C2)C3=CC(=C(C=C3S(=O)(=O)O)S(=O)(=O)O)O;DTXSID00873918;770730;PRO-236;;REACH-B;FALS;vPvM;HQ;vPvM;FALS;FALS;;;FALS;FALS;FALS;FALS;FALS;FALS;FALS;FALS;FALS;FALS;FALS;FALS;FALS;FALS;FALS;CERT;CERT;CERT;"colourant; cosmetic colorant; dye; dye; hair dyeing";;;CERT;CERT;CERT;CERT;CERT;CERT;CERT;FALS;FALS;CERT;CERT;CERT;CERT;FALS;CERT;CERT;FALS;CERT;FALS;FALS;FALS;FALS;CERT;FALS;FALS;P-PNEC pred;115942;;203;;949;;162;4710117365;201;5,3897E+14;9974461605;389;6840;;;;-24;5679;;71;4;14;>1 to < 10 tonnes;10;100;1;1;1;1;1;1;1;1;1;1;1;1;1;1;1;1;1;1;0;1;1;1;1;1;1;1;1;1;1;1;1;1;1;1;1;1;1;1;1;1;1;1;1;0;0;1;1;1;1;1;0;1;0;1;1;1;0;1;0;1;0;1;0;0;0;9,84637E+13;7,04515E+14;1E+15;;;;7,97762E+14;1,3256E+14;FALS;0;0;0;0;3556;low ;0;3205;low ;188;18700;low ;248;7,7656E+14;7,54506E+14;7,23619E+13;3,65499E+14;7,79729E+14;;;P_score_freshwater_pred_Dashboard;1E+15;8,96384E+14;;;M_score_pred_Episuite;7,97762E+14;4,65161E+14;kemi_score;71;8,93175E+14;10;;;6,45726E+14;10;7,79729E+14;5;8,53635E+14;75;7,79729E+14;25;6,87617E+14;75;10;vPvM(T);(T);PM(T);4;Ar Oh, Nh0, Allylic Oxid, Aniline, Benzene, Phenol, Phenol Noorthohbond;['Alkylphenols', 'Aromatic amines', 'Phenols', 'Styrenes', 'Terpenoid']
Bisphenol A;80-05-7;201-245-8;IISBACLAFKSPIT-UHFFFAOYSA-N;CC(C)(C1=CC=C(C=C1)O)C2=CC=C(C=C2)O;DTXSID7020182;66230;PRO-237;NS00008865;;FALS;;;;FALS;FALS;;;FALS;FALS;FALS;FALS;FALS;FALS;FALS;FALS;FALS;FALS;FALS;FALS;FALS;FALS;FALS;CERT;CERT;CERT;"Construction and building materials; Furniture and furnishings; Home maintenance -> adhesives and adhesive removers; Home maintenance -> adhesives and adhesive removers -> multipurpose adhesive; Home maintenance -> caulk/sealant; Home maintenance -> surface sealers; binder; binder; catalyst; epoxy hardener, curing agent; fire retardant; hardener; monom er, epichlorohydrin-bisphenol a resin; monomer, bisphenol a-epichlorohydrin acrylate; monomer, epichlorohydrin bisphenol a resin; monomer, epichlorohydrin-bisphenol a resin; monomer, polycarbonate; not reported; plastic component; resin amide";;;CERT;CERT;CERT;CERT;CERT;CERT;CERT;FALS;FALS;FALS;CERT;CERT;FALS;FALS;CERT;FALS;FALS;CERT;FALS;FALS;FALS;FALS;CERT;FALS;FALS;;228291;332;35;;838;855;781;3161368002;30952;3,61282E+14;340192118;437;;;;;;24;32;84;78;1;>1000000 tonnes;10000000;;1;0;0;0;0;0;0;0;0;0;0;0;0;0;0;0;0;0;1;0;0;0;0;0;1;0;0;0;0;0;1;0;0;0;0;0;0;0;0;0;0;0;0;0;0;0;0;0;1;0;1;0;1;1;1;0;0;0;1;1;0;1;0;0;1;;2,74879E+14;1E+15;;;;3,18834E+14;3,08957E+14;CERT;0;0;75;0;442;low ;505;6405;;85;2529;;10;6,50171E+14;5,69729E+14;1,61729E+14;8,29481E+14;6,6126E+14;;;P_score_freshwater_pred_Dashboard;1E+15;6,37439E+14;;;M_score_pred_Episuite;3,18834E+14;3,13896E+14;kemi_score;84;5,64654E+14;10;;;4,47314E+13;10;4,60003E+14;10;5,0965E+14;10;4,60003E+14;5;4,53614E+14;10;10;PM;;PM;1;Ar Oh, Benzene, Phenol, Phenol Noorthohbond;['Alkylphenols', 'Phenols']
Butanamide, 2,2'-[(3,3'-dichloro[1,1'-biphenyl]-4,4'-diyl)bis(azo)]bis[3-oxo-, N,N'-bis(4-chloro-2,5-dimethoxyphenyl and 2,4-xylyl) derivs.;90268-24-9;290-824-9;CTCGHGAGCLXAHB-UHFFFAOYSA-N;CC1=CC(=C(C=C1)NC(=O)C(C(=O)C)N=NC2=C(C=C(C=C2)C3=CC(=C(C=C3)N=NC(C(=O)C)C(=O)NC4=CC(=C(C=C4OC)Cl)OC)Cl)Cl)C;DTXSID70894655;441530970;PRO-238;NS00076477;REACH-A;FALS;vPvM;HQ;vPvM;FALS;FALS;;;FALS;FALS;FALS;FALS;FALS;FALS;FALS;FALS;FALS;FALS;FALS;FALS;FALS;FALS;FALS;CERT;CERT;CERT;;Pigment;;FALS;FALS;CERT;CERT;CERT;CERT;CERT;FALS;FALS;CERT;CERT;CERT;CERT;FALS;CERT;CERT;FALS;CERT;FALS;FALS;FALS;FALS;CERT;FALS;FALS;P-PNEC;;;19;;692;;122;1459392488;67148;6,06324E+14;6568689832;49;128940;;;;13;1085801;;;14;26;>10 to < 100 tonnes;100;1000;0;0;0;0;0;0;0;1;1;0;0;0;0;0;0;0;0;1;0;0;0;0;0;0;0;0;0;0;0;0;1;0;0;0;0;0;0;0;0;0;0;0;0;0;0;0;0;1;1;1;0;0;0;1;1;0;0;0;0;1;1;1;0;0;0;9,99897E+14;9,99674E+13;9,99626E+14;;;;3,66837E+14;5,92599E+14;FALS;0;0;0;0;2774;low ;0;10300;low ;0;6200;low ;0;9,50933E+14;4,68493E+13;7,99441E+14;5,77367E+14;9,51702E+14;;;P_score_freshwater_pred_UBA;9,99897E+14;9,99732E+14;;;M_score_pred_Dashboard;5,92599E+14;3,14641E+13;E_score_max;26;7,69765E+14;10;;;5,60854E+14;10;9,51702E+14;5;8,26176E+14;75;9,51702E+14;25;6,6896E+14;75;0;vPvM(T);(T);PM(T);1;C O, C O Nocoo, Nh0, Nh1, Amide, Aniline, Aryl Methyl, Azo, Benzene, Ether, Halogen, Ketone, Ketone Topliss, Methoxy;['Chlorobenzenes', 'Ethylene Glycols', 'Benzophenones', 'PAHs', 'PBB', 'PBDE', 'PCB', 'PhenylEthers']
caprolactam;105-60-2;203-313-2;JBKVHLHDHHXQEQ-UHFFFAOYSA-N;C1CCC(=O)NCC1;DTXSID4020240;77680;PRO-239;NS00008125;;CERT;;;;FALS;FALS;;;FALS;FALS;FALS;FALS;FALS;FALS;FALS;FALS;FALS;CERT;FALS;FALS;FALS;FALS;CERT;CERT;CERT;CERT;"Arts and crafts/office supplies -> general arts and crafts supplies -> arts and crafts adhesive; Construction and building materials; Electronics/small appliances -> computers and accessories/supplies -> printer ink; Furniture and furnishings; filler; filler; flavouring; impurity; monomer; not reported; residual";"Catalyst; Dye; Finishing agents; Intermediate; Intermediates; Monomers; Not Known or Reasonably Ascertainable; Other (specify); Paint additives and coating additives not described by other categories; Terminator/Blocker";"Agricultural chemicals (non-pesticidal); Catalyst; Dye; Finishing agents; Intermediate; Intermediates; Monomers; Not Known or Reasonably Ascertainable; Paint additives and coating additives not described by other categories";CERT;CERT;FALS;CERT;FALS;CERT;CERT;FALS;FALS;FALS;CERT;CERT;CERT;CERT;CERT;CERT;CERT;CERT;FALS;FALS;FALS;FALS;CERT;FALS;FALS;;11316;;-218;;629;;37;1399673721;12646;9,65441E+14;1896237495;214;;;;;;6744056;;81;78;9;>1000000 to < 10000000 tonnes;10000000;100000000;1;1;0;0;0;0;0;1;1;0;0;0;0;0;0;0;0;1;1;0;1;1;0;0;1;0;0;0;0;0;1;0;1;0;0;0;0;0;0;0;0;0;0;0;0;0;1;0;1;0;1;0;0;0;1;0;0;0;0;0;0;0;0;0;1;;1,22479E+14;6,92778E+14;;;;6,24746E+14;6,02553E+14;CERT;0;0;0;0;94300;low ;585;79000;moderate ;85;26400;moderate ;85;1,38367E+14;1,98865E+14;1,8442E+13;3,16271E+14;1,41481E+14;;;P_score_freshwater_pred_Dashboard;6,92778E+14;4,07628E+14;;;M_score_pred_Episuite;6,24746E+14;6,13649E+14;E_score_max;9;6,57883E+14;10;;;5,00141E+14;10;1,41481E+14;5;3,94154E+14;75;1,41481E+14;25;3,28318E+14;75;0;PM;;PM;1;C O, C O Nocoo, Nh1, Amide;['Other']
Carbon tetrachloride;56-23-5;200-262-8;VZGDMQKNWNREIO-UHFFFAOYSA-N;ClC(Cl)(Cl)Cl;DTXSID8020250;59430;PRO-240;NS00005620;REACH-C;FALS;vPvM & PMT;MQ;vPvM & PMT;FALS;FALS;;;FALS;FALS;FALS;FALS;FALS;FALS;FALS;FALS;FALS;FALS;FALS;FALS;FALS;FALS;FALS;FALS;FALS;FALS;"Home maintenance -> adhesives and adhesive removers -> multipurpose adhesive; Home maintenance -> caulk/sealant; Manufactured formulations -> Flame retardants; solvent; solvents";"Intermediate; Intermediates; Process regulators; Processing aids, not otherwise listed";;CERT;CERT;CERT;FALS;FALS;FALS;CERT;FALS;FALS;FALS;FALS;FALS;FALS;FALS;FALS;FALS;FALS;FALS;FALS;FALS;FALS;FALS;FALS;FALS;FALS;EQS chronic water (=AA-EQS);15381;283;273;279;278;504;391;1850033258;24558;4,85165E+13;1187727929;741;1720;;;19;;120;42;67;24;33;>1000 to < 10000 tonnes;10000;100000;0;0;0;0;0;0;0;0;0;0;0;0;0;0;0;0;0;0;1;0;0;0;0;0;0;0;0;0;0;0;0;0;0;0;0;0;0;0;0;0;0;0;0;0;0;0;0;0;0;0;1;1;0;1;0;0;0;0;0;0;0;0;0;0;0;8,58194E+14;7,62669E+14;1E+15;;;5,17322E+14;4,21666E+14;5,25964E+13;CERT;5;0;0;0;7775;low ;514;8408;;6;39300;low ;501;2,53661E+14;5,09463E+14;5,26152E+14;2,67426E+14;2,61358E+14;;;P_score_freshwater_pred_Dashboard;1E+15;8,73621E+11;M_score_exp_UBA;5,17322E+14;M_score_pred_Dashboard;5,25964E+13;4,88317E+14;kemi_score;67;7,25234E+14;10;5,17322E+14;5;6,5315E+14;10;3,31316E+13;10;4,90185E+14;10;3,84369E+14;75;4,65187E+14;10;0;vPvM;PM;PM;;Alkyl Halide, Halogen;['Other']
Carboxymethyldimethyl-3-[[(3,3,4,4,5,5,6,6,7,7,8,8,8-tridecafluorooctyl)sulphonyl]amino]propylammonium hydroxide;34455-29-3;252-046-8;OKOCIUJVPQKDLL-UHFFFAOYSA-N;C[N+](C)(CCCNS(=O)(=O)CCC(C(C(C(C(C(F)(F)F)(F)F)(F)F)(F)F)(F)F)(F)F)CC(=O)[O-];DTXSID4041284;1186910;PRO-241;NS00011051;REACH-A;FALS;vPvM;HQ;vPvM;FALS;FALS;;;FALS;FALS;FALS;FALS;FALS;FALS;FALS;FALS;FALS;FALS;FALS;FALS;FALS;FALS;FALS;CERT;CERT;CERT;;"Fire extinguishing agent; Surface active agents";;CERT;CERT;CERT;FALS;CERT;FALS;FALS;FALS;FALS;FALS;CERT;FALS;CERT;FALS;CERT;CERT;FALS;FALS;FALS;FALS;FALS;FALS;CERT;FALS;FALS;P-PNEC;57037;;222;;876;;273;4720159303;18123;2,75889E+14;1306330732;105;40520;;;13;;188476801;53;56;26;39;>100 to < 1000 tonnes;1000;10000;1;0;0;0;0;0;0;0;0;0;0;0;0;0;0;0;0;1;0;0;0;0;0;0;1;0;0;0;0;1;1;1;1;1;0;0;0;0;0;0;0;0;0;0;0;0;0;0;0;0;0;1;0;0;1;0;0;0;0;0;1;1;0;0;0;9,99255E+14;9,94864E+14;9,31383E+14;;;6,18976E+14;5,3248E+14;1,31762E+13;FALS;0;0;0;0;2856;low ;154;554;low ;0;44800;low ;0;4,31617E+14;1,48868E+14;7,90185E+14;2,53012E+14;4,4042E+14;;;P_score_freshwater_pred_UBA;9,99255E+14;9,75167E+14;M_score_exp_UBA;6,18976E+14;M_score_exp_UBA;6,18976E+14;4,27739E+14;kemi_score;56;7,86457E+13;10;6,18976E+14;5;6,45846E+14;10;4,83138E+14;10;6,16415E+14;10;5,24733E+14;75;5,58599E+14;10;10;vPvM;PM;PM;1;Al Coo, Coo, Coo2, C O, C O Nocoo, Nh0, Nh1, Ndealkylation1, Alkyl Halide, Halogen, Quatn, Sulfonamd, Unbrch Alkane;['Sulfonamides', 'Organotins', 'PFAS']
Chlorhexidine;55-56-1;200-238-7;GHXZTYHSJHQHIJ-UHFFFAOYSA-N;N=C(NCCCCCCNC(=N)NC(=N)Nc1ccc(Cl)cc1)NC(=N)Nc1ccc(Cl)cc1;DTXSID2033314;885366610;PRO-242;;REACH-B;FALS;PMT;HQ;Not PMT/vPvM;FALS;FALS;;;FALS;FALS;FALS;FALS;FALS;FALS;FALS;FALS;FALS;FALS;FALS;FALS;FALS;FALS;FALS;FALS;FALS;FALS;;;;CERT;FALS;CERT;FALS;FALS;FALS;FALS;FALS;FALS;FALS;FALS;FALS;FALS;FALS;FALS;FALS;FALS;FALS;FALS;FALS;FALS;FALS;FALS;FALS;FALS;P-PNEC pred;50545;8;326;;96;158;696;4309630167;25115;2,61489E+16;2090885783;275;23600;;;39;;68;;63;0;0;;;;0;0;0;0;0;0;0;0;0;0;0;0;0;0;0;0;0;0;1;0;0;0;0;0;0;0;0;1;0;0;0;0;0;0;0;0;0;0;0;0;0;0;0;0;0;0;0;0;0;0;0;0;0;0;0;0;0;0;0;0;0;0;1;0;0;9,98125E+14;8,94181E+14;10;;;2,11321E+14;4,12281E+14;1,67854E+14;FALS;0;0;0;0;422;low ;229;2616;low ;0;4,826E+14;low ;0;8,97292E+14;8,18376E+14;1,64474E+14;6,39488E+14;9,00603E+14;;;P_score_freshwater_pred_Dashboard;10;9,64102E+14;M_score_exp_UBA;2,11321E+14;M_score_pred_Episuite;4,12281E+14;2,63819E+13;kemi_score;63;6,42091E+14;10;2,11321E+14;5;5,04329E+14;10;9,00603E+14;5;7,18746E+14;75;4,36253E+14;5;6,11863E+14;75;10;PM(T);(T);PM(T);2;Nh1, Aniline, Benzene, Guanido, Halogen, Unbrch Alkane;['Aromatic amines', 'Chlorobenzenes', 'PBB', 'PCB']
Chlorobenzene;108-90-7;203-628-5;MVPPADPHJFYWMZ-UHFFFAOYSA-N;C1=CC=C(C=C1)Cl;DTXSID4020298;79640;PRO-243;NS00010206;REACH-A;CERT;vPvM;MQ;PM;FALS;FALS;;;FALS;FALS;FALS;FALS;FALS;FALS;FALS;FALS;FALS;FALS;FALS;FALS;FALS;FALS;FALS;CERT;FALS;FALS;"Home maintenance -> caulk/sealant; Raw materials; impurity; residual; solvent; solvents; unknown";"Functional fluids (closed systems); Intermediate; Intermediates; Laboratory chemicals; Monomers; Not Known or Reasonably Ascertainable; Paint additives and coating additives not described by other categories; Solvent";"Not Known or Reasonably Ascertainable; Paint additives and coating additives not described by other categories; Solvent";CERT;CERT;CERT;FALS;FALS;FALS;CERT;FALS;FALS;FALS;FALS;FALS;CERT;FALS;FALS;FALS;FALS;FALS;CERT;FALS;FALS;FALS;FALS;FALS;FALS;JG-MKN (opgelost);11256;287;274;331;339;431;399;2149219113;24644;1,49905E+14;2439330972;178;280;;;25;;320;42;88;38;48;>10000 to < 100000 tonnes;100000;1000000;1;0;0;0;0;0;0;0;0;0;0;0;0;0;0;1;0;0;1;1;1;0;0;0;0;0;0;0;0;0;0;0;0;0;0;0;0;0;0;0;0;0;0;0;0;0;0;0;0;0;1;1;0;0;0;0;0;0;0;0;0;0;0;0;1;2,1368E+14;1,76736E+14;8,27116E+14;;;4,14214E+14;4,20213E+14;4,74165E+14;CERT;0;0;0;0;5624;;10;1,848E+14;;10;7064;moderate ;85;1,81659E+14;9,39185E+14;6,00841E+14;5,47304E+14;1,91296E+14;;;P_score_freshwater_pred_Dashboard;8,27116E+14;4,05844E+14;M_score_exp_UBA;4,14214E+14;M_score_pred_Dashboard;4,74165E+14;4,36197E+14;kemi_score;88;6,2625E+14;10;4,14214E+14;5;4,20747E+14;10;2,83451E+14;10;4,21321E+14;10;3,21657E+14;75;3,45342E+14;10;0;PM;PM;PM;2;Benzene, Halogen;['Chlorobenzenes', 'PBB']
Chloroethane;75-00-3;200-830-5;HRYZWHHZPQKTII-UHFFFAOYSA-N;CCCl;DTXSID1020302;63370;PRO-244;NS00019447;REACH-A;FALS;vPvM & PMT;MQ;vPvM & PMT;FALS;FALS;;;FALS;FALS;FALS;FALS;FALS;FALS;FALS;FALS;FALS;FALS;FALS;FALS;FALS;FALS;FALS;CERT;CERT;FALS;Construction and building materials;Intermediate;;CERT;CERT;CERT;FALS;FALS;FALS;FALS;FALS;FALS;FALS;CERT;FALS;CERT;FALS;FALS;FALS;FALS;FALS;FALS;FALS;FALS;FALS;FALS;FALS;FALS;P-PNEC pred;6451;143;153;;219;93;931;1340444115;12407;6,39061E+14;1939259505;851;240;;;8;;1625598;63;7;21;32;>100 to < 1000 tonnes;1000;10000;1;0;0;0;0;0;0;0;0;0;0;0;1;0;0;0;0;0;1;0;0;0;0;0;0;0;0;0;0;0;0;0;0;0;0;0;0;0;0;0;0;0;0;0;0;0;0;0;0;0;1;1;0;1;0;0;0;0;0;0;0;0;0;0;0;1,72729E+14;1,26661E+14;9,82777E+14;;;6,9673E+14;6,28621E+14;6,12342E+13;CERT;5;0;0;0;5809;low ;633;14500;good ;10;52800;low ;7;2,29522E+14;4,06457E+14;5,92952E+14;2,35998E+14;2,38476E+14;;;P_score_freshwater_pred_Dashboard;9,82777E+14;4,27389E+13;M_score_exp_UBA;6,9673E+14;M_score_exp_UBA;6,9673E+14;6,45898E+14;kemi_score;7;8,27484E+13;10;6,9673E+14;5;5,25404E+14;10;3,87608E+14;10;5,66339E+14;10;4,71285E+14;75;4,51277E+13;10;0;vPvM;PM;PM;2;Alkyl Halide, Halogen;['Chlorinated alkane']
Chloroethylene;75-01-4;200-831-0;BZHJMEDXRYGGRV-UHFFFAOYSA-N;C=CCl;DTXSID8021434;63380;PRO-245;NS00008276;REACH-C;FALS;vPvM & PMT;MQ;vPvM & PMT;FALS;FALS;;;FALS;FALS;FALS;FALS;FALS;FALS;FALS;FALS;FALS;FALS;FALS;FALS;FALS;FALS;FALS;CERT;FALS;CERT;"Home maintenance -> caulk/sealant; Home maintenance -> paint/stain and related products; Home maintenance -> paint/stain and related products -> paint; impurity; monomer; not reported; residual; vinyl residual";"Binder; Intermediate; Intermediates; Monomers; Other (specify)";"Binder; Intermediate; Intermediates; Other (specify)";CERT;CERT;CERT;CERT;CERT;FALS;CERT;FALS;FALS;FALS;CERT;CERT;FALS;FALS;CERT;FALS;FALS;CERT;CERT;FALS;FALS;FALS;CERT;FALS;FALS;EQS water (=AA-EQS);625;;156;;196;923;849;1309630167;14056;1,39409E+14;1922309767;851;240;;;9;;5;6;81;71;83;>1000000 to < 10000000 tonnes;10000000;100000000;0;1;0;0;0;0;0;1;0;0;0;0;0;0;0;0;0;0;1;0;0;0;0;0;0;0;0;0;0;0;1;0;0;0;0;0;0;0;0;0;0;0;0;0;0;0;0;0;0;0;1;1;1;1;1;0;0;0;0;0;0;0;0;0;0;1,72729E+14;1,2501E+14;9,95402E+14;;;6,81888E+14;6,01569E+14;6,174E+13;CERT;10;0;0;0;6454;low ;0;15300;moderate ;85;79200;low ;698;7,86008E+14;3,97459E+14;5,67953E+14;1,98651E+13;7,8839E+14;;;P_score_freshwater_pred_Dashboard;9,95402E+14;4,31047E+14;M_score_exp_UBA;6,81888E+14;M_score_exp_UBA;6,81888E+14;6,33619E+14;E_score_max;83;8,23864E+14;10;6,81888E+14;5;5,22608E+14;10;6,87775E+14;10;7,5275E+14;10;6,85807E+14;75;5,99531E+14;10;0;vPvM(T);PM(T);PM(T);1;Halogen;['Other']
Chloroform;67-66-3;200-663-8;HEDRZPFGACZZDS-UHFFFAOYSA-N;ClC(Cl)Cl;DTXSID1020306;62120;PRO-246;NS00007346;REACH-C;FALS;vPvM & PMT;MQ;PMT;FALS;FALS;;;FALS;FALS;FALS;FALS;FALS;FALS;FALS;FALS;FALS;FALS;FALS;FALS;FALS;FALS;FALS;CERT;FALS;FALS;"Cleaning products and household care -> laundry and fabric treatment -> laundry starch; disinfection by-products; solvent; solvent";"Intermediate; Intermediates; Laboratory chemicals; Solvent";;CERT;CERT;CERT;FALS;FALS;FALS;CERT;FALS;FALS;FALS;CERT;FALS;CERT;CERT;FALS;FALS;FALS;FALS;FALS;FALS;FALS;FALS;FALS;FALS;FALS;EQS chronic water (=AA-EQS);11937;197;18;28;275;67;346;1599883072;17094;4,81417E+14;4828395944;129;550;;;20;;25;55;74;58;69;>100000 to < 1000000 tonnes;1000000;10000000;1;0;0;0;0;0;0;0;0;0;0;0;0;0;0;0;0;0;1;1;1;0;0;0;0;0;0;0;0;0;0;0;0;0;0;0;0;0;0;0;0;0;0;0;0;0;0;0;0;0;1;1;1;0;0;0;0;0;0;0;0;0;1;0;1;4,62882E+14;4,08207E+14;10;;;5;5,50188E+14;5,68894E+13;CERT;5;0;0;0;16200;;10;17500;low ;555;400200;low ;534;4,01807E+14;3,75779E+14;3,88092E+14;9,92939E+14;4,06358E+14;;;P_score_freshwater_pred_Dashboard;10;6,23696E+14;M_score_exp_UBA;5;M_score_pred_Dashboard;5,68894E+13;5,39694E+14;kemi_score;74;7,54251E+13;10;5;5;5,80177E+14;10;4,72754E+14;10;5,97139E+14;10;4,81667E+14;75;5,23718E+14;10;0;vPvM;PM;PM;2;Alkyl Halide, Halogen;['Chlorinated alkane']
Chromate(2-), [2,4-dihydro-4-[(2-hydroxy-4-nitrophenyl)azo]-5-methyl-3H-pyrazol-3-onato(2-)][3-[[4,5-dihydro-3-methyl-1-(4-methylphenyl)-5-oxo-1H-pyrazol-4-yl]azo]-4-hydroxy-5-nitrobenzenesulfonato(3-)]-, disodium;75199-08-5;278-113-1;;CC1=CC=C(C=C1)N2C(=O)C(=C(N2)C)N=NC3=C(C(=CC(=C3)S(=O)(=O)O)[N+](=O)[O-])O;DTXSID20904930;1361924590;PRO-247;;REACH-B;FALS;vPvM;HQ;vPvM;FALS;FALS;;;FALS;FALS;FALS;FALS;FALS;FALS;FALS;FALS;FALS;FALS;FALS;FALS;FALS;FALS;FALS;CERT;CERT;CERT;;;;FALS;FALS;FALS;CERT;FALS;CERT;FALS;FALS;FALS;FALS;CERT;CERT;FALS;FALS;CERT;FALS;FALS;FALS;FALS;FALS;FALS;FALS;CERT;FALS;FALS;;78954;;318;;948;;211;3969881644;;2,9666E+14;;468;69500;;;;-15;;;;5;15;>1 to < 10 tonnes;10;100;0;0;0;0;0;0;0;0;0;0;0;0;0;0;0;0;0;0;0;0;0;0;0;0;0;0;0;0;0;0;0;0;1;0;0;0;0;0;0;0;0;0;0;0;0;0;1;0;0;0;0;0;0;0;0;0;0;0;0;0;0;0;0;0;0;9,99704E+13;;2,30749E+14;;;;;2,03361E+14;FALS;0;0;0;0;1682;low ;189;3934;low ;202;13500;low ;506;;6,94716E+14;9,74552E+13;4,18732E+14;5,26995E+14;;;P_score_freshwater_pred_UBA;9,99704E+13;6,15227E+14;;;M_score_pred_Dashboard;2,03361E+14;2,03361E+14;E_score_max;15;4,50889E+14;10;;;3,53713E+13;10;5,26995E+14;5;2,20453E+14;75;5,26995E+14;25;1,87515E+14;75;10;PM;;PM;1;Ar N, Ar Nh, Ar Oh, Nh0, Nh1, Nhpyrrole, Aryl Methyl, Azo, Benzene, Nitro, Nitro Arom, Phenol, Phenol Noorthohbond;['Alkylphenols', 'Aromatic amines', 'Phenols', 'Nitrobenzene derivatives', 'PAHs']
cis1,2-Dichloroethylene;156-59-2;205-859-7;KFUSEUYYWQURPO-UPHRSURJSA-N;C(=CCl)Cl;DTXSID2024030;6438330;PRO-248;NS00079283;;FALS;;;;FALS;FALS;;;FALS;FALS;FALS;FALS;FALS;FALS;FALS;FALS;FALS;FALS;FALS;FALS;FALS;CERT;CERT;FALS;FALS;FALS;"solvent; solvent; solvents";;;FALS;FALS;FALS;FALS;FALS;FALS;FALS;FALS;FALS;FALS;FALS;FALS;FALS;FALS;FALS;FALS;FALS;FALS;FALS;FALS;FALS;FALS;FALS;FALS;FALS;;9694;186;188;256;27;493;312;1740362689;17354;6,06324E+14;3126359992;102;;;;;;4,35236E+14;55;;;;;;;0;0;0;0;0;0;0;0;0;0;0;0;0;0;0;0;0;0;0;0;0;0;0;0;0;0;0;0;0;0;0;0;0;0;0;0;0;0;0;0;0;0;0;0;0;0;0;0;0;0;0;0;0;0;0;0;0;0;0;0;0;0;0;0;0;;2,47049E+14;9,99626E+14;;;;5,45724E+14;5,44871E+14;FALS;0;0;0;0;42500;low ;0;17100;;10;368000;;10;1,62639E+14;3,79427E+14;2,58718E+14;1,0294E+14;1,77427E+14;;;P_score_freshwater_pred_Dashboard;9,99626E+14;6,23337E+14;;;M_score_pred_Episuite;5,45724E+14;5,45297E+14;;;7,38593E+14;10;;;5,83013E+14;10;3,12385E+14;10;4,80339E+14;10;3,12385E+14;5;4,26761E+14;10;0;vPvM;;PM;1;Halogen;['Other']
cis-2-(2,4-dichlorophenyl)-2-(1H-1,2,4-triazol-1-ylmethyl)-1,3-dioxolan-4-ylmethyl methanesulphonate;67914-86-7;267-749-5;QIMASXGTWQEFGS-UHFFFAOYSA-N;CS(=O)(=O)OCC1COC(Cn2cncn2)(O1)c1ccc(Cl)cc1Cl;DTXSID90987295;31148410;PRO-249;NS00056349;REACH-B;FALS;vPvM;HQ;vPvM;FALS;FALS;;;FALS;FALS;FALS;FALS;FALS;FALS;FALS;FALS;FALS;FALS;FALS;FALS;FALS;FALS;FALS;FALS;FALS;FALS;;;;FALS;FALS;FALS;FALS;FALS;FALS;FALS;FALS;FALS;FALS;FALS;FALS;FALS;FALS;FALS;FALS;FALS;FALS;FALS;FALS;FALS;FALS;FALS;FALS;FALS;P-PNEC pred;40825;;187;;108;;0,00561;1800029359;18909;4,10516E+14;2132907904;55;10280;;;;10;3861097628;52;24;0;0;;;;0;0;0;0;0;0;0;0;0;0;0;0;0;0;0;0;0;0;0;0;0;0;0;0;0;0;0;0;0;0;0;0;0;0;0;0;0;0;0;0;0;0;0;0;0;0;0;0;0;0;0;0;0;0;0;0;0;0;0;0;0;0;0;0;0;9,92284E+14;8,97357E+14;9,99272E+14;;;;5,18897E+14;5,34597E+14;FALS;0;0;0;0;1251;low ;196;4,886E+14;low ;277;7010;low ;234;3,5739E+14;6,36283E+14;1,09364E+14;5,49031E+14;3,9602E+14;;;P_score_freshwater_pred_Dashboard;9,99272E+14;9,62971E+14;;;M_score_pred_Dashboard;5,34597E+14;5,26747E+14;kemi_score;24;7,30895E+14;10;;;7,12209E+14;10;4,53795E+14;10;5,75914E+14;10;4,53795E+14;5;5,68504E+13;10;0;vPvM;;vPvM;;Ar N, Nh0, Benzene, Ether, Halogen;['Aromatic amines', 'Chlorobenzenes', 'Ethylene Glycols', 'PBB', 'PBDE', 'PCB', 'PhenylEthers']
Climbazole;38083-17-9;253-775-4;OWEGWHBOCFMBLP-UHFFFAOYSA-N;CC(C)(C)C(=O)C(Oc1ccc(Cl)cc1)n1ccnc1;DTXSID6046555;379070;PRO-250;NS00008150;REACH-A;CERT;PMT;MQ;Not PMT/vPvM;FALS;FALS;;;FALS;FALS;FALS;FALS;FALS;FALS;FALS;FALS;FALS;FALS;FALS;FALS;FALS;FALS;FALS;FALS;CERT;FALS;"Personal care -> child specific -> baby shampoo; Personal care -> foot care; Personal care -> hair styling and care; Personal care -> hair styling and care -> shampoo - dandruff; antidandruff; antidandruff agent; antimicrobial; biocide; cleaning agent, humectant; cosmetic biocide; preservative; preservative";;;CERT;FALS;CERT;FALS;FALS;FALS;CERT;FALS;FALS;FALS;CERT;FALS;CERT;FALS;FALS;FALS;FALS;FALS;FALS;FALS;FALS;FALS;FALS;FALS;FALS;PNEC aqua (freshwater);29276;;346;;946;;435;3068185862;36548;1,3429E+14;9800863724;1100;950;;;38;;52;24;59;12;24;>10 to < 100 tonnes;100;1000;0;0;0;0;0;0;0;0;0;0;0;0;0;0;0;0;0;0;0;0;0;0;0;0;0;0;0;0;0;0;0;0;0;0;0;0;0;1;0;0;0;0;0;0;0;0;0;0;0;0;0;0;0;0;0;0;0;0;0;0;0;0;0;0;0;6,86881E+13;6,98228E+14;7,98553E+14;;;2,23105E+14;2,41034E+14;3,22914E+14;FALS;0;0;0;0;5,27E+14;low ;255;3523;low ;249;4465;low ;251;5,70526E+14;7,26342E+14;1,51638E+14;6,6E+14;6,02682E+14;;;P_score_freshwater_pred_Dashboard;7,98553E+14;7,27887E+14;M_score_exp_UBA;2,23105E+14;M_score_pred_Dashboard;3,22914E+14;2,62351E+14;kemi_score;59;5,07804E+14;10;2,23105E+14;5;4,36992E+14;10;3,80321E+14;10;4,39463E+14;10;3,18373E+14;75;4,07673E+14;10;10;PM;;PM;;Ar N, C O, C O Nocoo, Nh0, Benzene, Ether, Halogen, Imidazole, Ketone, Ketone Topliss;['Benzimidazole', 'Aromatic amines', 'Chlorobenzenes', 'Ethylene Glycols', 'Benzophenones', 'Imidazoles', 'PBB', 'PBDE', 'PhenylEthers', 'Pyrimidines']
Cyanoguanidine;461-58-5;207-312-8;QGBSISYHAICWAH-UHFFFAOYSA-N;C(#N)N=C(N)N;DTXSID1020354;100050;PRO-251;NS00003801;REACH-A;CERT;vPvM;HQ;vPvM;FALS;FALS;;;FALS;FALS;FALS;FALS;FALS;FALS;FALS;FALS;FALS;FALS;FALS;FALS;FALS;FALS;FALS;CERT;FALS;CERT;;"Adhesives and sealant chemicals; Agricultural chemicals (non-pesticidal); Bleaching agent; Catalyst; Dye; Hardener; Intermediate; Intermediates; Not Known or Reasonably Ascertainable; Other (specify); Paint additives and coating additives not described by other categories; Plasticizers; Process regulators; Processing aids, not otherwise listed; Viscosity adjustors";"Adhesives and sealant chemicals; Hardener; Intermediate; Intermediates; Not Known or Reasonably Ascertainable; Other (specify); Paint additives and coating additives not described by other categories";CERT;CERT;CERT;CERT;CERT;CERT;CERT;FALS;FALS;CERT;CERT;CERT;CERT;CERT;CERT;CERT;CERT;CERT;FALS;FALS;FALS;FALS;CERT;FALS;FALS;P-PNEC pred;84082;-115;-131;;624;491;13;820201459;-19566;5,8557E+14;1511624969;309;25000;;;11;;3835784;94;78;39;49;>10000 to < 100000 tonnes;100000;1000000;1;1;0;0;1;0;0;1;1;0;0;1;0;0;1;0;0;0;1;0;1;1;0;0;0;0;0;0;0;0;1;0;1;0;0;0;0;1;0;0;0;1;1;0;0;0;1;0;0;0;0;1;0;0;1;0;0;1;1;1;0;1;0;0;0;9,98301E+13;8,65356E+14;4,89597E+14;;;6,5109E+14;9,39489E+14;6,93764E+14;FALS;0;0;0;0;116300;low ;217;42600;low ;273;415800;low ;569;1,7025E+14;2,58461E+14;1,68638E+13;9,76745E+14;1,8128E+14;;;P_score_freshwater_pred_UBA;9,98301E+13;5,24811E+14;M_score_exp_UBA;6,5109E+14;M_score_pred_Episuite;9,39489E+14;7,61447E+14;kemi_score;78;9,68448E+13;10;6,5109E+14;5;6,32152E+14;10;4,12799E+14;10;6,32277E+14;10;4,80514E+13;75;5,10834E+14;10;20;vPvM;PM;PM;4;Imine, Nh0, Nh2, Guanido, Nitrile;['Other']
Cyanuric acid;108-80-5;203-618-0;ZFSLODLOARCGLH-UHFFFAOYSA-N;C1(=O)NC(=O)NC(=O)N1;DTXSID7024873;79560;PRO-252;NS00009566;REACH-A;CERT;vPvM & PMT;HQ;vPvM & PMT;FALS;FALS;;;FALS;FALS;FALS;FALS;FALS;FALS;FALS;FALS;FALS;FALS;FALS;FALS;FALS;FALS;FALS;CERT;CERT;CERT;"Landscape/yard -> pool chemicals; Landscape/yard -> pool chemicals -> chlorine and bromine; Landscape/yard -> pool chemicals -> pH control; Personal care -> hair styling and care -> hair conditioner; flame retardant; flame retardants";"Intermediate; Intermediates; Not Known or Reasonably Ascertainable; Other (specify); Process regulators; Stabilizing agent; UV stabilizer";"Bleaching agent; Intermediate; Not Known or Reasonably Ascertainable; Other (specify); Processing aids, not otherwise listed; Stabilizing agent; UV stabilizer";CERT;CERT;CERT;FALS;FALS;FALS;CERT;FALS;FALS;FALS;CERT;CERT;CERT;CERT;FALS;CERT;CERT;FALS;FALS;FALS;FALS;FALS;CERT;FALS;FALS;P-PNEC pred;129075;;-72;;789;155;362;157054294;19832;4,78186E+13;1827238639;501;;;;17;;9299201;;72;52;65;>10000 to < 100000 tonnes;100000;1000000;1;0;0;0;0;0;1;0;0;0;0;0;0;0;0;0;0;0;1;0;1;0;0;0;0;0;0;0;0;0;1;0;0;0;0;1;0;0;0;0;0;0;0;0;0;0;0;0;0;0;1;1;0;1;1;0;0;0;0;0;0;0;1;1;0;;1,1583E+14;9,72033E+14;;;5,518E+14;5,02911E+13;5,73875E+14;FALS;0;0;0;0;137200;low ;552;138000;;10;203100;low ;424;1,22556E+14;1,56752E+14;1,57142E+14;1,32855E+14;1,33794E+14;;;P_score_freshwater_pred_Dashboard;9,72033E+14;5,43931E+14;M_score_exp_UBA;5,518E+14;M_score_pred_Dashboard;5,73875E+14;5,42862E+14;kemi_score;72;7,46877E+14;10;5,518E+14;5;5,43396E+14;10;1,33794E+14;5;4,21029E+13;75;2,71713E+14;5;3,40584E+13;75;0;vPvM;PM;PM;2;Ar N, Ar Nh, Nh1, Nhpyrrole;['Aromatic amines']
Cyclohexene;110-83-8;203-807-8;HGCIXCUEYOPUTN-UHFFFAOYSA-N;C1CCC=CC1;DTXSID9038717;80790;PRO-253;NS00008978;REACH-B;FALS;vPvM;MQ;vPvM;FALS;FALS;;;FALS;FALS;FALS;FALS;FALS;FALS;FALS;FALS;FALS;FALS;FALS;FALS;FALS;FALS;FALS;FALS;FALS;FALS;;;;CERT;CERT;CERT;FALS;FALS;FALS;CERT;FALS;FALS;FALS;FALS;FALS;FALS;FALS;FALS;FALS;FALS;FALS;FALS;FALS;FALS;FALS;FALS;FALS;FALS;P-PNEC pred;82146;286;288;283;293;258;264;1949877704;24818;1,65243E+14;1492577985;129;190;;;20;;1182448;42;47;0;0;;;;0;0;0;0;0;0;0;0;0;0;0;0;0;0;0;0;0;0;1;0;0;0;0;0;0;0;0;0;0;0;0;0;0;0;0;0;0;0;0;0;0;0;0;0;0;0;0;0;0;0;1;1;0;0;0;0;0;0;0;0;0;0;0;0;0;1,22843E+14;8,48374E+13;9,96558E+13;;;5;4,17278E+14;5,08685E+14;FALS;0;0;0;0;25700;low ;7;7029;;10;15900;;10;2,54874E+14;5,48421E+14;3,19865E+14;3,91132E+14;2,82079E+14;;;P_score_freshwater_pred_Dashboard;9,96558E+13;4,01413E+14;M_score_exp_UBA;5;M_score_pred_Dashboard;5,08685E+14;4,75321E+14;kemi_score;47;7,11993E+14;10;5;5;4,36806E+14;10;3,44199E+14;10;4,95043E+13;10;3,89819E+14;75;3,87748E+14;10;0;vPvM;PM;PM;1;Allylic Oxid;['Other']
Dapsone;80-08-0;201-248-4;MQJKPEGWNLWLTK-UHFFFAOYSA-N;C1=CC(=CC=C1N)S(=O)(=O)C2=CC=C(C=C2)N;DTXSID4020371;29550;PRO-254;NS00000683;REACH-A;FALS;vPvM & PMT;HQ;vPvM & PMT;FALS;FALS;;;FALS;FALS;FALS;FALS;FALS;FALS;FALS;FALS;FALS;FALS;FALS;FALS;FALS;FALS;FALS;CERT;FALS;CERT;;"Hardener; Intermediate; Not Known or Reasonably Ascertainable";Not Known or Reasonably Ascertainable;CERT;CERT;CERT;CERT;CERT;CERT;CERT;FALS;FALS;FALS;CERT;CERT;FALS;FALS;CERT;FALS;FALS;FALS;FALS;FALS;FALS;FALS;CERT;FALS;FALS;P-PNEC pred;2483;97;938;;908;104;416;2029383778;14423;5,37578E+14;5171607279;275;25000;;;18;;137603;6;8;0;0;>100 tonnes;1000;;1;1;0;0;0;0;0;0;0;0;0;0;0;0;0;0;0;0;1;0;0;0;0;0;0;0;0;0;0;0;1;0;0;0;0;0;0;0;0;0;0;0;0;0;0;0;0;0;0;0;0;1;1;1;1;0;0;0;0;0;0;0;0;0;0;9,98301E+13;4,36841E+14;1E+15;;;5,34602E+14;5,95456E+14;4,94908E+14;CERT;0;0;0;0;2421;low ;325;1769;low ;7;4,256E+14;low ;492;4,65398E+14;9,55456E+14;8,44013E+13;6,72951E+14;5,01647E+14;;;P_score_freshwater_pred_Dashboard;1E+15;8,11714E+14;M_score_exp_UBA;5,34602E+14;M_score_pred_Episuite;5,95456E+14;5,41656E+14;kemi_score;8;7,71658E+14;10;5,34602E+14;5;6,63076E+14;10;5,48624E+14;10;6,50654E+13;10;5,4391E+14;75;6,03141E+13;10;0;vPvM;PM;PM;1;Arn, Nh2, Aniline, Benzene, Sulfone;['Aromatic amines']
Decahydronaphthalene;91-17-8;202-046-9;NNBZCPXTIHJBJL-UHFFFAOYSA-N;C1CCC2CCCCC2C1;DTXSID1024912;70440;PRO-255;NS00003533;REACH-A;FALS;PMT;HQ;Not PMT/vPvM;FALS;FALS;;;FALS;FALS;FALS;FALS;FALS;FALS;FALS;FALS;FALS;FALS;FALS;FALS;FALS;FALS;FALS;FALS;FALS;FALS;;"Fuels and fuel additives; Solvents (which become part of product formulation or mixture)";Solvents (which become part of product formulation or mixture);CERT;CERT;CERT;FALS;FALS;FALS;CERT;FALS;FALS;FALS;CERT;FALS;FALS;FALS;FALS;FALS;FALS;FALS;FALS;FALS;FALS;FALS;FALS;FALS;FALS;P-PNEC pred;138254;;46;;484;0,00192;0,00378;3670245853;36448;3,50247E+32;1901052606;17400;730;;;33;;53763;24;55;22;33;>100 to < 1000 tonnes;1000;10000;0;0;0;0;0;0;0;0;0;0;0;0;0;0;0;1;0;0;0;0;0;0;0;0;0;0;0;0;0;0;0;0;0;0;0;0;0;0;0;0;0;0;0;0;0;0;0;0;0;1;0;1;0;0;1;0;0;0;0;1;0;0;0;0;0;5,83039E+14;1,22945E+14;10;;;2,88826E+13;2,42304E+13;2,39081E+14;FALS;0;0;0;0;1,309E+14;moderate ;85;615;good ;10;429;;85;5,66974E+14;1,43211E+14;1,07461E+14;1,63494E+14;6,22122E+14;;;P_score_freshwater_pred_Dashboard;10;5,68661E+14;M_score_exp_UBA;2,88826E+13;M_score_exp_UBA;2,88826E+13;2,56737E+14;kemi_score;55;5,37426E+14;10;2,88826E+13;5;3,82095E+14;10;3,86406E+13;10;4,55702E+13;10;3,50677E+14;75;3,84244E+14;10;10;PM;;PM;3;Bicyclic;['Cyclohexanes']
Diammonio(ethyl)[4-[[4-[ethyl(3-sulphonatobenzyl)amino]phenyl](2-sulphonatophenyl)methylene]cyclohexa-2,5-dien-1-ylidene](3-sulphonatobenzyl)ammonium;2650-18-2;220-168-0;ZESJVAFJNMXDFZ-UHFFFAOYSA-N;CCN(CC1=CC(=CC=C1)S(=O)(=O)[O-])C2=CC=C(C=C2)C(=C3C=CC(=[N+](CC)CC4=CC(=CC=C4)S(=O)(=O)[O-])C=C3)C5=CC=CC=C5S(=O)(=O)[O-].[NH4+].[NH4+];DTXSID4034310;175590;PRO-256;;REACH-A;FALS;vPvM;HQ;PM;FALS;FALS;;;FALS;FALS;FALS;FALS;FALS;FALS;FALS;FALS;FALS;FALS;FALS;FALS;FALS;FALS;FALS;CERT;CERT;CERT;"Home maintenance -> paint/stain and related products; Personal care -> body hygiene -> body wash; Personal care -> fragrance; Personal care -> general moisturizing -> hand/body lotion; Personal care -> make-up and related -> lip gloss; Personal care -> nails -> nail polish; colorant; cosmetic colorant; dye; dye; hair dyeing";;"Not Known or Reasonably Ascertainable; Pigment";CERT;CERT;CERT;CERT;CERT;CERT;CERT;CERT;CERT;CERT;CERT;CERT;CERT;FALS;CERT;CERT;FALS;CERT;FALS;FALS;FALS;FALS;CERT;FALS;FALS;P-PNEC pred;78294;;464;;961;;114;5139879086;3531;5,3897E+14;4104914071;479;8370;;;21;;3974625526;;81;14;26;>10 to < 100 tonnes;100;1000;1;1;1;1;1;1;1;1;1;1;1;1;1;1;1;1;1;1;0;1;1;1;1;1;1;1;1;1;1;1;1;1;1;1;1;1;1;1;1;1;1;0;1;0;0;1;1;1;1;1;0;1;0;1;1;1;0;1;0;1;0;1;0;0;0;9,89071E+13;9,63994E+14;1E+15;;;4,82678E+14;7,57963E+14;1,0189E+14;FALS;0;0;0;0;4589;low ;0;7;low ;172;12600;low ;0;9,95874E+14;5,38648E+14;6,52704E+14;4,3092E+14;1,47568E+14;;;P_score_freshwater_pred_Dashboard;1E+15;9,84355E+14;M_score_exp_UBA;4,82678E+14;M_score_pred_Episuite;7,57963E+14;4,4751E+14;kemi_score;81;8,70611E+14;10;4,82678E+14;5;6,63709E+14;10;1,47568E+14;5;4,81814E+14;75;2,66885E+14;5;4,02083E+14;75;10;vPvM;PM;PM;1;Nh0, Allylic Oxid, Aniline, Benzene, Quatn;['Aromatic amines', 'Organotins', 'Styrenes', 'Terpenoid']
dibutyl adipate;105-99-7;203-350-4;XTJFFFGAUHQWII-UHFFFAOYSA-N;CCCCOC(=O)CCCCC(=O)OCCCC;DTXSID2021866;77840;PRO-257;NS00011516;;CERT;;;;FALS;FALS;;;FALS;FALS;FALS;FALS;FALS;FALS;FALS;FALS;FALS;CERT;FALS;FALS;FALS;FALS;CERT;CERT;CERT;CERT;"Personal care -> make-up and related -> mascara; emollient; film forming; plasticiser; plasticisers; plasticizer; plasticizer; skin conditioning; skin-conditioning agent - emollient; softener and conditioner; solvent; solvent";Processing aids not otherwise specified;;CERT;CERT;CERT;CERT;CERT;CERT;CERT;CERT;CERT;CERT;CERT;CERT;CERT;CERT;CERT;CERT;CERT;CERT;CERT;CERT;CERT;CERT;CERT;CERT;FALS;;258358;;404;;738;;596;3089905111;3189;2,75889E+14;5764221571;631;;;;;;6,95944E+14;3;74;39;1;>1000 tonnes;10000;;1;1;1;1;1;0;1;1;1;1;0;1;1;1;1;1;1;1;0;1;1;1;1;1;0;1;1;0;0;1;1;0;1;1;0;0;0;1;0;0;0;0;1;0;0;0;0;0;0;0;0;0;0;0;0;0;0;0;0;0;0;0;0;0;0;;1,79011E+14;9,31383E+14;;;;3,04883E+14;3,19632E+14;FALS;0;0;0;0;1,099E+14;moderate ;85;10300;low ;7;10700;low ;7;3,00993E+14;4,68493E+13;1,14965E+14;4,61159E+14;3,38458E+14;;;P_score_freshwater_pred_Dashboard;9,31383E+14;4,74642E+13;;;M_score_pred_Dashboard;3,19632E+14;3,12257E+14;kemi_score;74;5,45618E+14;10;;;3,84981E+14;10;3,18649E+14;10;4,16966E+14;10;3,18649E+14;5;3,50249E+14;10;10;PM;;PM;2;C O, C O Nocoo, Ester, Ether, Unbrch Alkane;['Ethylene Glycols']
dibutyl hydrogen phosphate;16980-89-5;241-059-4;JYFHYPJRHGVZDY-UHFFFAOYSA-N;CCCC(=O)NC1=C2C(=NC=N1)N(C=N2)C3C(C4C(O3)COP(=O)(O4)[O-])OC(=O)CCC.[Na+];DTXSID60937686;66046940;PRO-258;;;FALS;;;;FALS;FALS;;;FALS;FALS;FALS;FALS;FALS;FALS;FALS;FALS;FALS;CERT;FALS;FALS;FALS;FALS;CERT;FALS;FALS;FALS;;;;FALS;FALS;FALS;FALS;FALS;FALS;FALS;FALS;FALS;FALS;FALS;FALS;FALS;FALS;FALS;FALS;FALS;FALS;FALS;FALS;FALS;FALS;FALS;FALS;FALS;;491373;;18;;946;;117;1729974286;;2,75889E+14;;316;;;;;;;;;;;;;;0;0;0;0;0;0;0;0;0;0;0;0;0;0;0;0;0;0;0;0;0;0;0;0;0;0;0;0;0;0;0;0;0;0;0;0;0;0;0;0;0;0;0;0;0;0;0;0;0;0;0;0;0;0;0;0;0;0;0;0;0;0;0;0;0;;;9,31383E+14;;;;;5,46656E+14;FALS;0;0;0;0;3433;low ;176;80200;low ;223;10800;low ;181;;1,97593E+14;7,33948E+14;4,59385E+14;2,54382E+14;;;P_score_freshwater_pred_Dashboard;9,31383E+14;9,31383E+14;;;M_score_pred_Dashboard;5,46656E+14;5,46656E+14;;;7,13544E+14;10;;;7,13544E+14;10;2,54382E+14;5;2,34842E+14;75;2,54382E+14;25;2,34842E+14;75;0;vPvM;;vPvM;1;Ar N, C O, C O Nocoo, Nh0, Nh1, Amide, Aniline, Bicyclic, Ester, Ether, Imidazole, Phos Acid, Phos Ester;['Cyclohexanes', 'Ethylene Glycols', 'Imidazoles', 'Organophosphates', 'Pyrimidines', 'Triazines']
Dibutyl hydrogen phosphate;107-66-4;203-509-8;JYFHYPJRHGVZDY-UHFFFAOYSA-N;CCCCOP(=O)(O)OCCCC;DTXSID3040728;78810;PRO-259;NS00009170;REACH-A;CERT;vPvM;MQ;vPvM;FALS;FALS;;;FALS;FALS;FALS;FALS;FALS;FALS;FALS;FALS;FALS;FALS;FALS;FALS;FALS;FALS;FALS;CERT;FALS;CERT;;"Anti-static agent; Chemical reaction regulator; Finishing agents; Intermediate; Intermediates; Lubricants and lubricant additives; Lubricating agent; Paint additives and coating additives not described by other categories; Plasticizer; Processing aids not otherwise specified";"Chemical reaction regulator; Lubricants and lubricant additives; Lubricating agent; Paint additives and coating additives not described by other categories; Plasticizer; Processing aids not otherwise specified";CERT;CERT;CERT;CERT;CERT;CERT;CERT;FALS;FALS;FALS;CERT;CERT;CERT;CERT;FALS;FALS;FALS;FALS;FALS;FALS;FALS;FALS;CERT;FALS;FALS;P-PNEC pred;21021;;18;;922;815;754;1301029996;22951;4,12644E+14;8093931132;676;250;;;5;;5081144;45;79;24;36;>100 to < 1000 tonnes;1000;10000;0;0;0;0;0;0;0;0;0;0;0;0;0;0;0;0;0;0;0;1;1;0;0;0;0;0;0;0;0;0;1;0;0;0;0;0;0;0;0;0;0;0;0;0;0;0;0;0;0;0;0;1;0;0;1;0;0;0;0;0;0;0;1;0;1;1,8293E+14;3,15371E+14;3,45259E+14;;;7,38796E+14;4,49041E+14;6,18807E+13;FALS;0;0;0;0;7576;low ;293;30400;low ;424;132600;low ;0;1,53688E+14;2,98035E+14;5,31793E+14;1,59449E+14;1,69585E+14;;;P_score_freshwater_pred_Dashboard;3,45259E+14;1,86575E+14;M_score_exp_UBA;7,38796E+14;M_score_exp_UBA;7,38796E+14;6,02215E+14;kemi_score;79;5,0505E+14;10;7,38796E+14;5;3,35199E+14;10;2,76249E+14;10;3,73523E+14;10;3,8345E+14;75;3,043E+14;10;0;PM;vPvM;PM;1;Phos Acid, Phos Ester, Unbrch Alkane;['Organophosphates']
Dibutylphthalate;84-74-2;201-557-4;DOIRQSBPFJWKBE-UHFFFAOYSA-N;CCCCOC(=O)C1=CC=CC=C1C(=O)OCCCC;DTXSID2021781;30260;PRO-260;NS00010095;;FALS;;;;FALS;FALS;;;FALS;FALS;FALS;FALS;FALS;FALS;FALS;FALS;FALS;CERT;FALS;FALS;FALS;FALS;CERT;CERT;FALS;CERT;"Home maintenance -> caulk/sealant; Home maintenance -> paint/stain and related products; Home maintenance -> paint/stain and related products -> paint; Home maintenance -> patch and repair -> putty or filler; Home maintenance -> surface sealers; Manufactured formulations -> Flame retardants; Personal care -> nails -> nail polish; Personal care -> nails -> nail polish remover; chemical added to raw material by supplier; fragrance; fragrance component; fragrance ingredient; impurites; masking; perfuming; plasticiser; plasticisers; plasticizer; plasticizer; solvent; solvent";"Absorbent; Not Known or Reasonably Ascertainable; Other; Plasticizer; Solvent";"Not Known or Reasonably Ascertainable; Plasticizer";CERT;CERT;CERT;CERT;FALS;CERT;CERT;CERT;CERT;CERT;CERT;CERT;CERT;FALS;FALS;FALS;FALS;FALS;FALS;FALS;FALS;FALS;CERT;FALS;FALS;;278348;461;468;;884;0,00402;0,00445;3139879086;3283;7,90436E+14;6282083675;1660;;;;;;100;29;81;36;48;>1000 to < 10000 tonnes;10000;100000;1;0;1;0;0;0;0;0;0;0;1;0;0;0;0;0;0;0;1;0;1;0;0;1;0;0;0;0;0;0;1;0;0;1;0;0;0;0;0;0;0;1;0;1;1;0;0;0;0;0;1;1;1;1;1;0;0;1;0;1;0;0;0;0;1;;2,06787E+14;6,15676E+14;;;;2,91253E+14;3,12146E+13;CERT;0;0;75;0;590;;10;5473;;10;5380;;10;2,68941E+14;6,07551E+14;1,45436E+14;6,11812E+14;3,05087E+14;;;P_score_freshwater_pred_Dashboard;6,15676E+14;3,18177E+14;;;M_score_pred_Dashboard;3,12146E+13;3,017E+14;kemi_score;81;4,38385E+14;10;;;3,09829E+14;10;2,97448E+14;10;3,61105E+14;10;2,97448E+14;5;3,03575E+13;10;10;PM;;;;C O, C O Nocoo, Benzene, Ester, Ether, Unbrch Alkane;['Ethylene Glycols', 'PBDE', 'PhenylEthers', 'Phtalates']
Dibutyltin bis(2-ethylhexanoate);2781-10-04 00:00:00;220-481-2;GPDWNEFHGANACG-UHFFFAOYSA-L;CCCCC(CC)C(=O)O[Sn](CCCC)(CCCC)OC(=O)C(CC)CCCC;DTXSID9051953;166828030;PRO-261;;REACH-A;FALS;PMT;MQ;Potential PMT/vPvM;FALS;FALS;;;FALS;FALS;FALS;FALS;FALS;FALS;FALS;FALS;FALS;FALS;FALS;FALS;FALS;FALS;FALS;FALS;FALS;CERT;;Heat stabilizer;;FALS;FALS;CERT;FALS;FALS;FALS;FALS;FALS;FALS;FALS;FALS;FALS;FALS;FALS;FALS;FALS;FALS;FALS;FALS;FALS;FALS;FALS;FALS;FALS;FALS;;519354;;952;;972;;0,000000134;4630427875;;4,96179E+52;;2240;1090;;;;26;;;;9;17;;;;0;0;0;0;0;0;0;0;0;0;0;0;0;0;0;0;0;0;0;0;0;0;0;0;0;0;0;0;0;0;0;0;0;0;0;0;0;0;0;0;0;0;0;0;0;0;0;0;0;0;0;0;0;0;0;0;0;0;0;0;0;0;0;0;0;7,35086E+14;;10;;;;;1,39042E+14;CERT;0;5;75;0;2416;low ;0;1257;low ;298;30500;low ;0;;1,09161E+14;8,44708E+13;2,97623E+14;3,25301E+14;;;P_score_freshwater_pred_Dashboard;10;8,67543E+14;;;M_score_pred_Dashboard;1,39042E+14;1,39042E+14;E_score_max;17;3,72883E+14;10;;;3,4731E+14;10;3,25301E+14;5;1,65378E+14;75;3,25301E+14;25;1,57727E+14;75;10;PM;;PM;1;C O, C O Nocoo;['Other']
Dibutyltin oxide;818-08-6;212-449-1;JGFBRKRYDCGYKD-UHFFFAOYSA-N;CCCC[Sn](=O)CCCC;DTXSID4027315;612210;PRO-262;;REACH-A;FALS;vPvM & PMT;MQ;PMT;FALS;FALS;;;FALS;FALS;FALS;FALS;FALS;FALS;FALS;FALS;FALS;FALS;FALS;FALS;FALS;FALS;FALS;CERT;CERT;CERT;Home maintenance -> caulk/sealant;"Catalyst; Intermediate; Paint additives and coating additives not described by other categories; Processing aids, not otherwise listed; Sealant (barrier)";"Catalyst; Paint additives and coating additives not described by other categories; Sealant (barrier)";CERT;CERT;CERT;CERT;CERT;CERT;CERT;FALS;FALS;FALS;CERT;CERT;CERT;FALS;CERT;CERT;FALS;CERT;FALS;FALS;FALS;FALS;CERT;FALS;FALS;P-PNEC pred;248941;;533;;27;;0,000027;840106094;;6,39061E+14;;115;240;;;;15;6420877526;;74;26;39;>100 to < 1000 tonnes;1000;10000;1;1;0;0;0;0;0;1;0;0;0;0;0;0;0;0;0;0;1;0;1;1;0;0;1;0;0;0;0;0;1;0;1;0;0;0;0;0;0;0;0;0;0;0;0;0;1;1;1;0;1;1;0;1;0;0;0;1;1;1;1;1;1;1;0;1,72729E+14;;9,82777E+14;;;;;6,90825E+14;FALS;0;0;0;0;816;low ;279;30500;low ;3;20800;low ;306;1,40929E+14;2,97623E+14;1,28791E+13;3,49567E+14;1,48548E+14;;;P_score_freshwater_pred_Dashboard;9,82777E+14;5,77753E+14;;;M_score_pred_Dashboard;6,90825E+14;6,90825E+14;kemi_score;74;8,2397E+14;10;;;6,31764E+14;10;1,48548E+14;5;4,65475E+14;75;1,48548E+14;25;3,89935E+14;75;0;vPvM;;PM;1;Unknown;['Other']
Dichlobenil;1194-65-6;214-787-5;YOYAIZYFCNQIRF-UHFFFAOYSA-N;N#Cc1c(Cl)cccc1Cl;DTXSID5032365;30310;PRO-263;NS00002192;REACH-A;CERT;vPvM;HQ;PM;FALS;FALS;;;FALS;FALS;FALS;FALS;FALS;FALS;FALS;FALS;FALS;FALS;FALS;FALS;FALS;FALS;FALS;FALS;FALS;FALS;"Landscape/yard; Landscape/yard -> herbicide; herbicide";;;FALS;CERT;CERT;FALS;FALS;FALS;FALS;FALS;FALS;FALS;CERT;FALS;FALS;FALS;FALS;FALS;FALS;FALS;FALS;FALS;FALS;FALS;FALS;FALS;FALS;JG-MKN (opgelost);17201;274;284;;587;114;803;2499687083;28328;2,14863E+14;5780995611;324;10400;3240;;24;;63;36;57;18;27;>100 to < 1000 tonnes;1000;10000;0;0;0;0;0;0;0;0;0;0;0;0;0;0;0;0;0;0;1;0;0;0;0;0;0;1;0;0;0;0;0;0;0;0;0;0;0;0;0;0;0;0;0;0;0;0;0;0;0;0;0;1;0;0;0;0;0;0;0;0;0;0;0;0;0;9,92435E+14;4,84114E+14;8,98507E+14;7,32007E+14;;4,31126E+14;3,59565E+14;4,14266E+14;CERT;0;0;0;0;2696;low ;7;5220;moderate ;85;2312;low ;7;5,49997E+14;6,19387E+14;8,08599E+14;8,59603E+14;5,58303E+14;P_score_soil_exp_UBA;7,32007E+14;P_score_freshwater_pred_UBA;9,92435E+14;7,76766E+14;M_score_exp_UBA;4,31126E+14;M_score_exp_UBA;4,31126E+14;4,01652E+14;kemi_score;57;6,54113E+14;10;5,61771E+14;10;5,5856E+14;10;4,48318E+14;10;5,41526E+14;10;5,01849E+14;10;5,00413E+14;10;0;PM;PM;PM;;Nh0, Benzene, Halogen, Nitrile;['Chlorobenzenes', 'PBB', 'PCB']
Dichlorodifluoromethane;75-71-8;200-893-9;PXBRQCKWGAHEHS-UHFFFAOYSA-N;C(F)(F)(Cl)Cl;DTXSID6020436;63910;PRO-264;NS00002142;REACH-A;FALS;vPvM;MQ;vPvM;FALS;FALS;;;FALS;FALS;FALS;FALS;FALS;FALS;FALS;FALS;FALS;FALS;FALS;FALS;FALS;FALS;FALS;FALS;FALS;FALS;"Cleaning products and household care -> air freshener; Cleaning products and household care -> laundry and fabric treatment -> anti-static spray; Construction and building materials; Home maintenance -> caulk/sealant; Home maintenance -> degreaser; Home maintenance -> insulation; Home maintenance -> insulation -> spray foam; Home maintenance -> paint/stain and related products; Home maintenance -> paint/stain and related products -> stripper; Manufactured formulations; Personal care; Personal care -> sexual wellness; Pesticides -> insect repellent; Pesticides -> insecticide; refrigerant";;;CERT;FALS;FALS;FALS;FALS;FALS;FALS;FALS;FALS;FALS;FALS;FALS;FALS;FALS;FALS;FALS;FALS;FALS;FALS;FALS;FALS;FALS;FALS;FALS;FALS;PNEC aqua (freshwater);12091;216;205;;131;495;627;1780317312;18743;4,10516E+14;5243737036;617;700;;;12;;190;52;63;0;6;>0 to < 10 tonnes;0;100;0;0;0;0;0;0;0;0;0;0;0;0;0;0;0;0;0;0;0;1;0;0;0;0;0;0;0;0;0;0;0;0;0;0;0;0;0;0;0;0;0;0;0;0;0;0;0;0;0;0;0;1;0;0;0;0;0;0;0;0;0;0;0;0;0;5,65502E+13;4,42675E+14;9,99272E+14;;;6,35183E+14;5,21768E+14;5,37995E+14;FALS;0;0;0;0;6840;low ;371;17700;low ;415;22200;low ;365;2,17762E+14;3,73998E+14;5,54589E+14;3,40148E+14;2,26481E+14;;;P_score_freshwater_pred_Dashboard;9,99272E+14;6,69149E+14;M_score_exp_UBA;6,35183E+14;M_score_exp_UBA;6,35183E+14;5,64982E+14;kemi_score;63;7,96693E+14;10;6,35183E+14;5;6,14864E+14;10;3,43176E+14;10;5,22883E+14;10;4,21351E+14;75;4,59355E+14;10;0;vPvM;PM;PM;1;Alkyl Halide, Halogen;['PFAS']
"dichloromethane; methylene chloride";75-09-2;200-838-9;YMWUJEATGCHHMB-UHFFFAOYSA-N;ClCCl;DTXSID0020868;63440;PRO-265;NS00004151;REACH-C;FALS;vPvM & PMT;HQ;vPvM & PMT;FALS;FALS;;;FALS;FALS;FALS;FALS;FALS;FALS;FALS;FALS;FALS;FALS;FALS;FALS;FALS;FALS;FALS;CERT;CERT;FALS;"Arts and crafts/office supplies -> general arts and crafts supplies -> arts and crafts adhesive; Arts and crafts/office supplies -> general arts and crafts supplies -> arts and crafts cleaner; Arts and crafts/office supplies -> pottery making -> glaze; Cleaning and safety; Cleaning products and household care -> general household cleaning; Cleaning products and household care -> general household cleaning -> glass cleaner; Cleaning products and household care -> laundry and fabric treatment -> anti-static spray; Electronics/small appliances -> computers and accessories/supplies; Furniture and furnishings; Home maintenance; Home maintenance -> adhesives and adhesive removers -> multipurpose adhesive; Home maintenance -> caulk/sealant; Home maintenance -> degreaser; Home maintenance -> finish -> wood finish; Home maintenance -> insulation; Home maintenance -> paint/stain and related products; Home maintenance -> paint/stain and related products -> paint; Home maintenance -> paint/stain and related products -> paint thinner; Home maintenance -> paint/stain and related products -> stripper; Home maintenance -> surface sealers; Home maintenance -> welding; Laboratory supplies; Manufactured formulations; Personal care -> fragrance; Pesticides; Pesticides -> animal repellent; Pesticides -> insecticide; Sports equipment -> bicycling; Sports equipment -> gun cleaner; Vehicle -> car interior -> auto air freshener; Vehicle -> engine maintenance -> auto fluids and additives; Vehicle -> engine maintenance -> auto refrigerant; Vehicle -> engine maintenance -> motor oil; solvent; solvent; solvents; upholstry: foam: adhesive";"Adhesives and sealant chemicals; Cleaning agent; Intermediate; Intermediates; Laboratory chemicals; Not Known or Reasonably Ascertainable; Other; Other (specify); Plasticizers; Processing aids not otherwise specified; Refrigerants; Solvent; Solvents (for cleaning or degreasing)";"Adhesives and sealant chemicals; Cleaning agent; Laboratory chemicals; Not Known or Reasonably Ascertainable; Plasticizers; Solvent; Solvents (for cleaning or degreasing)";CERT;CERT;CERT;CERT;CERT;CERT;CERT;FALS;FALS;CERT;CERT;FALS;CERT;CERT;FALS;CERT;FALS;FALS;FALS;FALS;FALS;FALS;FALS;FALS;FALS;EQS chronic water (=AA-EQS);8493;125;127;227;229;181;114;1439332694;10845;3,61282E+14;2968843226;229;;1910;;;13;200;65;81;53;63;>100000 to < 1000000 tonnes;1000000;10000000;1;1;0;0;0;0;1;1;0;0;0;0;0;0;0;1;0;0;1;1;1;0;0;0;0;1;0;0;0;0;0;0;0;1;0;0;0;1;1;0;0;1;1;0;0;0;1;0;0;1;1;1;1;1;1;1;0;0;0;1;1;1;1;0;1;;2,30979E+14;1E+15;5,25329E+14;;;6,53526E+14;5,95952E+14;CERT;5;0;0;0;10900;low ;507;19100;low ;508;512400;low ;5;2,13992E+14;3,62276E+14;4,57634E+14;8,92787E+14;2,22477E+14;P_score_soil_exp_UBA;5,25329E+14;P_score_freshwater_pred_Dashboard;1E+15;5,85436E+14;;;M_score_pred_Episuite;6,53526E+14;6,24739E+14;kemi_score;81;8,0841E+14;10;5,25329E+14;5;6,04768E+14;10;3,80277E+14;10;5,54454E+14;10;4,23523E+14;75;4,79561E+14;10;0;vPvM;PM;PM;2;Alkyl Halide, Halogen;['Chlorinated alkane']
diethyl phthalate;84-66-2;201-550-6;FLKPEMZONWLCSK-UHFFFAOYSA-N;CCOC(=O)C1=CC=CC=C1C(=O)OCC;DTXSID7021780;67810;PRO-266;NS00009893;;FALS;;;;FALS;FALS;;;FALS;FALS;FALS;FALS;FALS;FALS;FALS;FALS;FALS;CERT;FALS;FALS;FALS;FALS;CERT;CERT;CERT;CERT;"Cleaning products and household care -> air freshener; Cleaning products and household care -> laundry and fabric treatment -> dry cleaner; Home maintenance -> paint/stain and related products -> paint; Personal care; Personal care -> body hygiene -> body wash; Personal care -> fragrance; Personal care -> general moisturizing -> hand/body lotion; Personal care -> hair styling and care; Personal care -> hair styling and care -> hair styling; Personal care -> hair styling and care -> shampoo; denaturant; film forming; flavoring and nutrient; fragrance; fragrance; fragrance component; hair conditioning; masking; plasticiser; solvent; solvent";"Adhesives and sealant chemicals; Fragrance; Odor agents; Plasticizer; Plasticizers; Surface active agents";"Fragrance; Not Known or Reasonably Ascertainable; Odor agents; Plasticizer; Plasticizers; Surface active agents";CERT;CERT;CERT;CERT;CERT;CERT;CERT;FALS;FALS;CERT;CERT;CERT;CERT;CERT;CERT;CERT;CERT;CERT;CERT;FALS;FALS;CERT;CERT;FALS;FALS;;22224;245;263;;675;467;253;1840106094;21325;1,69017E+14;1579761631;851;;;;;;730;48;87;39;52;>1000 to < 10000 tonnes;10000;100000;1;1;0;1;1;1;1;1;1;0;0;0;1;1;0;0;0;0;1;1;1;0;0;1;0;1;1;1;1;1;1;0;1;1;1;1;0;1;1;0;0;1;1;1;1;1;0;1;1;0;1;1;1;0;1;1;1;0;1;1;0;0;1;1;1;;9,26821E+14;8,54515E+14;;;;4,77056E+14;5,27679E+14;FALS;0;0;0;0;1581;moderate ;85;13800;good ;10;14800;moderate ;85;1,34316E+14;4,14919E+14;9,98464E+14;4,03003E+14;1,4502E+14;;;P_score_freshwater_pred_Dashboard;8,54515E+14;4,73599E+14;;;M_score_pred_Dashboard;5,27679E+14;5,02367E+14;kemi_score;87;6,71498E+14;10;;;4,87771E+12;10;2,63836E+14;10;4,20911E+14;10;2,63836E+14;5;3,58736E+14;10;0;PM;;PM;2;C O, C O Nocoo, Benzene, Ester, Ether;['Ethylene Glycols', 'PBDE', 'PhenylEthers', 'Phtalates']
Diethylmethylbenzenediamine;68479-98-1;270-877-4;HQCMWRZLSGSQND-UHFFFAOYSA-N;CCC1=C(C(=C(C=C1C)N)CC)N;DTXSID0028618;224192680;PRO-267;;REACH-A;CERT;vPvM & PMT;MQ;vPvM & PMT;FALS;FALS;;;FALS;FALS;FALS;FALS;FALS;FALS;FALS;FALS;FALS;FALS;FALS;FALS;FALS;FALS;FALS;CERT;CERT;FALS;;;;CERT;CERT;CERT;CERT;CERT;CERT;CERT;FALS;FALS;FALS;CERT;FALS;FALS;FALS;CERT;FALS;FALS;CERT;FALS;FALS;FALS;FALS;FALS;FALS;FALS;P-PNEC pred;;;-695;;96;;106;1770115295;232;5,8557E+14;4426048909;309;1460;;;;6;1055598543;;7;38;5;>1000 to < 10000 tonnes;10000;100000;0;1;0;0;0;0;0;1;0;0;0;0;0;0;0;0;0;0;0;0;0;0;0;0;0;0;0;0;0;0;1;0;0;0;0;0;0;0;0;0;0;1;0;0;0;0;1;0;0;0;0;0;0;0;1;1;0;0;0;0;1;1;0;0;0;8,20568E+14;3,72824E+14;4,89597E+14;;;;4,44774E+14;5,39752E+14;FALS;0;0;0;0;4,483E+14;low ;645;492;low ;7;17000;low ;7;4,94126E+14;1,55518E+14;6,58924E+14;3,80358E+14;5,1757E+14;;;P_score_freshwater_pred_UBA;8,20568E+14;5,60996E+14;;;M_score_pred_Dashboard;5,39752E+14;4,92263E+14;kemi_score;7;6,6551E+14;10;;;5,25507E+14;10;5,1757E+14;5;6,12011E+14;75;5,1757E+14;25;5,22848E+14;75;20;PM;;PM;1;Arn, Nh2, Aniline, Aryl Methyl, Benzene;['Aromatic amines', 'PAHs']
Diisopropyl ether;108-20-3;203-560-6;ZAFNJMIOTHYJRJ-UHFFFAOYSA-N;CC(C)OC(C)C;DTXSID4021890;79140;PRO-268;NS00003939;REACH-A;CERT;vPvM;MQ;PM;FALS;FALS;;;FALS;FALS;FALS;FALS;FALS;FALS;FALS;FALS;FALS;FALS;FALS;FALS;FALS;FALS;FALS;CERT;CERT;FALS;;"Fuels and fuel additives; Intermediates; Solvents (which become part of product formulation or mixture)";"Fuels and fuel additives; Solvents (which become part of product formulation or mixture)";CERT;CERT;CERT;CERT;CERT;CERT;CERT;FALS;FALS;CERT;CERT;CERT;CERT;CERT;FALS;CERT;FALS;FALS;CERT;CERT;CERT;FALS;FALS;FALS;FALS;P-PNEC pred;102177;152;174;266;269;794;904;1530199698;16753;7,40566E+14;1654839;661;590;;;;16;1053091;56;72;38;5;>1000 to < 10000 tonnes;10000;100000;1;1;0;0;1;0;0;1;1;1;0;0;1;0;1;1;1;1;0;1;1;1;1;0;0;0;0;0;0;1;0;0;1;0;0;0;0;0;1;0;0;1;0;0;0;0;0;0;0;0;1;1;0;0;0;0;0;0;0;0;0;0;1;0;1;4,92818E+14;9,95759E+14;9,99734E+14;;;;5,5603E+14;5,80698E+14;FALS;0;0;0;0;209400;low ;666;15400;low ;7;305400;;85;2,64547E+14;3,96381E+14;1,31127E+14;1,11526E+14;2,73235E+13;;;P_score_freshwater_pred_Dashboard;9,99734E+14;5,30709E+14;;;M_score_pred_Dashboard;5,80698E+14;5,68364E+13;kemi_score;72;7,61934E+14;10;;;5,49214E+14;10;3,91167E+14;10;5,45933E+14;10;3,91167E+14;5;4,63502E+14;10;0;vPvM;;PM;1;Ether;['Ethylene Glycols']
dimethyl(phenyl)sulfanium nonafluorobutane-1-sulfonate;220133-51-7;452-310-4;MLBXQNFRDRQIOL-UHFFFAOYSA-M;C[S+](C)c1ccccc1;DTXSID90881840;226255450;PRO-269;;REACH-C;FALS;PMT;HQ;Potential PMT/vPvM;FALS;FALS;;;FALS;FALS;FALS;FALS;FALS;FALS;FALS;FALS;FALS;FALS;FALS;FALS;FALS;FALS;FALS;FALS;FALS;FALS;;;;FALS;FALS;FALS;FALS;FALS;FALS;FALS;FALS;FALS;FALS;FALS;FALS;FALS;FALS;FALS;FALS;FALS;FALS;FALS;FALS;FALS;FALS;FALS;FALS;FALS;P-PNEC;43832;;352;;758;;178;3178976947;;8,73567E+14;;355;;;;;13;312366289;;;0;0;;;;0;0;0;0;0;0;0;0;0;0;0;0;0;0;0;0;0;0;0;0;0;0;0;0;0;0;0;0;0;0;0;0;0;0;0;0;0;0;0;0;0;0;0;0;0;0;0;0;0;0;0;0;0;0;0;0;0;0;0;0;0;0;0;0;0;;;6,55248E+14;;;;;3,06357E+13;FALS;0;0;0;0;17400;low ;391;493;low ;466;14900;low ;5;6,23712E+14;1,55402E+14;3,7668E+14;4,01873E+14;6,41138E+14;;;P_score_freshwater_pred_Dashboard;6,55248E+14;6,55248E+14;;;M_score_pred_Dashboard;3,06357E+13;3,06357E+13;E_score_min;0;4,4804E+14;10;;;4,4804E+14;10;6,41138E+14;5;5,04888E+14;75;6,41138E+14;25;5,04888E+14;75;0;PM(T);(T);PM(T);2;Benzene;['Other']
Dinitrotoluene;25321-14-6;246-836-1;DYSXLQBUUOPLBB-UHFFFAOYSA-N;Cc1cccc(c1N(=O)=O)N(=O)=O;DTXSID5027859;117610;PRO-270;NS00075459;REACH-B;FALS;vPvM & PMT;MQ;vPvM & PMT;FALS;FALS;;;FALS;FALS;FALS;FALS;FALS;FALS;FALS;FALS;FALS;FALS;FALS;FALS;FALS;FALS;FALS;FALS;FALS;FALS;;;;CERT;FALS;CERT;FALS;FALS;FALS;FALS;FALS;FALS;FALS;CERT;FALS;FALS;FALS;FALS;FALS;FALS;FALS;FALS;FALS;FALS;FALS;FALS;FALS;FALS;;182135;;136;;349;;589;2068185862;25691;7,38906E+14;5151468738;832;;;;10;;;;;0;7;>0 to < 10 tonnes;0;100;0;0;0;0;0;0;0;0;0;0;1;0;0;0;0;0;0;0;1;0;0;0;0;0;0;0;0;0;0;0;0;0;0;0;0;0;0;0;0;0;0;0;0;0;0;0;0;0;0;0;1;1;0;0;0;1;0;0;0;0;0;0;0;0;0;;4,35201E+14;2,71117E+14;;;6,66667E+14;4,02642E+14;4,88186E+14;FALS;0;0;0;0;2156;good ;10;12900;good ;10;4756;low ;7;;4,26725E+14;8,83743E+14;6,43297E+14;1,66575E+14;;;P_score_freshwater_pred_RIVM;4,35201E+14;2,31156E+14;M_score_exp_UBA;6,66667E+14;M_score_exp_UBA;6,66667E+14;5,19165E+13;E_score_max;7;5,38641E+14;10;6,66667E+14;5;3,46422E+14;10;1,66575E+14;5;3,64253E+14;75;3,33242E+14;5;2,71398E+14;75;0;PM;PM;PM;Priority group;Nh0, Aryl Methyl, Benzene, Nitro, Nitro Arom, Para Hydroxylation;['Nitrobenzene derivatives', 'PAHs']
Dinoseb;88-85-7;201-861-7;OWZPCEFYPSAJFR-UHFFFAOYSA-N;CCC(C)c1cc(N(=O)=O)cc(N(=O)=O)c1O;DTXSID3020207;69500;PRO-271;NS00000239;REACH-C;FALS;vPvM & PMT;HQ;PMT;FALS;FALS;;;FALS;FALS;FALS;FALS;FALS;FALS;FALS;FALS;FALS;FALS;FALS;FALS;FALS;FALS;FALS;FALS;FALS;FALS;"Landscape/yard -> herbicide; herbicide; herbicides and herbicide degradates";"Chemical reaction regulator; Process regulators";;CERT;CERT;CERT;FALS;FALS;FALS;FALS;FALS;FALS;FALS;FALS;FALS;FALS;FALS;FALS;FALS;FALS;FALS;FALS;FALS;FALS;FALS;FALS;FALS;FALS;MTR (totaal);240215;356;354;;876;298;282;2699837726;34993;9,65441E+14;5927168093;617;;3400;;29;;3;26;7;18;24;>1000 to < 10000 tonnes;10000;100000;0;0;0;0;0;0;0;0;0;0;0;0;0;0;0;0;0;0;0;0;0;0;0;0;0;0;0;0;0;0;1;0;0;0;0;0;0;0;0;0;0;0;0;0;0;0;0;0;0;0;1;0;0;0;1;0;0;0;0;0;0;0;0;0;0;;4,94781E+13;6,92778E+14;7,4786E+14;;3,4891E+14;2,61298E+14;3,81051E+14;CERT;0;0;75;0;1091;;10;4055;;85;2759;;10;8,20962E+13;6,86259E+14;1,15288E+14;8,01175E+14;8,60747E+14;P_score_soil_exp_UBA;7,4786E+14;P_score_soil_exp_UBA;7,4786E+14;6,45139E+14;M_score_exp_UBA;3,4891E+14;M_score_pred_Dashboard;3,81051E+14;3,3042E+14;kemi_score;7;5,33828E+14;10;5,10819E+14;10;4,617E+14;10;4,73069E+14;10;5,02531E+14;10;4,91582E+14;10;4,6735E+14;10;10;PM;PM;PM;1;Ar Oh, Nh0, Benzene, Nitro, Nitro Arom, Nitro Arom Nonortho, Phenol, Phenol Noorthohbond;['Alkylphenols', 'Phenols', 'Nitrobenzene derivatives']
Diphenylamine;122-39-4;204-539-4;DMBHHRLKUKUOEG-UHFFFAOYSA-N;c1ccccc1Nc1ccccc1;DTXSID4021975;114870;PRO-272;NS00010366;REACH-A;FALS;PMT;MQ;Not PMT/vPvM;FALS;FALS;;;FALS;FALS;FALS;FALS;FALS;FALS;FALS;FALS;FALS;FALS;FALS;FALS;FALS;FALS;FALS;CERT;CERT;CERT;"Specialty occupational products -> Firefighting foam; Vehicle -> engine maintenance -> auto fluids and additives; Vehicle -> engine maintenance -> motor oil; biocide; fungicide";"Antioxidant; Chemical reaction regulator; Dyes; Intermediate; Intermediates";"Antioxidant; Dyes";CERT;CERT;CERT;CERT;CERT;CERT;CERT;FALS;FALS;FALS;CERT;CERT;CERT;FALS;FALS;CERT;FALS;FALS;CERT;CERT;CERT;FALS;CERT;FALS;FALS;AA-QSwater_eco;169227;35;322;764;766;271;573;2780317312;28178;7,42483E+14;2593932217;1510;670;;;34;;12;36;96;11;22;>1 to <110 tonnes;10;1100;1;0;0;0;0;0;0;0;0;0;1;0;0;0;0;0;1;0;1;0;0;0;1;1;0;0;0;0;0;0;1;0;1;0;0;0;0;0;0;0;0;0;0;0;0;0;1;0;0;0;1;1;0;0;0;0;0;0;0;0;0;0;0;0;0;5,47021E+13;1,92543E+14;9,8662E+14;;;2,748E+14;3,61963E+14;3,67984E+14;CERT;0;0;0;0;8042;low ;681;1766;;10;760;;85;4,80215E+14;9,56094E+14;5,1889E+14;1,32295E+13;5,95578E+14;;;P_score_freshwater_pred_Dashboard;9,8662E+14;5,75395E+13;M_score_exp_UBA;2,748E+14;M_score_pred_Dashboard;3,67984E+14;3,34915E+14;kemi_score;96;6,02545E+14;10;2,748E+14;5;4,38986E+14;10;4,63042E+14;10;5,28208E+14;10;3,89122E+14;75;4,50854E+14;10;10;PM;;PM;;Nh1, Aniline, Benzene, Para Hydroxylation;['Aromatic amines']
Disodium [(9,10-dihydro-9,10-dioxo-1,4-anthrylene)diimino]bis[ethyltoluenesulphonate];83027-61-6;280-163-4;;CCc1cc(Nc2c3C(=O)c4c(cccc4)C(=O)c3c(Nc3c(C)c(cc(CC)c3)S(=O)(=O)O)cc2)c(C)c(c1)S(=O)(=O)O;DTXSID601003085;441450690;PRO-273;;REACH-B;FALS;vPvM;HQ;vPvM;FALS;FALS;;;FALS;FALS;FALS;FALS;FALS;FALS;FALS;FALS;FALS;FALS;FALS;FALS;FALS;FALS;FALS;CERT;CERT;CERT;;;;FALS;FALS;FALS;CERT;FALS;CERT;FALS;FALS;FALS;FALS;CERT;CERT;FALS;FALS;CERT;FALS;FALS;FALS;FALS;FALS;FALS;FALS;CERT;FALS;FALS;;67868;;-277;;956;;325;5120573931;35299;2,98623E+55;3075483024;562;7210;;;;-14;;26;;5;15;>1 to < 10 tonnes;10;100;0;0;0;0;0;0;0;0;0;0;0;0;0;0;0;0;0;0;0;0;0;0;0;0;0;0;0;0;0;0;0;0;1;0;0;0;0;0;0;0;0;0;0;0;0;0;1;0;0;0;0;0;0;0;0;0;0;0;0;0;0;0;0;0;0;9,85941E+14;9,42342E+14;10;;;;2,57224E+14;1,03121E+14;FALS;0;0;0;0;1834;low ;0;6809;low ;452;4299;low ;0;;5,55624E+14;9,41999E+14;6,70216E+14;2,51142E+14;;;P_score_freshwater_pred_Dashboard;10;9,76094E+14;;;M_score_pred_Episuite;2,57224E+14;1,80173E+14;E_score_max;15;5,07173E+13;10;;;4,19363E+14;10;8,08065E+14;10;2,02442E+14;10;8,08065E+14;5;1,84085E+14;10;20;PM;;PM;;C O, C O Nocoo, Nh1, Aniline, Aryl Methyl, Benzene, Bicyclic, Ketone;['Aromatic amines', 'Cyclohexanes', 'Benzophenones', 'PAHs']
Disodium [3-[(4,5-dihydro-3-methyl-5-oxo-1-phenyl-1H-pyrazol-4-yl)azo]-4-hydroxy-5-nitrobenzenesulphonato(3-)][2-[(2-hydroxybenzylidene)amino]-4-nitrophenolato(2-)-N2,O1,O2]chromate(2-);83733-23-7;280-676-3;;CC1=NN(C(=O)C1N=NC2=C(C(=CC(=C2)S(=O)(=O)O)[N+](=O)[O-])O)C3=CC=CC=C3;DTXSID701335877;918444810;PRO-274;;REACH-B;FALS;vPvM;HQ;vPvM;FALS;FALS;;;FALS;FALS;FALS;FALS;FALS;FALS;FALS;FALS;FALS;FALS;FALS;FALS;FALS;FALS;FALS;CERT;FALS;CERT;;;;FALS;FALS;FALS;CERT;FALS;CERT;FALS;FALS;FALS;FALS;CERT;CERT;FALS;FALS;CERT;FALS;FALS;FALS;FALS;FALS;FALS;FALS;CERT;FALS;FALS;;77054;;481;;956;;126;46599162;;5,3897E+14;;479;91840;;;;-16;;;;4;14;>1 to < 10 tonnes;10;100;0;0;0;0;0;0;0;0;0;0;0;0;0;0;0;0;0;0;0;0;0;0;0;0;0;0;0;0;0;0;0;0;0;0;0;0;0;0;0;0;0;0;0;0;0;0;1;0;0;0;0;0;0;0;0;0;0;0;0;0;0;0;0;0;0;9,99816E+14;;1E+15;;;;;1,36613E+14;FALS;0;0;0;0;1429;low ;193;6028;low ;501;7233;low ;501;;5,8405E+14;1,03862E+14;5,42016E+13;7,45518E+14;;;P_score_freshwater_pred_Dashboard;1E+15;9,99908E+14;;;M_score_pred_Dashboard;1,36613E+14;1,36613E+14;E_score_max;14;3,69612E+13;10;;;3,69595E+14;10;7,45518E+14;5;2,16762E+14;75;7,45518E+14;25;2,16755E+14;75;10;PM;;PM;2;Ar Oh, C O, C O Nocoo, Nh0, Amide, Aniline, Azo, Benzene, Hdrzone, Nitro, Nitro Arom, Para Hydroxylation, Phenol, Phenol Noorthohbond;['Alkylphenols', 'Phenols', 'Nitrobenzene derivatives']
Disodium [?-[[7,7'-iminobis[4-hydroxy-3-[[2-hydroxy-5-sulphamoylphenyl]azo]naphthalene-2-sulphonato]](6-)]]dicuprate(2-);6798-03-04 00:00:00;229-872-2;;NS(=O)(=O)c1ccc(O)c(c1)N=Nc1c(O)c2ccc(Nc3cc4cc(c(N=Nc5cc(ccc5O)S(=O)(=O)N)c(O)c4cc3)S(=O)(=O)O)cc2cc1S(=O)(=O)O;DTXSID80904411;812530;PRO-275;;REACH-B;FALS;vPvM;HQ;vPvM;FALS;FALS;;;FALS;FALS;FALS;FALS;FALS;FALS;FALS;FALS;FALS;FALS;FALS;FALS;FALS;FALS;FALS;FALS;FALS;FALS;;;;CERT;CERT;CERT;CERT;FALS;FALS;FALS;FALS;FALS;FALS;FALS;FALS;FALS;FALS;FALS;FALS;FALS;FALS;FALS;FALS;FALS;FALS;FALS;FALS;FALS;;102685;;-227;;96;;411;451054501;;4,37504E+62;;398;9340;;;;-40;;;;0;0;;;;0;0;0;0;0;0;0;0;0;0;0;0;0;0;0;0;0;0;0;0;0;0;0;0;0;0;0;0;0;0;0;0;0;0;0;0;0;0;0;0;0;0;0;0;0;0;0;0;0;0;0;0;0;0;0;0;0;0;0;0;0;0;0;0;0;9,90922E+14;;10;;;;;1,4929E+14;FALS;0;0;0;0;3042;low ;0;3,086E+14;low ;0;17000;low ;0;;7,66049E+14;7,70472E+14;3,80358E+14;0;;;P_score_freshwater_pred_Dashboard;10;9,95461E+14;;;M_score_pred_Dashboard;1,4929E+14;1,4929E+14;E_score_min;0;3,86381E+14;10;;;3,85503E+14;10;0;5;0;75;0;25;0;75;0;PM;;PM;1;Ar Oh, Nh0, Nh1, Nh2, Aniline, Azo, Benzene, Bicyclic, Phenol, Phenol Noorthohbond, Sulfonamd;['Sulfonamides', 'Alkylphenols', 'Cyclohexanes', 'Phenols']
disodium 2-({2-hydroxy-3-[2-(4-nonylphenoxy)ethoxy]propyl}(methyl)amino)acetate 2-{[3-({1-chloro-3-[2-(4-nonylphenoxy)ethoxy]propan-2-yl}oxy)-2-hydroxypropyl](methyl)amino}acetate;75627-31-5;616-248-3;WNNQRXXRRYDBEF-UHFFFAOYSA-L;CCCCCCCCCc1ccc(OCCOCC(O)CN(C)CC(=O)OC(=O)CN(C)CC(O)COC(CCl)COCCOc2ccc(CCCCCCCCC)cc2)cc1;DTXSID701013108;;PRO-276;NS00101325;REACH-A;FALS;vPvM;HQ;PM;FALS;FALS;;;FALS;FALS;FALS;FALS;FALS;FALS;FALS;FALS;FALS;FALS;FALS;FALS;FALS;FALS;FALS;FALS;FALS;FALS;;;;FALS;FALS;FALS;FALS;FALS;FALS;CERT;FALS;FALS;FALS;FALS;FALS;FALS;FALS;FALS;FALS;FALS;FALS;FALS;FALS;FALS;FALS;FALS;FALS;FALS;;;;18;;946;;117;1729974286;;2,75889E+14;;316;8310;;;25;;;;;0;0;;;;0;0;0;0;0;0;0;0;0;0;0;0;0;0;0;0;0;0;0;0;0;0;0;0;0;0;0;0;0;0;0;0;0;0;0;0;0;0;0;0;0;0;0;0;0;0;0;0;0;0;0;0;0;0;0;0;0;0;0;0;0;0;0;0;0;9,88938E+14;;9,31383E+14;;;4,14214E+14;;5,46656E+14;FALS;0;0;0;0;2853;low ;0;120;low ;0;12000;low ;0;;2,53661E+14;7,90517E+14;4,39742E+14;0;;;P_score_freshwater_pred_UBA;9,88938E+14;9,6016E+14;M_score_exp_UBA;4,14214E+14;M_score_pred_Dashboard;5,46656E+14;4,80435E+14;E_score_min;0;7,35261E+14;10;4,14214E+14;5;6,79186E+14;10;0;5;0;75;0;5;0;75;0;vPvM;PM;PM;;Al Oh, Al Oh Notert, C O, C O Nocoo, Nh0, Ndealkylation1, Alkyl Halide, Aryl Methyl, Benzene, Ester, Ether, Halogen, Unbrch Alkane;['Alkylphenols', 'Chlorinated alkane', 'Chlorobenzenes', 'Ethylene Glycols', 'PAHs', 'PBB', 'PBDE', 'PhenylEthers', 'Phtalates']
Disodium 2-(2,4,5,7-tetraiodo-6-oxido-3-oxoxanthen-9-yl)benzoate;16423-68-0;240-474-8;IINNWAYUJNWZRM-UHFFFAOYSA-L;C1=CC=C2C(=C1)C(=O)OC23C4=CC(=C(C(=C4OC5=C(C(=C(C=C35)I)[O-])I)I)[O-])I.[Na+].[Na+];DTXSID7021233;129616380;PRO-277;;REACH-A;FALS;vPvM;HQ;vPvM;FALS;FALS;;;FALS;FALS;FALS;FALS;FALS;FALS;FALS;FALS;FALS;FALS;FALS;FALS;FALS;FALS;FALS;CERT;CERT;CERT;"Arts and crafts/office supplies -> general arts and crafts supplies -> arts and crafts adhesive; Personal care -> fragrance; Personal care -> general moisturizing; Personal care -> specialized bath products -> bath salts; Toys and children's products; color additive; colorant; cosmetic colorant; dye; hair dyeing";Dyes;"Dyes; Not Known or Reasonably Ascertainable";CERT;CERT;CERT;CERT;CERT;CERT;CERT;CERT;CERT;CERT;CERT;CERT;CERT;FALS;CERT;CERT;CERT;CERT;CERT;CERT;CERT;CERT;CERT;FALS;FALS;P-PNEC;87986;;715;;971;855;781;4810232518;4137;3,7885E+79;4049239153;437;30039030;;;13;;16516841;;74;14;26;>10 to < 100 tonnes;100;1000;1;1;1;1;1;1;1;1;1;1;1;1;1;1;1;1;1;1;0;1;1;1;1;1;1;1;1;1;1;1;1;1;1;1;1;1;1;1;1;1;1;1;1;0;0;1;1;1;1;1;0;1;1;1;1;1;0;1;0;1;0;1;1;0;0;1E+15;9,63175E+14;10;;;6,18976E+14;7,50174E+14;1,24782E+14;FALS;0;0;0;0;2,951E+14;low ;0;1215;low ;0;1185;low ;0;8,55953E+13;1,10605E+14;7,79904E+14;1,11678E+13;8,55953E+13;;;P_score_freshwater_pred_Dashboard;10;9,87725E+14;M_score_exp_UBA;6,18976E+14;M_score_pred_Episuite;7,50174E+14;4,97977E+14;kemi_score;74;8,66126E+14;10;6,18976E+14;5;7,01331E+14;10;8,55953E+13;5;8,62721E+14;75;7,27883E+14;5;7,49489E+11;75;10;vPvM(T);PM(T);vPvM(T);;C O, C O Nocoo, Benzene, Bicyclic, Ester, Ether, Halogen;['Chlorobenzenes', 'Cyclohexanes', 'Ethylene Glycols', 'HBCDDs', 'PBB', 'PBDE', 'PCB', 'PhenylEthers', 'Phtalates']
Disodium 4,4'-diamino-9,9',10,10'-tetrahydro-9,9',10,10'-tetraoxo[1,1'-bianthracene]-3,3'-disulphonate;6022-22-6;227-877-4;OKHQKAVALRCESS-UHFFFAOYSA-L;C1=CC=C2C(=C1)C(=O)C3=C(C2=O)C(=C(C=C3C4=CC(=C(C5=C4C(=O)C6=CC=CC=C6C5=O)N)S(=O)(=O)O)S(=O)(=O)O)N;DTXSID1064085;801190;PRO-278;NS00078375;REACH-B;FALS;vPvM;HQ;vPvM;FALS;FALS;;;FALS;FALS;FALS;FALS;FALS;FALS;FALS;FALS;FALS;FALS;FALS;FALS;FALS;FALS;FALS;FALS;FALS;FALS;;;;CERT;FALS;CERT;FALS;FALS;FALS;FALS;FALS;FALS;FALS;FALS;FALS;FALS;FALS;FALS;FALS;FALS;FALS;FALS;FALS;FALS;FALS;FALS;FALS;FALS;P-PNEC;64852;;187;;954;;274;442975228;32862;1,30418E+66;1643865461;38;29370;;;;-12;15087726;29;34;0;0;;;;0;0;0;0;0;0;0;0;0;0;0;0;0;0;0;0;0;0;0;0;0;0;0;0;0;0;0;0;0;0;0;0;0;0;0;0;0;0;0;0;0;0;0;0;0;0;0;0;0;0;0;1;0;0;0;0;0;0;0;0;0;0;0;0;0;9,98709E+14;8,48512E+14;10;;;;2,90795E+14;1,56543E+14;FALS;0;0;0;0;3827;low ;0;4610;low ;448;5536;low ;0;8,60731E+14;6,51496E+14;7,02498E+13;6,04721E+14;8,60731E+14;;;P_score_freshwater_pred_Dashboard;10;9,49074E+14;;;M_score_pred_Episuite;2,90795E+14;2,23669E+14;kemi_score;34;5,39254E+14;10;;;4,60737E+14;10;4,99612E+14;10;5,19055E+14;10;4,99612E+14;5;4,79781E+14;10;10;PM;;PM;;Arn, C O, C O Nocoo, Nh2, Aniline, Benzene, Bicyclic, Ketone;['Aromatic amines', 'Cyclohexanes', 'Benzophenones']
Disodium 4-[4-[[5-[(2-bromo-1-oxoallyl)amino]-2-sulphonatophenyl]azo]-4,5-dihydro-3-methyl-5-oxo-1H-pyrazol-1-yl]-2,5-dichlorobenzenesulphonate;70247-70-0;274-499-0;JVURCOFLRNSPQI-UHFFFAOYSA-L;CC1=NN(C(=O)C1N=NC2=C(C=CC(=C2)NC(=O)C(=C)Br)S(=O)(=O)[O-])C3=CC(=C(C=C3Cl)S(=O)(=O)[O-])Cl.[Na+].[Na+];DTXSID10890075;1531150;PRO-279;;REACH-A;CERT;vPvM & PMT;HQ;vPvM & PMT;FALS;FALS;;;FALS;FALS;FALS;FALS;FALS;FALS;FALS;FALS;FALS;FALS;FALS;FALS;FALS;FALS;FALS;CERT;CERT;CERT;;;;FALS;CERT;CERT;CERT;FALS;CERT;CERT;FALS;FALS;FALS;CERT;CERT;FALS;FALS;CERT;FALS;FALS;FALS;FALS;FALS;FALS;FALS;CERT;FALS;FALS;P-PNEC pred;74521;;116;;949;;221;3149219113;21848;4,10516E+14;428492509;55;47770;;;;-47;16706478;47;52;14;26;>10 to < 100 tonnes;100;1000;0;0;0;0;0;0;0;0;0;0;0;0;0;0;0;0;0;1;0;0;0;1;0;0;1;0;0;0;0;0;1;0;1;0;0;0;0;0;0;0;0;0;0;0;0;0;1;1;1;1;0;0;0;0;1;0;0;0;0;0;0;0;0;0;0;9,99438E+14;9,66456E+14;9,99272E+14;;;;4,6802E+14;3,10758E+14;FALS;0;0;0;0;3932;low ;0;428;low ;0;11800;low ;0;8,5534E+14;1,63633E+14;6,94859E+13;4,42821E+12;8,5534E+14;;;P_score_freshwater_pred_UBA;9,99438E+14;9,88388E+13;;;M_score_pred_Episuite;4,6802E+14;3,89389E+14;kemi_score;52;6,83928E+14;10;;;6,20377E+14;10;6,34043E+14;10;6,58513E+14;10;6,34043E+14;5;6,27173E+13;10;0;PM(T);(T);PM(T);;C O, C O Nocoo, Nh0, Nh1, Amide, Aniline, Azo, Benzene, Halogen, Hdrzone;['Chlorobenzenes', 'PBB', 'PCB', 'Styrenes']
Disodium 6-hydroxy-5-[(2-methoxy-4-sulphonato-m-tolyl)azo]naphthalene-2-sulphonate;25956-17-6;247-368-0;CEZCCHQBSQPRMU-UHFFFAOYSA-L;CC1=CC(=C(C=C1S(=O)(=O)[O-])OC)N=NC2=C(C=CC3=C2C=CC(=C3)S(=O)(=O)[O-])O.[Na+].[Na+];DTXSID4024436;332580;PRO-280;NS00100125;REACH-A;CERT;vPvM & PMT;HQ;vPvM & PMT;FALS;FALS;;;FALS;FALS;FALS;FALS;FALS;FALS;FALS;FALS;FALS;FALS;FALS;FALS;FALS;FALS;FALS;CERT;CERT;CERT;"Arts and crafts/office supplies -> children's art and toys; Arts and crafts/office supplies -> children's art and toys -> crayons; Arts and crafts/office supplies -> home office -> pens and markers; Cleaning and safety; Personal care; Personal care -> acne treatment -> face wash; Personal care -> body care set; Personal care -> body hygiene -> body scrub; Personal care -> body hygiene -> body wash; Personal care -> body hygiene -> feminine hygiene; Personal care -> body hygiene -> hand sanitizer; Personal care -> body hygiene -> hand soap; Personal care -> child specific; Personal care -> child specific -> baby oil; Personal care -> child specific -> bath paints/crayons; Personal care -> dental care; Personal care -> dental care -> mouthwash; Personal care -> dental care -> toothpaste; Personal care -> eye care and contacts -> eye cream; Personal care -> facial cleansing and moisturizing -> face cream/moisturizer; Personal care -> fragrance; Personal care -> general moisturizing; Personal care -> general moisturizing -> hand/body lotion; Personal care -> glitter; Personal care -> hair styling and care -> hair conditioner; Personal care -> hair styling and care -> hair conditioner - leave-in; Personal care -> hair styling and care -> hair styling; Personal care -> hair styling and care -> shampoo; Personal care -> hair styling and care -> shampoo - dandruff; Personal care -> make-up and related -> eye liner; Personal care -> make-up and related -> eye shadow; Personal care -> make-up and related -> foundation/concealer; Personal care -> make-up and related -> lip balm; Personal care -> make-up and related -> lip color; Personal care -> make-up and related -> lip gloss; Personal care -> make-up and related -> makeup remover; Personal care -> nails -> nail polish; Personal care -> specialized bath products -> bath salts; Personal care -> specialized bath products -> bubble bath; Pesticides -> fungicide; color; color additive; colorant; cosmetic colorant; dye; dye; fragrance; fragrance component; hair dyeing";"Dye; Dyes";"Dye; Dyes";CERT;CERT;CERT;CERT;CERT;CERT;CERT;CERT;CERT;CERT;CERT;CERT;CERT;FALS;CERT;CERT;CERT;CERT;FALS;FALS;FALS;FALS;CERT;CERT;FALS;P-PNEC;49642;;164;;937;;951;1980003372;27018;2,3449E+14;8822636779;234;25000;;;13;;331751041;38;82;14;26;>10 to < 100 tonnes;100;1000;1;1;1;1;1;1;1;1;1;1;1;1;1;1;1;1;1;1;0;1;1;1;1;1;1;1;1;1;1;1;1;1;1;1;1;1;1;1;1;1;1;0;1;0;0;1;1;1;1;1;0;1;0;1;1;1;0;1;0;1;0;1;0;0;0;9,98301E+13;6,59063E+14;9,98105E+14;;;6,18976E+14;3,8073E+14;5,03465E+14;FALS;0;0;0;0;2231;low ;0;2,148E+14;low ;51;13900;low ;642;6,17556E+14;8,85044E+13;8,71851E+14;4,13674E+14;6,17556E+14;;;P_score_freshwater_pred_UBA;9,98301E+13;8,85156E+14;M_score_exp_UBA;6,18976E+14;M_score_exp_UBA;6,18976E+14;5,01057E+14;kemi_score;82;7,86081E+14;10;6,18976E+14;5;6,65968E+14;10;4,84429E+13;10;6,1709E+14;10;5,25668E+14;75;5,67991E+14;10;0;vPvM;PM;PM;1;Ar Oh, Nh0, Aryl Methyl, Azo, Benzene, Bicyclic, Ether, Methoxy, Phenol, Phenol Noorthohbond;['Alkylphenols', 'Cyclohexanes', 'Ethylene Glycols', 'Phenols', 'PAHs', 'PBDE', 'PhenylEthers']
Disodium 7-[(4-amino-3-methoxyphenyl)azo]naphthalene-1,3-disulphonate;65151-26-0;265-529-3;QRSFZPZKWSGHRQ-UHFFFAOYSA-L;COc1cc(ccc1N)N=Nc1cc2c(cc(cc2cc1)S(=O)(=O)O)S(=O)(=O)O;DTXSID30889840;1032600;PRO-281;;REACH-B;FALS;vPvM;HQ;vPvM;FALS;FALS;;;FALS;FALS;FALS;FALS;FALS;FALS;FALS;FALS;FALS;FALS;FALS;FALS;FALS;FALS;FALS;FALS;FALS;FALS;;;;FALS;CERT;CERT;FALS;FALS;FALS;FALS;FALS;FALS;FALS;FALS;FALS;FALS;FALS;FALS;FALS;FALS;FALS;FALS;FALS;FALS;FALS;FALS;FALS;FALS;P-PNEC pred;4814;;127;;937;;137;1630427875;1584;7,15216E+14;1037941916;234;9470;;;;-20;103407353;57;3;0;0;;;;0;0;0;0;0;0;0;0;0;0;0;0;0;0;0;0;0;0;0;0;0;0;0;0;0;0;0;0;0;0;0;0;0;0;0;0;0;0;0;0;0;0;0;0;0;0;0;0;0;0;0;0;0;0;0;0;0;0;0;0;0;0;0;0;0;9,91133E+13;7,18478E+14;5,74512E+14;;;;5,71592E+14;5,63694E+13;FALS;0;0;0;0;1727;low ;0;7,222E+14;low ;527;11300;low ;648;7,28188E+14;5,42355E+14;9,64513E+14;4,50848E+14;7,28188E+14;;;P_score_freshwater_pred_UBA;9,91133E+13;7,61374E+13;;;M_score_pred_Episuite;5,71592E+14;5,67643E+14;kemi_score;3;7,52677E+14;10;;;6,57411E+14;10;6,44257E+14;10;6,9636E+14;10;6,44257E+14;5;6,50801E+14;10;0;vPvM(T);(T);PM(T);4;Arn, Nh0, Nh2, Aniline, Azo, Benzene, Bicyclic, Ether, Methoxy;['Aromatic amines', 'Cyclohexanes', 'Ethylene Glycols', 'PBDE', 'PhenylEthers']
Disodium oxybis[methylbenzenesulphonate];73037-34-0;277-242-0;KIJXFUZOQIQMKG-UHFFFAOYSA-L;CC1=C(C(=CC=C1)S(=O)(=O)[O-])OC2=C(C=CC=C2S(=O)(=O)[O-])C.[Na+].[Na+];DTXSID00890327;1753980;PRO-282;;REACH-A;CERT;vPvM;HQ;vPvM;FALS;FALS;;;FALS;FALS;FALS;FALS;FALS;FALS;FALS;FALS;FALS;FALS;FALS;FALS;FALS;FALS;FALS;FALS;FALS;FALS;;;;CERT;FALS;CERT;FALS;FALS;CERT;FALS;FALS;FALS;FALS;CERT;FALS;FALS;FALS;FALS;FALS;FALS;FALS;FALS;FALS;FALS;FALS;FALS;FALS;FALS;P-PNEC pred;40234;;12;;936;;123;251054501;10916;5,98741E+14;422854461;24;25000;;;;-19;1056777;;41;22;33;>100 to < 1000 tonnes;1000;10000;0;0;0;0;0;0;0;0;0;0;0;0;0;0;0;0;0;0;0;1;0;1;0;0;0;0;0;0;0;0;0;0;0;0;0;0;0;0;0;0;0;0;0;0;0;0;1;0;0;0;0;0;0;0;0;0;0;0;0;0;0;0;0;0;0;9,98301E+13;3,54765E+14;9,99993E+14;;;;6,52411E+14;4,12441E+14;FALS;0;0;0;0;951;low ;209;7,39E+14;low ;404;33000;low ;7;2,64252E+14;1,33699E+14;1,21513E+14;2,879E+14;2,64252E+14;;;P_score_freshwater_pred_Dashboard;9,99993E+14;7,84353E+14;;;M_score_pred_Episuite;6,52411E+14;5,32426E+13;kemi_score;41;8,07717E+14;10;;;6,46227E+14;10;2,64252E+14;5;5,5656E+14;75;2,64252E+14;25;4,79656E+14;75;0;vPvM;;PM;3;Aryl Methyl, Benzene, Ether, Para Hydroxylation;['Ethylene Glycols', 'PAHs', 'PBDE', 'PhenylEthers']
Ditolyl ether;28299-41-4;248-948-6;CYXMOAZSOPXQOD-UHFFFAOYSA-N;Cc1cc(ccc1)Oc1cc(C)ccc1;DTXSID8051962;784620;PRO-283;NS00008768;REACH-A;CERT;PMT;MQ;Not PMT/vPvM;FALS;FALS;;;FALS;FALS;FALS;FALS;FALS;FALS;FALS;FALS;FALS;FALS;FALS;FALS;FALS;FALS;FALS;FALS;FALS;FALS;;;;CERT;CERT;CERT;FALS;FALS;FALS;CERT;FALS;FALS;FALS;FALS;FALS;FALS;FALS;FALS;FALS;FALS;FALS;FALS;FALS;FALS;FALS;FALS;FALS;FALS;P-PNEC pred;;40;79;;47;0,00141;0;4220108088;38241;1,3429E+14;3693114972;339;320;;;37;;77881;22;71;24;33;>1000 to < 10000 tonnes;10000;100000;0;0;0;0;0;0;0;0;0;0;0;0;0;0;0;1;0;0;1;0;0;1;0;0;0;1;0;1;0;0;0;0;0;0;0;0;0;0;0;0;0;0;0;0;0;0;1;0;0;0;1;1;0;0;0;0;0;0;0;0;0;0;0;1;0;2,54527E+14;3,03728E+14;7,98553E+14;;;2,35349E+14;2,20223E+14;1,76701E+13;FALS;0;0;0;0;629;low ;688;1130;low ;502;985;moderate ;85;5,27115E+14;1,13742E+14;1,42015E+14;1,19894E+14;5,27115E+14;;;P_score_freshwater_pred_Dashboard;7,98553E+14;4,52269E+14;M_score_exp_UBA;2,35349E+14;M_score_exp_UBA;2,35349E+14;2,10757E+14;kemi_score;71;4,33519E+14;10;2,35349E+14;5;3,08738E+12;10;3,40537E+14;10;3,84225E+14;10;3,01079E+14;75;3,24248E+14;10;10;PM;;;1;Aryl Methyl, Benzene, Ether;['Ethylene Glycols', 'PAHs', 'PBDE', 'PhenylEthers']
"diuron (ISO); 3-(3,4-dichlorophenyl)-1,1-dimethylurea";330-54-1;206-354-4;XMTQQYYKAHVGBJ-UHFFFAOYSA-N;CN(C)C(=O)Nc1cc(c(cc1)Cl)Cl;DTXSID0020446;31200;PRO-284;NS00000265;REACH-C;FALS;vPvM & PMT;HQ;PMT;FALS;FALS;;;FALS;FALS;FALS;FALS;FALS;FALS;FALS;FALS;FALS;FALS;FALS;FALS;FALS;FALS;FALS;FALS;FALS;CERT;"Home maintenance -> adhesives and adhesive removers -> multipurpose adhesive; Landscape/yard -> herbicide; herbicide; herbicides and herbicide degradates; pesticide or degradate";"Adhesives and sealant chemicals; Hardener; Other; Paint additives and coating additives not described by other categories; Processing aids, not otherwise listed";"Hardener; Other";CERT;FALS;CERT;CERT;FALS;CERT;FALS;FALS;FALS;CERT;CERT;CERT;FALS;FALS;FALS;FALS;FALS;FALS;FALS;FALS;FALS;CERT;CERT;FALS;FALS;AA-EQS;23309;268;272;;996;173;326;2399673721;23321;8,73567E+14;6405708698;141;;19200;2320;26;;7;44;81;23;34;>100 to < 1000 tonnes;1000;10000;0;0;0;0;0;0;0;0;0;0;0;0;0;0;0;0;0;0;0;0;0;0;0;0;0;0;0;0;0;0;1;0;0;0;0;0;0;0;0;0;0;0;0;0;0;0;0;0;0;0;0;0;0;1;0;0;0;0;0;0;0;0;0;0;0;;5,27934E+14;6,55248E+14;9,82819E+14;6,0679E+14;3,97501E+14;4,42704E+14;4,31181E+13;CERT;5;0;0;0;2766;low ;654;3120;low ;686;14000;low ;508;7,60405E+14;7,6269E+14;8,00364E+14;4,12441E+14;7,60405E+14;P_score_soil_exp_UBA;9,82819E+14;P_score_soil_exp_UBA;9,82819E+14;6,93198E+14;M_score_exp_UBA;3,97501E+14;M_score_pred_Episuite;4,42704E+14;4,23796E+13;kemi_score;81;6,5962E+14;10;6,25037E+14;10;5,42009E+12;10;5,78427E+14;10;6,17691E+13;10;6,01281E+14;10;5,59922E+14;10;0;PM;PM;PM;4;C O, C O Nocoo, Nh0, Nh1, Amide, Aniline, Benzene, Halogen, Urea;['Chlorobenzenes', 'PBB', 'PCB', 'Phenylureas']
erucamide;112-84-5;204-009-2;UAUDZVJPLUQNMU-KTKRTIGZSA-N;CCCCCCCCC=CCCCCCCCCCCCC(=O)N;DTXSID4026929;53653710;PRO-285;NS00010726;;CERT;;;;FALS;FALS;;;FALS;FALS;FALS;FALS;FALS;FALS;FALS;FALS;FALS;CERT;FALS;FALS;FALS;FALS;CERT;CERT;CERT;CERT;"Construction and building materials; Furniture and furnishings; additive; lubricant; lubricating agent; opacifying; processing aid not otherwise specified; slip promoter; viscosity controlling";"Adhesives and sealant chemicals; Adsorbents and absorbents; Anti-adhesive agents; Anti-adhesive/cohesive; Antioxidant; Corrosion inhibitor; Lubricants and lubricant additives; Lubricating agent; Not Known or Reasonably Ascertainable; Other (specify); Processing aids not otherwise specified; Processing aids, not otherwise listed";"Anti-adhesive agents; Anti-adhesive/cohesive; Antioxidant; Lubricants and lubricant additives; Lubricating agent; Not Known or Reasonably Ascertainable; Processing aids, not otherwise listed";CERT;CERT;CERT;CERT;CERT;CERT;CERT;FALS;FALS;CERT;CERT;CERT;CERT;FALS;CERT;CERT;CERT;CERT;FALS;FALS;FALS;CERT;CERT;FALS;FALS;;337592;;85;;104;;0,00135;4139879086;55897;2,14863E+14;2788086909;2950;;;;;;708;8;8;52;65;>10000 to < 100000 tonnes;100000;1000000;0;1;0;0;0;0;0;1;1;1;0;0;0;0;0;0;0;1;1;0;0;0;0;0;0;0;0;0;0;0;1;0;0;0;0;0;0;0;0;0;0;0;0;0;0;0;0;0;1;0;1;0;1;1;1;1;0;1;1;1;1;1;0;0;0;;2,12457E+14;8,98507E+14;;;;7,66902E+14;1,84937E+14;FALS;0;0;0;0;505;low ;0;506;good ;10;106;moderate ;85;8,95666E+14;1,53924E+13;1,54036E+14;2,63995E+14;8,95666E+14;;;P_score_freshwater_pred_Dashboard;8,98507E+14;5,55482E+14;;;M_score_pred_Dashboard;1,84937E+14;1,30814E+14;kemi_score;8;4,07636E+14;10;;;2,69564E+14;10;2,67681E+14;10;3,30328E+14;10;2,67681E+14;5;2,68621E+14;10;10;PM;;;3;C O, C O Nocoo, Nh2, Allylic Oxid, Amide, Priamide, Unbrch Alkane;['Other']
Erythromycin;114-07-8;204-040-1;ULGZDMOVFRHVEP-RWJQBGPGSA-N;CCC1C(C)(O)C(O)C(C)C(=O)C(C)CC(C)(O)C(OC2C(O)C(N(C)C)CC(C)O2)C(C)C(OC2CC(C)(OC)C(O)C(C)O2)C(C)C(=O)O1;DTXSID4022991;125600;PRO-286;;REACH-B;FALS;vPvM & PMT;MQ;vPvM & PMT;FALS;FALS;;;FALS;FALS;FALS;FALS;FALS;FALS;FALS;FALS;FALS;FALS;FALS;FALS;FALS;FALS;FALS;FALS;FALS;FALS;antibiotic;;;CERT;CERT;CERT;FALS;FALS;FALS;CERT;FALS;FALS;FALS;FALS;FALS;FALS;FALS;FALS;FALS;FALS;FALS;FALS;FALS;FALS;FALS;FALS;FALS;FALS;EQS-proposal;733937;306;27;;953;355;939;4650307523;14064;5,3897E+14;478236311;339;61610;;;;-9;2;6;49;0;0;;;;1;0;0;0;0;0;0;0;0;0;0;0;0;0;0;0;0;0;0;0;0;0;0;0;0;0;0;0;0;0;0;0;0;0;0;0;0;0;0;0;0;0;0;0;0;0;0;0;0;0;0;1;0;0;0;0;0;0;0;0;0;0;0;0;0;9,99636E+14;9,72038E+14;1E+15;;;;6,01436E+14;1,374E+14;FALS;0;0;0;0;4151;low ;0;3555;low ;0;46000;low ;0;6,67959E+14;7,23701E+12;6,79792E+14;2,50196E+14;6,67959E+14;;;P_score_freshwater_pred_Dashboard;1E+15;9,90558E+14;;;M_score_pred_Episuite;6,01436E+14;3,69418E+14;kemi_score;49;7,75523E+14;10;;;6,04921E+14;10;6,33068E+14;10;7,00685E+14;10;6,33068E+14;5;6,18835E+14;10;10;vPvM(T);(T);PM(T);1;Al Oh, Al Oh Notert, C O, C O Nocoo, Nh0, Ndealkylation1, Ester, Ether, Ketone, Ketone Topliss, Lactone, Methoxy;['Alkylphenols', 'Ethylene Glycols']
"ethametsulfuron-methyl (ISO); methyl 2-[(4-ethoxy-6-methylamino-1,3,5-triazin-2-yl)carbamoylsulfamoyl]benzoate";97780-06-8;619-290-0;ZINJLDJMHCUBIP-UHFFFAOYSA-N;CCOc1nc(NC)nc(NC(=O)NS(=O)(=O)c2ccccc2C(=O)OC)n1;DTXSID9034573;917560;PRO-287;NS00005321;REACH-B;FALS;vPvM;HQ;vPvM;FALS;FALS;;;FALS;FALS;FALS;FALS;FALS;FALS;FALS;FALS;FALS;FALS;FALS;FALS;FALS;FALS;FALS;FALS;FALS;FALS;;;;FALS;FALS;CERT;FALS;FALS;FALS;CERT;FALS;FALS;FALS;CERT;FALS;FALS;FALS;FALS;FALS;FALS;FALS;FALS;FALS;FALS;FALS;FALS;FALS;FALS;P-PNEC pred;41041;159;136;;941;0,00438;289;192992956;17572;7,15216E+14;1100500114;275;24220;10920;;16;;2562;54;46;4;11;>1 to < 10 tonnes;10;100;0;0;0;0;0;0;0;0;0;0;0;0;0;0;0;0;0;0;0;0;0;0;0;0;0;1;0;0;0;0;0;0;0;0;0;0;0;0;0;0;0;0;0;0;0;0;0;0;0;0;0;0;0;0;0;0;0;0;0;0;0;0;0;0;0;9,98206E+14;7,38266E+14;5,74512E+14;9,56141E+14;;5,68874E+14;5,41975E+14;5,1214E+14;CERT;0;0;0;0;2594;low ;188;6833;low ;202;14500;low ;245;8,30816E+14;5,54822E+14;8,21136E+14;4,06457E+14;8,30816E+14;P_score_soil_exp_UBA;9,56141E+14;P_score_freshwater_pred_UBA;9,98206E+14;8,16781E+14;M_score_exp_UBA;5,68874E+14;M_score_exp_UBA;5,68874E+14;5,40996E+14;kemi_score;46;7,53561E+14;10;7,37512E+14;10;6,64737E+13;10;6,69806E+14;10;7,1045E+14;10;7,02844E+14;10;6,67267E+14;10;0;vPvM(T);vPvM(T);PM(T);1;Ar N, C O, C O Nocoo, Nh0, Nh1, Amide, Aniline, Benzene, Ester, Ether, Methoxy, Sulfonamd, Urea;['Sulfonamides', 'Ethylene Glycols', 'PBDE', 'PhenylEthers', 'Phenylureas', 'Phtalates']
Ethisterone;434-03-7;207-096-5;CHNXZKVNWQUJIB-CEGNMAFCSA-N;C[C@]12CCC(=O)C=C1CC[C@@H]1[C@@H]2CC[C@@]2(C)[C@H]1CC[C@@]2(O)C#C;DTXSID2023016;52845570;PRO-288;NS00007266;REACH-B;FALS;PMT;MQ;Potential PMT/vPvM;FALS;FALS;;;FALS;FALS;FALS;FALS;FALS;FALS;FALS;FALS;FALS;FALS;FALS;FALS;FALS;FALS;FALS;FALS;FALS;FALS;;;;CERT;FALS;CERT;FALS;FALS;FALS;CERT;FALS;FALS;FALS;FALS;FALS;FALS;FALS;FALS;FALS;FALS;FALS;FALS;FALS;FALS;FALS;FALS;FALS;FALS;P-PNEC pred;312453;311;343;;114;0,000219;0,00694;5720159303;24295;2,69508E+56;1456591325;603;2280;;;;27;434194;43;28;0;0;;;;0;0;0;0;0;0;0;0;0;0;0;0;0;0;0;0;0;0;1;0;0;0;0;0;0;0;0;0;0;0;0;0;0;0;0;0;0;0;0;0;0;0;0;0;0;0;0;0;0;0;0;1;0;0;0;0;0;0;0;0;0;0;0;0;0;9,07392E+14;8,19979E+14;10;;;;4,26118E+14;7,05273E+14;FALS;0;0;0;0;658;low ;293;5273;low ;556;795;low ;693;3,4577E+14;6,16843E+14;1,39647E+14;1,30067E+14;3,4577E+14;;;P_score_freshwater_pred_Dashboard;10;9,09124E+14;;;M_score_pred_Episuite;4,26118E+14;2,48323E+14;kemi_score;28;6,52777E+14;10;;;4,75138E+14;10;3,85592E+14;10;5,01703E+14;10;3,85592E+14;5;4,2803E+14;10;10;PM;;PM;1;Al Oh, C O, C O Nocoo, Allylic Oxid, Bicyclic, Ketone, Term Acetylene;['Alkylphenols', 'Cyclohexanes', 'Terpenoid', 'Acrylics/Acrylates']
Ethyl 2-(4-chloro-6-methoxypyrimidin-2-ylcarbamoylsulfamoyl)benzoate;90982-32-4;618-690-2;NSWAMPCUPHPTTC-UHFFFAOYSA-N;CCOC(=O)c1ccccc1S(=O)(=O)NC(=O)Nc1nc(Cl)cc(OC)n1;DTXSID0023955;561600;PRO-289;NS00000106;REACH-B;FALS;vPvM;HQ;PM;FALS;FALS;;;FALS;FALS;FALS;FALS;FALS;FALS;FALS;FALS;FALS;FALS;FALS;FALS;FALS;FALS;FALS;FALS;FALS;FALS;"herbicide; herbicides and herbicide degradates";;;FALS;FALS;CERT;FALS;FALS;FALS;CERT;FALS;FALS;FALS;CERT;FALS;FALS;FALS;FALS;FALS;FALS;FALS;FALS;FALS;FALS;FALS;FALS;FALS;FALS;;41482;25;271;;958;288;791;2041392685;32688;7,15216E+14;7983989979;724;2100;530;;;13;12954;29;;4;11;>1 to < 10 tonnes;10;100;0;0;0;0;0;0;0;0;0;0;0;0;0;0;0;0;0;0;0;0;0;0;0;0;0;1;0;0;0;0;0;0;0;0;0;0;0;0;0;0;0;0;0;0;0;0;0;0;0;0;0;0;0;0;0;0;0;0;0;0;0;0;0;0;0;8,94882E+14;6,19723E+14;5,74512E+14;1,10057E+14;;;2,93289E+14;4,92828E+14;FALS;0;0;0;0;2096;low ;196;11500;low ;204;7426;low ;247;7,08394E+14;4,47579E+14;8,93668E+13;5,36183E+14;7,08394E+14;P_score_soil_exp_UBA;1,10057E+14;P_score_freshwater_pred_UBA;8,94882E+14;5,49794E+14;;;M_score_pred_Dashboard;4,92828E+14;3,93058E+14;E_score_max;11;6,64095E+14;10;1,10057E+14;5;4,64866E+14;10;4,53249E+14;10;5,48635E+13;10;2,82768E+14;75;4,59021E+14;10;0;PM;;PM;3;Ar N, C O, C O Nocoo, Nh0, Nh1, Amide, Aniline, Benzene, Ester, Ether, Halogen, Methoxy, Sulfonamd, Urea;['Sulfonamides', 'Chlorobenzenes', 'Ethylene Glycols', 'PBB', 'PBDE', 'PhenylEthers', 'Phenylureas', 'Phtalates', 'Triazines']
Ethylenediamine, ethoxylated and propoxylated;26316-40-5;500-047-1;BFKFABWTAFNFID-UHFFFAOYSA-N;CC1CO1.C1CO1.C(CN)N;DTXSID101015544;219611140;PRO-290;NS00114707;REACH-A;FALS;vPvM;HQ;vPvM;FALS;FALS;;;FALS;FALS;FALS;FALS;FALS;FALS;FALS;FALS;FALS;FALS;FALS;FALS;FALS;FALS;FALS;CERT;CERT;FALS;;;;CERT;CERT;CERT;CERT;CERT;CERT;CERT;FALS;FALS;FALS;CERT;CERT;CERT;FALS;CERT;FALS;FALS;CERT;FALS;FALS;FALS;FALS;FALS;FALS;FALS;;;;249;;973;;0,00662;492992956;;1,88618E+78;;501;295650;;;;-40;;;;25;38;>100 to < 1000 tonnes;1000;10000;1;1;0;0;0;0;0;1;0;0;0;0;0;0;0;0;0;0;0;0;0;0;0;0;0;0;0;0;0;0;0;0;0;0;0;0;0;0;0;0;0;0;0;0;0;0;0;0;0;0;1;1;1;0;1;0;0;0;1;0;0;0;1;0;0;9,99975E+14;;10;;;;;1,15999E+12;FALS;0;0;0;0;;;;;;;;;;;;;;;;;P_score_freshwater_pred_Dashboard;10;9,99988E+14;;;M_score_pred_Dashboard;1,15999E+12;1,15999E+12;E_score_max;38;3,40587E+14;10;;;3,40585E+14;10;;;3,40587E+14;5;;;3,40585E+14;5;10;PM;;PM;3;Nh2, Epoxide, Ether;['Ethylene Glycols']
F-53B (9-Chlorohexadecafluoro-3-oxanonane-1-sulfonic acid);73606-19-6;;;C(C(C(C(F)(F)Cl)(F)F)(F)F)(C(C(OC(C(F)(F)S(=O)(=O)[O-])(F)F)(F)F)(F)F)(F)F.[K+];DTXSID60881236;252105120;PRO-291;;;FALS;;;;CERT;CERT;< 0,5;;FALS;FALS;FALS;CERT;FALS;CERT;FALS;FALS;FALS;FALS;FALS;FALS;FALS;FALS;CERT;FALS;FALS;FALS;;;;FALS;FALS;FALS;FALS;FALS;FALS;FALS;FALS;FALS;FALS;FALS;FALS;FALS;FALS;FALS;FALS;FALS;FALS;FALS;FALS;FALS;FALS;FALS;FALS;FALS;;57067;;513;;633;;441;2519827994;;1,0777E+12;;55;;;;;;3263;;6;;;;;;0;0;0;0;0;0;0;0;0;0;0;0;0;0;0;0;0;0;0;0;0;0;0;0;0;0;0;0;0;0;0;0;0;0;0;0;0;0;0;0;0;0;0;0;0;0;0;0;0;0;0;0;0;0;0;0;0;0;0;0;0;0;0;0;0;;;7,31291E+14;;;;;4,10883E+14;FALS;0;0;0;0;251;low ;177;18;low ;0;5463;low ;0;6,19254E+14;4,36526E+14;1,97868E+14;6,08004E+14;6,19254E+14;;;P_score_freshwater_pred_Dashboard;7,31291E+14;7,31291E+14;;;M_score_pred_Dashboard;4,10883E+14;4,10883E+14;kemi_score;6;5,48156E+14;10;;;5,48156E+14;10;6,19254E+14;5;5,70899E+14;75;6,19254E+14;25;5,70899E+14;75;0;PM(T);(T);PM(T);4;Alkyl Halide, Ether, Halogen;['Ethylene Glycols', 'PFAS']
Fluocortolone;152-97-6;205-811-5;GAKMQHDJQHZUTJ-ULHLPKEOSA-N;C[C@@H]1C[C@H]2[C@@H]3C[C@H](F)C4=CC(=O)C=C[C@]4(C)[C@H]3[C@@H](O)C[C@]2(C)[C@H]1C(=O)CO;DTXSID00861835;90530;PRO-292;;REACH-B;FALS;vPvM & PMT;MQ;PMT;FALS;FALS;;;FALS;FALS;FALS;FALS;FALS;FALS;FALS;FALS;FALS;FALS;FALS;FALS;FALS;FALS;FALS;FALS;FALS;FALS;;;;FALS;CERT;CERT;FALS;FALS;FALS;CERT;FALS;FALS;FALS;FALS;FALS;FALS;FALS;FALS;FALS;FALS;FALS;FALS;FALS;FALS;FALS;FALS;FALS;FALS;P-PNEC pred;376468;;21;;938;;208;4829946696;16329;2,69508E+56;7102085575;813;760;;;;23;323867;56;43;3;9;>1 to < 10 tonnes;10;100;0;0;0;0;0;0;0;0;0;0;0;0;0;0;0;0;0;0;0;0;0;0;0;0;0;0;0;0;0;0;0;0;0;0;0;0;0;0;0;0;0;0;0;0;0;0;0;0;0;0;0;1;0;0;0;0;0;0;0;0;0;0;0;0;0;5,99675E+14;5,71573E+14;10;;;;5,63273E+14;1,23297E+14;FALS;0;0;0;0;3523;low ;361;47100;low ;31;3127;low ;368;3,75108E+14;2,47705E+14;7,26342E+14;7,62004E+13;3,75108E+14;;;P_score_freshwater_pred_Dashboard;10;7,23749E+14;;;M_score_pred_Episuite;5,63273E+14;3,43285E+14;kemi_score;43;7,50515E+14;10;;;4,9845E+14;10;4,58323E+14;10;5,86497E+14;10;4,58323E+14;5;4,77966E+14;10;10;vPvM;;PM;;Al Oh, Al Oh Notert, C O, C O Nocoo, Alkyl Halide, Allylic Oxid, Bicyclic, Halogen, Ketone, Ketone Topliss;['Alkylphenols', 'Cyclohexanes', 'HBCDDs', 'Unsaturated ketones', 'Terpenoid', 'Acrylics/Acrylates', 'PFAS']
Galaxolidone;507442-49-1;;;CC1COC(=O)C2=CC3=C(C=C12)C(C(C3(C)C)C)(C)C;DTXSID10881089;691318570;PRO-293;;;FALS;;;;FALS;FALS;;;FALS;FALS;FALS;FALS;FALS;FALS;FALS;FALS;FALS;CERT;FALS;FALS;FALS;FALS;CERT;FALS;FALS;FALS;;;;FALS;FALS;FALS;FALS;FALS;FALS;FALS;FALS;FALS;FALS;FALS;FALS;FALS;FALS;FALS;FALS;FALS;FALS;FALS;FALS;FALS;FALS;FALS;FALS;FALS;;272388;;534;;863;;0,00153;3810232518;;4,78186E+13;;6170;;;;;;;;;;;;;;0;0;0;0;0;0;0;0;0;0;0;0;0;0;0;0;0;0;0;0;0;0;0;0;0;0;0;0;0;0;0;0;0;0;0;0;0;0;0;0;0;0;0;0;0;0;0;0;0;0;0;0;0;0;0;0;0;0;0;0;0;0;0;0;0;;;9,72033E+14;;;;;2,21878E+14;FALS;0;0;0;0;456;low ;659;1274;low ;667;1,959E+14;moderate ;85;;1,08595E+14;1,59901E+14;9,17848E+14;2,34916E+14;;;P_score_freshwater_pred_Dashboard;9,72033E+14;9,72033E+14;;;M_score_pred_Dashboard;2,21878E+14;2,21878E+14;;;4,64405E+14;10;;;4,64405E+14;10;2,34916E+14;5;3,70029E+14;75;2,34916E+14;25;3,70029E+14;75;10;PM;;PM;;C O, C O Nocoo, Benzene, Bicyclic, Ester, Ether, Lactone;['Cyclohexanes', 'Ethylene Glycols', 'PBDE', 'PhenylEthers', 'Phtalates']
Guanidinium chloride;50-01-1;200-002-3;PJJJBBJSCAKJQF-UHFFFAOYSA-N;C(=N)(N)N.Cl;DTXSID7058757;57420;PRO-294;NS00078832;REACH-A;FALS;vPvM;HQ;vPvM;FALS;FALS;;;FALS;FALS;FALS;FALS;FALS;FALS;FALS;FALS;FALS;FALS;FALS;FALS;FALS;FALS;FALS;CERT;CERT;FALS;"buffering; not reported";"Flame retardants; Other (specify); Plating agents and surface treating agents";Laboratory chemicals;CERT;CERT;CERT;CERT;FALS;CERT;CERT;FALS;FALS;FALS;CERT;FALS;CERT;CERT;FALS;FALS;FALS;FALS;FALS;FALS;FALS;FALS;FALS;FALS;FALS;P-PNEC;9553;;-148;;59;;566;559906625;-35767;3,14191E+14;136287459;275;700;700;;;-14;6443829431;;;25;38;>100 to < 1000 tonnes;1000;10000;1;0;0;0;0;0;0;0;0;0;0;0;0;0;0;0;0;0;0;1;1;0;0;0;0;0;0;1;1;0;1;0;0;0;0;0;0;0;1;0;0;0;0;0;0;0;0;0;0;0;0;1;0;0;0;0;0;1;0;0;0;0;1;0;1;5,65502E+13;7,35241E+14;9,44295E+14;1,65955E+14;;;9,79477E+14;7,30704E+11;CERT;0;0;0;0;8,542E+14;low ;0;33000;moderate ;85;164400;low ;7;1,40742E+14;2,879E+14;5,06153E+14;1,45443E+14;1,95424E+14;P_score_soil_exp_UBA;1,65955E+14;P_score_freshwater_pred_Dashboard;9,44295E+14;4,37319E+14;;;M_score_pred_Episuite;9,79477E+14;8,5509E+14;E_score_max;38;9,61725E+14;10;1,65955E+14;5;6,11512E+13;10;1,95424E+14;5;5,65405E+14;75;1,80088E+14;5;4,18083E+14;75;20;vPvM;;PM;4;Nh1, Nh2, Guanido, Halogen;['Other']
hexafluoropropylene oxide dimer acid /perfluoro-2-propoxypropanoic acid ;13252-13-6;236-236-8;;C(=O)(C(C(F)(F)F)(OC(C(C(F)(F)F)(F)F)(F)F)F)O;DTXSID70880215;1144810;PRO-295;;;FALS;;;;CERT;CERT;x;<LOD;CERT;CERT;CERT;CERT;FALS;CERT;FALS;FALS;FALS;FALS;FALS;FALS;FALS;FALS;CERT;FALS;FALS;FALS;;"Intermediates; Processing aids, not otherwise listed";;FALS;FALS;FALS;FALS;FALS;FALS;FALS;FALS;FALS;FALS;FALS;FALS;FALS;FALS;FALS;FALS;FALS;FALS;FALS;FALS;FALS;FALS;FALS;FALS;FALS;;330053;;541;;374;;141;2609594409;19236;8,73567E+14;5557501901;631;;;;;;135122;;2;;;;;;0;0;0;0;0;0;0;0;0;0;0;0;0;0;0;0;0;0;0;0;0;0;0;0;0;0;0;0;0;0;0;0;0;0;0;0;0;0;0;0;0;0;0;0;0;0;0;0;0;0;0;0;0;0;0;0;0;0;0;0;0;0;0;0;0;;9,78232E+14;6,55248E+14;;;;5,13236E+14;3,95909E+14;FALS;0;0;0;0;2716;low ;201;34900;low ;199;34300;low ;0;4,67365E+14;2,8118E+14;8,06217E+14;2,83245E+14;5,17037E+14;;;P_score_freshwater_pred_RIVM;9,78232E+14;8,1674E+14;;;M_score_pred_Episuite;5,13236E+14;4,54573E+14;kemi_score;2;7,08565E+14;10;;;6,09317E+14;10;5,17037E+14;5;6,37911E+14;75;5,17037E+14;25;5,76859E+14;75;0;vPvM;;PM;3;Al Coo, Coo, Coo2, C O, Alkyl Halide, Ether, Halogen;['Alkylphenols', 'Ethylene Glycols', 'PFAS']
Hexahydro-4-methylphthalic anhydride;19438-60-9;243-072-0;FKBMTBAXDISZGN-UHFFFAOYSA-N;CC1CCC2C(C1)C(=O)OC2=O;DTXSID8044333;868760;PRO-296;NS00009296;REACH-C;CERT;vPvM & PMT;MQ;PMT;FALS;FALS;;;FALS;FALS;FALS;FALS;FALS;FALS;FALS;FALS;FALS;FALS;FALS;FALS;FALS;FALS;FALS;FALS;FALS;FALS;;"Adhesives and sealant chemicals; Intermediate; Paint additives and coating additives not described by other categories";"Adhesives and sealant chemicals; Paint additives and coating additives not described by other categories";CERT;CERT;CERT;CERT;FALS;CERT;CERT;FALS;FALS;FALS;CERT;CERT;FALS;FALS;FALS;FALS;FALS;FALS;FALS;FALS;FALS;FALS;FALS;FALS;FALS;P-PNEC pred;168192;;86;;665;;468;1969881644;18991;3,48133E+13;2162700341;437;370;;;;19;8881663;52;56;33;44;>1000 to < 10000 tonnes;10000;100000;0;0;0;0;0;0;0;0;0;0;0;0;0;0;0;0;0;0;0;0;0;0;0;0;0;0;0;0;0;0;1;0;0;0;0;0;0;0;0;0;0;1;0;0;0;0;0;0;0;0;1;0;0;0;0;0;0;0;0;0;0;0;0;0;0;3,04402E+14;1,48756E+14;2,8281E+14;;;;5,17478E+14;5,05219E+13;FALS;0;0;0;0;6624;low ;7;35500;low ;7;70200;moderate ;85;1,24718E+14;2,79164E+14;5,61935E+14;2,09112E+14;1,87528E+13;;;P_score_freshwater_pred_UBA;3,04402E+14;2,45323E+14;;;M_score_pred_Episuite;5,17478E+14;5,11348E+14;kemi_score;56;3,96889E+14;10;;;3,54183E+14;10;3,12273E+14;10;3,52048E+14;10;3,12273E+14;5;3,32568E+14;10;0;PM;;PM;;C O, C O Nocoo, Bicyclic, Ester, Ether, Lactone;['Cyclohexanes', 'Ethylene Glycols']
Hexahydromethylphthalic anhydride;25550-51-0;247-094-1;VYKXQOYUCMREIS-UHFFFAOYSA-N;CC12CCCCC1C(=O)OC2=O;DTXSID1029330;30164720;PRO-297;;REACH-C;CERT;vPvM & PMT;MQ;PMT;FALS;FALS;;;FALS;FALS;FALS;FALS;FALS;FALS;FALS;FALS;FALS;FALS;FALS;FALS;FALS;FALS;FALS;CERT;CERT;FALS;;Intermediate;;CERT;CERT;CERT;CERT;FALS;CERT;CERT;FALS;FALS;FALS;CERT;CERT;CERT;CERT;CERT;CERT;CERT;CERT;CERT;CERT;CERT;FALS;FALS;FALS;FALS;P-PNEC pred;;;265;;815;;248;3008600172;19213;5,3897E+14;3271107596;490;390;;;;21;9869844;;78;38;5;>1000 to < 10000 tonnes;10000;100000;1;0;0;0;0;0;0;0;0;0;0;0;0;0;0;0;0;0;0;0;0;0;0;0;0;0;0;0;0;0;0;0;0;0;0;0;0;0;0;0;0;0;0;0;0;0;0;0;0;0;0;0;0;0;0;0;0;0;0;0;0;0;0;0;0;3,23786E+13;2,61721E+14;1E+15;;;;5,13634E+14;3,3201E+14;FALS;0;0;0;0;18000;low ;7;34300;low ;672;62700;moderate ;85;1,19802E+13;2,83245E+14;3,71379E+14;2,19398E+14;1,73276E+14;;;P_score_freshwater_pred_Dashboard;1E+15;5,28502E+14;;;M_score_pred_Episuite;5,13634E+14;4,22822E+13;kemi_score;78;7,16683E+14;10;;;4,72718E+14;10;1,73276E+14;5;4,46475E+13;75;1,73276E+14;25;3,3831E+13;75;10;vPvM;;PM;;C O, C O Nocoo, Bicyclic, Ester, Ether, Lactone;['Cyclohexanes', 'Ethylene Glycols']
Hexamethyldisiloxane;107-46-0;203-492-7;UQEAIHBTYFGYIE-UHFFFAOYSA-N;C[Si](C)(C)O[Si](C)(C)C;DTXSID4026769;247640;PRO-298;;REACH-A;CERT;vPvM & PMT;HQ;PMT;FALS;FALS;;;FALS;FALS;FALS;FALS;FALS;FALS;FALS;FALS;FALS;FALS;FALS;FALS;FALS;FALS;FALS;CERT;CERT;CERT;"Personal care -> hair styling and care; Personal care -> make-up and related -> blush/bronzer; Personal care -> make-up and related -> makeup primer";"Adhesives and sealant chemicals; Anti-adhesive agents; Cleaning agent; Diluent; Insulators; Intermediate; Intermediates; Other; Paint additives and coating additives not described by other categories; Solvent; Surface active agents; Terminator/Blocker; Viscosity modifiers";"Diluent; Insulators; Intermediate; Lubricating agent; Other; Solvent";CERT;CERT;CERT;CERT;CERT;CERT;CERT;CERT;CERT;CERT;CERT;CERT;CERT;FALS;CERT;CERT;FALS;CERT;CERT;FALS;FALS;FALS;CERT;FALS;FALS;P-PNEC pred;162379;;433;;282;0,000573;311;2710117365;45561;1,13612E+42;2109365043;427;;4080;1920;29;;2632526466;;81;52;65;>10000 to < 100000 tonnes;100000;1000000;1;1;0;0;0;0;0;1;0;0;0;0;0;0;1;1;0;1;1;1;1;1;1;0;0;0;0;1;0;1;1;1;1;1;0;1;0;1;0;0;0;1;0;0;1;1;1;0;0;1;1;1;1;1;1;1;0;0;1;1;1;1;0;1;1;;1,43432E+14;10;8,02011E+14;5,27554E+14;3,4891E+14;1,45324E+14;3,79372E+14;FALS;0;0;0;0;11400;low ;241;21800;low ;0;12000;low ;0;1,94603E+14;3,42752E+14;4,49203E+14;4,39742E+14;2,64858E+14;P_score_soil_exp_UBA;8,02011E+14;P_score_freshwater_pred_Dashboard;10;6,18249E+14;M_score_exp_UBA;3,4891E+14;M_score_pred_Dashboard;3,79372E+14;2,91202E+14;kemi_score;81;6,15932E+14;10;5,2899E+14;10;4,24306E+14;10;2,64858E+14;5;4,649E+13;75;4,20051E+14;75;3,62624E+14;75;0;PM;PM;PM;4;Unknown;['Siloxanes']
Hydrogen [4-[[4-(diethylamino)phenyl][4-[ethyl[(3-sulphonatobenzyl)amino]-o-tolyl]methylene]-3-methylcyclohexa-2,5-dien-1-ylidene](ethyl)(3-sulphonatobenzyl)ammonium, sodium salt;6505-30-2;229-390-2;;CCN(CC1=CC(=CC=C1)S(=O)(=O)O)C2=CC(=C(C=C2)C(=C3C=CC(=[N+](CC)CC)C=C3)C4=C(C=C(C=C4)N(CC)CC5=CC(=CC=C5)S(=O)(=O)O)C)C;DTXSID70904405;236792610;PRO-299;;REACH-B;FALS;vPvM;HQ;vPvM;FALS;FALS;;;FALS;FALS;FALS;FALS;FALS;FALS;FALS;FALS;FALS;FALS;FALS;FALS;FALS;FALS;FALS;CERT;CERT;CERT;"cosmetic colorant; dye";;;FALS;FALS;CERT;FALS;FALS;CERT;CERT;FALS;FALS;FALS;CERT;CERT;CERT;FALS;CERT;FALS;FALS;FALS;FALS;FALS;FALS;FALS;CERT;FALS;FALS;P-PNEC pred;79099;;453;;117;;0,00000575;5130333768;14862;3,61282E+14;5199827261;120;79470;;;;-25;308;59;69;4;14;>1 to < 10 tonnes;10;100;0;0;0;0;0;0;0;0;0;0;0;0;0;0;0;0;0;1;0;0;1;0;0;0;0;0;0;0;0;0;1;0;0;0;0;0;0;0;0;0;0;0;0;0;0;0;0;0;1;0;0;0;0;0;0;0;0;0;0;0;0;0;0;0;1;9,99764E+14;9,75675E+14;1E+15;;;;5,88105E+14;1,02497E+14;FALS;0;0;0;0;2222;low ;0;15;low ;171;10500;low ;0;9,24941E+14;4,56091E+14;8,73249E+14;4,64777E+14;9,52724E+14;;;P_score_freshwater_pred_Dashboard;1E+15;9,91813E+14;;;M_score_pred_Episuite;5,88105E+14;3,45301E+14;kemi_score;69;7,6688E+14;10;;;5,85213E+12;10;7,49738E+14;10;7,58261E+14;10;7,49738E+14;5;6,62387E+14;10;10;vPvM(T);(T);PM(T);2;Nh0, Allylic Oxid, Aniline, Aryl Methyl, Benzene;['Aromatic amines', 'PAHs', 'Styrenes', 'Terpenoid']
Hydrogen [4-[4-(diethylamino)-2',4'-disulphonatobenzhydrylidene]cyclohexa-2,5-dien-1-ylidene]diethylammonium, sodium salt;129-17-9;204-934-1;SJEYSFABYSGQBG-UHFFFAOYSA-M;CCN(CC)C1=CC=C(C=C1)C(=C2C=CC(=[N+](CC)CC)C=C2)C3=C(C=C(C=C3)S(=O)(=O)[O-])S(=O)(=O)[O-].[Na+];DTXSID3026065;85070;PRO-300;NS00079128;REACH-A;FALS;vPvM & PMT;HQ;vPvM & PMT;FALS;FALS;;;FALS;FALS;FALS;FALS;FALS;FALS;FALS;FALS;FALS;FALS;FALS;FALS;FALS;FALS;FALS;CERT;FALS;FALS;"cosmetic colorant; dye; hair dyeing";;;FALS;FALS;CERT;FALS;FALS;FALS;FALS;FALS;FALS;FALS;FALS;CERT;FALS;FALS;CERT;FALS;FALS;FALS;FALS;FALS;FALS;FALS;FALS;FALS;FALS;P-PNEC;56666;;104;;97;;876;4710117365;-20938;5,3897E+14;1039157537;398;21540;;;10;;168824694;94;72;12;23;;;;1;0;0;0;0;0;0;0;0;0;0;0;0;0;0;0;0;0;0;0;0;1;0;0;0;0;0;0;0;0;0;0;0;0;0;0;0;0;0;0;0;0;0;0;0;1;0;0;0;0;0;0;0;0;0;0;0;0;0;0;0;0;0;0;0;9,97809E+14;7,18882E+14;1E+15;;;6,66667E+14;9,44674E+14;1,3256E+14;FALS;0;0;0;0;3,273E+14;low ;0;121;low ;19;12100;low ;251;6,84075E+14;2,52979E+14;7,4817E+14;4,3823E+14;7,59632E+14;;;P_score_freshwater_pred_Dashboard;1E+15;9,05564E+14;M_score_exp_UBA;6,66667E+14;M_score_pred_Episuite;9,44674E+14;5,813E+14;kemi_score;72;9,71944E+14;10;6,66667E+14;5;7,25538E+14;10;8,45017E+14;10;9,06261E+14;10;7,80812E+14;75;7,83002E+14;10;10;vPvM(T);PM(T);vPvM(T);1;Nh0, Allylic Oxid, Aniline, Benzene;['Aromatic amines', 'Styrenes', 'Terpenoid']
Ibuprofen;15687-27-1;239-784-6;HEFNNWSXXWATRW-UHFFFAOYSA-N;CC(C)Cc1ccc(cc1)C(C)C(=O)O;DTXSID5020732;36720;PRO-301;NS00000214;REACH-B;FALS;PMT;HQ;PMT;FALS;FALS;;;FALS;FALS;FALS;FALS;FALS;FALS;FALS;FALS;FALS;FALS;FALS;FALS;FALS;FALS;FALS;FALS;FALS;FALS;"Personal care -> body hygiene; Personal care -> deodorant; Personal care -> general moisturizing -> hand/body lotion; Personal care -> make-up and related -> lip balm; analgesic; antipyretic; skin conditioning";;;CERT;FALS;CERT;FALS;FALS;FALS;CERT;FALS;FALS;FALS;FALS;FALS;FALS;FALS;FALS;FALS;FALS;FALS;FALS;FALS;FALS;FALS;FALS;FALS;FALS;P-PNEC pred;206285;374;366;;876;194;441;2139879086;23517;3,48133E+13;1675956619;724;;;;28;;100477;44;;0;0;;;;0;0;0;0;0;0;0;0;0;0;0;0;0;0;0;0;0;0;1;0;0;0;0;0;0;0;0;0;0;0;0;0;0;0;0;0;0;0;0;0;0;0;0;0;0;0;0;0;0;0;0;1;0;0;0;0;0;0;0;0;0;0;0;0;0;;1,01536E+14;2,8281E+14;;;3,64817E+14;4,39355E+14;4,7578E+14;FALS;0;0;0;0;1,573E+14;;85;11400;low ;7;3702;moderate ;85;4,99483E+14;4,49203E+14;1,00045E+14;7,11976E+13;5,73935E+14;;;P_score_freshwater_pred_Dashboard;2,8281E+14;1,92173E+14;M_score_exp_UBA;3,64817E+14;M_score_pred_Dashboard;4,7578E+14;4,26651E+14;E_score_min;0;3,66818E+14;10;3,64817E+14;5;2,86341E+14;10;5,02525E+14;10;4,29343E+14;10;4,51645E+14;75;3,79333E+14;10;10;PM;PM;;1;Al Coo, Coo, Coo2, C O, Benzene;['Alkylphenols']
Iohexol;66108-95-0;266-164-2;NTHXOOBQLCIOLC-UHFFFAOYSA-N;CC(=O)N(CC(O)CO)c1c(I)c(C(=O)NCC(O)CO)c(I)c(C(=O)NCC(O)CO)c1I;DTXSID6023157;37300;PRO-302;NS00000223;REACH-B;FALS;vPvM;MQ;vPvM;FALS;FALS;;;FALS;FALS;FALS;FALS;FALS;FALS;FALS;FALS;FALS;FALS;FALS;FALS;FALS;FALS;FALS;FALS;FALS;FALS;x-ray contrast medium;;;CERT;FALS;CERT;FALS;FALS;FALS;CERT;FALS;FALS;FALS;CERT;FALS;FALS;FALS;FALS;FALS;FALS;FALS;FALS;FALS;FALS;FALS;FALS;FALS;FALS;P-PNEC pred;821142;-305;-33;;958;;17;1680335513;-21342;3,30884E+54;9916256657;324;25000;;;;-5;13884;95;46;0;0;;;;0;0;0;0;0;0;0;0;0;0;0;0;0;0;0;0;0;0;1;0;0;0;0;0;0;0;0;0;0;0;0;0;0;0;0;0;0;0;0;0;0;0;0;0;0;0;0;0;0;0;0;1;0;0;0;0;0;0;0;0;0;0;0;0;0;9,98301E+13;7,02428E+14;10;;;;9,4612E+14;5,55168E+14;FALS;0;0;0;0;5708;low ;0;7311;low ;216;10600;low ;0;7,02135E+14;5,39633E+14;5,97215E+14;4,62956E+14;7,35012E+14;;;P_score_freshwater_pred_Dashboard;10;9,00243E+14;;;M_score_pred_Episuite;9,4612E+14;7,50644E+14;kemi_score;46;9,72687E+14;10;;;8,22047E+13;10;8,3562E+14;10;9,01553E+14;10;8,3562E+14;5;8,28806E+14;10;0;vPvM(T);(T);vPvM(T);2;Al Oh, Al Oh Notert, C O, C O Nocoo, Nh0, Nh1, Amide, Aniline, Benzene, Halogen;['Alkylphenols', 'Chlorobenzenes', 'PBB', 'PCB']
Ioxitalamic acid;28179-44-4;248-887-5;OLAOYPRJVHUHCF-UHFFFAOYSA-N;CC(=O)Nc1c(I)c(C(=O)O)c(I)c(C(=O)NCCO)c1I;DTXSID60182457;345360;PRO-303;NS00000290;REACH-B;FALS;vPvM;HQ;vPvM;FALS;FALS;;;FALS;FALS;FALS;FALS;FALS;FALS;FALS;FALS;FALS;FALS;FALS;FALS;FALS;FALS;FALS;FALS;FALS;FALS;;;;CERT;FALS;CERT;FALS;FALS;FALS;CERT;FALS;FALS;FALS;FALS;FALS;FALS;FALS;FALS;FALS;FALS;FALS;FALS;FALS;FALS;FALS;FALS;FALS;FALS;P-PNEC pred;643942;;452;;946;;-759;2029383778;-2556;1,17495E+16;1666792882;316;285610;;;;-15;9404;83;31;0;0;;;;0;0;0;0;0;0;0;0;0;0;0;0;0;0;0;0;0;0;0;0;1;0;0;0;0;0;0;1;0;0;0;0;0;0;0;0;0;0;0;0;0;0;0;0;0;0;0;0;0;0;0;1;0;0;0;0;0;0;0;0;0;0;0;0;0;9,99974E+14;8,5153E+14;10;;;;8,2685E+14;4,94908E+14;FALS;0;0;0;0;2807;low ;0;63800;low ;235;5293;low ;0;7,36273E+14;2,17783E+14;7,95672E+14;6,15892E+14;7,66624E+14;;;P_score_freshwater_pred_Dashboard;10;9,50501E+14;;;M_score_pred_Episuite;8,2685E+14;6,60879E+14;kemi_score;31;9,09313E+13;10;;;7,92569E+14;10;7,97683E+14;10;8,51671E+14;10;7,97683E+14;5;7,95122E+14;10;0;vPvM(T);(T);vPvM(T);1;Al Oh, Al Oh Notert, Ar Coo, Coo, Coo2, C O, C O Nocoo, Nh1, Amide, Aniline, Benzene, Halogen;['Alkylphenols', 'Chlorobenzenes', 'PBB', 'PCB']
kresoxim-methyl (ISO);143390-89-0;604-351-6;ZOTBXTZVPHCKPN-HTXNQAPBSA-N;CON=C(C(=O)OC)c1ccccc1COc1ccccc1C;DTXSID2032558;61121140;PRO-304;NS00008540;REACH-B;FALS;vPvM & PMT;HQ;PMT;FALS;FALS;;;FALS;FALS;FALS;FALS;FALS;FALS;FALS;FALS;FALS;FALS;FALS;FALS;FALS;FALS;FALS;FALS;FALS;FALS;"biocide; fungicide";;;FALS;FALS;FALS;FALS;FALS;FALS;FALS;FALS;FALS;FALS;FALS;FALS;FALS;FALS;FALS;FALS;FALS;FALS;FALS;FALS;FALS;FALS;FALS;FALS;FALS;AA-EQS;313353;34;441;;943;0,000642;0,00411;3100370545;27961;8,73567E+14;3987394009;3390;20;5110;;25;;63;37;64;0;0;;;;0;0;0;0;0;0;0;0;0;0;0;0;0;0;0;0;0;0;0;0;0;0;0;0;0;0;0;0;0;0;0;0;0;0;0;0;0;0;0;0;0;0;0;0;0;0;0;0;0;0;0;0;0;0;0;0;0;0;0;0;0;0;0;0;0;2,97543E+13;3,32135E+14;6,55248E+14;8,56156E+14;;4,14214E+14;3,65444E+14;3,18056E+14;CERT;5;0;0;0;1164;low ;277;5008;low ;27;3221;low ;27;5,49997E+14;6,29932E+13;1,1245E+13;7,52999E+14;6,26398E+14;P_score_soil_exp_UBA;8,56156E+14;P_score_soil_exp_UBA;8,56156E+14;4,61629E+14;M_score_exp_UBA;4,14214E+14;M_score_exp_UBA;4,14214E+14;3,65904E+14;kemi_score;64;5,95509E+14;10;5,95509E+14;10;4,10989E+14;10;4,81422E+14;10;5,35436E+14;10;5,35436E+14;10;4,44814E+14;10;10;PM;PM;PM;;C O, C O Nocoo, Nh0, Aryl Methyl, Benzene, Ester, Ether, Methoxy, Oxime, Para Hydroxylation;['Ethylene Glycols', 'PAHs', 'PBDE', 'PhenylEthers', 'Phtalates']
Loperamide;53179-11-6;258-416-5;RDOIQAHITMMDAJ-UHFFFAOYSA-N;CN(C)C(=O)C(CCN1CCC(O)(CC1)c1ccc(Cl)cc1)(c1ccccc1)c1ccccc1;DTXSID6045165;39550;PRO-305;NS00002516;REACH-B;FALS;vPvM;HQ;PM;FALS;FALS;;;FALS;FALS;FALS;FALS;FALS;FALS;FALS;FALS;FALS;FALS;FALS;FALS;FALS;FALS;FALS;FALS;FALS;FALS;;;;FALS;FALS;CERT;FALS;FALS;FALS;CERT;FALS;FALS;FALS;FALS;FALS;FALS;FALS;FALS;FALS;FALS;FALS;FALS;FALS;FALS;FALS;FALS;FALS;FALS;P-PNEC pred;47705;;474;;102;;0,00038;4459392488;32496;2,94788E+59;4701880701;2750;8920;;;27;;399;3;46;3;9;>1 to < 10 tonnes;10;100;0;0;0;0;0;0;0;0;0;0;0;0;0;0;0;0;0;0;1;0;0;0;0;0;0;0;0;0;0;0;0;0;0;0;0;0;0;0;0;0;0;0;0;0;0;0;0;0;0;0;0;1;0;0;0;0;0;0;0;0;0;0;0;0;0;9,90187E+13;9,71238E+14;10;;;3,81024E+13;2,96055E+14;1,5385E+14;FALS;0;0;0;0;1396;low ;0;2778;low ;371;1661;low ;0;8,02029E+14;7,98981E+14;1,0481E+14;9,79361E+14;8,40049E+14;;;P_score_freshwater_pred_Dashboard;10;9,87142E+14;M_score_exp_UBA;3,81024E+13;M_score_exp_UBA;3,81024E+13;2,76976E+14;kemi_score;46;6,17272E+14;10;3,81024E+13;5;5,22891E+14;10;5,02011E+14;10;5,56666E+14;10;4,57923E+14;75;5,12344E+14;10;10;PM;PM;PM;3;Al Oh, C O, C O Nocoo, Nh0, Ndealkylation1, Ndealkylation2, Amide, Benzene, Halogen, Piperdine;['Alkylphenols', 'Chlorobenzenes', 'PBB']
Melamine;108-78-1;203-615-4;JDSHMPZPIAZGSV-UHFFFAOYSA-N;C1(=NC(=NC(=N1)N)N)N;DTXSID6020802;79550;PRO-306;NS00010262;REACH-A;CERT;vPvM & PMT;HQ;vPvM & PMT;FALS;FALS;;;FALS;FALS;FALS;FALS;FALS;FALS;CERT;CERT;FALS;CERT;FALS;FALS;FALS;FALS;CERT;CERT;FALS;CERT;"Cleaning products and household care -> general household cleaning -> bleach; Construction and building materials; Furniture and furnishings; Manufactured formulations -> Flame retardants; flame retardant; flame retardants; impurity; melamine; monomer; not reported; residual; sound absorber";"Adhesives and sealant chemicals; Fire extinguishing agent; Flame retardant; Flame retardants; Foamant; Intermediate; Intermediates; Not Known or Reasonably Ascertainable; Paint additives and coating additives not described by other categories; Pigment; Processing aids not otherwise specified";"Adhesion/cohesion promoter; Flame retardant; Flame retardants; Foamant; Hardener; Intermediates; Not Known or Reasonably Ascertainable; Pigment; Plasticizer; Processing aids, not otherwise listed";CERT;CERT;CERT;CERT;CERT;CERT;CERT;FALS;FALS;CERT;CERT;CERT;CERT;CERT;CERT;CERT;CERT;CERT;FALS;FALS;FALS;CERT;CERT;FALS;FALS;AA-QSwater_eco;126123;-137;-107;;832;283;375;16599162;2;8,73567E+14;6420722003;38;;9130;;11;;3600;8;84;49;59;>100000 to < 1000000 tonnes;1000000;10000000;1;1;0;0;0;0;0;1;1;1;0;0;0;0;1;0;0;1;1;1;1;1;0;0;1;0;0;0;0;0;1;0;1;1;0;0;0;1;0;1;0;0;1;1;1;0;1;1;1;1;1;1;1;1;1;1;0;0;0;1;1;1;0;1;1;;5,28932E+14;6,55248E+14;9,41358E+14;;6,5109E+14;7,99978E+14;5,58661E+14;CERT;5;0;0;0;150300;low ;484;1814;low ;0;164500;moderate ;85;7,20042E+14;9,4607E+14;1,51132E+14;1,45406E+14;1,49861E+14;P_score_soil_exp_UBA;9,41358E+14;P_score_soil_exp_UBA;9,41358E+14;7,08512E+14;M_score_exp_UBA;6,5109E+14;M_score_pred_Episuite;7,99978E+14;6,69909E+14;kemi_score;84;8,67793E+14;10;7,82885E+14;10;6,88941E+14;10;3,4625E+14;10;5,48155E+14;10;5,20648E+14;10;4,88411E+14;10;0;vPvM;vPvM;PM;4;Arn, Ar N, Nh0, Nh2, Aniline;['Aromatic amines']
Merbromin;129-16-8;204-933-6;SQFDQLBYJKFDDO-UHFFFAOYSA-K;Oc1c(Br)cc2c(Oc3c(cc(Br)c(O)c3[Hg])C32OC(=O)c2ccccc32)c1;DTXSID0045545;4413730;PRO-307;NS00079127;REACH-B;FALS;vPvM;HQ;vPvM;FALS;FALS;;;FALS;FALS;FALS;FALS;FALS;FALS;FALS;FALS;FALS;FALS;FALS;FALS;FALS;FALS;FALS;FALS;FALS;FALS;;;;CERT;CERT;CERT;FALS;FALS;FALS;FALS;FALS;FALS;FALS;CERT;CERT;FALS;FALS;FALS;FALS;FALS;FALS;FALS;FALS;FALS;FALS;FALS;FALS;FALS;P-PNEC;75066;;132;;939;163;129;2519827994;1354;8,77199E+14;239869833;347;6430;;;16;;105264885;;;0;0;;;;0;0;0;0;0;0;0;0;0;0;0;0;0;0;0;0;0;0;0;0;0;0;0;0;0;0;0;1;0;0;0;0;0;0;0;0;0;0;0;0;0;0;0;0;0;0;0;0;0;0;0;1;0;0;0;0;0;0;0;0;0;0;1;0;0;9,82954E+14;9,14429E+14;10;;;5,68874E+14;6,1011E+13;4,10883E+14;FALS;0;0;0;0;4889;low ;0;6672;low ;251;1410;low ;0;7,26655E+14;5,60274E+14;6,36125E+14;1,04404E+13;7,70273E+14;;;P_score_freshwater_pred_Dashboard;10;9,65794E+14;M_score_exp_UBA;5,68874E+14;M_score_pred_Episuite;6,1011E+13;5,29955E+14;E_score_min;0;7,81095E+14;10;5,68874E+14;5;7,15422E+14;10;7,70273E+14;5;7,77471E+14;75;6,61958E+14;5;7,33257E+14;75;0;vPvM(T);PM(T);vPvM(T);2;Ar Oh, C O, C O Nocoo, Benzene, Bicyclic, Ester, Ether, Halogen, Phenol, Phenol Noorthohbond;['Alkylphenols', 'Chlorobenzenes', 'Cyclohexanes', 'Ethylene Glycols', 'Phenols', 'HBCDDs', 'PBB', 'PBDE', 'PCB', 'PhenylEthers', 'Phtalates']
Metformin hydrochloride;1115-70-4;214-230-6;OETHQSJEHLVLGH-UHFFFAOYSA-N;CN(C)C(=N)N=C(N)N.Cl;DTXSID9037246;142190;PRO-308;;REACH-A;CERT;vPvM;MQ;vPvM;FALS;FALS;;;FALS;FALS;FALS;FALS;FALS;FALS;FALS;FALS;FALS;FALS;FALS;FALS;FALS;FALS;FALS;FALS;FALS;FALS;;;;CERT;CERT;CERT;FALS;FALS;FALS;CERT;FALS;FALS;FALS;FALS;FALS;FALS;FALS;FALS;FALS;FALS;FALS;FALS;FALS;FALS;FALS;FALS;FALS;FALS;P-PNEC;16563;;-104;;593;;278;980003372;-6659;1,20301E+14;1827951705;195;350;;;;-35;4640069078;86;;12;18;>100 to < 1000 tonnes;1000;10000;0;0;0;0;0;0;0;0;0;0;0;0;0;0;0;0;0;0;0;0;1;0;0;0;0;0;0;1;0;0;0;0;0;0;0;0;0;0;0;0;0;0;0;0;0;0;0;0;0;0;0;1;0;0;0;0;0;0;0;0;0;0;1;0;0;2,84669E+14;1,15898E+14;7,66603E+14;;;;8,63876E+14;6,6974E+14;FALS;0;0;0;0;72200;low ;269;131100;low ;389;278500;low ;649;3,39276E+14;1,60226E+14;2,06629E+14;1,16029E+14;3,61597E+14;;;P_score_freshwater_pred_Dashboard;7,66603E+14;3,89057E+14;;;M_score_pred_Episuite;8,63876E+14;7,66808E+14;E_score_max;18;8,13788E+14;10;;;5,46197E+13;10;5,5765E+14;10;6,73653E+14;10;5,5765E+14;5;5,51894E+13;10;20;vPvM;;PM;3;Imine, Nh0, Nh1, Nh2, Guanido, Halogen;['Other']
Methyl 2,2,3-trifluoro-3-[1,1,2,2,3,3-hexafluoro-3-(trifluoromethoxy)propoxy]propanoate;958445-54-0;640-001-9;VOKIUIIBMBYXNU-UHFFFAOYSA-N;COC(=O)C(F)(F)C(F)OC(F)(F)C(F)(F)C(F)(F)OC(F)(F)F;DTXSID60893410;1317279120;PRO-309;;REACH-B;FALS;vPvM;HQ;vPvM;FALS;FALS;;;FALS;FALS;FALS;FALS;FALS;FALS;FALS;FALS;FALS;FALS;FALS;FALS;FALS;FALS;FALS;FALS;FALS;FALS;;;;CERT;FALS;FALS;FALS;FALS;FALS;FALS;FALS;FALS;FALS;FALS;FALS;FALS;FALS;FALS;FALS;FALS;FALS;FALS;FALS;FALS;FALS;FALS;FALS;FALS;P-PNEC pred;392097;;566;;318;;183;3260071388;;4,12644E+14;;257;52420;;;13;;49425;;27;0;0;;;;0;0;0;0;0;0;0;0;0;0;0;0;0;0;0;0;0;0;0;0;0;0;0;0;0;0;0;0;0;0;0;0;0;0;0;0;0;0;0;0;0;0;0;0;0;0;0;0;0;0;0;0;0;0;0;0;0;0;0;0;0;0;0;0;0;9,9952E+14;;3,45259E+14;;;6,18976E+14;;2,94544E+14;FALS;0;0;0;0;430;low ;202;861;low ;0;26900;low ;0;5,75922E+14;1,26198E+14;1,63356E+14;3,13785E+14;6,62672E+14;;;P_score_freshwater_pred_UBA;9,9952E+14;6,72389E+14;M_score_exp_UBA;6,18976E+14;M_score_exp_UBA;6,18976E+14;4,5676E+14;kemi_score;27;7,86561E+14;10;6,18976E+14;5;5,54185E+14;10;6,62672E+14;5;7,42884E+14;75;6,40451E+14;5;5,88215E+13;75;0;vPvM(T);PM(T);PM(T);1;C O, C O Nocoo, Alkyl Halide, Ester, Ether, Halogen, Methoxy;['Ethylene Glycols', 'PFAS']
Methyl 5-methyl-4-[(oxomethylene)sulfamoyl]thiophene-3-carboxylate;897671-34-0;618-297-6;FFCIPXJXUSHWCI-UHFFFAOYSA-N;C(=O)(c1c(S(=O)(=O)N=C=O)c(C)sc1)OC;DTXSID201045095;579578310;PRO-310;NS00008404;REACH-B;FALS;vPvM & PMT;MQ;vPvM & PMT;FALS;FALS;;;FALS;FALS;FALS;FALS;FALS;FALS;FALS;FALS;FALS;FALS;FALS;FALS;FALS;FALS;FALS;FALS;FALS;FALS;;;;CERT;FALS;CERT;FALS;FALS;FALS;FALS;FALS;FALS;FALS;FALS;FALS;FALS;FALS;FALS;FALS;FALS;FALS;FALS;FALS;FALS;FALS;FALS;FALS;FALS;P-PNEC pred;26127;;39;;69;;105;980003372;;1,69017E+14;;191;340;;;;-6;141372;;26;0;0;;;;0;0;0;0;0;0;0;0;0;0;0;0;0;0;0;0;0;0;1;0;0;0;0;0;0;0;0;0;0;0;0;0;0;0;0;0;0;0;0;0;0;0;0;0;0;0;0;0;0;0;1;1;0;0;0;0;0;0;0;0;0;0;0;0;0;2,74686E+13;;8,54515E+14;;;;;6,6974E+14;FALS;0;0;0;0;1716;low ;192;1618;low ;242;18100;low ;242;4,6248E+13;9,89471E+14;9,66934E+14;3,70519E+13;5,4475E+14;;;P_score_freshwater_pred_Dashboard;8,54515E+14;5,64601E+14;;;M_score_pred_Dashboard;6,6974E+14;6,6974E+14;kemi_score;26;7,56507E+14;10;;;6,14927E+14;10;5,4475E+14;5;6,7807E+14;75;5,4475E+14;25;5,90584E+13;75;0;vPvM;;PM;;C O, C O Nocoo, Nh0, Aryl Methyl, Ester, Ether, Isocyan, Methoxy, Sulfonamd, Thiophene;['Sulfonamides', 'Ethylene Glycols']
methyl paraben;99-76-3;202-785-7;LXCFILQKKLGQFO-UHFFFAOYSA-N;COC(=O)C1=CC=C(C=C1)O;DTXSID4022529;74560;PRO-311;NS00001849;;FALS;;;;FALS;FALS;;;FALS;FALS;FALS;FALS;FALS;FALS;FALS;FALS;FALS;FALS;FALS;FALS;FALS;FALS;FALS;CERT;CERT;FALS;"Arts and crafts/office supplies -> body paint; Arts and crafts/office supplies -> children's art and toys; Arts and crafts/office supplies -> children's art and toys -> bubble solution; Arts and crafts/office supplies -> children's art and toys -> crayons; Arts and crafts/office supplies -> children's art and toys -> finger paint; Arts and crafts/office supplies -> general arts and crafts supplies -> arts and crafts adhesive; Arts and crafts/office supplies -> home office -> pens and markers; Cleaning products and household care -> air freshener; Cleaning products and household care -> carpet and floor; Cons. electronics, mech. appliances, and machinery; Personal care; Personal care -> acne treatment -> face wash; Personal care -> bite relief; Personal care -> body care set; Personal care -> body hygiene; Personal care -> body hygiene -> bar soap; Personal care -> body hygiene -> body scrub; Personal care -> body hygiene -> body wash; Personal care -> body hygiene -> feminine hygiene; Personal care -> body hygiene -> hand sanitizer; Personal care -> body hygiene -> hand soap; Personal care -> body hygiene -> hand wipes; Personal care -> body powder; Personal care -> child specific; Personal care -> child specific -> baby lotion; Personal care -> child specific -> baby oil; Personal care -> child specific -> baby wash; Personal care -> child specific -> bath paints/crayons; Personal care -> child specific -> diaper cream; Personal care -> dental care; Personal care -> dental care -> mouthwash; Personal care -> dental care -> toothpaste; Personal care -> deodorant; Personal care -> eye care and contacts -> eye cream; Personal care -> facial cleansing and moisturizing; Personal care -> facial cleansing and moisturizing -> face cleansing wipes; Personal care -> facial cleansing and moisturizing -> face cream/moisturizer; Personal care -> facial cleansing and moisturizing -> face mask; Personal care -> facial cleansing and moisturizing -> face scrub; Personal care -> facial cleansing and moisturizing -> face wash; Personal care -> foot care; Personal care -> fragrance; Personal care -> general moisturizing; Personal care -> general moisturizing -> hand/body lotion; Personal care -> glitter; Personal care -> hair coloring; Personal care -> hair coloring -> hair color - temporary; Personal care -> hair styling and care; Personal care -> hair styling and care -> hair conditioner; Personal care -> hair styling and care -> hair conditioner - leave-in; Personal care -> hair styling and care -> hair conditioning treatment; Personal care -> hair styling and care -> hair relaxer; Personal care -> hair styling and care -> hair spray; Personal care -> hair styling and care -> hair styling; Personal care -> hair styling and care -> lice shampoo; Personal care -> hair styling and care -> shampoo; Personal care -> hair styling and care -> shampoo - dandruff; Personal care -> make-up and related; Personal care -> make-up and related -> blush/bronzer; Personal care -> make-up and related -> eye liner; Personal care -> make-up and related -> eye shadow; Personal care -> make-up and related -> foundation/concealer; Personal care -> make-up and related -> lip balm; Personal care -> make-up and related -> lip color; Personal care -> make-up and related -> lip gloss; Personal care -> make-up and related -> lip liner; Personal care -> make-up and related -> makeup remover; Personal care -> make-up and related -> mascara; Personal care -> nails; Personal care -> nails -> nail adhesive; Personal care -> nails -> nail polish; Personal care -> nails -> nail polish remover; Personal care -> self-tanner; Personal care -> sexual wellness; Personal care -> shaving and hair removal -> aftershave; Personal care -> shaving and hair removal -> shaving cream; Personal care -> specialized bath products -> bath oil; Personal care -> specialized bath products -> bubble bath; Personal care -> sunscreen; Pesticides -> insect repellent -> insect repellent - skin; Pet care -> all pets; Pet care -> all pets -> other pet treatments; Pet care -> all pets -> pesticide - pet; Pet care -> all pets -> pet shampoo; Pet care -> cats; Raw materials; Toys and children's products; contains fragrance allergens; cosmetics; fragrance; fragrance component; fragrance ingredient; liquid concentrate; personal care; preservative; preservative; skin-care; sunscreen";;;CERT;CERT;CERT;FALS;CERT;FALS;CERT;FALS;FALS;FALS;CERT;FALS;CERT;CERT;FALS;CERT;FALS;FALS;FALS;FALS;FALS;FALS;FALS;FALS;FALS;;152149;196;199;857;855;173;266;1749736316;21105;3,48133E+13;1375428115;708;;;;;;50;;88;25;38;>100 to < 1000 tonnes;1000;10000;1;0;0;0;0;0;0;0;0;0;0;0;0;0;0;0;0;0;0;1;1;0;0;0;0;1;1;0;0;0;0;0;0;0;0;0;0;1;0;0;0;0;1;0;0;0;0;0;0;0;0;1;0;0;0;0;0;0;0;0;0;0;1;0;1;;7,4599E+14;2,8281E+14;;;;4,80861E+14;5,43259E+14;FALS;0;0;0;1;22200;low ;685;13900;;85;112500;;10;3,32041E+14;4,13674E+14;3,40148E+14;1,71046E+14;3,74262E+14;;;P_score_freshwater_pred_Dashboard;2,8281E+14;1,78705E+14;;;M_score_pred_Dashboard;5,43259E+14;5,1206E+14;kemi_score;88;3,91969E+14;10;;;3,02502E+14;10;3,74262E+14;5;3,85975E+14;75;3,74262E+14;25;3,24746E+14;75;0;PM;;;;Ar Oh, C O, C O Nocoo, Benzene, Ester, Ether, Methoxy, Phenol, Phenol Noorthohbond;['Alkylphenols', 'Ethylene Glycols', 'Phenols', 'PBDE', 'PhenylEthers', 'Phtalates']
Methyl-1H-benzotriazole;29385-43-1;249-596-6;HXQHRUJXQJEGER-UHFFFAOYSA-N;CC1=CC=CC2=NNN=C12;DTXSID0026171;;PRO-312;NS00073843;REACH-A;CERT;vPvM;MQ;vPvM;FALS;FALS;;;FALS;FALS;FALS;FALS;FALS;FALS;FALS;FALS;FALS;FALS;FALS;FALS;FALS;FALS;FALS;CERT;CERT;FALS;;;;CERT;CERT;CERT;CERT;CERT;CERT;CERT;CERT;CERT;CERT;CERT;FALS;CERT;CERT;FALS;CERT;FALS;FALS;CERT;CERT;CERT;FALS;FALS;FALS;FALS;PNEC aqua (freshwater);133154;188;185;;621;425;238;2130333768;19439;6,06324E+14;2151758556;229;330;;;15;;80;51;89;38;5;>1000 to < 10000 tonnes;10000;100000;1;1;0;0;1;0;1;1;0;0;0;0;0;0;0;1;1;0;0;1;0;0;1;1;0;0;0;0;0;1;1;0;0;1;0;1;0;0;0;0;0;0;0;0;0;0;0;0;0;0;0;1;0;0;0;0;0;1;0;1;0;0;1;0;0;2,64636E+14;1,47662E+14;9,99626E+14;;;5,85786E+14;5,0972E+13;4,7743E+14;FALS;0;0;0;0;14700;low ;293;28600;low ;31;12500;low ;397;2,88416E+14;3,05796E+14;4,04143E+14;4,32349E+14;3,4643E+14;;;P_score_freshwater_pred_Dashboard;9,99626E+14;4,70641E+14;M_score_exp_UBA;5,85786E+14;M_score_exp_UBA;5,85786E+14;5,24312E+14;kemi_score;89;7,65224E+14;10;5,85786E+14;5;4,96752E+14;10;4,20332E+14;10;5,6714E+14;10;4,69506E+14;75;4,56948E+14;10;0;vPvM;PM;PM;4;Ar N, Ar Nh, Nh0, Nh1, Nhpyrrole, Aryl Methyl, Benzene, Bicyclic, Para Hydroxylation;['Aromatic amines', 'Cyclohexanes', 'PAHs']
m-phenylenediamine;108-45-2;203-584-7;WZCQRUWWHSTZEM-UHFFFAOYSA-N;C1=CC(=CC(=C1)N)N;DTXSID4021137;79350;PRO-313;NS00005820;REACH-A;CERT;vPvM & PMT;MQ;vPvM & PMT;FALS;FALS;;;FALS;FALS;FALS;FALS;FALS;FALS;FALS;FALS;FALS;FALS;FALS;FALS;FALS;FALS;FALS;CERT;FALS;FALS;"Home maintenance -> adhesives and adhesive removers -> multipurpose adhesive; hair colorant; hair dyeing";"Adhesion/cohesion promoter; Flame retardant; Hardener; Intermediate; Intermediates; Other; Paint additives and coating additives not described by other categories; Processing aids, not otherwise listed";"Adhesion/cohesion promoter; Paint additives and coating additives not described by other categories";CERT;CERT;CERT;FALS;FALS;FALS;CERT;FALS;FALS;FALS;CERT;FALS;CERT;CERT;CERT;FALS;FALS;FALS;FALS;FALS;FALS;FALS;FALS;FALS;FALS;P-PNEC pred;108144;-33;-28;;764;22;125;1620136055;6994;9,84609E+14;2826421644;646;1090;;;;-13;1656139;71;75;29;38;>1000 to < 10000 tonnes;10000;100000;0;0;0;0;0;0;0;0;0;0;0;0;0;0;0;0;0;0;0;1;1;0;0;0;0;0;0;0;0;0;1;0;0;0;0;0;0;0;0;0;0;0;0;0;0;0;0;0;0;0;1;1;0;0;0;0;0;0;0;1;0;0;1;0;1;7,35086E+14;2,1639E+14;1E+15;;;;7,11259E+14;5,65448E+14;CERT;0;5;0;0;146800;low ;7;1116;;10;35300;;85;2,28095E+14;1,14289E+14;1,52663E+14;2,7983E+14;3,10902E+14;;;P_score_freshwater_pred_Dashboard;1E+15;6,50492E+14;;;M_score_pred_Episuite;7,11259E+14;6,38353E+14;kemi_score;75;8,43362E+14;10;;;6,44394E+14;10;4,6983E+14;10;6,29473E+14;10;4,6983E+14;5;5,50232E+14;10;20;vPvM;;PM;4;Arn, Nh2, Aniline, Benzene;['Aromatic amines']
m-tolyl isocyanate;621-29-4;210-676-0;CPPGZWWUPFWALU-UHFFFAOYSA-N;Cc1cc(ccc1)N=C=O;DTXSID9060732;693030;PRO-314;NS00020856;REACH-B;FALS;vPvM & PMT;MQ;vPvM & PMT;FALS;FALS;;;FALS;FALS;FALS;FALS;FALS;FALS;FALS;FALS;FALS;FALS;FALS;FALS;FALS;FALS;FALS;FALS;FALS;FALS;;;;CERT;FALS;CERT;FALS;FALS;FALS;FALS;FALS;FALS;FALS;FALS;FALS;FALS;FALS;FALS;FALS;FALS;FALS;FALS;FALS;FALS;FALS;FALS;FALS;FALS;P-PNEC pred;13315;;259;;40;;968;1749736316;27248;7,15216E+14;2151758556;776;280;;;14;;969391;38;4;0;0;;;;0;0;0;0;0;0;0;0;0;0;0;0;0;0;0;0;0;0;1;0;0;0;0;0;0;0;0;0;0;0;0;0;0;0;0;0;0;0;0;0;0;0;0;0;0;0;0;0;0;0;1;1;0;0;0;0;0;0;0;0;0;0;0;0;0;2,1368E+14;1,47662E+14;5,74512E+14;;;6,02499E+13;3,76978E+14;5,43259E+14;FALS;0;0;0;0;12000;low ;425;6831;low ;0;63100;low ;34;2,71604E+14;5,54889E+13;4,39742E+14;2,18806E+14;3,31557E+14;;;P_score_freshwater_pred_Dashboard;5,74512E+14;3,11951E+14;M_score_exp_UBA;6,02499E+13;M_score_exp_UBA;6,02499E+13;5,07579E+14;kemi_score;4;5,88339E+14;10;6,02499E+13;5;3,97919E+14;10;3,54953E+14;10;4,56982E+14;10;4,23415E+14;75;3,75823E+14;10;0;PM;PM;PM;1;C O Nocoo, Imine, Nh0, Aryl Methyl, Benzene, Isocyan;['PAHs']
N'-(1,3-dimethylbutylidene)-3-hydroxy-2-naphthohydrazide;214417-91-1;435-860-1;HPTJCEPNQHYWIH-UHFFFAOYSA-N;CC(C)CC(=NNC(=O)C1=CC2=CC=CC=C2C=C1O)C;DTXSID501036158;57795300;PRO-315;NS00077765;REACH-A;FALS;vPvM & PMT;MQ;PMT;FALS;FALS;;;FALS;FALS;FALS;FALS;FALS;FALS;FALS;FALS;FALS;FALS;FALS;FALS;FALS;FALS;FALS;FALS;FALS;CERT;;;;CERT;FALS;FALS;FALS;FALS;FALS;FALS;FALS;FALS;FALS;FALS;CERT;FALS;FALS;FALS;FALS;FALS;FALS;FALS;FALS;FALS;FALS;FALS;FALS;FALS;;284359;;447;;106;;49;342975228;;1,9106E+14;;389;1110;;;;6;2,76672E+14;;;23;34;>100 to < 1000 tonnes;1000;10000;0;0;0;0;0;0;0;0;0;0;0;0;0;0;0;0;0;0;0;0;0;0;0;0;0;0;0;0;0;0;0;0;0;0;0;0;0;0;0;0;0;0;0;0;0;0;0;0;0;0;0;0;0;1;0;0;0;0;0;0;0;0;0;0;0;7,41095E+14;;1,23871E+14;;;;;2,70709E+14;CERT;0;0;0;0;2542;low ;264;9888;low ;329;2,198E+14;low ;548;8,26071E+14;4,76473E+14;8,27789E+14;8,77015E+13;8,52654E+14;;;P_score_freshwater_pred_UBA;7,41095E+14;4,32483E+14;;;M_score_pred_Dashboard;2,70709E+14;2,70709E+14;E_score_max;34;4,47907E+14;10;;;3,42165E+14;10;8,52654E+14;5;5,55115E+14;75;8,52654E+14;25;4,6389E+14;75;10;PM(T);(T);PM(T);1;Ar Oh, C O, C O Nocoo, Nh0, Nh1, Amide, Benzene, Bicyclic, Hdrzone, Phenol, Phenol Noorthohbond;['Alkylphenols', 'Cyclohexanes', 'Phenols']
N-(2-ethylhexyl)-8,9,10-trinorborn-5-ene-2,3-dicarboximide;113-48-4;204-029-1;WLLGXSLBOPFWQV-UHFFFAOYSA-N;CCCCC(CC)CN1C(=O)C2C3CC(C=C3)C2C1=O;DTXSID6032562;82270;PRO-316;NS00006960;REACH-A;FALS;vPvM;HQ;PM;FALS;FALS;;;FALS;FALS;FALS;FALS;FALS;FALS;FALS;FALS;FALS;FALS;FALS;FALS;FALS;FALS;FALS;FALS;FALS;FALS;"Pesticides; Pesticides -> insect repellent; Pesticides -> insect repellent -> insect repellent - skin; Pesticides -> insecticide; Pet care -> all pets -> pesticide - pet; Pet care -> all pets -> pet shampoo; antimicrobial; biocide; flea or tick repellant - liquid; insecticide";;;FALS;FALS;CERT;FALS;FALS;FALS;FALS;FALS;FALS;FALS;CERT;FALS;FALS;FALS;FALS;FALS;FALS;FALS;FALS;FALS;FALS;FALS;FALS;FALS;FALS;P-PNEC pred;275392;37;376;;994;;493;3439332694;29423;1,0777E+12;1918563323;708;;3880;;28;;21937;34;67;3;9;>1 to < 10 tonnes;10;100;0;0;0;0;0;0;1;0;0;0;0;0;0;0;0;0;0;0;0;0;0;0;0;0;0;0;0;0;0;0;0;0;0;0;0;0;0;0;0;0;0;0;0;0;0;0;0;0;0;0;0;0;0;0;0;0;0;0;0;0;0;0;0;0;0;;1,24645E+14;7,31291E+14;7,88013E+14;;3,64817E+14;3,42279E+14;2,694E+13;FALS;0;0;0;0;2354;low ;618;10400;moderate ;85;1805;low ;7;6,58996E+14;4,66623E+14;8,5348E+14;9,47922E+14;7,13315E+14;P_score_soil_exp_UBA;7,88013E+14;P_score_soil_exp_UBA;7,88013E+14;5,47983E+14;M_score_exp_UBA;3,64817E+14;M_score_exp_UBA;3,64817E+14;3,25499E+14;kemi_score;67;5,36172E+14;10;5,36172E+14;10;4,22336E+14;10;4,9247E+13;10;5,13857E+13;10;5,13857E+13;10;4,56057E+14;10;10;PM;PM;PM;1;C O, C O Nocoo, Nh0, Ndealkylation2, Allylic Oxid, Amide, Bicyclic, Imide;['Cyclohexanes']
N-(2-nitrophenyl)phosphoric triamide;874819-71-3;477-690-9;GDPVISFVPDYFPN-UHFFFAOYSA-N; NP(N)(=O)NC1=CC=CC=C1[N+]([O-])=O;;;PRO-317;NS00022857;REACH-A;FALS;vPvM & PMT;MQ;vPvM & PMT;FALS;FALS;;;FALS;FALS;FALS;FALS;FALS;FALS;FALS;FALS;FALS;FALS;FALS;FALS;FALS;FALS;FALS;CERT;FALS;FALS;;;;CERT;FALS;CERT;FALS;CERT;FALS;CERT;FALS;FALS;FALS;CERT;FALS;FALS;FALS;FALS;CERT;CERT;FALS;FALS;FALS;FALS;FALS;FALS;FALS;FALS;;;;;;;;;;;;;;1640;;;;-19;1951593;;13;23;35;>100 to < 1000 tonnes;1000;10000;0;0;0;0;0;0;0;0;0;0;0;1;0;0;0;0;0;0;0;0;0;0;0;0;0;0;0;0;0;0;0;0;0;0;0;0;0;0;0;0;0;0;1;0;0;0;0;0;0;0;0;0;0;0;0;0;0;0;0;0;0;0;0;0;0;8,47994E+14;;;;;;;;CERT;0;0;75;0;5703;low ;329;32300;low ;323;67700;low ;282;2,15787E+13;2,90515E+13;5,97429E+14;2,12361E+14;2,74594E+14;;;P_score_freshwater_pred_UBA;8,47994E+14;8,47994E+14;;;;;;E_score_max;35;8,47994E+14;5;;;8,47994E+14;5;2,74594E+14;5;4,8255E+14;5;2,74594E+14;25;4,8255E+14;5;;vPvM;;vPvM;3;Nh0, Nh1, Nh2, Aniline, Benzene, Nitro, Nitro Arom, Para Hydroxylation;['Aromatic amines', 'Nitrobenzene derivatives']
N-(4-{[3-(dimethylamino)propyl]sulfamoyl}phenyl)-2-[(2-methoxy-4-nitrophenyl)diazenyl]-3-oxobutanamide;1065519-44-9;700-222-4;MQLUSMUCKZNBBC-UHFFFAOYSA-N;CC(=O)C(C(=O)NC1=CC=C(C=C1)S(=O)(=O)NCCCN(C)C)N=NC2=C(C=C(C=C2)[N+](=O)[O-])OC;DTXSID301035685;1022953690;PRO-318;NS00010022;REACH-B;FALS;vPvM;HQ;vPvM;FALS;FALS;;;FALS;FALS;FALS;FALS;FALS;FALS;FALS;FALS;FALS;FALS;FALS;FALS;FALS;FALS;FALS;CERT;FALS;FALS;;;;FALS;CERT;FALS;CERT;FALS;FALS;FALS;FALS;FALS;FALS;CERT;CERT;FALS;FALS;CERT;FALS;FALS;FALS;FALS;FALS;FALS;FALS;FALS;FALS;FALS;P-PNEC pred;52056;;293;;963;;123;4350248018;;1,0777E+12;;55;15480;;;;-13;1886;;3;4;12;>1 to < 10 tonnes;10;100;1;0;0;0;0;0;0;1;0;0;0;0;0;0;0;0;0;1;0;0;0;0;0;0;1;0;0;0;0;0;0;0;0;0;0;0;0;0;0;0;0;0;0;0;0;0;0;0;0;1;0;0;1;0;0;0;0;0;0;0;0;0;0;0;0;9,96153E+14;;7,31291E+14;;;;;1,63958E+14;FALS;0;0;0;0;2502;low ;193;5790;low ;0;15800;low ;0;8,48702E+14;5,93746E+14;8,33034E+14;3,92163E+14;8,67249E+14;;;P_score_freshwater_pred_UBA;9,96153E+14;8,63722E+13;;;M_score_pred_Dashboard;1,63958E+14;1,63958E+14;kemi_score;3;4,04138E+14;10;;;3,76317E+14;10;8,67249E+14;5;5,21276E+14;75;8,67249E+14;25;4,97069E+14;75;10;PM(T);(T);PM(T);;C O, C O Nocoo, Nh0, Nh1, Amide, Aniline, Azo, Benzene, Ether, Ketone, Ketone Topliss, Methoxy, Nitro, Nitro Arom, Nitro Arom Nonortho, Sulfonamd, Unbrch Alkane;['Sulfonamides', 'Ethylene Glycols', 'Benzophenones', 'Nitrobenzene derivatives', 'PBDE', 'PhenylEthers']
N-(4-Methyl-3-nitro-phenyl)-4-(4-methyl-piperazin-1-ylmethyl)-benzamide;581076-60-0;611-622-2;GHWOXPOJAZVXAK-UHFFFAOYSA-N;C(=O)(c1ccc(CN2CCN(C)CC2)cc1)Nc1cc(N(=O)=O)c(C)cc1;DTXSID30652652;299840870;PRO-319;NS00009237;REACH-B;FALS;vPvM;HQ;PM;FALS;FALS;;;FALS;FALS;FALS;FALS;FALS;FALS;FALS;FALS;FALS;FALS;FALS;FALS;FALS;FALS;FALS;FALS;FALS;FALS;;;;CERT;FALS;CERT;FALS;FALS;FALS;FALS;FALS;FALS;FALS;FALS;FALS;FALS;FALS;FALS;FALS;FALS;FALS;FALS;FALS;FALS;FALS;FALS;FALS;FALS;P-PNEC pred;368437;;259;;103;;156;3068185862;;3,48133E+13;;174;9800;;;;0;10801;;31;0;0;;;;0;0;0;0;0;0;0;0;0;0;0;0;0;0;0;0;0;0;1;0;0;0;0;0;0;0;0;1;0;0;0;0;0;0;0;0;0;0;0;0;0;0;0;0;0;0;0;0;0;0;0;1;0;0;0;0;0;0;0;0;0;0;0;0;0;9,91633E+14;;2,8281E+14;;;;;3,22914E+14;FALS;0;0;0;0;1,229E+14;low ;391;5,737E+14;low ;37;1837;low ;649;7,24429E+14;5,9598E+14;1,10116E+14;9,41394E+14;7,74223E+14;;;P_score_freshwater_pred_UBA;9,91633E+14;6,37222E+14;;;M_score_pred_Dashboard;3,22914E+14;3,22914E+14;kemi_score;31;5,65873E+14;10;;;4,53617E+14;10;7,74223E+14;5;6,28205E+14;75;7,74223E+14;25;5,42102E+14;75;10;PM(T);(T);PM(T);2;C O, C O Nocoo, Nh0, Nh1, Ndealkylation1, Amide, Aniline, Aryl Methyl, Benzene, Nitro, Nitro Arom, Piperzine;['Nitrobenzene derivatives', 'PAHs']
N,N,N',N'-tetramethyl-2,2'-oxybis(ethylamine);3033-62-3;221-220-5;GTEXIOINCJRBIO-UHFFFAOYSA-N;CN(C)CCOCCN(C)C;DTXSID5027512;182040;PRO-320;NS00005315;REACH-A;CERT;vPvM;HQ;vPvM;FALS;FALS;;;FALS;FALS;FALS;FALS;FALS;FALS;FALS;FALS;FALS;FALS;FALS;FALS;FALS;FALS;FALS;CERT;FALS;CERT;"Construction and building materials; Furniture and furnishings; catalyst";"Catalyst; Intermediates; Other (specify); Process regulators; Propellants and blowing agents";"Catalyst; Not Known or Reasonably Ascertainable";CERT;CERT;CERT;CERT;CERT;CERT;CERT;CERT;CERT;FALS;CERT;CERT;FALS;FALS;CERT;FALS;FALS;CERT;FALS;FALS;FALS;FALS;CERT;FALS;FALS;P-PNEC pred;160261;;-461;;442;;26;1989894564;4051;2,14863E+14;5745019255;269;25000;;;;-55;3472673;75;75;36;48;>1000 to < 10000 tonnes;10000;100000;1;1;0;0;0;0;0;1;1;0;0;0;0;0;0;0;0;0;0;0;0;0;0;0;0;0;0;0;0;0;1;0;0;0;0;0;0;0;0;0;0;0;0;1;0;0;0;0;0;0;0;0;0;0;1;0;0;0;0;1;1;1;0;0;0;9,98301E+13;4,81449E+14;8,98507E+14;;;;7,51289E+14;5,01751E+14;FALS;0;0;0;0;11500;low ;653;81000;moderate ;85;14900;low ;7;1,76439E+14;1,9676E+14;4,47579E+14;4,01873E+14;2,38164E+14;;;P_score_freshwater_pred_UBA;9,98301E+13;7,92752E+14;;;M_score_pred_Episuite;7,51289E+14;6,2652E+14;kemi_score;75;8,66033E+14;10;;;7,04752E+14;10;4,22638E+14;10;6,04994E+14;10;4,22638E+14;5;5,45761E+14;10;20;vPvM;;vPvM;4;Nh0, Ndealkylation1, Ether, Unbrch Alkane;['Ethylene Glycols']
N,N-bis[3-(dimethylamino)propyl]-N',N'-dimethylpropane-1,3-diamine;33329-35-0;251-459-0;DTKANQSCBACEPK-UHFFFAOYSA-N;CN(C)CCCN(CCCN(C)C)CCCN(C)C;DTXSID5052703;1184560;PRO-321;NS00006390;REACH-A;CERT;vPvM;HQ;vPvM;FALS;FALS;;;FALS;FALS;FALS;FALS;FALS;FALS;FALS;FALS;FALS;FALS;FALS;FALS;FALS;FALS;FALS;CERT;FALS;CERT;;"Catalyst; Process regulators; Propellants and blowing agents";"Catalyst; Not Known or Reasonably Ascertainable";CERT;CERT;CERT;CERT;CERT;CERT;CERT;CERT;CERT;FALS;CERT;CERT;CERT;FALS;CERT;FALS;FALS;CERT;FALS;FALS;FALS;FALS;CERT;FALS;FALS;P-PNEC pred;272481;;702;;777;;468;2720159303;9955;1,3429E+14;2476199084;309;9810;;;;-61;237969;67;64;24;36;>100 to < 1000 tonnes;1000;10000;0;1;0;0;0;0;0;1;1;0;0;0;0;0;0;0;0;0;0;0;0;0;0;0;0;0;0;0;0;0;1;0;0;0;0;0;0;0;0;0;0;0;0;1;0;0;0;0;0;0;0;0;0;0;1;0;0;0;0;1;1;1;0;0;0;9,91647E+14;9,18588E+14;7,98553E+14;;;;6,67359E+12;3,77734E+14;FALS;0;0;0;0;3,156E+14;low ;599;41500;low ;69;3052;low ;0;4,06966E+14;2,61337E+14;7,59187E+14;7,6946E+14;4,8266E+14;;;P_score_freshwater_pred_UBA;9,91647E+14;9,0293E+13;;;M_score_pred_Episuite;6,67359E+12;5,22547E+14;kemi_score;64;8,13502E+14;10;;;6,86894E+14;10;5,68667E+14;10;6,80156E+14;10;5,68667E+14;5;6,24991E+14;10;0;vPvM;;PM;4;Nh0;['Other']
N,N-dibutylformamide;761-65-9;212-090-0;NZMAJUHVSZBJHL-UHFFFAOYSA-N;CCCCN(CCCC)C=O;DTXSID3022114;129750;PRO-322;NS00009641;REACH-A;FALS;PMT;HQ;PMT;FALS;FALS;;;FALS;FALS;FALS;FALS;FALS;FALS;FALS;FALS;FALS;FALS;FALS;FALS;FALS;FALS;FALS;FALS;FALS;FALS;;;;CERT;CERT;CERT;FALS;FALS;FALS;CERT;FALS;FALS;FALS;FALS;FALS;FALS;FALS;FALS;FALS;FALS;FALS;FALS;FALS;FALS;FALS;FALS;FALS;FALS;P-PNEC pred;157257;;202;;579;;866;2049218023;1764;4,12644E+14;716066185;107;;;;;20;941567;54;63;6;12;>10 to < 100 tonnes;100;1000;0;0;0;0;0;0;0;0;0;0;0;0;0;0;0;0;0;0;0;0;0;0;0;0;0;1;0;0;0;0;0;0;0;0;0;0;0;0;0;0;0;0;0;0;0;0;0;0;0;0;0;1;0;0;0;0;0;0;0;0;0;0;0;0;0;;2,57313E+13;3,45259E+14;;;;5,40805E+14;4,91472E+14;FALS;0;0;0;0;8268;low ;404;12900;moderate ;85;30800;low ;7;2,74114E+14;4,26725E+14;5,13001E+14;2,96398E+12;3,35782E+14;;;P_score_freshwater_pred_Dashboard;3,45259E+14;1,85495E+13;;;M_score_pred_Episuite;5,40805E+14;5,16138E+14;kemi_score;63;4,32108E+14;10;;;3,09421E+14;10;4,2582E+14;10;4,28952E+14;10;4,2582E+14;5;3,62984E+14;10;0;PM;;;4;C O, C O Nocoo, Nh0, Amide;['Other']
N,N-dicyclohexylbenzothiazole-2-sulphenamide;4979-32-2;225-625-8;CMAUJSNXENPPOF-UHFFFAOYSA-N;C1CCCCC1N(C1CCCCC1)Sc1nc2ccccc2s1;DTXSID3027584;210800;PRO-323;NS00003781;REACH-A;CERT;PMT;HQ;Not PMT/vPvM;FALS;FALS;;;FALS;FALS;FALS;FALS;FALS;FALS;FALS;FALS;FALS;FALS;FALS;FALS;FALS;FALS;FALS;CERT;CERT;CERT;;"Antioxidant; Catalyst; Fuel; Other; Other (specify); Polymerization promoter";"Catalyst; Fuel; Not Known or Reasonably Ascertainable; Other";CERT;CERT;CERT;CERT;FALS;CERT;CERT;FALS;FALS;FALS;FALS;CERT;FALS;FALS;FALS;FALS;FALS;CERT;FALS;FALS;FALS;CERT;CERT;CERT;FALS;P-PNEC pred;34655;48;608;;117;0,0000163;0,0000356;3170261715;2865;5,1453E+154;4666338817;3890;;10000;;30;;2743;35;57;39;52;>1000 to < 10000 tonnes;10000;100000;0;0;0;0;0;0;0;0;0;0;0;0;0;0;0;0;0;0;0;0;0;0;0;0;0;0;0;0;0;0;1;0;0;0;0;0;0;0;0;0;0;1;0;0;0;0;0;0;0;0;0;0;1;1;1;0;0;0;0;0;0;0;0;0;0;;3,94187E+14;10;9,4938E+14;;3,33333E+14;3,54442E+14;3,07643E+14;FALS;0;0;0;0;334;low ;186;218;low ;398;190;;10;8,26608E+14;2,07764E+14;1,7891E+14;2,17762E+14;8,92634E+14;P_score_soil_exp_UBA;9,4938E+14;P_score_freshwater_pred_Dashboard;10;7,81189E+14;M_score_exp_UBA;3,33333E+14;M_score_pred_Episuite;3,54442E+14;3,31806E+13;kemi_score;57;5,9535E+14;10;5,62548E+14;10;5,0912E+14;10;5,58947E+14;10;5,76861E+14;10;5,60745E+14;10;5,33452E+14;10;30;PM;PM;PM;1;Ar N, Nh0, Benzene, Bicyclic, Para Hydroxylation, Thiazole;['Aromatic amines', 'Cyclohexanes']
N,N-Dimethyl-3-((perfluorohexyl)ethylsulfonyl)aminopropanamine N-oxide;80475-32-7;279-481-6;KBDMGVIUNQWTND-UHFFFAOYSA-N;O=N(C)(C)CCCNS(=O)(=O)CCC(F)(F)C(F)(F)C(F)(F)C(F)(F)C(F)(F)C(F)(F)F;DTXSID80880983;1573370;PRO-324;NS00014253;;FALS;;;;FALS;FALS;;;FALS;FALS;FALS;FALS;FALS;FALS;FALS;FALS;FALS;FALS;FALS;FALS;FALS;FALS;FALS;CERT;FALS;CERT;;;;CERT;FALS;CERT;CERT;CERT;FALS;CERT;FALS;FALS;FALS;CERT;FALS;FALS;FALS;FALS;CERT;FALS;FALS;FALS;FALS;FALS;FALS;CERT;FALS;FALS;;52833;;344;;839;;33;2820201459;;1,3429E+14;;427;;;;;;5,53796E+14;;65;12;24;>10 to < 100 tonnes;100;1000;1;0;0;0;0;0;0;1;0;0;0;0;0;0;0;0;0;0;0;0;0;0;0;0;0;0;0;0;0;0;0;0;0;0;0;0;0;0;0;0;0;0;0;0;0;0;0;0;0;0;0;1;0;0;0;0;0;0;0;0;0;0;0;0;0;;;7,98553E+14;;;;;3,61578E+14;FALS;0;0;0;0;451;low ;152;378;low ;0;13200;low ;0;3,22272E+13;1,71151E+14;1,60545E+14;4,22665E+14;4,82444E+14;;;P_score_freshwater_pred_Dashboard;7,98553E+14;7,98553E+14;;;M_score_pred_Dashboard;3,61578E+14;3,61578E+14;kemi_score;65;5,37345E+13;10;;;5,37345E+13;10;4,82444E+14;5;5,18384E+14;75;4,82444E+14;25;5,18384E+14;75;10;PM;;PM;2;Nh0, Nh1, N O, Alkyl Halide, Halogen, Quatn, Sulfonamd, Unbrch Alkane;['Sulfonamides', 'Organotins', 'PFAS']
N-[3-({[2,2-dimethyl-3-(morpholin-4-yl)propylidene]amino}methyl)-3,5,5-trimethylcyclohexyl]-2,2-dimethyl-3-(morpholin-4-yl)propan-1-imine;1217271-02-7;700-584-3;YXDMBOANBIPTTC-UHFFFAOYSA-N;CC(C)(CN1CCOCC1)C=NCC1(C)CC(CC(C)(C)C1)N=CC(C)(C)CN1CCOCC1;DTXSID301020191;899994430;PRO-325;NS00005355;REACH-B;FALS;vPvM;HQ;vPvM;FALS;FALS;;;FALS;FALS;FALS;FALS;FALS;FALS;FALS;FALS;FALS;FALS;FALS;FALS;FALS;FALS;FALS;CERT;CERT;CERT;;;Hardener;CERT;CERT;CERT;CERT;CERT;CERT;CERT;FALS;FALS;FALS;CERT;CERT;FALS;FALS;CERT;FALS;FALS;CERT;FALS;FALS;FALS;FALS;CERT;FALS;FALS;P-PNEC;47675;;525;;117;;537;411058971;;3,61282E+14;;891;88210;;;;-21;47984105;;34;1;1;Tonnage data confidential;;;1;1;0;0;0;0;0;1;1;0;0;0;0;0;0;0;0;0;0;0;0;0;0;0;0;0;0;0;0;0;1;0;0;0;0;0;0;0;0;0;0;0;0;0;0;0;0;0;0;0;0;0;0;0;0;0;0;0;0;0;0;1;0;0;0;9,99803E+14;;1E+15;;;;;1,88017E+14;FALS;0;0;0;0;1396;low ;0;54300;low ;229;6716;low ;0;7,88999E+14;2,33211E+14;1,0481E+14;5,58766E+14;8,15813E+14;;;P_score_freshwater_pred_Dashboard;1E+15;9,99901E+14;;;M_score_pred_Dashboard;1,88017E+14;1,88017E+14;kemi_score;34;4,33609E+14;10;;;4,33587E+14;10;8,15813E+14;5;5,35298E+14;75;8,15813E+14;25;5,3528E+14;75;10;PM(T);(T);PM(T);2;Imine, Nh0, Ether, Morpholine;['Ethylene Glycols']
N-butylbenzenesulphonamide;3622-84-2;222-823-6;IPRJXAGUEGOFGG-UHFFFAOYSA-N;CCCCNS(=O)(=O)C1=CC=CC=C1;DTXSID7027540;192410;PRO-326;NS00007746;REACH-A;CERT;vPvM;HQ;PM;FALS;FALS;;;FALS;FALS;FALS;FALS;FALS;FALS;FALS;FALS;FALS;CERT;FALS;FALS;FALS;FALS;CERT;FALS;FALS;CERT;plasticisers;"Intermediate; Other (specify); Plasticizer; Plasticizers";Plasticizers;FALS;CERT;CERT;FALS;FALS;CERT;CERT;FALS;FALS;FALS;CERT;CERT;FALS;FALS;FALS;FALS;FALS;FALS;FALS;FALS;FALS;FALS;CERT;FALS;FALS;P-PNEC pred;2133;;218;;847;;524;1940018155;23425;7,90436E+14;1406085241;363;9850;;;;20;2111155;44;56;34;45;>1000 to < 10000 tonnes;10000;100000;0;0;0;0;0;0;0;0;0;0;0;0;0;0;0;0;0;0;0;0;0;0;0;0;0;0;0;0;0;0;1;0;0;0;0;0;0;0;0;0;0;0;0;0;0;0;0;0;0;0;0;0;0;0;1;0;0;0;0;1;0;0;0;0;0;9,91705E+14;7,72426E+14;6,15676E+14;;;;4,40926E+13;5,10393E+14;FALS;0;0;0;0;4,241E+14;low ;249;4845;low ;417;15900;moderate ;85;2,10067E+14;6,38467E+14;6,73914E+14;3,91132E+14;3,01322E+14;;;P_score_freshwater_pred_UBA;9,91705E+14;5,61541E+14;;;M_score_pred_Dashboard;5,10393E+14;4,7566E+14;kemi_score;56;7,11448E+14;10;;;5,16819E+14;10;3,64118E+14;10;5,0897E+14;10;3,64118E+14;5;4,33801E+14;10;0;vPvM;;PM;2;Nh1, Benzene, Sulfonamd, Unbrch Alkane;['Sulfonamides']
N-EtFOSE;;;;;;743220;PRO-327;;;FALS;;;;FALS;FALS;< 0,8;;FALS;FALS;FALS;FALS;FALS;FALS;FALS;FALS;FALS;FALS;FALS;FALS;FALS;FALS;CERT;FALS;FALS;FALS;;;;FALS;FALS;FALS;FALS;FALS;FALS;FALS;FALS;FALS;FALS;FALS;FALS;FALS;FALS;FALS;FALS;FALS;FALS;FALS;FALS;FALS;FALS;FALS;FALS;FALS;;;;;;;;;;;;;;;;;;;;;;;;;;;0;0;0;0;0;0;0;0;0;0;0;0;0;0;0;0;0;0;0;0;0;0;0;0;0;0;0;0;0;0;0;0;0;0;0;0;0;0;0;0;0;0;0;0;0;0;0;0;0;0;0;0;0;0;0;0;0;0;0;0;0;0;0;0;0;;;;;;;;;CERT;0;0;0;0;;;;;;;;;;;;;;;;;;;;;;;;;;;;;;;;;;;;;;;;;;;;;2;Error;['Error']
N-Ethyl perfluorooctane sulfonamide;4151-50-2;223-980-3;CCEKAJIANROZEO-UHFFFAOYSA-N;CCNS(=O)(=O)C(C(C(C(C(C(C(C(F)(F)F)(F)F)(F)F)(F)F)(F)F)(F)F)(F)F)(F)F;DTXSID1032646;777970;PRO-328;NS00000371;;FALS;;;;FALS;FALS;< 0,6;<LOD;FALS;FALS;FALS;CERT;FALS;CERT;FALS;FALS;FALS;FALS;FALS;FALS;FALS;FALS;CERT;FALS;FALS;FALS;"Pesticides -> insecticide; Raw materials";;;FALS;FALS;FALS;FALS;FALS;FALS;FALS;FALS;FALS;FALS;FALS;FALS;FALS;FALS;FALS;FALS;FALS;FALS;FALS;FALS;FALS;FALS;FALS;FALS;FALS;;5272;68;757;;492;;0,0000032;2519827994;48039;1,3429E+14;5009540072;933;;;;;;19129;;52;;;;;;0;0;0;0;0;0;0;0;0;0;0;0;0;0;0;0;0;0;0;0;0;0;0;0;0;0;0;0;0;0;0;0;0;0;0;0;0;0;0;0;0;0;0;0;0;0;0;0;0;0;0;0;0;0;0;0;0;0;0;0;0;0;0;0;0;;9,99482E+14;7,98553E+14;;;;1,25262E+14;4,10883E+14;FALS;0;0;0;0;257;low ;18;8;low ;0;1763;low ;0;6,72234E+14;5,24209E+14;1,96245E+14;9,56732E+14;6,72234E+14;;;P_score_freshwater_pred_RIVM;9,99482E+14;8,99017E+14;;;M_score_pred_Dashboard;4,10883E+14;2,68072E+14;kemi_score;52;6,40835E+14;10;;;4,90919E+14;10;6,72234E+14;5;6,51135E+14;75;6,72234E+14;25;5,45147E+14;75;10;PM(T);(T);PM(T);4;Nh1, Alkyl Halide, Halogen, Sulfonamd;['Sulfonamides', 'PFAS']
N-Ethyl perfluorooctane sulfonamidoacetic acid;2991-50-6;221-061-1;CKRXVVGETMYFIO-UHFFFAOYSA-N;CCN(CC(=O)O)S(=O)(=O)C(C(C(C(C(C(C(C(F)(F)F)(F)F)(F)F)(F)F)(F)F)(F)F)(F)F)(F)F;DTXSID5062760;181340;PRO-329;NS00000428;;FALS;;;;CERT;CERT;<0,3;<LOD;CERT;CERT;CERT;FALS;FALS;CERT;FALS;FALS;FALS;FALS;FALS;FALS;FALS;FALS;CERT;FALS;FALS;FALS;;;;FALS;FALS;FALS;FALS;FALS;FALS;FALS;FALS;FALS;FALS;FALS;FALS;FALS;FALS;FALS;FALS;FALS;FALS;FALS;FALS;FALS;FALS;FALS;FALS;FALS;;58523;;735;;771;;0,000115;4910090546;37141;8,73567E+14;3158723205;269;;;;;;3008;23;;;;;;;0;0;0;0;0;0;0;0;0;0;0;0;0;0;0;0;0;0;0;0;0;0;0;0;0;0;0;0;0;0;0;0;0;0;0;0;0;0;0;0;0;0;0;0;0;0;0;0;0;0;0;0;0;0;0;0;0;0;0;0;0;0;0;0;0;;9,9886E+14;6,55248E+14;;;;2,33595E+14;1,17417E+14;FALS;0;0;0;0;483;low ;182;12;low ;0;2035;low ;0;6,2755E+14;4,80215E+14;1,56574E+14;9,04161E+14;6,2755E+14;;;P_score_freshwater_pred_RIVM;9,9886E+14;8,27054E+14;;;M_score_pred_Episuite;2,33595E+14;1,75506E+14;;;4,83041E+14;10;;;3,80989E+14;10;3,79917E+14;10;4,28387E+13;10;3,79917E+14;5;3,80453E+13;10;10;PM;;PM;2;Al Coo, Coo, Coo2, C O, Nh0, Ndealkylation1, Alkyl Halide, Halogen, Sulfonamd;['Sulfonamides', 'Alkylphenols', 'PFAS']
N-isopropyl-N'-phenyl-p-phenylenediamine;101-72-4;202-969-7;OUBMGJOQLXMSNT-UHFFFAOYSA-N;CC(C)NC1=CC=C(C=C1)NC2=CC=CC=C2;DTXSID1025485;75730;PRO-330;NS00008626;REACH-A;FALS;vPvM & PMT;MQ;PMT;FALS;FALS;;;FALS;FALS;FALS;FALS;FALS;FALS;FALS;FALS;FALS;FALS;FALS;FALS;FALS;FALS;FALS;FALS;FALS;CERT;;"Antioxidant; Other (specify); Processing aids, not otherwise listed";Not Known or Reasonably Ascertainable;CERT;CERT;CERT;CERT;FALS;CERT;CERT;FALS;FALS;FALS;FALS;CERT;FALS;FALS;FALS;FALS;FALS;FALS;FALS;FALS;FALS;CERT;CERT;FALS;FALS;P-PNEC pred;226323;;316;;911;;268;2459392488;26744;6,39061E+14;4507082331;275;2900;;;;4;13707;39;72;34;45;>1000 to < 10000 tonnes;10000;100000;0;0;0;0;0;0;0;0;0;0;0;0;0;0;0;0;0;0;0;0;0;0;0;0;0;0;0;0;0;0;1;0;0;0;0;0;0;0;0;0;0;0;0;0;0;0;0;0;0;0;0;0;1;1;1;0;0;0;0;0;0;0;0;0;0;9,36636E+14;3,80104E+14;9,82777E+14;;;;3,85218E+14;4,21059E+14;CERT;0;0;0;0;821;low ;7;3527;moderate ;85;892;good ;10;7,03299E+14;7,2601E+14;1,28494E+14;1,24514E+13;7,03299E+14;;;P_score_freshwater_pred_Dashboard;9,82777E+14;7,66505E+14;;;M_score_pred_Dashboard;4,21059E+14;4,03139E+14;kemi_score;72;6,43278E+14;10;;;5,55885E+14;10;5,23724E+14;10;5,80431E+14;10;5,23724E+14;5;5,39565E+14;10;0;PM;;PM;;Nh1, Aniline, Benzene, Para Hydroxylation;['Aromatic amines']
Nitrobenzene;98-95-3;202-716-0;LQNUZADURLCDLV-UHFFFAOYSA-N;O=N(=O)c1ccccc1;DTXSID3020964;74160;PRO-331;NS00001683;REACH-C;FALS;vPvM & PMT;MQ;vPvM & PMT;FALS;FALS;;;FALS;FALS;FALS;FALS;FALS;FALS;FALS;FALS;FALS;FALS;FALS;FALS;FALS;FALS;FALS;FALS;FALS;FALS;;"Intermediate; Intermediates; Laboratory chemicals";;CERT;CERT;CERT;FALS;FALS;FALS;CERT;FALS;FALS;FALS;CERT;FALS;FALS;FALS;FALS;FALS;FALS;FALS;FALS;FALS;FALS;FALS;FALS;FALS;FALS;P-PNEC exp;123111;185;185;;387;164;13;1940018155;21675;1,90566E+13;2375000003;468;;;;17;;36;47;75;0;0;;;;0;0;0;0;0;0;0;0;0;0;0;0;0;0;0;0;0;0;1;0;0;0;0;0;0;0;0;0;0;0;0;0;0;0;0;0;0;0;0;0;0;0;0;0;0;0;0;0;0;0;1;1;1;0;0;0;0;0;0;0;0;0;0;0;0;;1,70186E+14;8,78212E+14;;;5,518E+14;4,71007E+14;5,10393E+14;CERT;5;0;75;0;42200;moderate ;85;12400;good ;10;3872;moderate ;85;6,0914E+14;4,33794E+14;2,59495E+14;6,99189E+14;6,0914E+14;;;P_score_freshwater_pred_Dashboard;8,78212E+14;5,24199E+14;M_score_exp_UBA;5,518E+14;M_score_exp_UBA;5,518E+14;5,11066E+14;kemi_score;75;6,9613E+14;10;5,518E+14;5;5,17591E+13;10;5,35066E+14;10;6,10308E+14;10;5,40587E+14;75;5,26256E+14;10;0;PM;PM;PM;3;Nh0, Benzene, Nitro, Nitro Arom, Nitro Arom Nonortho, Para Hydroxylation;['Nitrobenzene derivatives']
N-MeFOSE;;;;;;;PRO-332;;;FALS;;;;FALS;FALS;< 0,6;;FALS;FALS;FALS;FALS;FALS;FALS;FALS;FALS;FALS;FALS;FALS;FALS;FALS;FALS;CERT;FALS;FALS;FALS;;;;FALS;FALS;FALS;FALS;FALS;FALS;FALS;FALS;FALS;FALS;FALS;FALS;FALS;FALS;FALS;FALS;FALS;FALS;FALS;FALS;FALS;FALS;FALS;FALS;FALS;;;;;;;;;;;;;;;;;;;;;;;;;;;0;0;0;0;0;0;0;0;0;0;0;0;0;0;0;0;0;0;0;0;0;0;0;0;0;0;0;0;0;0;0;0;0;0;0;0;0;0;0;0;0;0;0;0;0;0;0;0;0;0;0;0;0;0;0;0;0;0;0;0;0;0;0;0;0;;;;;;;;;CERT;0;0;0;0;3206;low ;205;;;;25300;low ;0;;;7,54412E+13;3,21981E+14;;;;;;;;;;;;;;;;;;;;;;;;;;;;;;;;;Error;['Error']
N-Methyl perfluorobutane sulfonamide;68298-12-4;614-396-3;GFZPUWKGPNHWHD-UHFFFAOYSA-N;CNS(=O)(=O)C(C(C(C(F)(F)F)(F)F)(F)F)(F)F;DTXSID1071373;1099680;PRO-333;NS00011240;;FALS;;;;FALS;FALS;;;FALS;FALS;FALS;FALS;FALS;CERT;FALS;FALS;FALS;FALS;FALS;FALS;FALS;FALS;CERT;FALS;FALS;FALS;;Intermediate;;FALS;FALS;CERT;FALS;FALS;FALS;FALS;FALS;FALS;FALS;FALS;FALS;FALS;FALS;FALS;FALS;FALS;FALS;FALS;FALS;FALS;FALS;FALS;FALS;FALS;;31314;;364;;407;;532;1640481437;;8,73567E+14;;219;;;;;;114001;;35;0;0;;;;0;0;0;0;0;0;0;0;0;0;0;0;0;0;0;0;0;0;0;0;0;0;0;0;0;0;0;0;0;0;0;0;0;0;0;0;0;0;0;0;0;0;0;0;0;0;0;0;0;0;0;0;0;0;0;0;0;0;0;0;0;0;0;0;0;;;6,55248E+14;;;;;5,61979E+14;FALS;0;0;0;0;1650;low ;199;7078;low ;197;30100;low ;0;4,85777E+14;5,46859E+14;9,81914E+14;2,99283E+14;4,96128E+14;;;P_score_freshwater_pred_Dashboard;6,55248E+14;6,55248E+14;;;M_score_pred_Dashboard;5,61979E+14;5,61979E+14;kemi_score;35;6,06824E+14;10;;;6,06824E+14;10;4,96128E+14;5;5,67422E+14;75;4,96128E+14;25;5,67422E+14;75;0;PM;;PM;1;Nh1, Alkyl Halide, Halogen, Sulfonamd;['Sulfonamides', 'PFAS']
N-Methyl Perfluorobutane Sulfonylamide Acetate;159381-10-9;;SKGBGOQHXBAKKO-UHFFFAOYSA-N;CN(CC(=O)O)S(=O)(=O)C(C(C(C(F)(F)F)(F)F)(F)F)(F)F;DTXSID101022260;222869350;PRO-334;NS00074974;;FALS;;;;FALS;FALS;;;FALS;FALS;FALS;FALS;FALS;CERT;FALS;FALS;FALS;FALS;FALS;FALS;FALS;FALS;CERT;FALS;FALS;FALS;;;;FALS;FALS;FALS;FALS;FALS;FALS;FALS;FALS;FALS;FALS;FALS;FALS;FALS;FALS;FALS;FALS;FALS;FALS;FALS;FALS;FALS;FALS;FALS;FALS;FALS;;37117;;316;;568;;0,00603;2469822016;;8,73567E+14;;631;;;;;;2,96669E+14;;;;;;;;0;0;0;0;0;0;0;0;0;0;0;0;0;0;0;0;0;0;0;0;0;0;0;0;0;0;0;0;0;0;0;0;0;0;0;0;0;0;0;0;0;0;0;0;0;0;0;0;0;0;0;0;0;0;0;0;0;0;0;0;0;0;0;0;0;;;6,55248E+14;;;;;4,19298E+14;FALS;0;0;0;0;;;;9868;low ;217;;;;3,84078E+14;4,76873E+14;;;;;;P_score_freshwater_pred_Dashboard;6,55248E+14;6,55248E+14;;;M_score_pred_Dashboard;4,19298E+14;4,19298E+14;;;5,2416E+14;10;;;5,2416E+14;10;;;5,2416E+14;5;;;5,2416E+14;5;0;PM;;PM;1;Al Coo, Coo, Coo2, C O, Nh0, Ndealkylation1, Alkyl Halide, Halogen, Sulfonamd;['Sulfonamides', 'Alkylphenols', 'PFAS']
N-Methyl perfluorooctane sulfonamide;31506-32-8;250-665-8;SRMWNTGHXHOWBT-UHFFFAOYSA-N;CNS(=O)(=O)C(C(C(C(C(C(C(C(F)(F)F)(F)F)(F)F)(F)F)(F)F)(F)F)(F)F)(F)F;DTXSID1067629;30344680;PRO-335;NS00010968;;FALS;;;;FALS;FALS;< 0,7;<LOD;FALS;FALS;FALS;FALS;FALS;CERT;FALS;FALS;FALS;FALS;FALS;FALS;FALS;FALS;CERT;FALS;FALS;FALS;;;;FALS;FALS;FALS;FALS;FALS;FALS;FALS;FALS;FALS;FALS;FALS;FALS;FALS;FALS;FALS;FALS;FALS;FALS;FALS;FALS;FALS;FALS;FALS;FALS;FALS;;51317;;684;;456;;0,0000364;2250420002;45329;1,3429E+14;4715563301;813;;;;;;18329;;49;;;;;;0;0;0;0;0;0;0;0;0;0;0;0;0;0;0;0;0;0;0;0;0;0;0;0;0;0;0;0;0;0;0;0;0;0;0;0;0;0;0;0;0;0;0;0;0;0;0;0;0;0;0;0;0;0;0;0;0;0;0;0;0;0;0;0;0;;9,99425E+14;7,98553E+14;;;;1,47333E+14;4,56714E+14;FALS;0;0;0;0;332;low ;175;10;low ;0;2794;low ;0;6,76309E+14;5;1,79294E+14;7,97149E+14;6,88206E+14;;;P_score_freshwater_pred_RIVM;9,99425E+14;8,98989E+14;;;M_score_pred_Dashboard;4,56714E+14;3,02024E+14;kemi_score;49;6,75612E+14;10;;;5,21072E+14;10;6,88206E+14;5;6,79784E+14;75;6,88206E+14;25;5,71704E+14;75;10;PM(T);(T);PM(T);;Nh1, Alkyl Halide, Halogen, Sulfonamd;['Sulfonamides', 'PFAS']
N-Methyl perfluorooctane sulfonamidoacetic acid;2355-31-9;;QNDHIRFIMVNHBN-UHFFFAOYSA-N;CN(CC(=O)O)S(=O)(=O)C(C(C(C(C(C(C(C(F)(F)F)(F)F)(F)F)(F)F)(F)F)(F)F)(F)F)(F)F;DTXSID10624392;222869310;PRO-336;NS00000427;;FALS;;;;FALS;FALS;< 0,2;< LOD;CERT;CERT;CERT;FALS;FALS;CERT;FALS;FALS;FALS;FALS;FALS;FALS;FALS;FALS;CERT;FALS;FALS;FALS;;;;FALS;FALS;FALS;FALS;FALS;FALS;FALS;FALS;FALS;FALS;FALS;FALS;FALS;FALS;FALS;FALS;FALS;FALS;FALS;FALS;FALS;FALS;FALS;FALS;FALS;;5712;;663;;746;;0,000172;4170261715;;8,73567E+14;;537;;;;;;41093;;6;;;;;;0;0;0;0;0;0;0;0;0;0;0;0;0;0;0;0;0;0;0;0;0;0;0;0;0;0;0;0;0;0;0;0;0;0;0;0;0;0;0;0;0;0;0;0;0;0;0;0;0;0;0;0;0;0;0;0;0;0;0;0;0;0;0;0;0;;;6,55248E+14;;;;;1,81783E+14;FALS;0;0;0;0;497;low ;178;13;low ;0;1991;low ;0;5,95375E+14;4,71545E+13;1,54942E+14;9,11999E+13;6,08227E+14;;;P_score_freshwater_pred_Dashboard;6,55248E+14;6,55248E+14;;;M_score_pred_Dashboard;1,81783E+14;1,81783E+14;kemi_score;6;3,45128E+14;10;;;3,45128E+14;10;6,08227E+14;5;4,16878E+14;75;6,08227E+14;25;4,16878E+14;75;10;PM(T);(T);PM(T);4;Al Coo, Coo, Coo2, C O, Nh0, Ndealkylation1, Alkyl Halide, Halogen, Sulfonamd;['Sulfonamides', 'Alkylphenols', 'PFAS']
Nonadecafluorodecanoic acid;335-76-2;206-400-3;PCIUEQPBYFRTEM-UHFFFAOYSA-N;C(=O)(C(C(C(C(C(C(C(C(C(F)(F)F)(F)F)(F)F)(F)F)(F)F)(F)F)(F)F)(F)F)(F)F)O;DTXSID3031860;95550;PRO-337;NS00000369;;FALS;;;;CERT;CERT;x;<3.5;CERT;CERT;CERT;CERT;CERT;CERT;FALS;FALS;FALS;FALS;FALS;FALS;FALS;FALS;CERT;FALS;FALS;FALS;;;;FALS;FALS;FALS;FALS;FALS;FALS;FALS;FALS;FALS;FALS;FALS;FALS;FALS;FALS;FALS;FALS;FALS;FALS;FALS;FALS;FALS;FALS;FALS;FALS;FALS;;514086;415;732;;428;525;81;2599883072;35575;1,3429E+14;3515804812;295;;;;;;16553;25;39;;;;;;0;0;0;0;0;0;0;0;0;0;0;0;0;0;0;0;0;0;0;0;0;0;0;0;0;0;0;0;0;0;0;0;0;0;0;0;0;0;0;0;0;0;0;0;0;0;0;0;0;0;0;0;0;0;0;0;0;0;0;0;0;0;0;0;0;;9,99051E+14;7,98553E+14;;;;2,53586E+14;3,9752E+14;FALS;0;0;0;0;593;low ;182;6;low ;0;4655;low ;0;6,85922E+14;5,55236E+14;1,45163E+14;6,48931E+14;6,95269E+14;;;P_score_freshwater_pred_RIVM;9,99051E+14;8,98802E+14;;;M_score_pred_Dashboard;3,9752E+14;3,25553E+14;kemi_score;39;6,30193E+14;10;;;5,40932E+14;10;4,16914E+14;10;5,12578E+14;10;4,16914E+14;5;4,74892E+14;10;10;PM;;PM;;Al Coo, Coo, Coo2, C O, Alkyl Halide, Halogen;['Alkylphenols', 'PFAS']
Norethisterone;68-22-4;200-681-6;VIKNJXKGJWUCNN-XGXHKTLJSA-N;C[C@]12CC[C@H]3[C@@H](CCC4=CC(=O)CC[C@H]34)[C@@H]1CC[C@@]2(O)C#C;DTXSID9023380;62300;PRO-338;NS00009098;REACH-B;FALS;PMT;MQ;Potential PMT/vPvM;FALS;FALS;;;FALS;FALS;FALS;FALS;FALS;FALS;FALS;FALS;FALS;FALS;FALS;FALS;FALS;FALS;FALS;FALS;FALS;FALS;;;;FALS;CERT;CERT;FALS;FALS;FALS;CERT;FALS;FALS;FALS;FALS;FALS;FALS;FALS;FALS;FALS;FALS;FALS;FALS;FALS;FALS;FALS;FALS;FALS;FALS;P-PNEC pred;298426;297;308;;110;0,00026;119;5720159303;2352;2,69508E+56;9063381042;794;1080;;;;27;451556;44;44;3;9;>1 to < 10 tonnes;10;100;0;0;0;0;0;0;0;0;0;0;0;0;0;0;0;0;0;0;0;0;0;0;0;0;0;0;0;0;0;0;0;0;0;0;0;0;0;0;0;0;0;0;0;0;0;0;0;0;0;0;0;1;0;0;0;0;0;0;0;0;0;0;0;0;0;7,32007E+14;6,69327E+14;10;;;;4,39304E+14;7,05273E+14;FALS;0;0;0;0;334;;34;3634;low ;553;847;low ;694;3,41929E+14;7,17319E+14;1,7891E+14;1,26985E+14;3,66064E+14;;;P_score_freshwater_pred_Dashboard;10;8,00445E+14;;;M_score_pred_Episuite;4,39304E+14;2,54916E+14;kemi_score;44;6,628E+14;10;;;4,51714E+14;10;4,01333E+14;10;5,15755E+14;10;4,01333E+14;5;4,25779E+14;10;10;PM;;PM;3;Al Oh, C O, C O Nocoo, Allylic Oxid, Bicyclic, Ketone, Term Acetylene;['Alkylphenols', 'Cyclohexanes', 'Terpenoid', 'Acrylics/Acrylates']
Octyl (R)-2-(4-chloro-2-methylphenoxy)propionate;66423-13-0;266-358-7;QWQMRXFSCXUHMR-OAHLLOKOSA-N;CCCCCCCCOC(=O)C(C)OC1=C(C=C(C=C1)Cl)C;DTXSID00216644;64553250;PRO-339;NS00003605;REACH-A;CERT;vPvM;HQ;vPvM;FALS;FALS;;;FALS;FALS;FALS;FALS;FALS;FALS;FALS;FALS;FALS;FALS;FALS;FALS;FALS;FALS;FALS;CERT;CERT;CERT;antiroot;;;CERT;CERT;CERT;FALS;FALS;FALS;CERT;FALS;FALS;FALS;FALS;CERT;FALS;FALS;FALS;FALS;FALS;CERT;FALS;FALS;FALS;FALS;FALS;FALS;FALS;P-PNEC pred;32686;;626;;924;;0,000283;3399673721;45993;1,0777E+12;3533827319;4070;670;;;19;;3819;14;3;26;39;>100 to < 1000 tonnes;1000;10000;1;1;0;0;0;0;0;0;0;0;0;0;0;0;0;0;0;0;0;0;0;0;0;0;0;0;0;0;0;0;0;0;0;0;0;0;0;0;0;0;0;0;0;0;0;0;0;0;0;0;0;0;1;0;0;0;0;0;0;0;0;1;0;0;0;5,47021E+13;2,88029E+14;7,31291E+14;;;5,17322E+14;1,41645E+14;2,74845E+13;FALS;0;0;0;0;208;low ;68;583;moderate ;85;1283;low ;7;8,05033E+14;1,46082E+14;2,11141E+14;1,083E+14;8,13472E+14;;;P_score_freshwater_pred_Dashboard;7,31291E+14;5,22114E+14;M_score_exp_UBA;5,17322E+14;M_score_exp_UBA;5,17322E+14;3,1127E+14;E_score_max;39;6,15072E+13;10;5,17322E+14;5;4,03136E+14;10;3,3747E+14;10;4,55597E+14;10;3,89114E+14;75;3,68844E+14;10;10;PM;PM;PM;4;C O, C O Nocoo, Aryl Methyl, Benzene, Ester, Ether, Halogen, Unbrch Alkane;['Chlorobenzenes', 'Ethylene Glycols', 'PAHs', 'PBB', 'PBDE', 'PhenylEthers', 'Phtalates']
o-phenylenediamine;95-54-5;202-430-6;GEYOCULIXLDCMW-UHFFFAOYSA-N;Nc1ccccc1N;DTXSID3025881;72430;PRO-340;;REACH-B;FALS;vPvM & PMT;MQ;vPvM & PMT;FALS;FALS;;;FALS;FALS;FALS;FALS;FALS;FALS;FALS;FALS;FALS;FALS;FALS;FALS;FALS;FALS;FALS;FALS;FALS;FALS;;;;CERT;CERT;CERT;FALS;FALS;FALS;CERT;FALS;FALS;FALS;CERT;FALS;FALS;FALS;FALS;FALS;FALS;FALS;FALS;FALS;FALS;FALS;FALS;FALS;FALS;P-PNEC pred;108144;15;179;;76;38;425;1620136055;9649;5,34806E+14;2826421644;794;1090;;;0;;1594137;67;72;3;9;>1 to < 10 tonnes;10;100;0;0;0;0;0;0;0;0;0;0;0;0;0;0;0;0;0;0;1;0;1;0;0;0;0;0;1;0;0;0;0;0;0;1;0;0;0;1;0;0;0;1;0;0;0;0;0;0;0;0;1;1;0;0;0;0;0;0;0;0;0;0;0;0;0;7,35086E+14;2,1639E+14;1E+15;;;8;6,72051E+13;5,65448E+14;CERT;5;5;0;0;80000;low ;7;1128;;10;3261;;10;2,31026E+14;1,13819E+14;1,97803E+14;7,49275E+14;2,34144E+14;;;P_score_freshwater_pred_Dashboard;1E+15;6,50492E+14;M_score_exp_UBA;8;M_score_exp_UBA;8;6,79166E+14;kemi_score;72;8,94427E+14;10;8;5;6,64675E+14;10;3,96077E+13;10;5,95199E+14;10;5,00668E+14;75;5,13091E+14;10;0;vPvM;vPvM;PM;3;Arn, Nh2, Aniline, Benzene, Para Hydroxylation;['Aromatic amines']
Oxybenzone;131-57-7;205-031-5;DXGLGDHPHMLXJC-UHFFFAOYSA-N;COc1ccc(C(=O)c2ccccc2)c(O)c1;DTXSID3022405;46320;PRO-341;NS00000222;REACH-A;CERT;PMT;HQ;Not PMT/vPvM;FALS;FALS;;;FALS;FALS;FALS;FALS;FALS;FALS;FALS;FALS;FALS;FALS;FALS;CERT;CERT;FALS;CERT;CERT;CERT;CERT;"Cleaning products and household care -> air freshener; Construction and building materials; Personal care; Personal care -> body care set; Personal care -> body hygiene; Personal care -> body hygiene -> bar soap; Personal care -> body hygiene -> body wash; Personal care -> body hygiene -> hand sanitizer; Personal care -> body hygiene -> hand soap; Personal care -> child specific; Personal care -> child specific -> baby lotion; Personal care -> eye care and contacts -> eye cream; Personal care -> facial cleansing and moisturizing; Personal care -> facial cleansing and moisturizing -> face cream/moisturizer; Personal care -> facial cleansing and moisturizing -> face mask; Personal care -> fragrance; Personal care -> general moisturizing -> hand/body lotion; Personal care -> hair styling and care; Personal care -> hair styling and care -> hair conditioner; Personal care -> hair styling and care -> hair conditioner - leave-in; Personal care -> hair styling and care -> hair spray; Personal care -> hair styling and care -> hair styling; Personal care -> hair styling and care -> shampoo; Personal care -> make-up and related; Personal care -> make-up and related -> blush/bronzer; Personal care -> make-up and related -> eye liner; Personal care -> make-up and related -> foundation/concealer; Personal care -> make-up and related -> lip balm; Personal care -> make-up and related -> lip color; Personal care -> make-up and related -> lip gloss; Personal care -> make-up and related -> makeup primer; Personal care -> make-up and related -> mascara; Personal care -> nails -> nail polish; Personal care -> nails -> nail polish remover; Personal care -> self-tanner; Personal care -> shaving and hair removal -> aftershave; Personal care -> shaving and hair removal -> depilatory; Personal care -> sunscreen; Raw materials; UV stabilizer; Vehicle -> car interior -> auto air freshener; fragrance; fragrance component; sunscreen agent; ultraviolet light absorber; uv absorber; uv absorber / uv filter; uv filter";"Adsorbents and absorbents; Photosensitive chemicals; UV stabilizer";"Adsorbents and absorbents; Fragrance; Other (specify); Photosensitive chemicals";CERT;CERT;CERT;CERT;CERT;CERT;CERT;FALS;FALS;CERT;CERT;CERT;CERT;FALS;CERT;CERT;FALS;CERT;FALS;FALS;FALS;FALS;CERT;FALS;FALS;P-PNEC pred;228247;379;371;;972;;336;2630427875;34398;3,48133E+13;2813768156;933;;;;32;;15411;27;84;26;39;>100 to < 1000 tonnes;1000;10000;0;1;0;0;0;0;0;1;1;1;0;0;0;0;0;0;0;0;0;0;0;0;0;0;0;0;0;0;1;0;1;0;0;0;0;0;0;1;0;0;0;0;0;0;0;0;0;1;0;0;0;0;1;0;1;0;0;0;0;1;0;1;0;0;0;;2,15092E+14;2,8281E+14;;;3,0327E+14;2,69336E+14;3,92461E+14;FALS;0;0;0;0;950;moderate ;85;10100;moderate ;85;2,264E+14;;10;4,5318E+14;4,7231E+14;1,21562E+14;8,66789E+14;4,66807E+14;;;P_score_freshwater_pred_Dashboard;2,8281E+14;2,48951E+14;M_score_exp_UBA;3,0327E+14;M_score_pred_Dashboard;3,92461E+14;3,21689E+14;kemi_score;84;3,33155E+14;10;3,0327E+14;5;2,82993E+14;10;3,55018E+13;10;3,43913E+14;10;3,36855E+13;75;3,16966E+14;10;10;PM;;;3;Ar Oh, C O, C O Nocoo, Benzene, Ether, Ketone, Methoxy, Phenol, Phenol Noorthohbond;['Alkylphenols', 'Ethylene Glycols', 'Benzophenones', 'Phenols', 'PBDE', 'PhenylEthers']
pentasodium 4-amino-3-[(2,4-disulfonatophenyl)diazenyl]-5-hydroxy-6-[(4-nitro-2-sulfonatophenyl)diazenyl]naphthalene-1,7-disulfonate;1422649-48-6;811-858-8;JKDCQKIJABFULD-UHFFFAOYSA-I;Nc1c2c(O)c(N=Nc3c(cc(cc3)N(=O)=O)S(=O)(=O)O)c(cc2c(cc1N=Nc1c(cc(cc1)S(=O)(=O)O)S(=O)(=O)O)S(=O)(=O)O)S(=O)(=O)O;DTXSID301019609;1372713080;PRO-342;;REACH-B;FALS;vPvM;HQ;vPvM;FALS;FALS;;;FALS;FALS;FALS;FALS;FALS;FALS;FALS;FALS;FALS;FALS;FALS;FALS;FALS;FALS;FALS;FALS;FALS;FALS;;;;FALS;FALS;FALS;FALS;FALS;FALS;FALS;FALS;FALS;FALS;FALS;FALS;FALS;FALS;FALS;FALS;FALS;FALS;FALS;FALS;FALS;FALS;FALS;FALS;FALS;;9226;;147;;957;;332;3359835482;;5,40365E+14;;398;103540;;;13;;;;;;;>1 to < 10 tonnes;10;100;0;0;0;0;0;0;0;0;0;0;0;0;0;0;0;0;0;0;0;0;0;0;0;0;0;0;0;0;0;0;0;0;0;0;0;0;0;0;0;0;0;0;0;0;0;0;0;0;0;0;0;0;0;0;0;0;0;0;0;0;0;0;0;0;0;9,9985E+14;;1E+15;;;6,18976E+14;;2,80382E+14;FALS;0;0;0;0;5,457E+14;low ;0;2,568E+14;low ;0;17100;low ;0;;8,24439E+14;6,08277E+14;3,79427E+14;0;;;P_score_freshwater_pred_Dashboard;1E+15;9,99925E+14;M_score_exp_UBA;6,18976E+14;M_score_exp_UBA;6,18976E+14;4,49679E+14;;;7,8675E+14;10;6,18976E+14;5;6,70556E+14;10;0;5;0;75;0;5;0;75;20;vPvM;PM;PM;4;Arn, Ar Oh, Nh0, Nh2, Aniline, Azo, Benzene, Bicyclic, Nitro, Nitro Arom, Nitro Arom Nonortho, Phenol, Phenol Noorthohbond;['Alkylphenols', 'Aromatic amines', 'Cyclohexanes', 'Phenols', 'Nitrobenzene derivatives']
Perfluoro-1-butanesulfonamide;30334-69-1;816-392-9;FUVKFLJWBHVMHX-UHFFFAOYSA-N;C(C(C(F)(F)S(=O)(=O)N)(F)F)(C(F)(F)F)(F)F;DTXSID30880251;109582050;PRO-343;;;FALS;;;;FALS;FALS;;;FALS;FALS;FALS;FALS;FALS;CERT;FALS;FALS;FALS;FALS;FALS;FALS;FALS;FALS;CERT;FALS;FALS;FALS;;;;FALS;FALS;FALS;FALS;FALS;FALS;FALS;FALS;FALS;FALS;FALS;FALS;FALS;FALS;FALS;FALS;FALS;FALS;FALS;FALS;FALS;FALS;FALS;FALS;FALS;;29911;;337;;367;;295;151054501;;8,73567E+14;;191;;;;;;117274;;9;;;;;;0;0;0;0;0;0;0;0;0;0;0;0;0;0;0;0;0;0;0;0;0;0;0;0;0;0;0;0;0;0;0;0;0;0;0;0;0;0;0;0;0;0;0;0;0;0;0;0;0;0;0;0;0;0;0;0;0;0;0;0;0;0;0;0;0;;;6,55248E+14;;;;;5,84012E+14;FALS;0;0;0;0;1877;low ;202;8970;low ;196;107100;low ;0;4,82706E+14;4,96047E+14;9,33446E+14;1,74675E+14;4,82706E+14;;;P_score_freshwater_pred_Dashboard;6,55248E+14;6,55248E+14;;;M_score_pred_Dashboard;5,84012E+14;5,84012E+14;kemi_score;9;6,18605E+14;10;;;6,18605E+14;10;4,82706E+14;5;5,69513E+14;75;4,82706E+14;25;5,69513E+14;75;0;PM;;PM;1;Nh2, Alkyl Halide, Halogen, Sulfonamd;['Sulfonamides', 'PFAS']
Perfluoro-3,7-dimethyloctanoic acid;172155-07-6;671-192-7;KZUSAXRVIONPJU-UHFFFAOYSA-N;C(=O)(C(C(C(C(C(C(C(F)(F)F)(C(F)(F)F)F)(F)F)(F)F)(F)F)(C(F)(F)F)F)(F)F)O;DTXSID40379808;27760930;PRO-344;NS00018817;;FALS;;;;FALS;FALS;;;FALS;FALS;FALS;FALS;FALS;CERT;FALS;FALS;FALS;FALS;FALS;FALS;FALS;FALS;CERT;FALS;FALS;FALS;;;;FALS;FALS;FALS;FALS;FALS;FALS;FALS;FALS;FALS;FALS;FALS;FALS;FALS;FALS;FALS;FALS;FALS;FALS;FALS;FALS;FALS;FALS;FALS;FALS;FALS;;514086;;73;;424;;636;2840106094;;8,73567E+14;;316;;;;;;14831;;2;;;;;;0;0;0;0;0;0;0;0;0;0;0;0;0;0;0;0;0;0;0;0;0;0;0;0;0;0;0;0;0;0;0;0;0;0;0;0;0;0;0;0;0;0;0;0;0;0;0;0;0;0;0;0;0;0;0;0;0;0;0;0;0;0;0;0;0;;;6,55248E+14;;;;;3,584E+14;FALS;0;0;0;0;502;low ;184;9;low ;0;4873;low ;0;6,96107E+14;5,11437E+14;1,54373E+14;6,36973E+14;6,96107E+14;;;P_score_freshwater_pred_Dashboard;6,55248E+14;6,55248E+14;;;M_score_pred_Dashboard;3,584E+14;3,584E+14;kemi_score;2;4,84603E+13;10;;;4,84603E+13;10;6,96107E+14;5;5,46785E+13;75;6,96107E+14;25;5,46785E+13;75;10;PM(T);(T);PM(T);1;Al Coo, Coo, Coo2, C O, Alkyl Halide, Halogen;['Alkylphenols', 'PFAS']
Perfluoro-4-ethyl-hexanesulphonic acid;646-83-3;;ICKAEAFPESRWOT-UHFFFAOYSA-N;C1(C(C(C(C(C1(F)F)(F)F)(F)S(=O)(=O)O)(F)F)(F)F)(C(C(F)(F)F)(F)F)F;DTXSID70275965;1016500;PRO-345;NS00112295;;FALS;;;;FALS;FALS;;;FALS;FALS;FALS;FALS;FALS;CERT;FALS;FALS;FALS;FALS;FALS;FALS;FALS;FALS;CERT;FALS;FALS;FALS;;;;FALS;FALS;FALS;FALS;FALS;FALS;FALS;FALS;FALS;FALS;FALS;FALS;FALS;FALS;FALS;FALS;FALS;FALS;FALS;FALS;FALS;FALS;FALS;FALS;FALS;;46213;;484;;492;;217;3980003372;;1,90566E+13;;437;;;;;;7,22701E+14;;;;;;;;0;0;0;0;0;0;0;0;0;0;0;0;0;0;0;0;0;0;0;0;0;0;0;0;0;0;0;0;0;0;0;0;0;0;0;0;0;0;0;0;0;0;0;0;0;0;0;0;0;0;0;0;0;0;0;0;0;0;0;0;0;0;0;0;0;;;8,78212E+14;;;;;2,02227E+14;FALS;0;0;0;0;1307;low ;147;13;low ;0;4708;low ;0;7,57871E+14;4,71545E+13;1,07525E+14;6,45954E+14;7,57871E+14;;;P_score_freshwater_pred_Dashboard;8,78212E+14;8,78212E+14;;;M_score_pred_Dashboard;2,02227E+14;2,02227E+14;;;4,21424E+14;10;;;4,21424E+14;10;7,57871E+14;5;5,12481E+13;75;7,57871E+14;25;5,12481E+13;75;0;PM(T);(T);PM(T);;Alkyl Halide, Halogen;['PFAS']
perfluoro-4-methoxybutanoic acid;863090-89-5;640-688-5;CZTBTZZANBJSLY-UHFFFAOYSA-N;C(=O)(C(C(C(OC(F)(F)F)(F)F)(F)F)(F)F)O;DTXSID60500450;124980360;PRO-346;NS00019287;;FALS;;;;FALS;FALS;;;FALS;FALS;FALS;FALS;FALS;FALS;FALS;FALS;FALS;FALS;FALS;FALS;FALS;FALS;FALS;FALS;FALS;FALS;;;;FALS;FALS;FALS;FALS;FALS;FALS;FALS;FALS;FALS;FALS;FALS;FALS;FALS;FALS;FALS;FALS;FALS;FALS;FALS;FALS;FALS;FALS;FALS;FALS;FALS;;280046;;418;;366;;453;1359835482;;8,73567E+14;;55;;;;;;366384;;2;;;;;;0;0;0;0;0;0;0;0;0;0;0;0;0;0;0;0;0;0;0;0;0;0;0;0;0;0;0;0;0;0;0;0;0;0;0;0;0;0;0;0;0;0;0;0;0;0;0;0;0;0;0;0;0;0;0;0;0;0;0;0;0;0;0;0;0;;;6,55248E+14;;;;;6,09147E+14;FALS;0;0;0;0;1733;low ;205;34900;low ;208;73500;low ;0;3,62637E+14;2,8118E+14;9,63201E+14;2,05066E+14;3,62637E+14;;;P_score_freshwater_pred_Dashboard;6,55248E+14;6,55248E+14;;;M_score_pred_Dashboard;6,09147E+14;6,09147E+14;kemi_score;2;6,31777E+14;10;;;6,31777E+14;10;3,62637E+14;5;5,25049E+14;75;3,62637E+14;25;5,25049E+14;75;0;PM;;PM;4;Al Coo, Coo, Coo2, C O, Alkyl Halide, Ether, Halogen;['Alkylphenols', 'Ethylene Glycols', 'PFAS']
perfluorobutanoic acid ;375-22-4;206-786-3;YPJUNDFVDDCYIH-UHFFFAOYSA-N;C(=O)(C(C(C(F)(F)F)(F)F)(F)F)O;DTXSID4059916;97770;PRO-347;NS00000364;;FALS;;;;CERT;CERT;x;<3.5;CERT;CERT;CERT;CERT;CERT;CERT;FALS;FALS;FALS;FALS;FALS;FALS;FALS;FALS;CERT;FALS;FALS;FALS;;;;FALS;FALS;FALS;FALS;FALS;FALS;FALS;FALS;FALS;FALS;FALS;FALS;FALS;FALS;FALS;FALS;FALS;FALS;FALS;FALS;FALS;FALS;FALS;FALS;FALS;;214039;143;26;;346;209;138;1949877704;13394;8,73567E+14;8052816741;55;;;;;;2775326;61;39;;;;;;0;0;0;0;0;0;0;0;0;0;0;0;0;0;0;0;0;0;0;0;0;0;0;0;0;0;0;0;0;0;0;0;0;0;0;0;0;0;0;0;0;0;0;0;0;0;0;0;0;0;0;0;0;0;0;0;0;0;0;0;0;0;0;0;0;;6,23175E+14;6,55248E+14;;;;6,12514E+14;5,08685E+14;FALS;0;0;0;0;39400;low ;208;146200;low ;22;133900;low ;0;1,91033E+14;1,5293E+14;2,67138E+14;1,58785E+14;1,91033E+14;;;P_score_freshwater_pred_Dashboard;6,55248E+14;6,39211E+14;;;M_score_pred_Episuite;6,12514E+14;5,60599E+14;kemi_score;39;6,33521E+14;10;;;5,98616E+14;10;3,41365E+14;10;4,65039E+13;10;3,41365E+14;5;4,52047E+14;10;0;PM;;PM;4;Al Coo, Coo, Coo2, C O, Alkyl Halide, Halogen;['Alkylphenols', 'PFAS']
perfluorodecane sulfonic acid;335-77-3;206-401-9;HYWZIAVPBSTISZ-UHFFFAOYSA-N;C(C(C(C(C(C(F)(F)S(=O)(=O)O)(F)F)(F)F)(F)F)(F)F)(C(C(C(C(F)(F)F)(F)F)(F)F)(F)F)(F)F;DTXSID3040148;676360;PRO-348;NS00011418;;FALS;;;;CERT;CERT;x;<1.5;CERT;CERT;CERT;CERT;CERT;CERT;FALS;FALS;FALS;FALS;FALS;FALS;FALS;FALS;CERT;FALS;FALS;FALS;;;;FALS;FALS;FALS;FALS;FALS;FALS;FALS;FALS;FALS;FALS;FALS;FALS;FALS;FALS;FALS;FALS;FALS;FALS;FALS;FALS;FALS;FALS;FALS;FALS;FALS;;60014;;706;;576;;188;4281033367;41498;1,3429E+14;10779327;372;;;;;;16234;18;;;;;;;0;0;0;0;0;0;0;0;0;0;0;0;0;0;0;0;0;0;0;0;0;0;0;0;0;0;0;0;0;0;0;0;0;0;0;0;0;0;0;0;0;0;0;0;0;0;0;0;0;0;0;0;0;0;0;0;0;0;0;0;0;0;0;0;0;;9,9986E+14;7,98553E+14;;;;1,83903E+14;1,70641E+14;FALS;0;0;0;0;413;low ;169;7;low ;0;2921;low ;0;6,8774E+14;5,38648E+14;1,65764E+14;7,83101E+14;6,8774E+14;;;P_score_freshwater_pred_RIVM;9,9986E+14;8,99207E+14;;;M_score_pred_Episuite;1,83903E+14;1,77272E+14;;;4,28809E+14;10;;;3,99254E+13;10;3,51843E+14;10;3,88424E+14;10;3,51843E+14;5;3,74799E+14;10;10;PM;;PM;;Alkyl Halide, Halogen;['PFAS']
perfluorodecylphosphonic acid;52299-26-0;;CTGNCBOZEMOASL-UHFFFAOYSA-N;C(C(C(C(C(C(F)(F)P(=O)(O)O)(F)F)(F)F)(F)F)(F)F)(C(C(C(C(F)(F)F)(F)F)(F)F)(F)F)(F)F;DTXSID40879833;858287880;PRO-349;NS00011281;;FALS;;;;FALS;FALS;;;FALS;FALS;FALS;FALS;FALS;CERT;FALS;FALS;FALS;FALS;FALS;FALS;FALS;FALS;CERT;FALS;FALS;FALS;;;;FALS;FALS;FALS;FALS;FALS;FALS;FALS;FALS;FALS;FALS;FALS;FALS;FALS;FALS;FALS;FALS;FALS;FALS;FALS;FALS;FALS;FALS;FALS;FALS;FALS;;600063;;626;;784;;575;4260071388;;1,3429E+14;;372;;;;;;29094;;6;;;;;;0;0;0;0;0;0;0;0;0;0;0;0;0;0;0;0;0;0;0;0;0;0;0;0;0;0;0;0;0;0;0;0;0;0;0;0;0;0;0;0;0;0;0;0;0;0;0;0;0;0;0;0;0;0;0;0;0;0;0;0;0;0;0;0;0;;;7,98553E+14;;;;;1,72707E+14;FALS;0;0;0;0;483;low ;171;10;low ;0;3539;low ;0;6,30927E+14;5;1,56574E+14;7,25017E+13;6,30927E+14;;;P_score_freshwater_pred_Dashboard;7,98553E+14;7,98553E+14;;;M_score_pred_Dashboard;1,72707E+14;1,72707E+14;kemi_score;6;3,7137E+14;10;;;3,7137E+14;10;6,30927E+14;5;4,4313E+14;75;6,30927E+14;25;4,4313E+14;75;10;PM(T);(T);PM(T);4;Alkyl Halide, Halogen;['Organophosphates', 'PFAS']
perfluorododecane sulfonic acid;79780-39-5;279-259-9;CFCRODHVHXGTPC-UHFFFAOYSA-N;C(C(C(C(C(C(C(F)(F)S(=O)(=O)O)(F)F)(F)F)(F)F)(F)F)(F)F)(C(C(C(C(C(F)(F)F)(F)F)(F)F)(F)F)(F)F)(F)F;DTXSID20873011;30188660;PRO-350;;;FALS;;;;CERT;CERT;;<2.7;CERT;CERT;CERT;FALS;CERT;CERT;FALS;FALS;FALS;FALS;FALS;FALS;FALS;FALS;CERT;FALS;FALS;FALS;;;;FALS;FALS;FALS;FALS;FALS;FALS;FALS;FALS;FALS;FALS;FALS;FALS;FALS;FALS;FALS;FALS;FALS;FALS;FALS;FALS;FALS;FALS;FALS;FALS;FALS;;70016;;80;;63;;0,00229;5359835482;4891;5,8557E+14;3795877612;813;;;;;;11673;;13;;;;;;0;0;0;0;0;0;0;0;0;0;0;0;0;0;0;0;0;0;0;0;0;0;0;0;0;0;0;0;0;0;0;0;0;0;0;0;0;0;0;0;0;0;0;0;0;0;0;0;0;0;0;0;0;0;0;0;0;0;0;0;0;0;0;0;0;;9,99984E+13;4,89597E+14;;;;1,18795E+14;8,87608E+14;FALS;0;0;0;0;337;low ;0;3;low ;0;2849;low ;0;7,17647E+14;6,27821E+14;1,78341E+14;7,90961E+14;7,17647E+14;;;P_score_freshwater_pred_RIVM;9,99984E+13;7,4479E+14;;;M_score_pred_Episuite;1,18795E+14;1,03778E+14;kemi_score;13;3,44664E+14;10;;;2,78016E+14;10;7,17647E+14;5;4,40116E+14;75;7,17647E+14;25;3,81373E+14;75;10;PM(T);(T);(T);3;Alkyl Halide, Halogen;['PFAS']
perfluorododecanoic acid ;307-55-1;206-203-2;CXGONMQFMIYUJR-UHFFFAOYSA-N;C(=O)(C(C(C(C(C(C(C(C(C(C(C(F)(F)F)(F)F)(F)F)(F)F)(F)F)(F)F)(F)F)(F)F)(F)F)(F)F)(F)F)O;DTXSID8031861;675450;PRO-351;NS00009617;;FALS;;;;CERT;CERT;< 0,6;<4.2;CERT;CERT;CERT;FALS;CERT;CERT;FALS;FALS;FALS;FALS;FALS;FALS;FALS;FALS;CERT;FALS;FALS;FALS;;;;FALS;FALS;FALS;FALS;FALS;FALS;FALS;FALS;FALS;FALS;FALS;FALS;FALS;FALS;FALS;FALS;FALS;FALS;FALS;FALS;FALS;FALS;FALS;FALS;FALS;;614101;;876;;475;;0,00054;492992956;42987;2,44692E+13;1238070315;832;;;;;;1149;17;43;;;;;;0;0;0;0;0;0;0;0;0;0;0;0;0;0;0;0;0;0;0;0;0;0;0;0;0;0;0;0;0;0;0;0;0;0;0;0;0;0;0;0;0;0;0;0;0;0;0;0;0;0;0;0;0;0;0;0;0;0;0;0;0;0;0;0;0;;9,9989E+14;9,17055E+14;;;;1,68915E+14;1,15999E+12;FALS;0;0;0;0;141;low ;178;3;low ;0;2,573E+14;low ;0;7,19035E+14;6,27821E+14;2,40632E+14;8,23801E+13;7,19035E+14;;;P_score_freshwater_pred_RIVM;9,9989E+14;9,58472E+14;;;M_score_pred_Episuite;1,68915E+14;1,42457E+14;kemi_score;43;4,1097E+14;10;;;3,69515E+14;10;3,49623E+14;10;3,79057E+14;10;3,49623E+14;5;3,59431E+14;10;10;PM;;PM;;Al Coo, Coo, Coo2, C O, Alkyl Halide, Halogen;['Alkylphenols', 'PFAS']
perfluoroheptane sulfonic acid;375-92-8;206-800-8;OYGQVDSRYXATEL-UHFFFAOYSA-N;C(C(C(C(F)(F)F)(F)F)(F)F)(C(C(C(F)(F)S(=O)(=O)O)(F)F)(F)F)(F)F;DTXSID8059920;678200;PRO-352;NS00011291;;FALS;;;;CERT;CERT;< 0,3;<1.0;CERT;CERT;CERT;FALS;CERT;CERT;FALS;FALS;FALS;FALS;FALS;FALS;FALS;FALS;CERT;FALS;FALS;FALS;;;;FALS;FALS;FALS;FALS;FALS;FALS;FALS;FALS;FALS;FALS;FALS;FALS;FALS;FALS;FALS;FALS;FALS;FALS;FALS;FALS;FALS;FALS;FALS;FALS;FALS;;45012;;484;;471;;701;3089905111;30381;8,73567E+14;1631372648;589;;;;;;48059;33;2;;;;;;0;0;0;0;0;0;0;0;0;0;0;0;0;0;0;0;0;0;0;0;0;0;0;0;0;0;0;0;0;0;0;0;0;0;0;0;0;0;0;0;0;0;0;0;0;0;0;0;0;0;0;0;0;0;0;0;0;0;0;0;0;0;0;0;0;;9,96482E+14;6,55248E+14;;;;3,27491E+14;3,19632E+14;FALS;0;0;0;0;482;low ;177;14;low ;0;7426;low ;0;5,78892E+14;4,63533E+14;1,56692E+14;5,36183E+14;5,78892E+14;;;P_score_freshwater_pred_RIVM;9,96482E+14;8,25865E+14;;;M_score_pred_Episuite;3,27491E+14;3,23561E+14;kemi_score;2;5,7126E+13;10;;;5,16931E+14;10;4,37075E+14;10;4,99683E+14;10;4,37075E+14;5;4,75329E+14;10;0;PM;;PM;4;Alkyl Halide, Halogen;['PFAS']
perfluoroheptanoic acid ;375-85-9;206-798-9;ZWBAMYVPMDSJGQ-UHFFFAOYSA-N;C(=O)(C(C(C(C(C(C(F)(F)F)(F)F)(F)F)(F)F)(F)F)(F)F)O;DTXSID1037303;678180;PRO-353;NS00000367;;FALS;;;;CERT;CERT;x;x;CERT;CERT;CERT;FALS;CERT;CERT;FALS;FALS;FALS;FALS;FALS;FALS;FALS;FALS;CERT;FALS;FALS;FALS;used as a stain or water repellent.;;;FALS;FALS;FALS;FALS;FALS;FALS;FALS;FALS;FALS;FALS;FALS;FALS;FALS;FALS;FALS;FALS;FALS;FALS;FALS;FALS;FALS;FALS;FALS;FALS;FALS;;364062;205;478;;409;324;797;3320146286;24512;8,73567E+14;5320914568;501;;;;;;50495;42;39;;;;;;0;0;0;0;0;0;0;0;0;0;0;0;0;0;0;0;0;0;0;0;0;0;0;0;0;0;0;0;0;0;0;0;0;0;0;0;0;0;0;0;0;0;0;0;0;0;0;0;0;0;0;0;0;0;0;0;0;0;0;0;0;0;0;0;0;;9,76591E+14;6,55248E+14;;;;4,22444E+14;2,85966E+14;CERT;0;0;75;0;4312;low ;19;6,9E+14;low ;0;9502;low ;0;5,73648E+14;3,01777E+14;6,69396E+14;4,84382E+14;5,73648E+14;;;P_score_freshwater_pred_RIVM;9,76591E+14;8,15919E+13;;;M_score_pred_Episuite;4,22444E+14;3,54205E+14;kemi_score;39;6,42305E+14;10;;;5,3759E+14;10;4,90849E+14;10;5,61493E+14;10;4,90849E+14;5;5,13688E+14;10;0;PM;;PM;4;Al Coo, Coo, Coo2, C O, Alkyl Halide, Halogen;['Alkylphenols', 'PFAS']
Perfluorohexane sulfonamidopropyl amine;50598-28-2;256-639-2;INDOGKYZYLAGEM-UHFFFAOYSA-N;CN(C)CCCNS(=O)(=O)C(C(C(C(C(C(F)(F)F)(F)F)(F)F)(F)F)(F)F)(F)F;DTXSID7068556;1119130;PRO-354;NS00011249;;FALS;;;;FALS;FALS;;;FALS;FALS;FALS;FALS;FALS;CERT;FALS;FALS;FALS;FALS;FALS;FALS;FALS;FALS;CERT;FALS;FALS;FALS;;;;FALS;FALS;FALS;FALS;FALS;FALS;FALS;FALS;FALS;FALS;FALS;FALS;FALS;FALS;FALS;FALS;FALS;FALS;FALS;FALS;FALS;FALS;FALS;FALS;FALS;;48428;;553;;699;;0,000208;2969881644;38314;8,73567E+14;2991394719;195;;;;;;5737;;2;;;;;;0;0;0;0;0;0;0;0;0;0;0;0;0;0;0;0;0;0;0;0;0;0;0;0;0;0;0;0;0;0;0;0;0;0;0;0;0;0;0;0;0;0;0;0;0;0;0;0;0;0;0;0;0;0;0;0;0;0;0;0;0;0;0;0;0;;9,98749E+14;6,55248E+14;;;;2,19355E+14;3,37989E+14;FALS;0;0;0;0;341;low ;184;167;low ;0;2,981E+14;low ;0;7,75793E+14;2,27459E+14;1,77591E+14;7,76752E+14;7,75793E+14;;;P_score_freshwater_pred_RIVM;9,98749E+14;8,26998E+14;;;M_score_pred_Dashboard;3,37989E+14;2,78672E+14;kemi_score;2;5,81004E+13;10;;;4,80064E+14;10;7,75793E+14;5;6,39786E+14;75;7,75793E+14;25;5,63354E+14;75;10;PM(T);(T);PM(T);3;Nh0, Nh1, Alkyl Halide, Halogen, Sulfonamd, Unbrch Alkane;['Sulfonamides', 'PFAS']
perfluorohexane sulfonic acid;355-46-4;206-587-1;QZHDEAJFRJCDMF-UHFFFAOYSA-N;C(C(C(C(F)(F)S(=O)(=O)O)(F)F)(F)F)(C(C(F)(F)F)(F)F)(F)F;DTXSID7040150;677340;PRO-355;;;FALS;;;;CERT;CERT;x;x;CERT;CERT;CERT;CERT;CERT;CERT;FALS;FALS;FALS;FALS;FALS;FALS;FALS;FALS;CERT;FALS;FALS;FALS;;;;FALS;FALS;FALS;FALS;FALS;FALS;FALS;FALS;FALS;FALS;FALS;FALS;FALS;FALS;FALS;FALS;FALS;FALS;FALS;FALS;FALS;FALS;FALS;FALS;FALS;;40011;22;369;;427;608;352;3359835482;2673;8,73567E+14;8694312801;589;;;;;;8712;39;;;;;;;0;0;0;0;0;0;0;0;0;0;0;0;0;0;0;0;0;0;0;0;0;0;0;0;0;0;0;0;0;0;0;0;0;0;0;0;0;0;0;0;0;0;0;0;0;0;0;0;0;0;0;0;0;0;0;0;0;0;0;0;0;0;0;0;0;;9,89752E+14;6,55248E+14;;;;3,85448E+14;2,80382E+14;FALS;0;0;0;0;2672;low ;18;3768;low ;187;11100;low ;0;5,14966E+14;7,06918E+14;8,1149E+14;4,54198E+14;5,14966E+14;;;P_score_freshwater_pred_RIVM;9,89752E+14;8,225E+14;;;M_score_pred_Episuite;3,85448E+14;3,32915E+14;;;6,17655E+14;10;;;5,23281E+14;10;4,48148E+14;10;5,26119E+14;10;4,48148E+14;5;4,84259E+14;10;0;PM;;PM;4;Alkyl Halide, Halogen;['PFAS']
perfluorohexanesulfonamide;41997-13-1;816-398-1;WDZLGCSJJWEQJO-UHFFFAOYSA-N;C(C(C(C(F)(F)S(=O)(=O)N)(F)F)(F)F)(C(C(F)(F)F)(F)F)(F)F;DTXSID50469320;116036780;PRO-356;NS00010964;;FALS;;;;FALS;FALS;;;FALS;FALS;FALS;FALS;FALS;CERT;FALS;FALS;FALS;FALS;FALS;FALS;FALS;FALS;CERT;FALS;FALS;FALS;;;;FALS;FALS;FALS;FALS;FALS;FALS;FALS;FALS;FALS;FALS;FALS;FALS;FALS;FALS;FALS;FALS;FALS;FALS;FALS;FALS;FALS;FALS;FALS;FALS;FALS;;39913;;426;;409;;0,00936;3021189299;;8,73567E+14;;257;;;;;;15476;;6;;;;;;0;0;0;0;0;0;0;0;0;0;0;0;0;0;0;0;0;0;0;0;0;0;0;0;0;0;0;0;0;0;0;0;0;0;0;0;0;0;0;0;0;0;0;0;0;0;0;0;0;0;0;0;0;0;0;0;0;0;0;0;0;0;0;0;0;;;6,55248E+14;;;;;3,30078E+14;FALS;0;0;0;0;2326;low ;184;4082;low ;189;10300;low ;0;6,92182E+14;6,84419E+13;8,57546E+14;4,68493E+13;6,92182E+14;;;P_score_freshwater_pred_Dashboard;6,55248E+14;6,55248E+14;;;M_score_pred_Dashboard;3,30078E+14;3,30078E+14;kemi_score;6;4,65062E+14;10;;;4,65062E+14;10;6,92182E+14;5;5,30983E+14;75;6,92182E+14;25;5,30983E+14;75;0;PM(T);(T);PM(T);3;Nh2, Alkyl Halide, Halogen, Sulfonamd;['Sulfonamides', 'PFAS']
perfluorohexanoic acid ;307-24-4;206-196-6;PXUULQAPEKKVAH-UHFFFAOYSA-N;C(=O)(C(C(C(C(C(F)(F)F)(F)F)(F)F)(F)F)(F)F)O;DTXSID3031862;675420;PRO-357;NS00000366;;FALS;;;;CERT;CERT;x;x;CERT;CERT;CERT;CERT;CERT;CERT;FALS;FALS;FALS;FALS;FALS;FALS;FALS;FALS;CERT;FALS;FALS;FALS;"Furniture and furnishings; stain resistant finish";;;FALS;FALS;FALS;FALS;FALS;FALS;FALS;FALS;FALS;FALS;FALS;FALS;FALS;FALS;FALS;FALS;FALS;FALS;FALS;FALS;FALS;FALS;FALS;FALS;FALS;;314054;285;427;;383;0,00934;17;3029383778;20806;8,73567E+14;2835752806;55;;;;;;1400;49;39;;;;;;0;0;0;0;0;0;0;0;0;0;0;0;0;0;0;0;0;0;0;0;0;0;0;0;0;0;0;0;0;0;0;0;0;0;0;0;0;0;0;0;0;0;0;0;0;0;0;0;0;0;0;0;0;0;0;0;0;0;0;0;0;0;0;0;0;;9,34325E+14;6,55248E+14;;;;4,86037E+14;3,28823E+14;FALS;0;0;0;0;3541;low ;195;16300;low ;209;14400;low ;0;1,04694E+14;3,87096E+14;7,24852E+14;4,0763E+14;1,04694E+14;;;P_score_freshwater_pred_RIVM;9,34325E+14;7,94786E+14;;;M_score_pred_Episuite;4,86037E+14;4,0743E+14;kemi_score;39;6,73881E+14;10;;;5,69051E+14;10;2,26495E+14;10;3,9068E+14;10;2,26495E+14;5;3,59009E+14;10;0;PM;;PM;4;Al Coo, Coo, Coo2, C O, Alkyl Halide, Halogen;['Alkylphenols', 'PFAS']
perfluorohexylphosphonic acid;40143-76-8;;AGCUFKNHQDVTAD-UHFFFAOYSA-N;C(C(C(C(F)(F)P(=O)(O)O)(F)F)(F)F)(C(C(F)(F)F)(F)F)(F)F;DTXSID90880439;159308200;PRO-358;NS00011279;;FALS;;;;FALS;FALS;;;FALS;FALS;FALS;FALS;FALS;CERT;FALS;FALS;FALS;FALS;FALS;FALS;FALS;FALS;CERT;FALS;FALS;FALS;;;;FALS;FALS;FALS;FALS;FALS;FALS;FALS;FALS;FALS;FALS;FALS;FALS;FALS;FALS;FALS;FALS;FALS;FALS;FALS;FALS;FALS;FALS;FALS;FALS;FALS;;400032;;352;;758;;178;3178976947;;8,73567E+14;;355;;;;;;181398;;2;;;;;;0;0;0;0;0;0;0;0;0;0;0;0;0;0;0;0;0;0;0;0;0;0;0;0;0;0;0;0;0;0;0;0;0;0;0;0;0;0;0;0;0;0;0;0;0;0;0;0;0;0;0;0;0;0;0;0;0;0;0;0;0;0;0;0;0;;;6,55248E+14;;;;;3,06357E+13;FALS;0;0;0;0;2632;low ;182;23900;low ;196;17500;low ;0;4,357E+14;3,29774E+12;8,16388E+14;3,75779E+14;4,357E+14;;;P_score_freshwater_pred_Dashboard;6,55248E+14;6,55248E+14;;;M_score_pred_Dashboard;3,06357E+13;3,06357E+13;kemi_score;2;4,4804E+14;10;;;4,4804E+14;10;4,357E+14;5;4,43888E+14;75;4,357E+14;25;4,43888E+14;75;0;PM;;PM;;Alkyl Halide, Halogen;['Organophosphates', 'PFAS']
Perfluoro-n-hexadecanoic acid;67905-19-5;267-638-1;OJMBMWRMTMHMSZ-UHFFFAOYSA-N;C(=O)(C(C(C(C(C(C(C(C(C(C(C(C(C(C(C(F)(F)F)(F)F)(F)F)(F)F)(F)F)(F)F)(F)F)(F)F)(F)F)(F)F)(F)F)(F)F)(F)F)(F)F)(F)F)O;DTXSID1070800;1060270;PRO-359;NS00011276;;FALS;;;;FALS;FALS;< 1;<5.2;FALS;FALS;FALS;FALS;FALS;CERT;FALS;FALS;FALS;FALS;FALS;FALS;FALS;FALS;CERT;FALS;FALS;FALS;;;;FALS;FALS;FALS;FALS;FALS;FALS;FALS;FALS;FALS;FALS;FALS;FALS;FALS;FALS;FALS;FALS;FALS;FALS;FALS;FALS;FALS;FALS;FALS;FALS;FALS;;814132;;113;;629;;0,000881;5178976947;57811;8,62642E+14;1534976378;12900;;;;;;7772;;17;;;;;;0;0;0;0;0;0;0;0;0;0;0;0;0;0;0;0;0;0;0;0;0;0;0;0;0;0;0;0;0;0;0;0;0;0;0;0;0;0;0;0;0;0;0;0;0;0;0;0;0;0;0;0;0;0;0;0;0;0;0;0;0;0;0;0;0;;9,99999E+14;9,89615E+14;;;;6,7808E+14;9,94367E+14;FALS;0;0;0;0;420;low ;0;2;low ;0;4,886E+14;low ;0;7,5203E+14;6,67959E+14;1,64757E+14;6,36283E+14;7,5203E+14;;;P_score_freshwater_pred_RIVM;9,99999E+14;9,94807E+14;;;M_score_pred_Dashboard;9,94367E+14;8,36224E+13;kemi_score;17;3,15336E+13;10;;;2,88423E+14;10;7,5203E+14;5;4,21302E+13;75;7,5203E+14;25;3,96977E+14;75;10;(T);(T);(T);4;Al Coo, Coo, Coo2, C O, Alkyl Halide, Halogen;['Alkylphenols', 'PFAS']
Perfluoro-n-octadecanoic acid;16517-11-6;240-582-5;ZTSDOGSKTICNPQ-UHFFFAOYSA-N;C(=O)(C(C(C(C(C(C(C(C(C(C(C(C(C(C(C(C(C(F)(F)F)(F)F)(F)F)(F)F)(F)F)(F)F)(F)F)(F)F)(F)F)(F)F)(F)F)(F)F)(F)F)(F)F)(F)F)(F)F)(F)F)O;DTXSID1066071;1675470;PRO-360;NS00011277;;FALS;;;;FALS;FALS;< 1;<12.4;FALS;FALS;FALS;FALS;FALS;CERT;FALS;FALS;FALS;FALS;FALS;FALS;FALS;FALS;CERT;FALS;FALS;FALS;;;;FALS;FALS;FALS;FALS;FALS;FALS;FALS;FALS;FALS;FALS;FALS;FALS;FALS;FALS;FALS;FALS;FALS;FALS;FALS;FALS;FALS;FALS;FALS;FALS;FALS;;914148;;129;;769;;0,000838;5130333768;;1,97831E+13;;29500;;;;;;6871;;17;;;;;;0;0;0;0;0;0;0;0;0;0;0;0;0;0;0;0;0;0;0;0;0;0;0;0;0;0;0;0;0;0;0;0;0;0;0;0;0;0;0;0;0;0;0;0;0;0;0;0;0;0;0;0;0;0;0;0;0;0;0;0;0;0;0;0;0;;;9,97467E+12;;;;;1,02497E+14;FALS;0;0;0;0;952;low ;0;1;low ;0;5445;low ;0;7,61874E+14;7,31059E+14;1,21464E+13;6,08823E+14;7,61874E+14;;;P_score_freshwater_pred_Dashboard;9,97467E+12;9,97467E+12;;;M_score_pred_Dashboard;1,02497E+14;1,02497E+14;kemi_score;17;3,19746E+14;10;;;3,19746E+14;10;7,61874E+14;5;4,27069E+13;75;7,61874E+14;25;4,27069E+13;75;10;(T);(T);(T);Priority group;Al Coo, Coo, Coo2, C O, Alkyl Halide, Halogen;['Alkylphenols', 'PFAS']
perfluorononane sulfonic acid ;68259-12-1;;MNEXVZFQQPKDHC-UHFFFAOYSA-N;C(C(C(C(C(F)(F)F)(F)F)(F)F)(F)F)(C(C(C(C(F)(F)S(=O)(=O)O)(F)F)(F)F)(F)F)(F)F;DTXSID8071356;869980;PRO-361;;;FALS;;;;CERT;CERT;<0,5;<2.2;CERT;CERT;CERT;FALS;CERT;CERT;FALS;FALS;FALS;FALS;FALS;FALS;FALS;FALS;CERT;FALS;FALS;FALS;;;;FALS;FALS;FALS;FALS;FALS;FALS;FALS;FALS;FALS;FALS;FALS;FALS;FALS;FALS;FALS;FALS;FALS;FALS;FALS;FALS;FALS;FALS;FALS;FALS;FALS;;55013;;658;;497;;597;2720159303;;1,3429E+14;;331;;;;;;21639;;13;;;;;;0;0;0;0;0;0;0;0;0;0;0;0;0;0;0;0;0;0;0;0;0;0;0;0;0;0;0;0;0;0;0;0;0;0;0;0;0;0;0;0;0;0;0;0;0;0;0;0;0;0;0;0;0;0;0;0;0;0;0;0;0;0;0;0;0;;;7,98553E+14;;;;;3,77734E+14;FALS;0;0;0;0;322;low ;171;9;low ;0;3340;low ;0;6,60329E+14;5,11437E+14;1,81257E+14;7,42101E+14;6,60329E+14;;;P_score_freshwater_pred_Dashboard;7,98553E+14;7,98553E+14;;;M_score_pred_Dashboard;3,77734E+14;3,77734E+14;kemi_score;13;5,49218E+14;10;;;5,49218E+14;10;6,60329E+14;5;5,84006E+14;75;6,60329E+14;25;5,84006E+14;75;10;PM(T);(T);PM(T);3;Alkyl Halide, Halogen;['PFAS']
perfluorononanoic acid;375-95-1;206-801-3;UZUFPBIDKMEQEQ-UHFFFAOYSA-N;C(=O)(C(C(C(C(C(C(C(C(F)(F)F)(F)F)(F)F)(F)F)(F)F)(F)F)(F)F)(F)F)O;DTXSID8031863;678210;PRO-362;NS00000368;;FALS;;;;CERT;CERT;x;x;CERT;CERT;CERT;FALS;CERT;CERT;FALS;FALS;FALS;FALS;FALS;FALS;FALS;FALS;CERT;FALS;FALS;FALS;;;;FALS;FALS;FALS;FALS;FALS;FALS;FALS;FALS;FALS;FALS;FALS;FALS;FALS;FALS;FALS;FALS;FALS;FALS;FALS;FALS;FALS;FALS;FALS;FALS;FALS;;464078;354;651;;42;28;82;3450249108;31869;1,3429E+14;1873729268;49;;;;;;10;31;39;;;;;;0;0;0;0;0;0;0;0;0;0;0;0;0;0;0;0;0;0;0;0;0;0;0;0;0;0;0;0;0;0;0;0;0;0;0;0;0;0;0;0;0;0;0;0;0;0;0;0;0;0;0;0;0;0;0;0;0;0;0;0;0;0;0;0;0;;9,97221E+14;7,98553E+14;;;;3,05192E+14;2,67913E+13;FALS;0;0;0;0;814;low ;184;15;low ;0;5,065E+14;low ;0;5;4,56091E+14;1,28911E+14;6,27037E+14;5;;;P_score_freshwater_pred_RIVM;9,97221E+14;8,97887E+14;;;M_score_pred_Episuite;3,05192E+14;2,86552E+14;kemi_score;39;5,51673E+14;10;;;5,07239E+14;10;3,937E+13;10;4,66041E+14;10;3,937E+13;5;4,46878E+14;10;0;PM;;PM;4;Al Coo, Coo, Coo2, C O, Alkyl Halide, Halogen;['Alkylphenols', 'PFAS']
Perfluoro-n-tetradecanoic acid;376-06-7;206-803-4;RUDINRUXCKIXAJ-UHFFFAOYSA-N;C(=O)(C(C(C(C(C(C(C(C(C(C(C(C(C(F)(F)F)(F)F)(F)F)(F)F)(F)F)(F)F)(F)F)(F)F)(F)F)(F)F)(F)F)(F)F)(F)F)O;DTXSID3059921;678220;PRO-363;NS00011273;;FALS;;;;FALS;FALS;< 0,7;<8.1;CERT;CERT;CERT;CERT;CERT;CERT;FALS;FALS;FALS;FALS;FALS;FALS;FALS;FALS;CERT;FALS;FALS;FALS;;;;FALS;FALS;FALS;FALS;FALS;FALS;FALS;FALS;FALS;FALS;FALS;FALS;FALS;FALS;FALS;FALS;FALS;FALS;FALS;FALS;FALS;FALS;FALS;FALS;FALS;;714117;51;995;;575;;0,00115;5369215857;50399;2,44692E+13;4358942517;2570;;;;;;8277;11;43;;;;;;0;0;0;0;0;0;0;0;0;0;0;0;0;0;0;0;0;0;0;0;0;0;0;0;0;0;0;0;0;0;0;0;0;0;0;0;0;0;0;0;0;0;0;0;0;0;0;0;0;0;0;0;0;0;0;0;0;0;0;0;0;0;0;0;0;;9,99987E+14;9,17055E+14;;;;1,08409E+13;8,82363E+14;FALS;0;0;0;0;432;low ;174;2;low ;0;4079;low ;0;7,46896E+14;6,67959E+14;1,63081E+13;6,84623E+14;7,46896E+14;;;P_score_freshwater_pred_RIVM;9,99987E+14;9,58521E+14;;;M_score_pred_Episuite;1,08409E+13;9,83226E+14;kemi_score;43;3,29253E+14;10;;;3,06992E+14;10;2,86633E+14;10;3,07205E+14;10;2,86633E+14;5;2,96638E+14;10;10;;;;4;Al Coo, Coo, Coo2, C O, Alkyl Halide, Halogen;['Alkylphenols', 'PFAS']
Perfluorooctane;307-34-6;206-199-2;YVBBRRALBYAZBM-UHFFFAOYSA-N;FC(F)(F)C(F)(F)C(F)(F)C(F)(F)C(F)(F)C(F)(F)C(F)(F)C(F)(F)F;DTXSID0059794;93870;PRO-364;NS00018916;REACH-B;FALS;vPvM & PMT;MQ;PMT;FALS;FALS;;;FALS;FALS;FALS;FALS;FALS;FALS;FALS;FALS;FALS;FALS;FALS;FALS;FALS;FALS;FALS;FALS;FALS;FALS;;;;FALS;CERT;FALS;FALS;FALS;FALS;FALS;FALS;FALS;FALS;FALS;FALS;FALS;FALS;FALS;FALS;FALS;FALS;FALS;FALS;FALS;FALS;FALS;FALS;FALS;P-PNEC;438059;;665;;159;;0,0000838;406069784;53545;1,97831E+13;6133958272;14100;571200;;;30;;171211372;9;39;2;6;>1 to < 10 tonnes;10;100;0;0;0;0;0;0;0;0;0;0;0;0;0;0;0;0;0;0;0;0;0;0;0;0;0;0;0;0;0;0;0;0;0;0;0;0;0;0;0;0;0;0;0;0;0;0;0;0;0;0;0;0;0;0;0;0;0;0;0;0;0;0;0;0;0;9,99992E+14;9,99633E+14;9,97467E+12;;;3,33333E+14;8,90604E+14;1,93353E+14;FALS;0;0;0;0;858;low ;171;3;low ;0;6434;low ;0;6,82756E+14;6,27821E+14;1,26365E+14;5,68676E+14;6,82756E+14;;;P_score_freshwater_pred_UBA;9,99992E+14;9,99031E+14;M_score_exp_UBA;3,33333E+14;M_score_exp_UBA;3,33333E+14;2,05249E+14;kemi_score;39;5,77348E+14;10;3,33333E+14;5;4,52825E+14;10;2,47887E+14;10;3,78308E+14;10;2,73608E+13;75;3,35036E+14;10;10;PM;PM;PM;4;Alkyl Halide, Halogen;['PFAS']
Perfluorooctane sulfonamide;754-91-6;212-046-0;RRRXPPIDPYTNJG-UHFFFAOYSA-N;C(C(C(C(C(F)(F)S(=O)(=O)N)(F)F)(F)F)(F)F)(C(C(C(F)(F)F)(F)F)(F)F)(F)F;DTXSID3038939;697850;PRO-365;NS00010967;;FALS;;;;CERT;CERT;<0,5;;CERT;CERT;CERT;FALS;FALS;CERT;FALS;FALS;FALS;FALS;FALS;FALS;FALS;FALS;CERT;FALS;FALS;FALS;;;;FALS;FALS;FALS;FALS;FALS;FALS;FALS;FALS;FALS;FALS;FALS;FALS;FALS;FALS;FALS;FALS;FALS;FALS;FALS;FALS;FALS;FALS;FALS;FALS;FALS;;49914;;644;;43;;0,0000666;2820201459;42947;1,3429E+14;4438838082;170;;;;;;16674;17;43;;;;;;0;0;0;0;0;0;0;0;0;0;0;0;0;0;0;0;0;0;0;0;0;0;0;0;0;0;0;0;0;0;0;0;0;0;0;0;0;0;0;0;0;0;0;0;0;0;0;0;0;0;0;0;0;0;0;0;0;0;0;0;0;0;0;0;0;;9,99363E+14;7,98553E+14;;;;1,69304E+14;3,61578E+14;FALS;0;0;0;0;238;low ;175;11;low ;0;3,106E+14;low ;0;6,8524E+14;4,89653E+14;2,01559E+14;7,64067E+13;6,8524E+14;;;P_score_freshwater_pred_RIVM;9,99363E+14;8,98958E+14;;;M_score_pred_Dashboard;3,61578E+14;2,65441E+14;kemi_score;43;6,01122E+14;10;;;4,88488E+14;10;3,41308E+14;10;4,52954E+13;10;3,41308E+14;5;4,08319E+14;10;0;PM;;PM;4;Nh2, Alkyl Halide, Halogen, Sulfonamd;['Sulfonamides', 'PFAS']
Perfluorooctane sulfonamidoacetic acid;2806-24-8;;AYLOUUCBACYHAB-UHFFFAOYSA-N;C(C(=O)O)NS(=O)(=O)C(C(C(C(C(C(C(C(F)(F)F)(F)F)(F)F)(F)F)(F)F)(F)F)(F)F)(F)F;DTXSID40440941;105070110;PRO-366;NS00000426;;FALS;;;;FALS;FALS;;<LOD;FALS;FALS;FALS;FALS;FALS;CERT;FALS;FALS;FALS;FALS;FALS;FALS;FALS;FALS;CERT;FALS;FALS;FALS;;;;FALS;FALS;FALS;FALS;FALS;FALS;FALS;FALS;FALS;FALS;FALS;FALS;FALS;FALS;FALS;FALS;FALS;FALS;FALS;FALS;FALS;FALS;FALS;FALS;FALS;;55718;;612;;762;;0,000764;369019608;;1,49905E+14;;603;;;;;;40136;;2;;;;;;0;0;0;0;0;0;0;0;0;0;0;0;0;0;0;0;0;0;0;0;0;0;0;0;0;0;0;0;0;0;0;0;0;0;0;0;0;0;0;0;0;0;0;0;0;0;0;0;0;0;0;0;0;0;0;0;0;0;0;0;0;0;0;0;0;;;8,27116E+14;;;;;2,36574E+14;FALS;0;0;0;0;4,11E+14;low ;178;15;low ;0;3,131E+14;low ;0;5,97838E+14;4,56091E+14;1,66056E+14;7,61614E+14;5,97838E+14;;;P_score_freshwater_pred_Dashboard;8,27116E+14;8,27116E+14;;;M_score_pred_Dashboard;2,36574E+14;2,36574E+14;kemi_score;2;4,42351E+13;10;;;4,42351E+13;10;5,97838E+14;5;4,89072E+14;75;5,97838E+14;25;4,89072E+14;75;10;PM;;PM;3;Al Coo, Coo, Coo2, C O, Nh1, Alkyl Halide, Halogen, Sulfonamd;['Sulfonamides', 'Alkylphenols', 'PFAS']
perfluorooctane sulfonic acid ;1763-23-1;217-179-8;YFSUTJLHUFNCNZ-UHFFFAOYSA-N;C(C(C(C(C(F)(F)S(=O)(=O)O)(F)F)(F)F)(F)F)(C(C(C(F)(F)F)(F)F)(F)F)(F)F;DTXSID3031864;744830;PRO-367;NS00010280;;FALS;;;;CERT;CERT;x;x;CERT;CERT;CERT;CERT;CERT;CERT;FALS;FALS;FALS;FALS;FALS;FALS;FALS;FALS;CERT;FALS;FALS;FALS;used as a stain or water repellent.;;;FALS;FALS;FALS;FALS;FALS;FALS;FALS;FALS;FALS;FALS;FALS;FALS;FALS;FALS;FALS;FALS;FALS;FALS;FALS;FALS;FALS;FALS;FALS;FALS;FALS;;50013;561;577;;475;114;155;2550228353;34087;1,3429E+14;3061651931;589;;;;;;2;27;51;;;;;;0;0;0;0;0;0;0;0;0;0;0;0;0;0;0;0;0;0;0;0;0;0;0;0;0;0;0;0;0;0;0;0;0;0;0;0;0;0;0;0;0;0;0;0;0;0;0;0;0;0;0;0;0;0;0;0;0;0;0;0;0;0;0;0;0;;9,98798E+14;7,98553E+14;;;;2,73599E+14;4,05792E+14;FALS;0;0;0;0;222;low ;173;11;low ;0;4120;low ;0;9,36966E+14;4,89653E+14;2,06467E+14;6,81858E+14;9,36966E+14;;;P_score_freshwater_pred_RIVM;9,98798E+14;8,98676E+14;;;M_score_pred_Dashboard;4,05792E+14;3,39696E+14;kemi_score;51;6,36635E+14;10;;;5,52518E+14;10;5,02972E+14;10;5,65871E+14;10;5,02972E+14;5;5,27163E+14;10;0;PM;;PM;3;Alkyl Halide, Halogen;['PFAS']
perfluorooctanoic acid;335-67-1;206-397-9;SNGREZUHAYWORS-UHFFFAOYSA-N;C(=O)(C(C(C(C(C(C(C(F)(F)F)(F)F)(F)F)(F)F)(F)F)(F)F)(F)F)O;DTXSID8031865;95540;PRO-368;NS00009389;;FALS;;;;CERT;CERT;x;x;CERT;CERT;CERT;CERT;CERT;CERT;FALS;FALS;FALS;FALS;FALS;FALS;FALS;FALS;CERT;FALS;FALS;FALS;"Cleaning and safety; Cleaning products and household care -> carpet and floor -> floor polish; nonfunctional ingredient; used as a stain or water repellent.";;;FALS;FALS;FALS;FALS;FALS;FALS;FALS;FALS;FALS;FALS;FALS;FALS;FALS;FALS;FALS;FALS;FALS;FALS;FALS;FALS;FALS;FALS;FALS;FALS;FALS;;41407;31;568;;416;137;855;3220108088;28163;1,3429E+14;9983991477;501;;;;;;178;36;51;;;;;;0;0;0;0;0;0;0;0;0;0;0;0;0;0;0;0;0;0;0;0;0;0;0;0;0;0;0;0;0;0;0;0;0;0;0;0;0;0;0;0;0;0;0;0;0;0;0;0;0;0;0;0;0;0;0;0;0;0;0;0;0;0;0;0;0;;9,91892E+13;7,98553E+14;;;;3,62203E+14;3,00333E+13;CERT;5;0;75;0;702;low ;186;40;low ;0;9335;low ;0;6,79087E+14;3,53873E+14;1,36304E+14;4,87944E+13;6,79087E+14;;;P_score_freshwater_pred_RIVM;9,91892E+13;8,95223E+14;;;M_score_pred_Episuite;3,62203E+14;3,31268E+14;kemi_score;51;5,99388E+14;10;;;5,44572E+14;10;4,9444E+14;10;5,44391E+14;10;4,9444E+14;5;5,18901E+14;10;0;PM;;PM;3;Al Coo, Coo, Coo2, C O, Alkyl Halide, Halogen;['Alkylphenols', 'PFAS']
perfluorooctylphosphonic acid;40143-78-0;;CPRNWMZKNOIIML-UHFFFAOYSA-N;C(C(C(C(C(F)(F)P(=O)(O)O)(F)F)(F)F)(F)F)(C(C(C(F)(F)F)(F)F)(F)F)(F)F;DTXSID80879832;135280370;PRO-369;NS00011280;;FALS;;;;FALS;FALS;;;FALS;FALS;FALS;FALS;FALS;CERT;FALS;FALS;FALS;FALS;FALS;FALS;FALS;FALS;CERT;FALS;FALS;FALS;;;;FALS;FALS;FALS;FALS;FALS;FALS;FALS;FALS;FALS;FALS;FALS;FALS;FALS;FALS;FALS;FALS;FALS;FALS;FALS;FALS;FALS;FALS;FALS;FALS;FALS;;500048;;54;;778;;156;2820201459;;1,3429E+14;;389;;;;;;63897;;2;;;;;;0;0;0;0;0;0;0;0;0;0;0;0;0;0;0;0;0;0;0;0;0;0;0;0;0;0;0;0;0;0;0;0;0;0;0;0;0;0;0;0;0;0;0;0;0;0;0;0;0;0;0;0;0;0;0;0;0;0;0;0;0;0;0;0;0;;;7,98553E+14;;;;;3,61578E+14;FALS;0;0;0;0;356;low ;175;60;low ;0;5988;low ;0;5,48477E+14;3,14718E+14;1,74877E+14;5,85642E+14;5,48477E+14;;;P_score_freshwater_pred_Dashboard;7,98553E+14;7,98553E+14;;;M_score_pred_Dashboard;3,61578E+14;3,61578E+14;kemi_score;2;5,37345E+13;10;;;5,37345E+13;10;5,48477E+14;5;5,4103E+14;75;5,48477E+14;25;5,4103E+14;75;0;PM;;PM;3;Alkyl Halide, Halogen;['Organophosphates', 'PFAS']
perfluoropentane sulfonic acid ;2706-91-4;220-301-2;ACEKLXZRZOWKRY-UHFFFAOYSA-N;C(C(C(F)(F)F)(F)F)(C(C(F)(F)S(=O)(=O)O)(F)F)(F)F;DTXSID8062600;759220;PRO-370;NS00011290;;FALS;;;;CERT;CERT;<0,7;x;CERT;CERT;CERT;FALS;CERT;CERT;FALS;FALS;FALS;FALS;FALS;FALS;FALS;FALS;CERT;FALS;FALS;FALS;;;;FALS;FALS;FALS;FALS;FALS;FALS;FALS;FALS;FALS;FALS;FALS;FALS;FALS;FALS;FALS;FALS;FALS;FALS;FALS;FALS;FALS;FALS;FALS;FALS;FALS;;3501;;339;;42;;188;3021189299;23024;8,73567E+14;4633587254;603;;;;;;20276;45;17;;;;;;0;0;0;0;0;0;0;0;0;0;0;0;0;0;0;0;0;0;0;0;0;0;0;0;0;0;0;0;0;0;0;0;0;0;0;0;0;0;0;0;0;0;0;0;0;0;0;0;0;0;0;0;0;0;0;0;0;0;0;0;0;0;0;0;0;;9,70531E+14;6,55248E+14;;;;4,47789E+14;3,30078E+14;FALS;0;0;0;0;4051;low ;187;4772;low ;192;18000;low ;0;4,23851E+13;6,4242E+14;6,86533E+14;3,71379E+14;4,23851E+13;;;P_score_freshwater_pred_RIVM;9,70531E+14;8,12889E+14;;;M_score_pred_Episuite;4,47789E+14;3,88933E+14;kemi_score;17;6,59237E+14;10;;;5,62281E+14;10;4,3673E+14;10;5,36571E+14;10;4,3673E+14;5;4,95545E+13;10;0;PM;;PM;4;Alkyl Halide, Halogen;['PFAS']
perfluoropentanoic acid ;2706-90-3;220-300-7;CXZGQIAOTKWCDB-UHFFFAOYSA-N;C(=O)(C(C(C(C(F)(F)F)(F)F)(F)F)(F)F)O;DTXSID6062599;759210;PRO-371;NS00000365;;FALS;;;;CERT;CERT;x;x;CERT;CERT;CERT;FALS;CERT;CERT;FALS;FALS;FALS;FALS;FALS;FALS;FALS;FALS;CERT;FALS;FALS;FALS;;;;FALS;FALS;FALS;FALS;FALS;FALS;FALS;FALS;FALS;FALS;FALS;FALS;FALS;FALS;FALS;FALS;FALS;FALS;FALS;FALS;FALS;FALS;FALS;FALS;FALS;;264047;135;336;;376;454;399;1980003372;171;8,73567E+14;1511299209;55;;;;;;391371;55;39;;;;;;0;0;0;0;0;0;0;0;0;0;0;0;0;0;0;0;0;0;0;0;0;0;0;0;0;0;0;0;0;0;0;0;0;0;0;0;0;0;0;0;0;0;0;0;0;0;0;0;0;0;0;0;0;0;0;0;0;0;0;0;0;0;0;0;0;;8,29097E+14;6,55248E+14;;;;5,50085E+14;5,03465E+14;FALS;0;0;0;0;2,578E+14;low ;202;22100;low ;211;38100;low ;0;3,56041E+13;3,40793E+14;8,23164E+14;2,70953E+13;3,56041E+13;;;P_score_freshwater_pred_RIVM;8,29097E+14;7,42172E+14;;;M_score_pred_Episuite;5,50085E+14;5,26775E+13;kemi_score;39;6,75332E+14;10;;;6,25266E+14;10;4,42518E+14;10;5,46669E+14;10;4,42518E+14;5;5,26015E+14;10;0;PM;;PM;3;Al Coo, Coo, Coo2, C O, Alkyl Halide, Halogen;['Alkylphenols', 'PFAS']
Perfluoropropane sulfonate;423-41-6;;XBWQFDNGNOOMDZ-UHFFFAOYSA-N;C(C(F)(F)F)(C(F)(F)S(=O)(=O)O)(F)F;DTXSID30870531;98597710;PRO-372;NS00003414;;FALS;;;;FALS;FALS;;;FALS;FALS;FALS;FALS;FALS;CERT;FALS;FALS;FALS;FALS;FALS;FALS;FALS;FALS;CERT;FALS;FALS;FALS;;;;FALS;FALS;FALS;FALS;FALS;FALS;FALS;FALS;FALS;FALS;FALS;FALS;FALS;FALS;FALS;FALS;FALS;FALS;FALS;FALS;FALS;FALS;FALS;FALS;FALS;;25009;;192;;409;;134;1640481437;;8,73567E+14;;631;;;;;;2676982;;2;;;;;;0;0;0;0;0;0;0;0;0;0;0;0;0;0;0;0;0;0;0;0;0;0;0;0;0;0;0;0;0;0;0;0;0;0;0;0;0;0;0;0;0;0;0;0;0;0;0;0;0;0;0;0;0;0;0;0;0;0;0;0;0;0;0;0;0;;;6,55248E+14;;;;;5,61979E+14;FALS;0;0;0;0;7028;low ;203;9259;low ;207;171600;low ;0;1,93466E+14;4,89595E+14;5,48453E+14;1,42799E+14;1,93466E+14;;;P_score_freshwater_pred_Dashboard;6,55248E+14;6,55248E+14;;;M_score_pred_Dashboard;5,61979E+14;5,61979E+14;kemi_score;2;6,06824E+14;10;;;6,06824E+14;10;1,93466E+14;5;4,1455E+14;75;1,93466E+14;25;4,1455E+14;75;0;PM;;PM;3;Alkyl Halide, Halogen;['PFAS']
perfluorotridecane sulfonic  acid;174675-49-1;;JMIXTHMPTMXARZ-UHFFFAOYSA-N;C(C(C(C(C(C(C(F)(F)F)(F)F)(F)F)(F)F)(F)F)(F)F)(C(C(C(C(C(C(F)(F)S(=O)(=O)[O-])(F)F)(F)F)(F)F)(F)F)(F)F)(F)F.[Na+];DTXSID10904580;1383946910;PRO-373;;;FALS;;;;CERT;CERT;;;CERT;CERT;CERT;FALS;FALS;CERT;FALS;FALS;FALS;FALS;FALS;FALS;FALS;FALS;CERT;FALS;FALS;FALS;;;;FALS;FALS;FALS;FALS;FALS;FALS;FALS;FALS;FALS;FALS;FALS;FALS;FALS;FALS;FALS;FALS;FALS;FALS;FALS;FALS;FALS;FALS;FALS;FALS;FALS;;77215;;88;;688;;0,00377;5369215857;;1,49905E+14;;832;;;;;;;;;;;;;;0;0;0;0;0;0;0;0;0;0;0;0;0;0;0;0;0;0;0;0;0;0;0;0;0;0;0;0;0;0;0;0;0;0;0;0;0;0;0;0;0;0;0;0;0;0;0;0;0;0;0;0;0;0;0;0;0;0;0;0;0;0;0;0;0;;;8,27116E+14;;;;;8,82363E+14;FALS;0;0;0;0;305;low ;0;1;low ;0;3072;low ;0;;7,31059E+14;1,84779E+14;7,67447E+14;0;;;P_score_freshwater_pred_Dashboard;8,27116E+14;8,27116E+14;;;M_score_pred_Dashboard;8,82363E+14;8,82363E+14;;;2,70151E+14;10;;;2,70151E+14;10;0;5;0;75;0;25;0;75;10;;;;4;Alkyl Halide, Halogen;['PFAS']
perfluorotridecanoic acid;72629-94-8;276-745-2;LVDGGZAZAYHXEY-UHFFFAOYSA-N;C(=O)(C(C(C(C(C(C(C(C(C(C(C(C(F)(F)F)(F)F)(F)F)(F)F)(F)F)(F)F)(F)F)(F)F)(F)F)(F)F)(F)F)(F)F)O;DTXSID90868151;30183550;PRO-374;;;FALS;;;;CERT;CERT;< 0,4;<4.2;CERT;CERT;CERT;FALS;CERT;CERT;FALS;FALS;FALS;FALS;FALS;FALS;FALS;FALS;CERT;FALS;FALS;FALS;;;;FALS;FALS;FALS;FALS;FALS;FALS;FALS;FALS;FALS;FALS;FALS;FALS;FALS;FALS;FALS;FALS;FALS;FALS;FALS;FALS;FALS;FALS;FALS;FALS;FALS;;664109;;876;;496;;0,00253;5269512944;46693;2,44692E+13;2323074974;871;;;;;;10317;14;39;;;;;;0;0;0;0;0;0;0;0;0;0;0;0;0;0;0;0;0;0;0;0;0;0;0;0;0;0;0;0;0;0;0;0;0;0;0;0;0;0;0;0;0;0;0;0;0;0;0;0;0;0;0;0;0;0;0;0;0;0;0;0;0;0;0;0;0;;9,99962E+14;9,17055E+14;;;;1,35847E+13;9,39566E+14;FALS;0;0;0;0;247;low ;176;2;low ;0;2543;low ;0;7,28385E+14;6,67959E+14;1,98978E+14;8,27659E+13;7,28385E+14;;;P_score_freshwater_pred_RIVM;9,99962E+14;9,58508E+14;;;M_score_pred_Episuite;1,35847E+13;1,14902E+14;kemi_score;39;3,68568E+14;10;;;3,31865E+14;10;3,19334E+14;10;3,43069E+14;10;3,19334E+14;5;3,25539E+14;10;10;PM;;PM;4;Al Coo, Coo, Coo2, C O, Alkyl Halide, Halogen;['Alkylphenols', 'PFAS']
perfluoroundecane sulfonic acid;749786-16-1;;UKHUPOMCGUFNAP-UHFFFAOYSA-N;C(C(C(C(C(C(F)(F)F)(F)F)(F)F)(F)F)(F)F)(C(C(C(C(C(F)(F)S(=O)(=O)O)(F)F)(F)F)(F)F)(F)F)(F)F;DTXSID40904573;221415180;PRO-375;;;FALS;;;;CERT;CERT;;;CERT;CERT;CERT;FALS;CERT;CERT;FALS;FALS;FALS;FALS;FALS;FALS;FALS;FALS;CERT;FALS;FALS;FALS;;;;FALS;FALS;FALS;FALS;FALS;FALS;FALS;FALS;FALS;FALS;FALS;FALS;FALS;FALS;FALS;FALS;FALS;FALS;FALS;FALS;FALS;FALS;FALS;FALS;FALS;;65015;;727;;60;;0,00534;492992956;;5,8557E+14;;794;;;;;;;;;;;;;;0;0;0;0;0;0;0;0;0;0;0;0;0;0;0;0;0;0;0;0;0;0;0;0;0;0;0;0;0;0;0;0;0;0;0;0;0;0;0;0;0;0;0;0;0;0;0;0;0;0;0;0;0;0;0;0;0;0;0;0;0;0;0;0;0;;;4,89597E+14;;;;;1,15999E+12;FALS;0;0;0;0;314;low ;166;6;low ;0;2839;low ;0;;5,55236E+14;1,82884E+14;7,92074E+13;3,03587E+14;;;P_score_freshwater_pred_Dashboard;4,89597E+14;4,89597E+14;;;M_score_pred_Dashboard;1,15999E+12;1,15999E+12;;;2,38313E+14;10;;;2,38313E+14;10;3,03587E+14;5;1,19911E+14;75;3,03587E+14;25;1,19911E+14;75;10;;;;3;Alkyl Halide, Halogen;['PFAS']
perfluoroundecanoic acid ;2058-94-8;218-165-4;SIDINRCMMRKXGQ-UHFFFAOYSA-N;C(=O)(C(C(C(C(C(C(C(C(C(C(F)(F)F)(F)F)(F)F)(F)F)(F)F)(F)F)(F)F)(F)F)(F)F)(F)F)O;DTXSID8047553;772220;PRO-376;NS00000370;;FALS;;;;CERT;CERT;< 0,9;<3;CERT;CERT;CERT;FALS;CERT;CERT;FALS;FALS;FALS;FALS;FALS;FALS;FALS;FALS;CERT;FALS;FALS;FALS;;;;FALS;FALS;FALS;FALS;FALS;FALS;FALS;FALS;FALS;FALS;FALS;FALS;FALS;FALS;FALS;FALS;FALS;FALS;FALS;FALS;FALS;FALS;FALS;FALS;FALS;;564093;40;79;;47;163;0,00807;4220108088;39281;1,3429E+14;659694209;339;;;;;;12568;21;39;;;;;;0;0;0;0;0;0;0;0;0;0;0;0;0;0;0;0;0;0;0;0;0;0;0;0;0;0;0;0;0;0;0;0;0;0;0;0;0;0;0;0;0;0;0;0;0;0;0;0;0;0;0;0;0;0;0;0;0;0;0;0;0;0;0;0;0;;9,99676E+14;7,98553E+14;;;;2,08093E+14;1,76701E+13;FALS;0;0;0;0;1,38E+14;low ;18;4;low ;0;3,776E+14;low ;0;7,111E+14;5,98193E+13;2,42343E+13;7,06313E+14;7,22722E+14;;;P_score_freshwater_pred_RIVM;9,99676E+14;8,99115E+14;;;M_score_pred_Episuite;2,08093E+14;1,92397E+14;kemi_score;39;4,56099E+14;10;;;4,15917E+14;10;3,89579E+14;10;4,21529E+14;10;3,89579E+14;5;4,02533E+14;10;10;PM;;PM;4;Al Coo, Coo, Coo2, C O, Alkyl Halide, Halogen;['Alkylphenols', 'PFAS']
Perhydro-1,3,5-trinitro-1,3,5-triazine;121-82-4;204-500-1;XTFIVUDBNACUBN-UHFFFAOYSA-N;C1N(CN(CN1[N+](=O)[O-])[N+](=O)[O-])[N+](=O)[O-];DTXSID9024142;84900;PRO-377;NS00001970;REACH-A;FALS;vPvM;MQ;PM;FALS;FALS;;;FALS;FALS;FALS;FALS;FALS;FALS;FALS;FALS;FALS;FALS;FALS;FALS;FALS;FALS;FALS;CERT;FALS;CERT;"Personal care; Specialty occupational products -> Firefighting foam";"Energy Releasers (explosives, motive propellant); Fuel; Propellants and blowing agents";Energy Releasers (explosives, motive propellant);CERT;CERT;CERT;FALS;FALS;CERT;CERT;FALS;FALS;FALS;CERT;CERT;FALS;FALS;FALS;FALS;FALS;FALS;FALS;CERT;CERT;FALS;FALS;FALS;CERT;P-PNEC pred;222117;87;-46;;387;269;745;1589949601;17138;5,8557E+14;2728894371;20;720;;;20;;373784;55;65;36;48;>1000 to < 10000 tonnes;10000;100000;0;0;0;0;0;0;0;0;0;0;1;0;0;0;0;0;0;0;1;0;0;0;0;0;0;0;0;0;0;0;0;0;0;0;0;0;0;0;0;0;0;0;0;1;1;0;0;0;0;0;0;0;0;0;0;0;0;1;0;1;0;1;0;0;1;5,77295E+14;2,06384E+14;4,89597E+14;;;5;5,49433E+14;5,70582E+14;FALS;0;0;0;0;3120;low ;281;45700;low ;23;17200;low ;0;3,60632E+14;2,5089E+14;7,6269E+14;3,78504E+14;3,68727E+14;;;P_score_freshwater_pred_UBA;5,77295E+14;4,24426E+14;M_score_exp_UBA;5;M_score_pred_Dashboard;5,70582E+14;5,40005E+13;kemi_score;65;5,73929E+14;10;5;5;4,7874E+14;10;4,50333E+13;10;5,08389E+13;10;4,66315E+14;75;4,64319E+14;10;0;PM;PM;PM;;Nh0, Hdrzine, Nitro;['Other']
PFO4DA;39492-90-5;;RVMKCACFKFAJPS-UHFFFAOYSA-N;C(=O)(C(OC(OC(OC(OC(F)(F)F)(F)F)(F)F)(F)F)(F)F)O;DTXSID90723993;573580570;PRO-378;NS00074623;;FALS;;;;FALS;FALS;;;FALS;FALS;FALS;FALS;FALS;FALS;FALS;FALS;FALS;FALS;FALS;FALS;FALS;FALS;FALS;FALS;FALS;FALS;;;;FALS;FALS;FALS;FALS;FALS;FALS;FALS;FALS;FALS;FALS;FALS;FALS;FALS;FALS;FALS;FALS;FALS;FALS;FALS;FALS;FALS;FALS;FALS;FALS;FALS;;37805;;853;;41;;109;2940018155;;6,47155E+13;;269;;;;;;3,99622E+14;;;;;;;;0;0;0;0;0;0;0;0;0;0;0;0;0;0;0;0;0;0;0;0;0;0;0;0;0;0;0;0;0;0;0;0;0;0;0;0;0;0;0;0;0;0;0;0;0;0;0;0;0;0;0;0;0;0;0;0;0;0;0;0;0;0;0;0;0;;;5,32288E+14;;;;;3,42636E+14;FALS;0;0;0;0;4,11E+14;low ;0;71600;low ;204;49300;low ;0;3,53966E+14;2,07363E+14;1,66056E+14;2,4296E+14;3,71775E+14;;;P_score_freshwater_pred_Dashboard;5,32288E+14;5,32288E+14;;;M_score_pred_Dashboard;3,42636E+14;3,42636E+14;;;4,27061E+14;10;;;4,27061E+14;10;3,71775E+14;5;4,07774E+14;75;3,71775E+14;25;4,07774E+14;75;0;PM;;PM;3;Al Coo, Coo, Coo2, C O, Alkyl Halide, Ether, Halogen;['Alkylphenols', 'Ethylene Glycols', 'PFAS']
PFO5DoDA;39492-91-6;;;C(=O)(C(OC(OC(OC(OC(OC(F)(F)F)(F)F)(F)F)(F)F)(F)F)(F)F)O;DTXSID50723994;573580580;PRO-379;;;FALS;;;;FALS;FALS;;;FALS;FALS;FALS;FALS;FALS;FALS;FALS;FALS;FALS;FALS;FALS;FALS;FALS;FALS;FALS;FALS;FALS;FALS;;;;FALS;FALS;FALS;FALS;FALS;FALS;FALS;FALS;FALS;FALS;FALS;FALS;FALS;FALS;FALS;FALS;FALS;FALS;FALS;FALS;FALS;FALS;FALS;FALS;FALS;;444057;;104;;429;;284;2749736316;;6,47155E+13;;251;;;;;;;;;;;;;;0;0;0;0;0;0;0;0;0;0;0;0;0;0;0;0;0;0;0;0;0;0;0;0;0;0;0;0;0;0;0;0;0;0;0;0;0;0;0;0;0;0;0;0;0;0;0;0;0;0;0;0;0;0;0;0;0;0;0;0;0;0;0;0;0;;;5,32288E+14;;;;;3,72928E+14;FALS;0;0;0;0;420;low ;0;165;low ;0;48400;low ;0;;2,2838E+14;1,64757E+14;2,44864E+14;0;;;P_score_freshwater_pred_Dashboard;5,32288E+14;5,32288E+14;;;M_score_pred_Dashboard;3,72928E+14;3,72928E+14;;;4,45539E+14;10;;;4,45539E+14;10;0;5;0;75;0;25;0;75;0;PM;;PM;;Al Coo, Coo, Coo2, C O, Alkyl Halide, Ether, Halogen;['Alkylphenols', 'Ethylene Glycols', 'PFAS']
Phenazone;60-80-0;200-486-6;VEQOALNAAJBPNY-UHFFFAOYSA-N;Cc1cc(=O)n(c2ccccc2)n1C;DTXSID6021117;22060;PRO-380;NS00000287;REACH-B;FALS;vPvM;MQ;vPvM;FALS;FALS;;;FALS;FALS;FALS;FALS;FALS;FALS;FALS;FALS;FALS;FALS;FALS;FALS;FALS;FALS;FALS;FALS;FALS;FALS;"analgesic; antipyretic";;;FALS;FALS;FALS;FALS;FALS;FALS;FALS;FALS;FALS;FALS;FALS;FALS;FALS;FALS;FALS;FALS;FALS;FALS;FALS;FALS;FALS;FALS;FALS;FALS;FALS;P-PNEC pred;18823;305;472;;633;158;269;2049218023;10663;2,9666E+14;2258861913;120;;;;8;;2109577;66;66;0;0;;;;0;0;0;0;0;0;0;0;0;0;0;0;0;0;0;0;0;0;0;0;0;0;0;0;0;0;0;0;0;0;0;0;0;0;0;0;0;0;0;0;0;0;0;0;0;0;0;0;0;0;0;0;0;0;0;0;0;0;0;0;0;0;0;0;0;;1,58422E+14;2,30749E+14;;;6,9673E+14;6,56377E+14;4,91472E+14;FALS;0;0;0;0;3490;low ;258;27200;;51;30800;;85;2,10121E+14;3,12324E+14;7,291E+14;2,96398E+12;2,10121E+14;;;P_score_freshwater_pred_Dashboard;2,30749E+14;1,94585E+14;M_score_exp_UBA;6,9673E+14;M_score_exp_UBA;6,9673E+14;6,1486E+14;kemi_score;66;4,00961E+14;10;6,9673E+14;5;3,45894E+14;10;3,72398E+14;10;3,86416E+14;10;4,58873E+14;75;3,58901E+14;10;0;PM;PM;PM;3;Ar N, Nh0, Aryl Methyl, Benzene, Para Hydroxylation;['Aromatic amines', 'PAHs']
Phenol, styrenated;61788-44-1;262-975-0;GZGSEMRMKBBQGA-UHFFFAOYSA-N;Oc1ccc(C=C)cc1C=C;DTXSID8028052;866880;PRO-381;NS00003632;REACH-A;CERT;PMT;MQ;Not PMT/vPvM;FALS;FALS;;;FALS;FALS;FALS;FALS;FALS;FALS;FALS;FALS;FALS;FALS;FALS;FALS;FALS;FALS;FALS;CERT;CERT;CERT;;"Intermediate; Intermediates";;CERT;CERT;CERT;CERT;FALS;CERT;CERT;FALS;FALS;FALS;CERT;CERT;CERT;FALS;CERT;FALS;FALS;FALS;FALS;FALS;FALS;FALS;CERT;CERT;FALS;P-PNEC pred;;;161;;501;;2;2269512944;2425;3,77128E+14;1575145618;38;250;;;31;;438592;;7;26;39;>100 to < 1000 tonnes;1000;10000;1;1;0;0;0;0;0;1;1;0;0;0;0;0;1;0;0;0;0;0;0;0;0;0;0;0;1;0;0;0;1;0;0;1;0;0;0;1;0;0;0;0;0;0;0;0;1;1;1;0;1;1;0;1;1;1;0;0;1;1;1;1;0;0;0;1,8293E+14;9,22622E+14;3,11353E+14;;;3,18112E+13;4,26881E+14;4,53432E+14;FALS;0;0;0;0;4622;low ;7;3584;good ;10;9524;good ;10;3,44781E+14;7,21336E+14;6,50808E+14;4,8392E+14;3,44781E+14;;;P_score_freshwater_pred_Dashboard;3,11353E+14;1,95515E+14;M_score_exp_UBA;3,18112E+13;M_score_pred_Dashboard;4,53432E+14;3,99475E+14;kemi_score;7;3,75736E+14;10;3,18112E+13;5;2,7947E+14;10;3,44781E+14;5;3,6512E+13;75;3,31178E+14;5;2,99735E+14;75;0;PM;;;2;Ar Oh, Benzene, Phenol, Phenol Noorthohbond;['Alkylphenols', 'Phenols', 'Styrenes']
Phenytoin;57-41-0;200-328-6;CXOFVDLJLONNDW-UHFFFAOYSA-N;O=C1NC(=O)C(N1)(c1ccccc1)c1ccccc1;DTXSID8020541;17750;PRO-382;NS00010290;REACH-B;FALS;vPvM & PMT;MQ;vPvM & PMT;FALS;FALS;;;FALS;FALS;FALS;FALS;FALS;FALS;FALS;FALS;FALS;FALS;FALS;FALS;FALS;FALS;FALS;FALS;FALS;FALS;;;;FALS;FALS;FALS;FALS;FALS;FALS;FALS;FALS;FALS;FALS;FALS;FALS;FALS;FALS;FALS;FALS;FALS;FALS;FALS;FALS;FALS;FALS;FALS;FALS;FALS;P-PNEC pred;252273;237;237;;933;109;378;2178976947;22555;1,18797E+14;4313528885;631;840;;;17;;87359;;61;0;0;;;;0;0;0;0;0;0;0;0;0;0;0;0;0;0;0;0;0;0;0;0;0;0;0;0;0;0;0;0;0;0;0;0;0;0;0;0;0;0;0;0;0;0;0;0;0;0;0;0;0;0;0;1;0;0;0;0;0;0;0;0;0;0;0;0;0;6,39963E+14;3,62589E+14;9,93964E+13;;;5,518E+14;4,55841E+14;4,69025E+14;FALS;0;0;0;0;1955;low ;332;33500;low ;415;3640;low ;315;5,14669E+14;2,8608E+14;9,18588E+14;7,16842E+14;5,14669E+14;;;P_score_freshwater_pred_Dashboard;9,93964E+13;6,65505E+14;M_score_exp_UBA;5,518E+14;M_score_exp_UBA;5,518E+14;4,92222E+14;kemi_score;61;7,40587E+13;10;5,518E+14;5;5,72343E+14;10;5,14669E+14;5;6,55984E+14;75;5,32911E+14;5;5,52434E+14;75;0;vPvM;PM;PM;;C O, C O Nocoo, Nh1, Amide, Benzene, Imide, Urea;['Phenylureas']
Phthalylsulfathiazole;85-73-4;201-627-4;PBMSWVPMRUJMPE-UHFFFAOYSA-N;OC(=O)c1ccccc1C(=O)Nc1ccc(S(=O)(=O)N=c2[nH]ccs2)cc1;DTXSID8023470;48060;PRO-383;NS00007465;REACH-B;FALS;PMT;HQ;PMT;FALS;FALS;;;FALS;FALS;FALS;FALS;FALS;FALS;FALS;FALS;FALS;FALS;FALS;FALS;FALS;FALS;FALS;CERT;FALS;FALS;;;;FALS;FALS;FALS;FALS;FALS;FALS;FALS;FALS;FALS;FALS;FALS;FALS;FALS;CERT;FALS;FALS;FALS;FALS;FALS;FALS;FALS;FALS;FALS;FALS;FALS;P-PNEC pred;40343;;196;;941;;0,00754;1829946696;14718;2,73851E+14;5583697241;759;;;;;-13;10137;59;49;0;0;;;;0;0;0;0;0;0;0;0;0;0;0;0;0;0;0;0;0;0;0;0;0;0;0;0;0;0;0;1;0;0;0;0;0;0;0;0;0;0;0;0;0;0;0;0;0;0;0;0;0;0;0;1;0;0;0;0;0;0;0;0;0;0;1;0;0;;4,69307E+14;2,07371E+14;;;;5,90521E+14;5,29434E+14;FALS;0;0;0;0;1735;low ;203;408;low ;254;5172;low ;261;7,29895E+13;1,66497E+14;9,62765E+14;6,21722E+14;7,29895E+13;;;P_score_freshwater_pred_RIVM;4,69307E+14;3,38339E+14;;;M_score_pred_Episuite;5,90521E+14;5,59978E+14;kemi_score;49;5,26437E+14;10;;;4,35272E+14;10;6,5623E+14;10;5,87762E+14;10;6,5623E+14;5;5,34452E+14;10;0;PM(T);(T);PM(T);;Ar Coo, Ar N, Ar Nh, Coo, Coo2, C O, C O Nocoo, Nh0, Nh1, Nhpyrrole, Amide, Aniline, Benzene, Sulfonamd, Thiazole;['Sulfonamides', 'Alkylphenols']
Piperazine, compound with phosphoric acid;1951-97-9;217-775-8;NQQWFVUVBGSGQN-UHFFFAOYSA-N;C1CNCCN1;DTXSID201016688;647330;PRO-384;;REACH-B;CERT;PMT;HQ;PMT;FALS;FALS;;;FALS;FALS;FALS;FALS;FALS;FALS;FALS;FALS;FALS;FALS;FALS;FALS;FALS;FALS;FALS;FALS;FALS;FALS;;;;CERT;CERT;FALS;FALS;CERT;FALS;CERT;FALS;FALS;FALS;FALS;CERT;FALS;FALS;FALS;FALS;FALS;FALS;FALS;FALS;FALS;FALS;FALS;FALS;FALS;P-PNEC;;;88;;688;;0,00377;5369215857;83;1,49905E+14;1380266412;832;;;;;3;184131996;;;0;0;;;;0;0;0;0;0;0;0;0;0;0;0;0;0;0;0;0;0;0;0;0;0;0;0;0;0;1;0;1;0;0;1;0;0;0;0;0;0;0;0;0;0;0;1;0;0;0;0;0;0;0;0;0;0;0;1;0;0;0;0;0;0;0;1;0;1;;7,50144E+14;8,27116E+14;;;;7,99078E+13;8,82363E+14;FALS;0;0;0;0;82000;low ;604;43000;;85;65600;;7;9,40524E+14;2,57441E+13;1,95734E+14;2,15224E+14;9,40524E+14;;;P_score_freshwater_pred_Dashboard;8,27116E+14;4,51065E+14;;;M_score_pred_Episuite;7,99078E+13;4,43657E+14;E_score_min;0;8,12976E+14;10;;;4,47346E+14;10;9,40524E+14;5;3,96134E+14;75;9,40524E+14;25;2,66002E+13;75;10;vPvM;;PM;2;Nh1, Piperzine;['Other']
Potassium 2-(3-trifluoromethoxy-1,1,2,2,3,3-hexafluoropropoxy)-2,3,3,3-tetrafluoropropionate;;444-340-1;NPVAMXSRUVKHFJ-UHFFFAOYSA-M;COC(F)(F)C(F)(F)C(F)(F)C(F)(F)F;;;PRO-385;;REACH-B;FALS;PMT;MQ;Potential PMT/vPvM;FALS;FALS;;;FALS;FALS;FALS;FALS;FALS;FALS;FALS;FALS;FALS;FALS;FALS;FALS;FALS;FALS;FALS;FALS;FALS;FALS;;;;FALS;FALS;FALS;FALS;FALS;FALS;FALS;FALS;FALS;FALS;FALS;FALS;FALS;FALS;FALS;FALS;FALS;FALS;FALS;FALS;FALS;FALS;FALS;FALS;FALS;;;;;;;;;;;;;;223930;;;;19;;;;;;;;;0;0;0;0;0;0;0;0;0;0;0;0;0;0;0;0;0;0;0;0;0;0;0;0;0;0;0;0;0;0;0;0;0;0;0;0;0;0;0;0;0;0;0;0;0;0;0;0;0;0;0;0;0;0;0;0;0;0;0;0;0;0;0;0;0;9,9996E+14;;;;;;;;CERT;0;0;0;0;2830;low ;206;22800;low ;208;34800;low ;0;;3,36363E+14;7,9308E+14;2,8152E+14;2,32195E+14;;;P_score_freshwater_pred_UBA;9,9996E+14;9,9996E+14;;;;;;;;9,9996E+14;5;;;9,9996E+14;5;2,32195E+14;5;1,52376E+14;5;2,32195E+14;25;1,52376E+14;5;;vPvM;;vPvM;2;Alkyl Halide, Ether, Halogen, Methoxy;['Ethylene Glycols', 'PFAS']
Prednisolone;50-24-8;200-021-7;OIGNJSKKLXVSLS-VWUMJDOOSA-N;C[C@]12C[C@H](O)[C@H]3[C@@H](CCC4=CC(=O)C=C[C@]34C)[C@@H]1CC[C@]2(O)C(=O)CO;DTXSID9021184;57550;PRO-386;NS00000394;REACH-B;FALS;vPvM & PMT;MQ;PMT;FALS;FALS;;;FALS;FALS;FALS;FALS;FALS;FALS;FALS;FALS;FALS;FALS;FALS;FALS;FALS;FALS;FALS;FALS;FALS;FALS;;;;CERT;FALS;FALS;FALS;FALS;FALS;CERT;FALS;FALS;FALS;CERT;FALS;FALS;FALS;FALS;FALS;FALS;FALS;FALS;FALS;FALS;FALS;FALS;FALS;FALS;P-PNEC pred;36045;162;154;;93;626;504;4340444115;13895;2,69508E+56;1002713811;178;1460;;;;16;243733;6;58;11;22;>10 to < 100 tonnes;100;1000;0;0;0;0;0;0;0;0;0;0;0;0;0;0;0;0;0;0;1;0;0;0;0;0;0;0;0;1;0;0;0;0;0;0;0;0;0;0;0;0;0;0;0;0;0;0;0;0;0;0;0;1;1;0;0;0;0;0;0;0;0;0;0;0;0;8,20568E+14;7,06386E+14;10;;;;6,04241E+14;1,64892E+13;FALS;0;0;0;0;4359;low ;7;99800;low ;53;2580;low ;7;1,99901E+14;1,80016E+14;6,66462E+14;8,22909E+14;2,1384E+14;;;P_score_freshwater_pred_Dashboard;10;8,42318E+14;;;M_score_pred_Episuite;6,04241E+14;3,84566E+14;kemi_score;58;7,77329E+14;10;;;5,69146E+14;10;3,58196E+14;10;5,2767E+14;10;3,58196E+14;5;4,51515E+14;10;0;vPvM;;PM;2;Al Oh, Al Oh Notert, C O, C O Nocoo, Allylic Oxid, Bicyclic, Ketone, Ketone Topliss;['Alkylphenols', 'Cyclohexanes', 'Unsaturated ketones', 'Terpenoid', 'Acrylics/Acrylates']
Propargite;2312-35-8;219-006-1;ZYHMJXZULPZUED-UHFFFAOYSA-N;CC(C)(C)c1ccc(cc1)OC1CCCCC1OS(=O)OCC#C;DTXSID4024276;49360;PRO-387;NS00006783;REACH-A;CERT;PMT;HQ;Not PMT/vPvM;FALS;FALS;;;FALS;FALS;FALS;FALS;FALS;FALS;FALS;FALS;FALS;FALS;FALS;FALS;FALS;FALS;FALS;FALS;FALS;FALS;"acaricide; biocide; insecticide; insecticides and degradates; insecticides and insecticide degradates";;;FALS;FALS;FALS;FALS;FALS;FALS;FALS;FALS;FALS;FALS;CERT;FALS;FALS;FALS;FALS;FALS;FALS;FALS;FALS;FALS;FALS;FALS;FALS;FALS;FALS;P-PNEC pred;35047;50;493;;107;0,000115;0,000086;3599883072;39081;2,75889E+14;8040258801;110;1280;2340;;39;;62467;21;58;31;41;>1000 to < 10000 tonnes;10000;100000;0;0;0;0;0;0;0;0;0;0;0;0;0;0;0;0;0;0;0;0;0;0;0;0;0;1;0;0;0;0;0;0;0;0;0;0;0;0;0;0;0;0;0;0;0;0;0;0;0;0;0;0;0;0;0;0;0;0;0;0;0;0;0;0;0;7,85038E+13;6,22548E+14;9,31383E+14;6,10286E+14;;2,11321E+14;2,10387E+14;2,48066E+14;CERT;5;0;0;0;161;low ;214;204;low ;214;5,982E+14;low ;273;5,5091E+14;2,12549E+13;2,30263E+14;5,85883E+14;5,91125E+14;P_score_soil_exp_UBA;6,10286E+14;P_score_freshwater_pred_Dashboard;9,31383E+14;7,37314E+14;M_score_exp_UBA;2,11321E+14;M_score_pred_Dashboard;2,48066E+14;2,23258E+14;kemi_score;58;4,80671E+14;10;3,59119E+14;10;4,05723E+14;10;3,5233E+13;10;4,11527E+14;10;3,55708E+14;10;3,78085E+14;10;10;PM;PM;PM;3;Benzene, Ether, Term Acetylene;['Ethylene Glycols', 'PBDE', 'PhenylEthers']
Propazine;139-40-2;205-359-9;WJNRPILHGGKWCK-UHFFFAOYSA-N;CC(C)Nc1nc(nc(n1)Cl)NC(C)C;DTXSID3021196;49370;PRO-388;NS00000378;REACH-B;FALS;vPvM & PMT;MQ;vPvM & PMT;FALS;FALS;;;FALS;FALS;FALS;FALS;FALS;FALS;FALS;FALS;FALS;FALS;FALS;FALS;FALS;FALS;FALS;FALS;FALS;FALS;"herbicide; herbicides and degradates";;;FALS;CERT;FALS;FALS;FALS;FALS;FALS;FALS;FALS;FALS;FALS;FALS;FALS;FALS;FALS;FALS;FALS;FALS;FALS;FALS;FALS;FALS;FALS;FALS;FALS;PNEC acute;22971;293;303;;841;0,00373;24;2399673721;23351;1,49905E+14;1153925831;132;3830;;;17;;18;44;46;0;0;;;;0;0;0;0;0;0;0;0;0;0;0;0;0;0;0;0;0;0;1;0;0;0;0;0;0;0;0;0;0;0;0;0;0;0;0;0;0;0;0;0;0;0;0;0;0;0;0;0;0;0;0;1;0;0;0;0;0;0;0;0;0;0;0;0;0;9,59647E+14;7,5362E+13;8,27116E+14;;;5,518E+14;4,42191E+14;4,31181E+13;CERT;5;0;0;0;1149;low ;515;24000;low ;398;17400;low ;468;6,78029E+14;3,29197E+14;1,13014E+14;3,7668E+14;6,87678E+14;;;P_score_freshwater_pred_UBA;9,59647E+14;8,46794E+14;M_score_exp_UBA;5,518E+14;M_score_exp_UBA;5,518E+14;4,75057E+14;kemi_score;46;7,2769E+14;10;5,518E+14;5;6,34252E+14;10;5,50071E+14;10;6,32678E+14;10;5,50647E+14;75;5,90664E+14;10;0;vPvM;PM;PM;;Ar N, Nh0, Nh1, Aniline, Halogen;['Aromatic amines']
Propylenediamine;78-90-0;201-155-9;AOHJOMMDDJHIJH-UHFFFAOYSA-N;CC(CN)N;DTXSID4021761;65670;PRO-389;NS00007190;REACH-A;FALS;vPvM & PMT;MQ;vPvM & PMT;FALS;FALS;;;FALS;FALS;FALS;FALS;FALS;FALS;FALS;FALS;FALS;FALS;FALS;FALS;FALS;FALS;FALS;FALS;FALS;FALS;;Intermediates;;CERT;CERT;FALS;CERT;FALS;CERT;CERT;FALS;FALS;FALS;CERT;FALS;FALS;FALS;FALS;FALS;FALS;FALS;FALS;FALS;FALS;FALS;FALS;FALS;FALS;P-PNEC pred;74127;;-146;;69;;836;780317312;2178;2,14863E+14;1310723845;339;130;;;23;;3996793;;82;18;27;>100 to < 1000 tonnes;1000;10000;0;0;0;0;0;0;0;0;0;0;0;0;1;0;0;0;0;0;1;0;1;0;0;0;0;0;0;1;0;0;0;0;0;0;0;0;0;0;0;0;0;0;0;0;0;0;0;0;0;0;1;1;0;0;0;0;0;0;0;0;0;0;0;0;0;6,82099E+14;6,91079E+14;8,98507E+14;;;4,482E+13;7,7475E+14;6,99605E+13;CERT;0;0;0;0;44600;low ;629;37700;moderate ;85;28200;moderate ;85;1,67743E+14;2,72164E+14;2,53491E+14;3,07614E+14;1,76775E+13;;;P_score_freshwater_pred_Dashboard;8,98507E+14;3,45275E+14;M_score_exp_UBA;4,482E+13;M_score_pred_Episuite;7,7475E+14;6,40852E+14;kemi_score;82;8,34337E+14;10;4,482E+13;5;4,70394E+14;10;1,76775E+13;5;4,97395E+14;75;2,8148E+13;5;3,39454E+14;75;20;vPvM;PM;PM;;Nh2;['Other']
"pymetrozine (ISO); (E)-4,5-dihydro-6-methyl-4-(3-pyridylmethyleneamino)-1,2,4-triazin-3(2H)-one";123312-89-0;602-927-1;QHMTXANCGGJZRX-WUXMJOGZSA-N;CC1=NNC(=O)N(C1)N=CC2=CN=CC=C2;DTXSID2032637;95760370;PRO-390;NS00000443;REACH-A;FALS;vPvM & PMT;HQ;vPvM & PMT;FALS;FALS;;;FALS;FALS;FALS;FALS;FALS;FALS;FALS;FALS;FALS;FALS;FALS;FALS;FALS;FALS;FALS;FALS;FALS;FALS;"biocide; insecticide";;;FALS;FALS;FALS;FALS;FALS;FALS;FALS;FALS;FALS;FALS;CERT;FALS;FALS;FALS;FALS;FALS;FALS;FALS;FALS;FALS;FALS;FALS;FALS;FALS;FALS;PNEC chronic;217232;-18;565;;67;131;149;1889861721;9699;2,9666E+14;4058020759;234;60;7070;3790;10;;5;67;68;0;11;>0 to < 10 tonnes;0;100;0;0;0;0;0;0;0;0;0;0;0;0;0;0;0;0;0;0;0;0;0;0;0;0;0;0;0;0;0;0;0;0;0;0;0;0;0;0;0;0;0;0;0;0;0;0;0;0;0;0;0;0;0;0;0;0;0;0;0;0;0;0;0;0;0;1,91466E+14;3,38826E+14;2,30749E+14;9,12035E+14;7,81233E+13;6,66667E+14;6,71287E+14;5,19076E+14;CERT;5;0;0;0;1812;low ;237;83300;low ;201;14200;low ;198;5,74694E+14;1,94428E+14;9,46481E+13;4,10012E+14;5,84673E+14;P_score_soil_exp_UBA;9,12035E+14;P_score_soil_exp_UBA;9,12035E+14;4,56398E+14;M_score_exp_UBA;6,66667E+14;M_score_pred_Episuite;6,71287E+14;6,1901E+14;kemi_score;68;7,82456E+14;10;7,79758E+14;10;5,31521E+14;10;6,25884E+14;10;6,99805E+14;10;6,98598E+14;10;5,76776E+14;10;0;vPvM(T);vPvM(T);PM(T);2;Ar N, C O, C O Nocoo, Nh0, Nh1, Amide, Hdrzone, Pyridine, Urea;['Pyridin']
Pyridine, alkyl derivs.;68391-11-7;269-929-9;;c1(CC)cc(C)ccn1;DTXSID4028462;;PRO-391;;REACH-B2;FALS;vPvM & PMT;LQ structure;vPvM & PMT;FALS;FALS;;;FALS;FALS;FALS;FALS;FALS;FALS;FALS;FALS;FALS;FALS;FALS;FALS;FALS;FALS;FALS;CERT;FALS;FALS;;;;CERT;CERT;FALS;FALS;FALS;FALS;CERT;FALS;FALS;FALS;CERT;FALS;CERT;FALS;FALS;FALS;FALS;FALS;FALS;FALS;FALS;FALS;FALS;FALS;FALS;;;;533;;27;;0,000027;840106094;24235;6,39061E+14;3591512414;115;370;;;17;;;;;0;0;Tonnage data confidential;;;0;0;0;0;0;0;0;0;0;0;0;0;0;0;0;0;0;0;0;0;0;0;0;0;0;0;0;0;0;0;0;0;0;0;0;0;0;0;0;0;0;0;0;0;0;0;0;0;0;0;1;1;0;0;0;0;0;0;0;0;0;0;0;0;0;3,04402E+14;2,93738E+14;9,82777E+14;;;5,518E+14;4,27136E+14;6,90825E+14;CERT;75;75;0;0;22000;low ;382;22800;moderate ;85;55200;low ;7;;3,36363E+14;3,41442E+13;2,3159E+14;5,68034E+14;;;P_score_freshwater_pred_Dashboard;9,82777E+14;5,26972E+14;M_score_exp_UBA;5,518E+14;M_score_pred_Dashboard;6,90825E+14;5,56587E+14;E_score_min;0;8,2397E+14;10;5,518E+14;5;5,41577E+14;10;5,68034E+14;5;3,37857E+14;75;1,77043E+14;5;2,55406E+14;75;0;vPvM;PM;PM;2;Ar N, Nh0, Aryl Methyl, Pyridine;['Aromatic amines', 'Pyridin']
Resin acids and Rosin acids, hydrogenated, esters with glycerol;65997-13-9;266-042-9;;CC(C)C1CC2CCC3C(C)(CCCC3(C)C2CC1)C(=O)OCC(O)CO;DTXSID5028295;1680098930;PRO-392;;REACH-B;FALS;PMT;LQ structure;Potential PMT/vPvM;FALS;FALS;;;FALS;FALS;FALS;FALS;FALS;FALS;FALS;FALS;FALS;FALS;FALS;FALS;FALS;FALS;FALS;CERT;CERT;CERT;;"Adhesion/cohesion promoter; Adhesives and sealant chemicals; Not Known or Reasonably Ascertainable; Paint additives and coating additives not described by other categories";"Adhesives and sealant chemicals; Not Known or Reasonably Ascertainable; Solvent";CERT;CERT;FALS;CERT;CERT;CERT;CERT;FALS;FALS;CERT;CERT;CERT;CERT;FALS;CERT;CERT;FALS;CERT;CERT;CERT;CERT;FALS;CERT;FALS;FALS;;;;136;;349;;589;2068185862;29682;7,38906E+14;503718463;832;390;;;;33;;;;39;52;>1000 to < 10000 tonnes;10000;100000;0;1;0;1;1;0;1;1;1;1;0;1;0;0;1;0;0;1;0;0;0;1;1;0;0;1;1;0;0;1;1;0;1;1;0;0;1;1;0;0;0;0;0;0;0;0;0;0;1;0;1;1;1;0;0;0;0;0;0;1;0;0;0;0;0;3,23786E+13;4,25798E+14;2,71117E+14;;;;3,38249E+14;4,88186E+14;FALS;0;0;0;0;843;low ;66;42200;moderate ;85;3127;low ;7;;2,59495E+14;1,27213E+14;7,62004E+13;1,5195E+14;;;P_score_freshwater_pred_RIVM;4,25798E+14;2,58899E+14;;;M_score_pred_Dashboard;4,88186E+14;4,13218E+14;E_score_max;52;4,55927E+14;10;;;3,2708E+14;10;1,5195E+14;5;3,16104E+14;75;1,5195E+14;25;2,5332E+14;75;0;PM;;;3;Al Oh, Al Oh Notert, C O, C O Nocoo, Bicyclic, Ester, Ether;['Alkylphenols', 'Cyclohexanes', 'Ethylene Glycols']
Salbutamol;18559-94-9;242-424-0;NDAUXUAQIAJITI-UHFFFAOYSA-N;CC(C)(C)NCC(C1=CC(=C(C=C1)O)CO)O;DTXSID5021255;20830;PRO-393;NS00000415;REACH-A;FALS;vPvM & PMT;MQ;vPvM & PMT;FALS;FALS;;;FALS;FALS;FALS;FALS;FALS;FALS;FALS;FALS;FALS;FALS;FALS;FALS;FALS;FALS;FALS;FALS;FALS;FALS;;;;CERT;FALS;FALS;FALS;FALS;FALS;FALS;FALS;FALS;FALS;FALS;FALS;FALS;FALS;FALS;FALS;FALS;FALS;FALS;FALS;FALS;FALS;FALS;FALS;FALS;P-PNEC pred;239315;;565;;863;6;388;2029383778;-10135;7,15216E+14;2142543372;676;190;;;9;;1713347;89;59;4;8;>10 to < 100 tonnes;100;1000;0;0;0;0;0;0;0;0;0;0;0;0;0;0;0;0;0;0;1;0;0;0;0;0;0;0;0;1;0;0;0;0;0;0;0;0;0;0;0;0;0;0;0;0;0;0;0;0;0;0;0;1;0;0;0;0;0;0;0;0;0;0;0;0;0;1,22843E+14;1,46741E+14;5,74512E+14;;;6,81888E+14;8,8981E+14;4,94908E+14;FALS;0;0;0;0;2576;low ;264;50700;low ;472;17200;low ;669;2,25509E+14;2,40094E+14;8,23418E+13;3,78504E+14;3,01555E+14;;;P_score_freshwater_pred_Dashboard;5,74512E+14;2,81365E+14;M_score_exp_UBA;6,81888E+14;M_score_pred_Episuite;8,8981E+14;6,88869E+14;kemi_score;59;7,14987E+14;10;6,81888E+14;5;4,40254E+14;10;5,18058E+14;10;6,08609E+14;10;5,67749E+14;75;4,77574E+14;10;0;vPvM;PM;PM;1;Al Oh, Al Oh Notert, Ar Oh, Hoccn, Nh1, Benzene, Phenol;['Alkylphenols', 'Phenols']
sodium (4,6-dimethoxypyrimidin-2-yl)({[3-(2,2,2-trifluoroethoxy)pyridin-2-yl]sulfonyl}carbamoyl)azanide;199119-58-9;688-332-8;UFEIWEXHHOXPGP-UHFFFAOYSA-M;COC1=CC(=NC(=N1)NC(=O)[N-]S(=O)(=O)C2=C(C=CC=N2)OCC(F)(F)F)OC.[Na+];DTXSID8040222;236767360;PRO-394;NS00078217;REACH-A;CERT;vPvM & PMT;HQ;vPvM & PMT;FALS;FALS;;;FALS;FALS;FALS;FALS;FALS;FALS;FALS;FALS;FALS;FALS;FALS;FALS;FALS;FALS;FALS;FALS;FALS;FALS;;;;FALS;FALS;CERT;FALS;FALS;FALS;FALS;FALS;FALS;FALS;CERT;FALS;FALS;FALS;FALS;FALS;FALS;FALS;FALS;FALS;FALS;FALS;FALS;FALS;FALS;P-PNEC;45933;;142;;951;562;138;1889861721;;1,0777E+12;;257;;4080;1150;14;;1013960371;;;9;18;>10 to < 100 tonnes;100;1000;0;0;0;0;0;0;0;0;0;0;0;0;0;0;0;0;0;0;0;0;0;0;0;0;0;1;0;0;0;0;0;0;0;0;0;0;0;0;0;0;0;0;0;0;0;0;0;0;0;0;0;0;0;0;0;0;0;0;0;0;0;0;0;0;0;;;7,31291E+14;8,02011E+14;3,17366E+14;6,02499E+13;;5,19076E+14;FALS;0;0;0;0;1376;low ;178;29200;low ;187;7586;low ;227;4,98495E+14;3,03134E+14;1,054E+13;5,31505E+14;5,62318E+14;P_score_soil_exp_UBA;8,02011E+14;P_score_soil_exp_UBA;8,02011E+14;6,16889E+13;M_score_exp_UBA;6,02499E+13;M_score_exp_UBA;6,02499E+13;5,60788E+14;E_score_max;18;6,95134E+14;10;6,95134E+14;10;5,8817E+14;10;5,62318E+14;5;6,47698E+14;75;6,47698E+14;75;5,79423E+14;75;0;PM;PM;PM;2;Ar N, C O, C O Nocoo, Nh0, Nh1, Alkyl Halide, Amide, Aniline, Ether, Halogen, Methoxy, Pyridine, Sulfonamd, Urea;['Sulfonamides', 'Ethylene Glycols', 'Pyridin', 'Triazines', 'PFAS']
Sodium [2-[(2,6-dichlorophenyl)amino]phenyl]acetate;15307-79-6;239-346-4;KPHWPUGNDIVLNH-UHFFFAOYSA-M;C1=CC=C(C(=C1)CC(=O)O)NC2=C(C=CC=C2Cl)Cl;DTXSID3037208;50183040;PRO-395;NS00077139;REACH-B;FALS;vPvM & PMT;MQ;vPvM & PMT;FALS;FALS;;;FALS;FALS;FALS;FALS;FALS;FALS;FALS;FALS;FALS;FALS;FALS;FALS;FALS;FALS;FALS;FALS;FALS;FALS;;;;CERT;CERT;FALS;FALS;FALS;FALS;FALS;FALS;FALS;FALS;FALS;FALS;FALS;FALS;FALS;FALS;FALS;FALS;FALS;FALS;FALS;FALS;FALS;FALS;FALS;P-PNEC;31813;7;245;;93;;193;3759667845;26071;1,0777E+12;6216125452;355;2260;;;;7;600210728;;;0;0;;;;0;0;0;0;0;0;0;0;0;0;0;0;0;0;0;0;0;0;1;0;0;0;0;0;0;0;0;0;0;0;0;0;0;0;0;0;0;0;0;0;0;0;0;0;0;0;0;0;0;0;0;1;0;0;0;0;0;0;0;0;0;0;0;0;0;9,06119E+14;5,15119E+14;7,31291E+14;;;;3,96323E+14;2,27988E+14;FALS;0;0;0;0;594;low ;688;1633;low ;697;1484;low ;7;5,55198E+14;9,85904E+12;1,45072E+13;1,02345E+14;6,57894E+14;;;P_score_freshwater_pred_UBA;9,06119E+14;7,1751E+14;;;M_score_pred_Episuite;3,96323E+14;3,12155E+14;E_score_min;0;5,99263E+14;10;;;4,73259E+14;10;6,57894E+14;5;6,18201E+14;75;6,57894E+14;25;5,28183E+14;75;0;PM(T);(T);PM(T);;Al Coo, Coo, Coo2, C O, Nh1, Aniline, Benzene, Halogen, Para Hydroxylation;['Alkylphenols', 'Aromatic amines', 'Chlorobenzenes', 'PBB', 'PCB']
Sodium 1-amino-9,10-dihydro-4-[5-[(2-hydroxyethyl)sulphamoyl]-3,4-xylidino]-9,10-dioxoanthracene-2-sulphonate;25797-81-3;247-269-2;MHHGZCMFNNAVCQ-UHFFFAOYSA-M;CC1=CC(=CC(=C1C)S(=O)(=O)NCCO)NC2=CC(=C(C3=C2C(=O)C4=CC=CC=C4C3=O)N)S(=O)(=O)[O-].[Na+];DTXSID00885314;236891150;PRO-396;NS00082774;REACH-A;CERT;vPvM;HQ;vPvM;FALS;FALS;;;FALS;FALS;FALS;FALS;FALS;FALS;FALS;FALS;FALS;FALS;FALS;FALS;FALS;FALS;FALS;CERT;CERT;CERT;Construction and building materials;Dye;Dye;FALS;FALS;FALS;CERT;FALS;CERT;CERT;FALS;FALS;FALS;CERT;CERT;FALS;FALS;CERT;FALS;FALS;FALS;FALS;FALS;FALS;FALS;CERT;FALS;FALS;;56756;;115;;953;;107;2041392685;6639;1,65243E+14;1510709666;447;11030;;;15;;;72;;15;29;>10 to < 100 tonnes;100;1000;0;0;0;0;0;0;0;0;0;0;0;0;0;0;0;0;0;0;0;0;0;0;0;0;0;0;0;0;0;0;0;0;1;0;0;0;0;0;0;0;0;0;0;0;0;0;1;0;0;0;0;0;0;0;0;0;0;0;0;0;0;0;0;0;0;9,93153E+14;8,29002E+14;9,96558E+13;;;5,85786E+14;7,16286E+14;4,92828E+14;FALS;0;0;0;0;3455;low ;0;126100;low ;282;10700;low ;0;;1,6291E+13;7,32064E+14;4,61159E+14;4,59407E+14;;;P_score_freshwater_pred_Dashboard;9,96558E+13;9,39571E+14;M_score_exp_UBA;5,85786E+14;M_score_pred_Episuite;7,16286E+14;5,983E+14;E_score_max;29;8,44879E+14;10;5,85786E+14;5;7,49764E+14;10;5,75129E+14;10;2,20435E+13;10;1,24668E+14;75;2,07656E+12;10;0;vPvM;PM;vPvM;;Al Oh, Al Oh Notert, Arn, C O, C O Nocoo, Nh1, Nh2, Aniline, Aryl Methyl, Benzene, Bicyclic, Ketone, Sulfonamd;['Sulfonamides', 'Alkylphenols', 'Cyclohexanes', 'Benzophenones', 'PAHs']
Sodium 2,2,2-trifluoroethanolate;420-87-1;206-998-6;MSGMXYUAWZYTFC-UHFFFAOYSA-N;C(C(F)(F)F)O;DTXSID4059960;236779710;PRO-397;NS00043250;REACH-B;FALS;vPvM & PMT;MQ;vPvM & PMT;FALS;FALS;;;FALS;FALS;FALS;FALS;FALS;FALS;FALS;FALS;FALS;FALS;FALS;FALS;FALS;FALS;FALS;FALS;FALS;FALS;;;;CERT;FALS;FALS;FALS;FALS;FALS;CERT;FALS;FALS;FALS;FALS;FALS;FALS;FALS;FALS;FALS;FALS;FALS;FALS;FALS;FALS;FALS;FALS;FALS;FALS;P-PNEC pred;122022;;-367;;265;;403;1120573931;7404;2,44692E+13;3209790245;363;520;;;;4;1245629628;;36;0;0;;;;0;0;0;0;0;0;0;0;0;0;0;0;0;0;0;0;0;0;0;0;1;0;0;0;0;0;0;1;0;0;0;0;0;0;0;0;0;0;0;0;0;0;0;0;0;0;0;0;0;0;0;1;0;0;0;0;0;0;0;0;0;0;0;0;0;4,39145E+14;2,55519E+14;9,17055E+14;;;;7,05388E+14;6,47843E+14;FALS;0;0;0;0;20700;low ;0;29900;low ;378;71000;low ;0;1,09546E+14;3,00124E+14;3,50274E+14;2,08107E+14;1,17082E+14;;;P_score_freshwater_pred_Dashboard;9,17055E+14;5,37239E+14;;;M_score_pred_Episuite;7,05388E+14;6,76615E+14;kemi_score;36;8,04288E+14;10;;;6,02913E+14;10;1,17082E+14;5;4,23095E+14;75;1,17082E+14;25;3,4914E+14;75;20;vPvM;;PM;2;Al Oh, Al Oh Notert, Alkyl Halide, Halogen;['Alkylphenols', 'PFAS']
sodium 2-methyl-2-({3-[(3,3,4,4,5,5,6,6,7,7,8,8,8-tridecafluorooctyl)thio]propanoyl}amino)propane-1-sulfonate;62880-93-7;811-522-0;OPDUAVPSWRKEKZ-UHFFFAOYSA-M;CC(C)(CS(=O)(=O)[O-])NC(=O)CCSCCC(C(C(C(C(C(F)(F)F)(F)F)(F)F)(F)F)(F)F)(F)F.[Na+];DTXSID50892331;887173330;PRO-398;NS00110674;REACH-A;FALS;vPvM;HQ;PM;FALS;FALS;;;FALS;FALS;FALS;FALS;FALS;FALS;FALS;FALS;FALS;FALS;FALS;FALS;FALS;FALS;FALS;CERT;FALS;FALS;;Fire extinguishing agent;;FALS;FALS;CERT;FALS;CERT;FALS;FALS;FALS;FALS;FALS;CERT;FALS;CERT;FALS;FALS;CERT;FALS;FALS;FALS;FALS;FALS;FALS;FALS;FALS;FALS;P-PNEC;60939;;384;;917;;327;4829946696;;8,73567E+14;;251;71980;;;;11;491128711;;;12;23;>10 to < 100 tonnes;100;1000;1;0;0;0;0;0;0;1;0;0;0;0;0;0;0;0;0;0;0;0;0;0;0;0;0;0;0;0;0;0;0;0;0;0;0;0;0;0;0;0;0;1;0;0;0;0;0;0;0;0;0;0;0;0;0;0;0;0;0;0;0;0;0;0;0;9,99721E+13;;6,55248E+14;;;;;1,23297E+14;FALS;0;0;0;0;1545;low ;157;4;low ;0;9149;low ;0;5,76593E+14;5,98193E+13;1,00749E+14;4,92017E+14;6,48018E+14;;;P_score_freshwater_pred_UBA;9,99721E+13;8,27484E+14;;;M_score_pred_Dashboard;1,23297E+14;1,23297E+14;E_score_max;23;3,51088E+14;10;;;3,19416E+14;10;6,48018E+14;5;4,30665E+14;75;6,48018E+14;25;4,04359E+14;75;10;PM(T);(T);(T);;C O, C O Nocoo, Nh1, Alkyl Halide, Amide, Halogen, Sulfide, Unbrch Alkane;['PFAS']
Sodium 2-methyl-2-[(1-oxoallyl)amino]propanesulphonate;5165-97-9;225-948-4;FWFUWXVFYKCSQA-UHFFFAOYSA-M;CC(C)(CS(=O)(=O)[O-])NC(=O)C=C.[Na+];DTXSID2027591;236657190;PRO-399;NS00100149;REACH-A;CERT;vPvM;MQ;vPvM;FALS;FALS;;;FALS;FALS;FALS;FALS;FALS;FALS;FALS;FALS;FALS;FALS;FALS;FALS;FALS;FALS;FALS;FALS;FALS;FALS;not reported;"Anti-scaling agent; Intermediate; Intermediates; Monomers; Other (specify); Surface active agents";"Other (specify); Surface active agents";CERT;CERT;FALS;FALS;FALS;FALS;CERT;FALS;FALS;FALS;CERT;FALS;FALS;FALS;FALS;FALS;FALS;FALS;FALS;FALS;FALS;FALS;FALS;FALS;FALS;P-PNEC;22923;;-25;;796;;273;1260071388;-3118;1,0777E+12;2955552137;617;330;;;;-27;2777705968;;;44;54;>10000 to < 100000 tonnes;100000;1000000;0;0;0;0;0;0;0;1;0;0;0;0;0;0;0;0;0;0;1;1;0;0;0;0;1;0;0;1;0;0;1;0;1;0;0;1;0;1;0;0;0;0;0;0;0;0;0;0;0;0;1;1;0;0;0;0;0;0;0;0;0;0;0;0;0;2,64636E+14;2,2962E+14;7,31291E+14;;;;8,32356E+14;6,25481E+14;FALS;0;0;0;0;23400;low ;194;26900;low ;369;138000;low ;434;3,90863E+14;3,13785E+14;3,32715E+14;1,56752E+14;3,96253E+14;;;P_score_freshwater_pred_Dashboard;7,31291E+14;4,08516E+14;;;M_score_pred_Episuite;8,32356E+14;7,28919E+14;E_score_max;54;7,80189E+13;10;;;5,45687E+14;10;3,96253E+14;5;6,22478E+14;75;3,96253E+14;25;4,90479E+14;75;0;vPvM;;PM;;C O, C O Nocoo, Nh1, Amide;['Other']
Sodium 3-(allyloxy)-2-hydroxypropanesulphonate;52556-42-0;258-004-5;CJGJYOBXQLCLRG-UHFFFAOYSA-M;C=CCOCC(CS(=O)(=O)[O-])O.[Na+];DTXSID6028028;236773230;PRO-400;NS00100057;REACH-A;CERT;vPvM;MQ;vPvM;FALS;FALS;;;FALS;FALS;FALS;FALS;FALS;FALS;FALS;FALS;FALS;FALS;FALS;FALS;FALS;FALS;FALS;FALS;FALS;FALS;;"Flocculating agent; Intermediates; Monomers";"Dispersing agent; Other";FALS;CERT;FALS;FALS;FALS;FALS;CERT;FALS;FALS;FALS;CERT;FALS;FALS;FALS;FALS;FALS;FALS;FALS;FALS;FALS;FALS;FALS;FALS;FALS;FALS;P-PNEC;2182;;-235;;784;;154;1198657087;-11589;7,15216E+14;1247845697;49;340;;;;-15;1676929267;9;49;33;44;>100 to < 1000 tonnes;1000;10000;0;0;0;0;0;0;0;0;0;0;0;0;0;0;0;0;0;0;0;0;0;0;0;0;0;0;0;0;0;0;0;0;0;0;0;0;0;0;0;0;0;0;0;0;0;1;0;0;0;0;0;0;0;0;0;0;0;0;0;0;0;0;0;0;0;2,74686E+13;6,38933E+14;5,74512E+14;;;;8,9931E+13;6,35399E+12;FALS;0;0;0;0;17600;low ;197;29900;low ;376;88900;low ;443;2,27143E+14;3,00124E+14;3,74885E+14;1,89113E+14;2,33684E+13;;;P_score_freshwater_pred_Dashboard;5,74512E+14;3,04364E+14;;;M_score_pred_Episuite;8,9931E+13;7,67354E+13;kemi_score;49;7,18794E+14;10;;;4,83275E+13;10;4,58602E+14;10;5,74143E+14;10;4,58602E+14;5;4,70777E+13;10;20;vPvM;;PM;;Al Oh, Al Oh Notert, Ether, Unbrch Alkane;['Alkylphenols', 'Ethylene Glycols']
Sodium 4-[[3-(acetylamino)phenyl]amino]-1-amino-9,10-dihydro-9,10-dioxoanthracene-2-sulphonate;70571-81-2;274-675-7;MIBVDSFVCOIWCC-UHFFFAOYSA-M;CC(=O)NC1=CC=CC(=C1)NC2=CC(=C(C3=C2C(=O)C4=CC=CC=C4C3=O)N)S(=O)(=O)O;DTXSID4036485;236736730;PRO-401;NS00019623;REACH-A;FALS;vPvM;HQ;PM;FALS;FALS;;;FALS;FALS;FALS;FALS;FALS;FALS;FALS;FALS;FALS;FALS;FALS;FALS;FALS;FALS;FALS;CERT;CERT;CERT;;Dye;Dye;FALS;FALS;FALS;CERT;FALS;CERT;FALS;FALS;FALS;FALS;CERT;CERT;FALS;FALS;CERT;FALS;FALS;FALS;FALS;FALS;FALS;FALS;CERT;FALS;FALS;P-PNEC pred;47343;;951;;95;;714;1980003372;15235;2,3449E+14;1141610894;115;7510;;;25;;1547;58;57;15;29;>10 to < 100 tonnes;100;1000;0;0;0;0;0;0;0;0;0;0;0;0;0;0;0;0;0;0;0;0;0;1;0;0;0;0;0;0;0;0;0;0;1;0;0;0;0;0;0;0;0;0;0;0;0;0;1;0;0;0;0;0;0;0;0;0;0;0;0;0;0;0;0;0;0;9,86875E+13;7,50198E+14;9,98105E+14;;;4,14214E+14;5,81829E+14;5,03465E+14;FALS;0;0;0;0;2331;low ;191;2526;low ;492;6834;low ;7;8,59423E+14;8,29873E+13;8,56815E+14;5,54789E+14;8,62713E+14;;;P_score_freshwater_pred_Dashboard;9,98105E+14;9,11726E+14;M_score_exp_UBA;4,14214E+14;M_score_pred_Episuite;5,81829E+14;4,99836E+14;kemi_score;57;7,62054E+14;10;4,14214E+14;5;6,75065E+14;10;7,07371E+14;10;7,34203E+14;10;5,91797E+14;75;6,91029E+14;10;0;vPvM(T);PM(T);PM(T);4;Arn, C O, C O Nocoo, Nh1, Nh2, Amide, Aniline, Benzene, Bicyclic, Ketone;['Cyclohexanes', 'Benzophenones']
Sodium 6-amino-4-hydroxy-5-[[2-(trifluoromethyl)phenyl]azo]naphthalene-2-sulphonate;67786-14-5;267-090-3;GVCNKWIFAPJNDM-UHFFFAOYSA-M;Nc1ccc2cc(cc(O)c2c1N=Nc1ccccc1C(F)(F)F)S(=O)(=O)O;DTXSID2044713;1355651060;PRO-402;NS00020962;REACH-B;FALS;vPvM;HQ;vPvM;FALS;FALS;;;FALS;FALS;FALS;FALS;FALS;FALS;FALS;FALS;FALS;FALS;FALS;FALS;FALS;FALS;FALS;CERT;CERT;CERT;Construction and building materials;;;FALS;CERT;FALS;CERT;FALS;CERT;CERT;FALS;FALS;FALS;CERT;CERT;FALS;FALS;CERT;FALS;FALS;FALS;FALS;FALS;FALS;FALS;CERT;FALS;FALS;P-PNEC pred;43334;;189;;929;;478;2710117365;16944;3,48133E+13;2663619198;724;7840;;;;-20;62388;55;52;4;14;>1 to < 10 tonnes;10;100;0;0;0;0;0;0;0;0;0;0;0;0;0;0;0;0;0;1;0;0;0;1;0;0;1;0;0;0;0;0;1;0;1;0;0;0;0;0;0;0;0;0;0;0;0;0;1;1;1;1;0;0;0;0;1;0;0;0;0;0;0;0;0;0;0;9,87794E+13;9,27442E+14;2,8281E+14;;;;5,52759E+14;3,79372E+14;FALS;0;0;0;0;469;low ;193;313;low ;509;6648;low ;0;5,51046E+14;1,83091E+14;1,58268E+14;5,61102E+14;5,74226E+14;;;P_score_freshwater_pred_UBA;9,87794E+13;7,32682E+14;;;M_score_pred_Episuite;5,52759E+14;4,66066E+14;kemi_score;52;7,38927E+13;10;;;5,84361E+14;10;5,61983E+14;10;6,4441E+14;10;5,61983E+14;5;5,73063E+14;10;0;vPvM;;PM;;Arn, Ar Oh, Nh0, Nh2, Alkyl Halide, Aniline, Azo, Benzene, Bicyclic, Halogen, Phenol, Phenol Noorthohbond;['Alkylphenols', 'Aromatic amines', 'Chlorobenzenes', 'Cyclohexanes', 'Phenols', 'HBCDDs', 'PBB', 'PCB', 'PFAS']
Sodium bis[4-[(4,5-dihydro-3-methyl-5-oxo-1-phenyl-1H-pyrazol-4-yl)azo]-3-hydroxy-N,N-dimethylbenzene-1-sulphonamidato(2-)]chromate(1-);75214-69-6;278-137-2;;CC1=C(C(=O)N(N1)C2=CC=CC=C2)N=NC3=C(C=C(C=C3)S(=O)(=O)N(C)C)O;DTXSID40904932;1361606930;PRO-403;;REACH-B;FALS;vPvM;HQ;vPvM;FALS;FALS;;;FALS;FALS;FALS;FALS;FALS;FALS;FALS;FALS;FALS;FALS;FALS;FALS;FALS;FALS;FALS;CERT;FALS;CERT;;;;FALS;FALS;FALS;CERT;FALS;CERT;FALS;FALS;FALS;FALS;CERT;CERT;FALS;FALS;CERT;FALS;FALS;FALS;FALS;FALS;FALS;FALS;CERT;FALS;FALS;;87384;;727;;60;;0,00534;492992956;;5,8557E+14;;794;33510;;;;-13;;;;4;14;>1 to < 10 tonnes;10;100;0;0;0;0;0;0;0;0;0;0;0;0;0;0;0;0;0;0;0;0;0;0;0;0;0;0;0;0;0;0;0;0;1;0;0;0;0;0;0;0;0;0;0;0;0;0;1;0;0;0;0;0;0;0;0;0;0;0;0;0;0;0;0;0;0;9,9897E+14;;4,89597E+14;;;;;1,15999E+12;FALS;0;0;0;0;2139;low ;194;22100;low ;212;10900;low ;53;;3,40793E+14;8,86516E+14;4,57634E+14;4,79642E+14;;;P_score_freshwater_pred_UBA;9,9897E+14;7,44283E+14;;;M_score_pred_Dashboard;1,15999E+12;1,15999E+12;E_score_max;14;3,40411E+14;10;;;2,93831E+14;10;4,79642E+14;5;1,77137E+14;75;4,79642E+14;25;1,60585E+14;75;10;PM;;;;Ar N, Ar Nh, Ar Oh, Nh0, Nh1, Nhpyrrole, Aryl Methyl, Azo, Benzene, Para Hydroxylation, Phenol, Phenol Noorthohbond, Sulfonamd;['Sulfonamides', 'Alkylphenols', 'Phenols', 'PAHs']
Sodium N-chlorobenzenesulphonamide;127-52-6;204-847-9;KDNCILYKSYKEFJ-UHFFFAOYSA-N;C1=CC=C(C=C1)S(=O)(=O)[N-]Cl.[Na+];DTXSID6041763;43473430;PRO-404;NS00041570;REACH-A;CERT;vPvM & PMT;MQ;vPvM & PMT;FALS;FALS;;;FALS;FALS;FALS;FALS;FALS;FALS;FALS;FALS;FALS;FALS;FALS;FALS;FALS;FALS;FALS;CERT;CERT;FALS;;;;CERT;CERT;FALS;FALS;CERT;FALS;FALS;FALS;FALS;CERT;CERT;FALS;CERT;CERT;FALS;CERT;CERT;FALS;FALS;FALS;FALS;FALS;FALS;FALS;FALS;P-PNEC pred;21361;;777;;741;;352;1840106094;1247;2,19696E+14;2292154793;229;530;;;;1;4529059128;63;5;25;38;>100 to < 1000 tonnes;1000;10000;0;0;0;0;0;0;1;0;0;0;0;0;0;0;0;0;0;0;0;0;0;0;0;0;0;0;0;0;0;0;0;0;1;1;0;1;0;0;0;0;0;0;0;0;0;0;0;0;0;0;0;0;0;0;0;0;0;0;0;0;0;0;0;0;0;4,4718E+14;1,61785E+14;9,99999E+14;;;;6,27601E+14;5,27679E+14;FALS;0;0;0;0;6639;low ;263;16600;low ;0;70800;low ;352;1,60299E+14;3,8416E+14;5,61414E+14;2,08357E+14;1,85305E+14;;;P_score_freshwater_pred_Dashboard;9,99999E+14;5,36322E+14;;;M_score_pred_Episuite;6,27601E+14;5,7764E+14;kemi_score;5;7,92213E+14;10;;;5,56598E+14;10;3,41676E+14;10;5,20269E+14;10;3,41676E+14;5;4,36092E+14;10;0;vPvM;;PM;3;Nh0, Benzene, Halogen, Sulfonamd;['Sulfonamides', 'Chlorobenzenes', 'PBB']
sodium trifluoromethanesulfinate;2926-29-6;678-523-4;KAVUKAXLXGRUCD-UHFFFAOYSA-M;C(F)(F)(F)S(=O)O;DTXSID50635644;236907340;PRO-405;;REACH-B;FALS;vPvM;MQ;vPvM;FALS;FALS;;;FALS;FALS;FALS;FALS;FALS;FALS;FALS;FALS;FALS;FALS;FALS;FALS;FALS;FALS;FALS;FALS;FALS;FALS;;;;FALS;FALS;FALS;FALS;FALS;FALS;FALS;FALS;FALS;FALS;FALS;FALS;FALS;FALS;FALS;FALS;FALS;FALS;FALS;FALS;FALS;FALS;FALS;FALS;FALS;;15605;;-404;;431;;215;1380211242;;9,65441E+14;;537;870;;;;-79;;;;0;0;;;;0;0;0;0;0;0;0;0;0;0;0;0;0;0;0;0;0;0;0;0;0;0;0;0;0;0;0;0;0;0;0;0;0;0;0;0;0;0;0;0;0;0;0;0;0;0;0;0;0;0;0;1;0;0;0;0;0;0;0;0;0;0;0;0;0;6,53666E+14;;6,92778E+14;;;;;6,05779E+14;FALS;0;0;0;0;26200;low ;191;14500;low ;218;1,615E+14;low ;0;;4,06457E+14;3,17284E+14;1,46555E+14;1,48672E+14;;;P_score_freshwater_pred_Dashboard;6,92778E+14;6,73222E+14;;;M_score_pred_Dashboard;6,05779E+14;6,05779E+14;E_score_min;0;6,4782E+14;10;;;6,38611E+14;10;1,48672E+14;5;1,84097E+14;75;1,48672E+14;25;1,82348E+13;75;20;PM;;PM;2;Alkyl Halide, Halogen;['PFAS']
STI571 F8;;465-100-2;;CC(C)(C)CC(C)(C)c1cc(n2nc3ccccc3n2)c(O)c(c1)C(C)(C)c1ccccc1;;;PRO-406;;REACH-B;FALS;vPvM;HQ;vPvM;FALS;FALS;;;FALS;FALS;FALS;FALS;FALS;FALS;FALS;FALS;FALS;FALS;FALS;FALS;FALS;FALS;FALS;FALS;FALS;FALS;;;;FALS;FALS;FALS;FALS;FALS;FALS;FALS;FALS;FALS;FALS;FALS;FALS;FALS;FALS;FALS;FALS;FALS;FALS;FALS;FALS;FALS;FALS;FALS;FALS;FALS;;;;;;;;;;;;;;10350;;;;-34;;;;;;;;;0;0;0;0;0;0;0;0;0;0;0;0;0;0;0;0;0;0;0;0;0;0;0;0;0;0;0;0;0;0;0;0;0;0;0;0;0;0;0;0;0;0;0;0;0;0;0;0;0;0;0;0;0;0;0;0;0;0;0;0;0;0;0;0;0;9,92373E+14;;;;;;;;CERT;0;0;0;0;1510;low ;0;1839;low ;203;1542;low ;244;;9,40991E+14;1,01654E+14;1,00826E+14;4,32336E+14;;;P_score_freshwater_pred_UBA;9,92373E+14;9,92373E+14;;;;;;;;9,92373E+14;5;;;9,92373E+14;5;4,32336E+14;5;2,07132E+14;5;4,32336E+14;25;2,07132E+14;5;;vPvM;;vPvM;3;Ar N, Ar Oh, Nh0, Benzene, Bicyclic, Phenol, Phenol Noorthohbond;['Alkylphenols', 'Aromatic amines', 'Cyclohexanes', 'Phenols']
Sulfadiazine;68-35-9;200-685-8;SEEPANYCNGTZFQ-UHFFFAOYSA-N;C1=CN=C(N=C1)NS(=O)(=O)C2=CC=C(C=C2)N;DTXSID7044130;52150;PRO-407;NS00000198;REACH-B;FALS;vPvM & PMT;MQ;vPvM & PMT;FALS;FALS;;;FALS;FALS;FALS;FALS;FALS;FALS;FALS;FALS;FALS;FALS;FALS;FALS;FALS;FALS;FALS;FALS;FALS;FALS;;;;CERT;FALS;FALS;FALS;FALS;FALS;FALS;FALS;FALS;FALS;FALS;FALS;FALS;FALS;FALS;FALS;FALS;FALS;FALS;FALS;FALS;FALS;FALS;FALS;FALS;EQS water (=AA-EQS);25028;-9;-154;;913;34;299;206069784;1392;2,9666E+14;4009234041;295;1850;;;3;;46;6;69;0;0;;;;1;0;0;0;0;0;0;0;0;0;0;0;0;0;0;0;0;0;1;0;0;0;0;0;0;0;0;0;0;0;0;0;0;0;0;0;0;0;0;0;0;0;0;0;0;0;0;0;0;0;0;1;0;0;0;0;0;0;0;0;0;0;0;0;0;8,72687E+14;3,3421E+14;2,30749E+14;;;7,64651E+11;6,03826E+14;4,89483E+14;FALS;0;0;0;0;2096;low ;201;6,606E+14;low ;262;13900;low ;478;3,4012E+14;5,62562E+14;8,93668E+13;4,13674E+14;3,54241E+14;;;P_score_freshwater_pred_UBA;8,72687E+14;4,79215E+14;M_score_exp_UBA;7,64651E+11;M_score_exp_UBA;7,64651E+11;6,1932E+14;kemi_score;69;8,16885E+14;10;7,64651E+11;5;5,44782E+14;10;4,61025E+14;10;6,13681E+14;10;5,45721E+14;75;5,01157E+14;10;0;vPvM;vPvM;PM;;Arn, Ar N, Nh0, Nh1, Nh2, Aniline, Benzene, Sulfonamd;['Sulfonamides', 'Triazines']
Sulfadimidine;57-68-1;200-346-4;ASWVTGNCAZCNNR-UHFFFAOYSA-N;Cc1cc(C)nc(NS(=O)(=O)c2ccc(N)cc2)n1;DTXSID6021290;53270;PRO-408;NS00000199;REACH-B;FALS;vPvM;MQ;vPvM;FALS;FALS;;;FALS;FALS;FALS;FALS;FALS;FALS;FALS;FALS;FALS;FALS;FALS;FALS;FALS;FALS;FALS;FALS;FALS;FALS;;;;CERT;FALS;FALS;FALS;FALS;FALS;FALS;FALS;FALS;FALS;FALS;FALS;FALS;FALS;FALS;FALS;FALS;FALS;FALS;FALS;FALS;FALS;FALS;FALS;FALS;P-PNEC pred;27833;19;549;;926;468;119;2161368002;15469;2,9666E+14;6059279641;162;2110;;;7;;111528;58;42;0;0;;;;0;0;0;0;0;0;0;0;0;0;0;0;0;0;0;0;0;0;0;0;0;0;0;0;0;0;0;0;0;0;0;0;0;0;0;0;0;0;0;0;0;0;0;0;0;0;0;0;0;0;0;1;0;0;0;0;0;0;0;0;0;0;0;0;0;8,95644E+14;5,04202E+14;2,30749E+14;;;7,11174E+14;5,77877E+14;4,72066E+14;FALS;0;0;0;0;3321;low ;203;36400;low ;259;16700;low ;397;4,88156E+14;2,76228E+14;7,43805E+13;3,83198E+14;4,95785E+14;;;P_score_freshwater_pred_UBA;8,95644E+14;5,43532E+13;M_score_exp_UBA;7,11174E+14;M_score_exp_UBA;7,11174E+14;5,87039E+14;kemi_score;42;7,98097E+14;10;7,11174E+14;5;5,64867E+14;10;5,36242E+14;10;6,54196E+14;10;5,89159E+14;75;5,50368E+14;10;0;vPvM;vPvM;PM;3;Arn, Ar N, Nh0, Nh1, Nh2, Aniline, Aryl Methyl, Benzene, Sulfonamd;['Sulfonamides', 'PAHs', 'Triazines']
Sulisobenzone;4065-45-6;223-772-2;CXVGEDCSTKKODG-UHFFFAOYSA-N;COc1cc(O)c(C(=O)c2ccccc2)cc1S(=O)(=O)O;DTXSID2042436;199880;PRO-409;NS00009581;REACH-A;CERT;PMT;HQ;PMT;FALS;FALS;;;FALS;FALS;FALS;FALS;FALS;FALS;FALS;FALS;FALS;FALS;FALS;FALS;FALS;FALS;FALS;CERT;CERT;CERT;"Personal care; Personal care -> body care set; Personal care -> body hygiene -> bar soap; Personal care -> body hygiene -> body wash; Personal care -> body hygiene -> hand sanitizer; Personal care -> body hygiene -> hand soap; Personal care -> child specific; Personal care -> eye care and contacts -> eye cream; Personal care -> fragrance; Personal care -> general moisturizing; Personal care -> general moisturizing -> hand/body lotion; Personal care -> hair styling and care; Personal care -> hair styling and care -> hair conditioner; Personal care -> hair styling and care -> hair conditioner - leave-in; Personal care -> hair styling and care -> hair relaxer; Personal care -> hair styling and care -> hair spray; Personal care -> hair styling and care -> hair styling; Personal care -> hair styling and care -> scalp treatment; Personal care -> hair styling and care -> shampoo; Personal care -> hair styling and care -> shampoo - dandruff; Personal care -> shaving and hair removal -> shaving cream; Personal care -> specialized bath products -> bath salts; Personal care -> specialized bath products -> bubble bath; UV stabilizer; fragrance; fragrance component; personal care; sunscreen agent; ultraviolet light absorber; uv absorber; uv filter; uv inhibitor";"Antioxidant; UV stabilizer";Other (specify);CERT;CERT;FALS;CERT;CERT;CERT;CERT;FALS;FALS;CERT;CERT;CERT;CERT;CERT;CERT;CERT;FALS;FALS;FALS;FALS;FALS;CERT;CERT;CERT;FALS;P-PNEC pred;3083;;114;;922;811;441;2260071388;15481;2,9666E+14;3010837764;427;25000;;;20;;351772;58;71;26;39;>100 to < 1000 tonnes;1000;10000;1;0;0;1;0;0;0;1;0;0;0;0;0;0;0;0;0;0;0;0;1;1;0;0;1;0;0;1;0;1;0;0;1;1;0;0;0;1;0;0;0;0;1;0;0;0;1;0;1;0;0;0;1;0;0;0;0;0;0;0;0;0;1;0;0;9,98301E+13;2,35272E+14;2,30749E+14;;;5;5,77674E+14;4,55055E+14;FALS;0;0;0;0;2970;low ;27;26600;low ;574;14600;moderate ;85;3,66732E+14;3,15268E+14;7,77903E+14;4,05294E+14;3,77008E+13;;;P_score_freshwater_pred_UBA;9,98301E+13;4,88107E+14;M_score_exp_UBA;5;M_score_pred_Episuite;5,77674E+14;5,1091E+14;kemi_score;71;7,59403E+14;10;5;5;4,99378E+12;10;4,67616E+14;10;5,9591E+14;10;4,7817E+13;75;4,83236E+14;10;0;vPvM;PM;PM;;Ar Oh, C O, C O Nocoo, Benzene, Ether, Ketone, Methoxy, Phenol, Phenol Noorthohbond;['Alkylphenols', 'Ethylene Glycols', 'Benzophenones', 'Phenols', 'PBDE', 'PhenylEthers']
tert-butyl acetate;540-88-5;208-760-7;WMOVHXAZOJBABW-UHFFFAOYSA-N;CC(=O)OC(C)(C)C;DTXSID1022055;109080;PRO-410;NS00005482;REACH-A;CERT;vPvM;HQ;vPvM;FALS;FALS;;;FALS;FALS;FALS;FALS;FALS;FALS;FALS;FALS;FALS;FALS;FALS;FALS;FALS;FALS;FALS;FALS;FALS;FALS;"Home maintenance -> paint/stain and related products; solubilizer; solvent; solvent; surfactant";"Adhesives and sealant chemicals; Not Known or Reasonably Ascertainable; Other; Other (specify); Paint additives and coating additives not described by other categories; Solvent; Solvents (which become part of product formulation or mixture)";"Adhesives and sealant chemicals; Not Known or Reasonably Ascertainable; Other (specify); Paint additives and coating additives not described by other categories; Solvent; Solvents (for cleaning or degreasing); Solvents (which become part of product formulation or mixture)";CERT;CERT;FALS;FALS;FALS;FALS;CERT;FALS;FALS;FALS;CERT;FALS;FALS;FALS;FALS;FALS;FALS;FALS;FALS;FALS;FALS;FALS;FALS;FALS;FALS;P-PNEC pred;11616;176;167;;309;721;82;142975228;1833;9,65441E+14;1988293684;309;6480;;;8;;2250278;53;85;22;33;>100 to < 1000 tonnes;1000;10000;0;0;0;0;0;0;0;0;0;0;0;0;0;0;0;0;0;0;1;0;0;0;1;0;0;0;0;0;0;0;0;0;0;0;0;0;0;0;0;0;0;0;0;0;0;0;0;0;0;0;1;1;0;0;0;0;0;0;0;0;0;0;0;0;0;9,83174E+14;1,31458E+14;6,92778E+14;;;6,9673E+14;5,28907E+14;5,9755E+14;FALS;0;0;0;0;351600;low ;7;131900;moderate ;85;185500;moderate ;85;2,05505E+13;1,5981E+14;1,04977E+14;1,38115E+14;2,10751E+14;;;P_score_freshwater_pred_UBA;9,83174E+14;6,0247E+14;M_score_exp_UBA;6,9673E+14;M_score_exp_UBA;6,9673E+14;6,07729E+14;kemi_score;85;8,27652E+14;10;6,9673E+14;5;6,05094E+14;10;3,34213E+14;10;5,25939E+14;10;4,26943E+14;75;4,497E+14;10;0;vPvM;PM;PM;;C O, C O Nocoo, Ester, Ether;['Ethylene Glycols']
tert-butyl hydroperoxide;75-91-2;200-915-7;CIHOLLKRGTVIJN-UHFFFAOYSA-N;CC(C)(C)OO;DTXSID9024693;64100;PRO-411;NS00004543;REACH-A;FALS;vPvM & PMT;MQ;vPvM & PMT;FALS;FALS;;;FALS;FALS;FALS;FALS;FALS;FALS;FALS;FALS;FALS;FALS;FALS;FALS;FALS;FALS;FALS;FALS;FALS;FALS;"catalyst; catalyst, ethylene vinyl acetate polymer (eva)";"Chemical reaction regulator; Fuel agents; Hardener; Intermediate; Intermediates; Plasticizer; Plating agent; Solvent";"Catalyst; Fuel agents; Oxidizing agent; UV stabilizer";CERT;CERT;FALS;FALS;FALS;FALS;CERT;FALS;FALS;FALS;CERT;FALS;FALS;FALS;FALS;FALS;FALS;FALS;FALS;FALS;FALS;FALS;FALS;FALS;FALS;P-PNEC pred;90122;;123;;405;;206;1161368002;8154;1,97831E+13;2336398093;398;310;;;3;;14121765;69;85;54;65;>100000 to < 1000000 tonnes;1000000;10000000;1;0;0;0;0;0;0;0;0;0;0;0;0;0;0;0;0;0;0;0;0;0;0;0;0;0;0;0;0;0;1;0;0;0;0;0;0;0;0;0;0;0;0;0;0;0;0;0;0;0;1;0;1;0;0;0;0;0;0;0;0;0;0;0;0;2,44366E+14;1,66266E+14;9,97467E+12;;;7,64651E+11;6,9447E+14;6,41365E+14;CERT;0;5;0;0;1,631E+14;low ;316;24800;low ;432;2755;;10;1,04342E+14;3,24693E+14;1,45938E+13;8,01639E+14;1,27649E+14;;;P_score_freshwater_pred_Dashboard;9,97467E+12;4,69367E+14;M_score_exp_UBA;7,64651E+11;M_score_exp_UBA;7,64651E+11;7,00162E+14;kemi_score;85;8,73335E+14;10;7,64651E+11;5;5,73265E+14;10;2,96779E+13;10;5,09104E+14;10;4,06858E+14;75;4,12472E+14;10;20;vPvM;vPvM;PM;2;Unknown;['Other']
tert-butyl methyl ether;1634-04-4;216-653-1;BZLVMXJERCGZMT-UHFFFAOYSA-N;CC(C)(C)OC;DTXSID3020833;154130;PRO-412;NS00008307;REACH-C;CERT;vPvM & PMT;MQ;vPvM & PMT;FALS;FALS;;;FALS;FALS;FALS;FALS;FALS;FALS;FALS;FALS;FALS;FALS;FALS;FALS;FALS;FALS;FALS;CERT;CERT;CERT;"Laboratory supplies; Landscape/yard -> herbicide; Vehicle -> engine maintenance -> auto fluids and additives; Vehicle -> engine maintenance -> motor oil; flavouring; solvent; solvent";"Fuel agents; Fuels and fuel additives; Intermediate; Intermediates; Laboratory chemicals; Not Known or Reasonably Ascertainable; Solvent; Solvents (which become part of product formulation or mixture)";"Fuel agents; Fuels and fuel additives; Intermediates; Not Known or Reasonably Ascertainable; Other (specify); Solvent; Solvents (which become part of product formulation or mixture)";CERT;CERT;FALS;CERT;CERT;CERT;CERT;FALS;FALS;CERT;CERT;CERT;CERT;CERT;FALS;CERT;CERT;FALS;CERT;CERT;CERT;FALS;FALS;FALS;FALS;EQS water (=AA-EQS);8815;94;121;258;268;577;35;1269512944;13544;1,97831E+13;2356079564;151;;;;;10;100;61;77;78;9;>1000000 to < 10000000 tonnes;10000000;100000000;1;0;0;1;1;0;0;1;0;0;0;0;1;0;0;0;0;0;1;1;1;0;1;0;0;0;1;1;0;0;0;0;0;1;0;0;1;0;0;0;0;0;0;0;0;0;0;0;0;0;1;1;1;1;0;0;0;0;0;0;0;0;1;0;1;;1,68264E+14;9,97467E+12;;;;6,10044E+14;6,23947E+14;CERT;0;0;0;0;196400;low ;7;20500;;10;141800;moderate ;85;2,68941E+14;3,51702E+14;1,34778E+14;1,54942E+14;2,76905E+14;;;P_score_freshwater_pred_Dashboard;9,97467E+12;5,82865E+14;;;M_score_pred_Dashboard;6,23947E+14;6,16995E+13;E_score_max;9;7,88902E+14;10;;;5,99688E+14;10;4,10989E+14;10;5,69412E+14;10;4,10989E+14;5;4,96452E+14;10;0;vPvM;;PM;3;Ether, Methoxy;['Ethylene Glycols']
Tetrachloroethylene;127-18-4;204-825-9;CYTYCFOTNPOANT-UHFFFAOYSA-N;ClC(=C(Cl)Cl)Cl;DTXSID2021319;313730;PRO-413;NS00004674;REACH-C;CERT;vPvM & PMT;HQ;PMT;FALS;FALS;;;FALS;FALS;FALS;FALS;FALS;FALS;FALS;FALS;FALS;FALS;FALS;FALS;FALS;CERT;CERT;CERT;FALS;FALS;"Arts and crafts/office supplies -> home office -> pens and markers; Cleaning products and household care -> general household cleaning; Cleaning products and household care -> general household cleaning -> glass cleaner; Electronics/small appliances -> computers and accessories/supplies; Home maintenance -> caulk/sealant; Home maintenance -> degreaser; Home maintenance -> paint/stain and related products; Manufactured formulations; Personal care -> facial cleansing and moisturizing -> face mask; Personal care -> hair styling and care -> shampoo; Pesticides -> insecticide; Vehicle -> engine maintenance -> auto fluids and additives; Vehicle -> engine maintenance -> auto lubricant; Vehicle -> engine maintenance -> motor oil; solubilizer; solvent; solvent; solvents; surfactant";"Adhesives and sealant chemicals; Cleaning agent; Intermediate; Intermediates; Laboratory chemicals; Not Known or Reasonably Ascertainable; Processing aids not otherwise specified; Processing aids, specific to petroleum production; Refrigerants; Solvent; Solvents (for cleaning or degreasing); Solvents (which become part of product formulation or mixture)";"Adhesives and sealant chemicals; Cleaning agent; Not Known or Reasonably Ascertainable; Solvent; Solvents (for cleaning or degreasing); Solvents (which become part of product formulation or mixture)";CERT;CERT;FALS;CERT;FALS;CERT;CERT;FALS;FALS;FALS;CERT;FALS;CERT;CERT;FALS;CERT;FALS;FALS;CERT;FALS;FALS;FALS;FALS;FALS;FALS;EQS chronic water (=AA-EQS);16582;34;316;348;351;178;157;2399673721;29505;1,19331E+14;8269327799;525;25000;;;21;;100;34;84;58;69;>100000 to < 1000000 tonnes;1000000;10000000;0;0;0;0;0;0;0;0;0;0;0;0;0;0;0;0;0;0;0;1;1;0;0;0;0;0;0;0;0;0;0;0;0;0;0;0;0;0;0;0;0;0;0;0;0;0;0;0;0;0;0;1;0;0;0;0;0;0;0;0;0;1;1;0;1;9,98301E+13;6,33764E+14;1E+15;;;4,82678E+14;3,41001E+14;4,31181E+13;CERT;5;0;0;0;11500;;10;5278;;7;85200;;10;2,68941E+14;6,16604E+13;4,47579E+14;1,92569E+14;2,81484E+14;;;P_score_freshwater_pred_Dashboard;1E+15;8,77355E+14;M_score_exp_UBA;4,82678E+14;M_score_exp_UBA;4,82678E+14;4,18287E+14;kemi_score;84;6,9475E+14;10;4,82678E+14;5;6,05794E+14;10;3,09362E+14;10;4,63605E+13;10;3,58809E+14;75;4,32908E+14;10;0;PM;PM;PM;1;Halogen;['Other']
Tetrachlorophthalic anhydride;117-08-8;204-171-4;AUHHYELHRWCWEZ-UHFFFAOYSA-N;Clc1c(Cl)c(Cl)c2C(=O)OC(=O)c2c1Cl;DTXSID7026102;83260;PRO-414;NS00009457;REACH-A;CERT;PMT;MQ;Potential PMT/vPvM;FALS;FALS;;;FALS;FALS;FALS;FALS;FALS;FALS;FALS;FALS;FALS;FALS;FALS;FALS;FALS;FALS;FALS;FALS;FALS;CERT;Home maintenance -> adhesives and adhesive removers -> multipurpose adhesive;Flame retardants;;CERT;CERT;FALS;FALS;FALS;CERT;CERT;FALS;FALS;FALS;CERT;CERT;FALS;FALS;FALS;FALS;FALS;FALS;FALS;FALS;FALS;FALS;CERT;FALS;FALS;P-PNEC pred;28589;;367;;864;;0,00213;3100370545;3183;2,14863E+14;180101303;1820;2930;;;;31;387;31;54;18;28;>100 to < 1000 tonnes;1000;10000;1;0;0;0;0;0;0;0;0;0;0;0;0;0;0;0;0;0;0;0;0;0;0;0;0;0;0;0;1;0;1;0;0;0;0;0;0;0;0;0;0;1;0;0;0;0;0;0;0;0;0;1;0;0;0;0;0;1;1;0;0;0;0;0;0;9,37672E+14;8,67502E+14;8,98507E+14;;;;3,05765E+14;3,18056E+14;CERT;0;0;0;0;187;low ;649;1147;low ;7;1821;low ;7;9,1776E+14;1,1309E+14;2,18942E+13;9,44639E+14;9,215E+14;;;P_score_freshwater_pred_UBA;9,37672E+14;9,01227E+14;;;M_score_pred_Dashboard;3,18056E+14;3,11911E+13;kemi_score;54;5,46107E+14;10;;;5,30191E+14;10;5,34476E+14;10;5,4026E+14;10;5,34476E+14;5;5,32329E+14;10;10;PM;;PM;1;C O, C O Nocoo, Benzene, Bicyclic, Ester, Ether, Halogen, Lactone;['Chlorobenzenes', 'Cyclohexanes', 'Ethylene Glycols', 'HBCDDs', 'PBB', 'PBDE', 'PCB', 'PhenylEthers', 'Phtalates']
Tetraethylammonium heptadecafluorooctanesulphonate;56773-42-3;260-375-3;JHDXAQHGAJXNBY-UHFFFAOYSA-M;C(C(C(C(C(F)(F)S(=O)(=O)O)(F)F)(F)F)(F)F)(C(C(C(F)(F)F)(F)F)(F)F)(F)F;DTXSID5069128;925310;PRO-415;NS00007176;REACH-B;FALS;vPvM & PMT;HQ;PMT;FALS;FALS;;;FALS;FALS;FALS;FALS;FALS;FALS;FALS;FALS;FALS;FALS;FALS;FALS;FALS;FALS;FALS;FALS;FALS;FALS;;;;CERT;FALS;FALS;FALS;FALS;CERT;FALS;FALS;FALS;FALS;FALS;FALS;FALS;FALS;FALS;FALS;FALS;FALS;FALS;FALS;FALS;FALS;FALS;FALS;FALS;P-PNEC;62937;;-404;;431;;215;1380211242;50704;9,65441E+14;7782219054;537;;;;26;;203556463;11;54;0;0;;;;0;0;0;0;0;0;0;0;0;0;0;0;0;0;0;0;0;0;0;0;0;0;0;0;0;0;0;0;0;0;0;0;0;0;0;0;0;0;0;0;0;0;0;0;0;0;0;0;0;0;0;0;0;0;0;0;0;1;0;0;0;0;0;0;0;;9,99756E+14;6,92778E+14;;;3,97501E+14;1,06382E+14;6,05779E+14;FALS;0;0;0;0;222;low ;173;11;low ;0;4120;low ;0;9,04062E+14;4,89653E+14;2,06467E+14;6,81858E+14;1,94448E+14;;;P_score_freshwater_pred_RIVM;9,99756E+14;8,46267E+14;M_score_exp_UBA;3,97501E+14;M_score_pred_Dashboard;6,05779E+14;3,69888E+14;kemi_score;54;7,78223E+14;10;3,97501E+14;5;5,59485E+14;10;1,46251E+14;10;3,37366E+14;10;2,04101E+14;75;2,86051E+14;10;20;vPvM;PM;PM;1;Alkyl Halide, Halogen;['PFAS']
tetraethylazanium nonafluorobutane-1-sulfonate;25628-08-4;700-536-1;QTRJKFBGNXKFFF-UHFFFAOYSA-M;C(F)(F)(C(F)(F)C(F)(F)C(F)(F)F)S(=O)(=O)OC(C)[N+](CC)(CC)CC;DTXSID30880236;1384027970;PRO-416;;REACH-C;FALS;vPvM & PMT;HQ;PMT;FALS;FALS;;;FALS;FALS;FALS;FALS;FALS;FALS;FALS;FALS;FALS;FALS;FALS;FALS;FALS;FALS;FALS;FALS;FALS;FALS;;;;CERT;FALS;CERT;FALS;FALS;CERT;FALS;FALS;FALS;FALS;FALS;FALS;FALS;FALS;FALS;FALS;FALS;FALS;FALS;FALS;FALS;FALS;FALS;FALS;FALS;P-PNEC;42833;;245;;499;;6;292992956;;4,12644E+14;;195;;;;;3;1391876382;;27;0;0;;;;0;0;0;0;0;0;0;0;0;0;0;0;0;0;0;0;0;0;0;0;0;0;0;0;0;0;0;0;0;0;0;0;0;0;0;0;0;0;0;0;0;0;0;0;0;0;0;0;0;0;0;0;0;0;0;0;0;1;0;0;0;0;0;0;0;;;3,45259E+14;;;;;3,44212E+13;FALS;0;0;0;0;2842;low ;202;52100;low ;21;33800;low ;0;1,04931E+14;2,37337E+14;7,91739E+11;2,85006E+14;1,15438E+14;;;P_score_freshwater_pred_Dashboard;3,45259E+14;3,45259E+14;;;M_score_pred_Dashboard;3,44212E+13;3,44212E+13;kemi_score;27;3,44735E+14;10;;;3,44735E+14;10;1,15438E+14;5;2,3939E+14;75;1,15438E+14;25;2,3939E+14;75;0;PM;;PM;1;Nh0, Alkyl Halide, Halogen, Quatn;['Organotins', 'PFAS']
Tetrafluoroethylene;116-14-3;204-126-9;BFKJFAAPBSQJPD-UHFFFAOYSA-N;C(=C(F)F)(F)F;DTXSID6021325;83010;PRO-417;NS00011104;REACH-A;CERT;vPvM & PMT;MQ;vPvM & PMT;FALS;FALS;;;FALS;FALS;FALS;FALS;FALS;FALS;FALS;FALS;FALS;FALS;FALS;FALS;FALS;FALS;FALS;CERT;CERT;CERT;"Batteries; Cleaning products and household care -> air freshener; Cleaning products and household care -> carpet and floor -> carpet cleaner; Home maintenance -> insulation; Manufactured formulations; Sports equipment -> bicycling; Vehicle -> engine maintenance -> auto fluids and additives";Intermediates;;CERT;CERT;FALS;CERT;CERT;FALS;CERT;FALS;FALS;FALS;CERT;CERT;CERT;FALS;CERT;FALS;FALS;FALS;FALS;FALS;FALS;FALS;CERT;FALS;FALS;P-PNEC pred;100016;;153;;101;159;323;1720159303;10498;2,20265E+14;161214018;110;220;;;7;;1652511;66;61;52;65;>10000 to < 100000 tonnes;100000;1000000;1;0;0;0;0;0;0;0;0;0;0;0;0;0;1;0;0;1;1;0;1;0;0;0;1;0;0;0;0;0;1;0;0;1;0;0;0;0;0;0;0;0;0;0;0;0;1;0;0;1;1;0;1;0;1;0;0;0;0;0;0;0;0;0;0;1,52496E+14;9,56402E+14;9,99959E+14;;;7,11174E+14;6,58952E+14;5,48341E+14;CERT;75;0;0;0;11100;low ;0;17700;low ;363;91100;low ;0;2,28263E+13;3,73998E+14;4,54198E+14;1,87154E+14;2,3762E+14;;;P_score_freshwater_pred_Dashboard;9,99959E+14;4,16032E+14;M_score_exp_UBA;7,11174E+14;M_score_exp_UBA;7,11174E+14;6,39489E+14;E_score_max;65;8,43294E+14;10;7,11174E+14;5;5,15798E+14;10;3,96016E+14;10;5,77891E+13;10;4,81357E+14;75;4,51956E+14;10;0;vPvM;vPvM;PM;1;Halogen;['Other']
Tetrahydromethylphthalic anhydride;11070-44-3;234-290-7;CSHJJWDAZSZQBT-UHFFFAOYSA-N;CC12CCCC=C1C(=O)OC2=O;;30338420;PRO-418;;REACH-A;CERT;vPvM & PMT;MQ;vPvM & PMT;FALS;FALS;;;FALS;FALS;FALS;FALS;FALS;FALS;FALS;FALS;FALS;FALS;FALS;FALS;FALS;FALS;FALS;FALS;FALS;FALS;;"Fillers; Intermediate; Not Known or Reasonably Ascertainable; Surface active agents";Surface active agents;CERT;CERT;FALS;CERT;FALS;CERT;CERT;FALS;FALS;FALS;CERT;CERT;FALS;FALS;FALS;FALS;FALS;FALS;FALS;FALS;FALS;FALS;FALS;FALS;FALS;P-PNEC pred;;;;;;;;;19268;;214421592;;420;;;;13;809804;51;54;33;44;>1000 to < 10000 tonnes;10000;100000;0;0;0;0;0;0;0;0;0;0;0;0;0;0;0;0;0;0;0;0;0;0;0;0;0;0;0;0;0;0;0;0;0;0;0;0;0;0;0;0;0;1;0;0;0;0;0;0;0;0;0;0;0;0;1;0;0;0;0;0;0;0;0;0;0;3,52119E+14;1,46908E+14;;;;;5,12682E+14;;FALS;0;0;0;0;14800;low ;66;36600;low ;663;70200;low ;7;1,29163E+14;2,7559E+14;4,03003E+14;2,09112E+14;1,38453E+14;;;P_score_freshwater_pred_UBA;3,52119E+14;2,49513E+14;;;M_score_pred_Episuite;5,12682E+14;5,12682E+14;kemi_score;54;4,24882E+14;10;;;3,5766E+14;10;2,65728E+14;10;3,3601E+14;10;2,65728E+14;5;3,08286E+14;10;;PM;;PM;2;C O, C O Nocoo, Allylic Oxid, Bicyclic, Ester, Ether, Lactone;['Cyclohexanes', 'Ethylene Glycols', 'Pyrethrins', 'Terpenoid', 'Acrylics/Acrylates']
Tetrasodium [3-[[8-[(4-amino-6-chloro-1,3,5-triazin-2-yl)amino]-1-hydroxy-3,6-disulpho-2-naphthyl]azo]-4-hydroxynaphthalene-1,5-disulphonato(6-)]cuprate(4-);14692-76-3;238-739-8;;Nc1nc(Cl)nc(Nc2cc(cc3cc(c(N=Nc4c(O)c5c(cccc5c(c4)S(=O)(=O)O)S(=O)(=O)O)c(O)c23)S(=O)(=O)O)S(=O)(=O)O)n1;DTXSID601015270;1610820;PRO-419;;REACH-B;FALS;vPvM;HQ;vPvM;FALS;FALS;;;FALS;FALS;FALS;FALS;FALS;FALS;FALS;FALS;FALS;FALS;FALS;FALS;FALS;FALS;FALS;CERT;CERT;CERT;;;;FALS;FALS;FALS;CERT;FALS;CERT;FALS;FALS;FALS;FALS;CERT;CERT;FALS;FALS;CERT;FALS;FALS;FALS;FALS;FALS;FALS;FALS;CERT;FALS;FALS;;92756;;-119;;959;;327;2399673721;;5,3897E+14;;245;43030;;;;-81;;;;5;15;>1 to < 10 tonnes;10;100;0;0;0;0;0;0;0;0;0;0;0;0;0;0;0;0;0;1;0;0;0;0;0;0;0;0;0;0;0;0;0;0;1;0;0;0;0;0;0;0;0;0;0;0;0;0;1;0;0;0;0;0;0;0;0;0;0;0;0;0;0;0;0;0;0;9,99328E+14;;1E+15;;;;;4,31181E+13;FALS;0;0;0;0;4,926E+14;low ;0;12100;low ;0;12100;low ;0;;4,3823E+14;6,34177E+14;4,3823E+14;0;;;P_score_freshwater_pred_Dashboard;1E+15;9,99664E+14;;;M_score_pred_Dashboard;4,31181E+13;4,31181E+13;E_score_max;15;6,56644E+14;10;;;6,56534E+14;10;0;5;0;75;0;25;0;75;20;PM;;PM;2;Arn, Ar N, Ar Oh, Nh0, Nh1, Nh2, Aniline, Azo, Benzene, Bicyclic, Halogen, Phenol, Phenol Noorthohbond;['Alkylphenols', 'Aromatic amines', 'Chlorobenzenes', 'Cyclohexanes', 'Phenols', 'HBCDDs', 'PBB']
Tetrasodium 7-amino-4-hydroxy-3-[(2-methoxy-5-methyl-4-{[2-(sulfonatooxy)ethyl]sulfonyl}phenyl)diazenyl]-8-[(2-sulfonato-4-{[2-(sulfonatooxy)ethyl]sulfonyl}phenyl)diazenyl]naphthalene-2-sulfonate;503155-49-5;610-522-6;CKQJXRWPKNTQSO-UHFFFAOYSA-J;COc1cc(c(C)cc1N=Nc1c(O)c2ccc(N)c(N=Nc3ccc(cc3S(=O)(=O)O)S(=O)(=O)CCOS(=O)(=O)O)c2cc1S(=O)(=O)O)S(=O)(=O)CCOS(=O)(=O)O;DTXSID101036287;1653648540;PRO-420;;REACH-B;FALS;vPvM;HQ;vPvM;FALS;FALS;;;FALS;FALS;FALS;FALS;FALS;FALS;FALS;FALS;FALS;FALS;FALS;FALS;FALS;FALS;FALS;FALS;FALS;CERT;;;;FALS;FALS;CERT;FALS;FALS;CERT;FALS;FALS;FALS;FALS;FALS;CERT;FALS;FALS;FALS;FALS;FALS;FALS;FALS;FALS;FALS;FALS;FALS;FALS;FALS;;103584;;54;;957;;135;4489958479;;5,40365E+14;;513;27880;;;13;;;;;0;12;>0 to < 10 tonnes;0;100;0;0;0;0;0;0;0;0;0;0;0;0;0;0;0;0;0;1;0;0;0;0;0;0;0;0;0;0;0;0;0;0;0;0;0;0;0;0;0;0;0;0;0;0;0;0;0;0;0;0;0;0;0;0;0;0;0;0;0;0;0;0;0;0;0;9,98589E+14;;1E+15;;;6,18976E+14;;1,51112E+14;FALS;0;0;0;0;5706;low ;0;913;low ;0;22100;low ;0;;1,23416E+14;5,97301E+14;3,40793E+14;0;;;P_score_freshwater_pred_Dashboard;1E+15;9,99295E+14;M_score_exp_UBA;6,18976E+14;M_score_exp_UBA;6,18976E+14;3,85044E+14;E_score_max;12;7,8675E+14;10;6,18976E+14;5;6,203E+14;10;0;5;0;75;0;5;0;75;10;vPvM;PM;PM;4;Arn, Ar Oh, Nh0, Nh2, Aniline, Aryl Methyl, Azo, Benzene, Bicyclic, Ether, Methoxy, Phenol, Phenol Noorthohbond, Sulfone;['Alkylphenols', 'Aromatic amines', 'Cyclohexanes', 'Ethylene Glycols', 'Phenols', 'PAHs', 'PBDE', 'PhenylEthers']
"thiamethoxam (ISO); 3-(2-chloro-thiazol-5-ylmethyl)-5-methyl[1,3,5]oxadiazinan-4-ylidene-N-nitroamine";153719-23-4;428-650-4;NWWZPOKUUAIXIW-DHZHZOJOSA-N;CN1COCN(C1=N[N+](=O)[O-])CC2=CN=C(S2)Cl;DTXSID2034962;58219110;PRO-421;NS00010175;REACH-A;FALS;vPvM;HQ;vPvM;FALS;FALS;;;FALS;FALS;FALS;FALS;FALS;FALS;FALS;FALS;FALS;FALS;FALS;FALS;FALS;FALS;FALS;FALS;FALS;FALS;;;;CERT;CERT;FALS;FALS;FALS;FALS;FALS;FALS;FALS;FALS;CERT;FALS;FALS;FALS;FALS;FALS;FALS;FALS;FALS;FALS;FALS;FALS;FALS;FALS;FALS;AA-EQS;29171;;-201;;738;141;999;2079181246;;8,73567E+14;;162;970;9070;410;;-1;42;;6;3;9;>1 to < 10 tonnes;10;100;0;0;0;0;0;0;0;0;0;0;0;0;0;0;0;0;0;0;0;0;0;0;0;0;0;1;0;0;0;0;0;0;0;0;0;0;0;0;0;0;0;0;0;0;0;0;0;0;0;0;0;0;0;0;0;0;0;0;0;0;0;0;0;0;0;6,94489E+14;;6,55248E+14;9,40732E+14;7,38483E+14;;;4,86282E+14;CERT;0;0;0;0;1932;low ;225;12400;low ;182;8064;low ;184;7,98469E+14;4,33794E+14;9,22885E+14;5,18307E+14;7,98469E+14;P_score_soil_exp_UBA;9,40732E+14;P_score_soil_exp_UBA;9,40732E+14;5,91079E+14;;;M_score_pred_Dashboard;4,86282E+14;4,86282E+14;kemi_score;6;6,76359E+13;10;9,40732E+14;5;5,36126E+14;10;7,98469E+14;5;7,14832E+14;75;8,66686E+14;5;6,12253E+14;75;0;PM(T);vPvM(T);PM(T);2;Ar N, Nh0, Ether, Guanido, Halogen, Hdrzone, Nitro, Thiazole;['Aromatic amines', 'Ethylene Glycols']
"thiourea; thiocarbamide";62-56-6;200-543-5;UMGDCJDMYOKAJW-UHFFFAOYSA-N;C(=S)(N)N;DTXSID9021348;27237900;PRO-422;NS00002781;REACH-A;FALS;vPvM & PMT;MQ;vPvM & PMT;FALS;FALS;;;FALS;FALS;FALS;FALS;FALS;FALS;FALS;FALS;FALS;FALS;FALS;FALS;FALS;FALS;FALS;CERT;FALS;FALS;"Cleaning products and household care -> drain products; Cleaning products and household care -> general household cleaning -> bleach; Cleaning products and household care -> jewelry -> jewelry cleaner; Electronics/small appliances -> computers and accessories/supplies -> printer toner; Home maintenance -> corrosion protection; antimicrobial; biocide; humectant; humectant";"Finishing agents; Fuels and fuel additives; Not Known or Reasonably Ascertainable; Other (specify); Surface active agents";"Not Known or Reasonably Ascertainable; Surface active agents";CERT;CERT;FALS;FALS;FALS;CERT;CERT;FALS;FALS;FALS;CERT;FALS;FALS;CERT;FALS;FALS;CERT;FALS;FALS;FALS;FALS;FALS;FALS;FALS;FALS;P-PNEC pred;7612;-105;-108;;689;188;297;850033258;6281;2,96559E+14;1616233884;20;130;;;;-16;1241889;72;63;35;46;>1000 to < 10000 tonnes;10000;100000;0;1;1;0;0;1;0;0;0;0;0;1;0;1;1;0;0;1;1;0;1;0;0;1;0;0;0;1;1;0;0;0;1;1;1;0;1;1;0;0;0;0;1;0;0;0;1;0;0;1;1;1;0;1;1;0;1;1;0;1;1;0;1;1;1;6,82099E+14;9,60158E+14;1E+15;;;;7,21302E+14;6,89353E+14;CERT;5;0;0;0;12600;low ;0;23300;;10;122200;;85;2,5085E+13;3,33314E+14;4,3092E+14;1,65111E+14;2,5085E+13;;;P_score_freshwater_pred_Dashboard;1E+15;3,88075E+14;;;M_score_pred_Episuite;7,21302E+14;7,05327E+14;kemi_score;63;8,49295E+14;10;;;5,23183E+14;10;4,24985E+14;10;6,00781E+14;10;4,24985E+14;5;4,71534E+14;10;20;vPvM;;PM;2;C S, Nh2;['Thiocarbamates']
Trade name: 3M(TM) NOVEC(TM) ENGINEERED FLUID HFE-7000;;484-450-7;;COC(F)(F)C(F)(C(F)(F)F)C(F)(F)F;;;PRO-423;;REACH-B;FALS;PMT;MQ;Potential PMT/vPvM;FALS;FALS;;;FALS;FALS;FALS;FALS;FALS;FALS;FALS;FALS;FALS;FALS;FALS;FALS;FALS;FALS;FALS;FALS;FALS;FALS;;;;FALS;FALS;FALS;FALS;FALS;FALS;FALS;FALS;FALS;FALS;FALS;FALS;FALS;FALS;FALS;FALS;FALS;FALS;FALS;FALS;FALS;FALS;FALS;FALS;FALS;;;;;;;;;;;;;;7030;;;;26;;;;;;;;;0;0;0;0;0;0;0;0;0;0;0;0;0;0;0;0;0;0;0;0;0;0;0;0;0;0;0;0;0;0;0;0;0;0;0;0;0;0;0;0;0;0;0;0;0;0;0;0;0;0;0;0;0;0;0;0;0;0;0;0;0;0;0;0;0;9,85329E+14;;;;;;;;CERT;0;0;0;0;7461;low ;207;25900;low ;214;33400;low ;0;;3,18824E+14;5,35148E+14;2,86441E+14;1,78248E+14;;;P_score_freshwater_pred_UBA;9,85329E+14;9,85329E+14;;;;;;;;9,85329E+14;5;;;9,85329E+14;5;1,78248E+14;5;1,32527E+14;5;1,78248E+14;25;1,32527E+14;5;;vPvM;;vPvM;;Alkyl Halide, Ether, Halogen, Methoxy;['Ethylene Glycols', 'PFAS']
trans-dichloroethylene;156-60-5;205-860-2;KFUSEUYYWQURPO-OWOJBTEDSA-N;C(=CCl)Cl;DTXSID7024031;6381860;PRO-424;NS00079504;REACH-A;CERT;vPvM;MQ;PM;FALS;FALS;;;FALS;FALS;FALS;FALS;FALS;FALS;FALS;FALS;FALS;FALS;FALS;FALS;FALS;FALS;FALS;CERT;FALS;CERT;"Manufactured formulations; solvent; solvent";"Cleaning agent; Propellants, non-motive (blowing agents)";;CERT;CERT;FALS;CERT;CERT;CERT;CERT;FALS;FALS;FALS;CERT;FALS;CERT;FALS;FALS;CERT;FALS;FALS;CERT;CERT;CERT;FALS;CERT;FALS;FALS;;9694;186;188;;27;484;312;1740362689;17354;6,06324E+14;3126359992;102;360;;;;19;;55;;24;36;>100 to < 1000 tonnes;1000;10000;1;0;0;0;0;0;0;1;0;0;0;0;0;1;1;1;0;0;0;0;0;0;0;0;0;0;0;0;0;0;0;1;0;1;0;0;0;0;0;0;0;0;0;0;0;0;0;0;0;0;0;0;0;0;0;0;0;0;1;1;0;0;0;0;0;2,94576E+14;2,47049E+14;9,99626E+14;;;;5,45724E+14;5,44871E+14;FALS;0;0;0;0;42500;low ;0;17100;;10;368000;;10;;3,79427E+14;2,58718E+14;1,0294E+14;4,78461E+14;;;P_score_freshwater_pred_Dashboard;9,99626E+14;5,1375E+14;;;M_score_pred_Episuite;5,45724E+14;5,45297E+14;E_score_max;36;7,38593E+14;10;;;5,29289E+14;10;1,6222E+13;10;3,46143E+14;10;1,6222E+13;5;2,93021E+14;10;0;vPvM;;PM;;Halogen;['Other']
tributylamine;102-82-9;203-058-7;IMFACGCPASFAPR-UHFFFAOYSA-N;CCCCN(CCCC)CCCC;DTXSID4026183;76220;PRO-425;NS00000551;;FALS;;;;FALS;FALS;;;FALS;FALS;FALS;FALS;FALS;FALS;FALS;FALS;FALS;CERT;FALS;FALS;FALS;FALS;CERT;CERT;FALS;CERT;"Home maintenance -> caulk/sealant; Vehicle -> auto body work; flavouring";"Binder; Intermediate; Intermediates; Processing aids not otherwise specified";Intermediates;CERT;CERT;FALS;CERT;FALS;CERT;CERT;FALS;FALS;FALS;CERT;CERT;CERT;CERT;FALS;FALS;FALS;FALS;FALS;FALS;FALS;FALS;FALS;FALS;FALS;;185355;;413;;573;767;108;2579783597;33267;4,89109E+14;6678929919;251;;;;;;880;29;77;0;0;>1000 tonnes;10000;;0;0;0;0;0;0;0;0;0;0;0;0;0;0;0;0;0;0;1;0;1;0;0;0;0;0;0;0;0;0;0;0;0;0;0;0;0;0;0;0;0;0;0;0;0;0;0;0;0;0;1;1;1;0;0;0;0;0;0;0;0;0;0;0;1;;2,29093E+13;4,13545E+13;;;;2,8504E+14;4,00862E+14;FALS;0;0;0;0;1486;low ;684;2412;moderate ;85;2027;low ;7;1,25156E+14;8,45264E+14;1,02292E+14;9,05569E+14;2,7163E+14;;;P_score_freshwater_pred_Dashboard;4,13545E+13;2,18227E+14;;;M_score_pred_Dashboard;4,00862E+14;3,42951E+14;kemi_score;77;4,07154E+14;10;;;2,73571E+14;10;2,80665E+14;10;3,38044E+14;10;2,80665E+14;5;2,77095E+14;10;0;PM;;;2;Nh0;['Other']
Trichloroacetic acid;76-03-9;200-927-2;YNJBWRMUSHSURL-UHFFFAOYSA-N;OC(=O)C(Cl)(Cl)Cl;DTXSID1021378;232231160;PRO-426;NS00009969;REACH-C;FALS;vPvM & PMT;HQ;vPvM & PMT;FALS;FALS;;;FALS;FALS;FALS;FALS;FALS;FALS;FALS;FALS;FALS;FALS;FALS;FALS;FALS;FALS;FALS;CERT;FALS;FALS;;;;CERT;CERT;FALS;CERT;FALS;CERT;CERT;FALS;FALS;FALS;CERT;FALS;CERT;CERT;FALS;FALS;FALS;FALS;CERT;CERT;CERT;FALS;FALS;FALS;FALS;P-PNEC pred;16338;133;149;;476;269;261;301029996;8914;2,14863E+14;4335463366;17;;1200;;0;;19425846;68;68;23;35;>100 to < 1000 tonnes;1000;10000;1;0;0;0;0;0;0;1;0;0;0;0;0;1;1;0;0;0;0;1;1;0;0;0;0;0;0;1;0;0;0;0;0;1;0;0;0;1;0;0;0;0;0;0;0;0;0;0;0;0;1;0;1;0;0;0;1;1;0;1;0;0;1;0;1;;3,64596E+14;8,98507E+14;3,33333E+14;;8;6,8318E+14;7,64523E+13;CERT;0;0;0;0;26300;low ;577;34200;low ;674;140900;low ;7;9,20899E+14;2,83594E+14;3,16776E+14;1,55364E+14;1,31543E+13;P_score_soil_exp_UBA;3,33333E+14;P_score_freshwater_pred_Dashboard;8,98507E+14;5,32145E+14;M_score_exp_UBA;8;M_score_exp_UBA;8;7,49234E+14;kemi_score;68;8,47824E+13;10;5,16398E+14;10;6,31428E+14;10;2,99081E+14;10;5,03556E+14;10;3,92995E+14;10;4,34567E+14;10;0;vPvM;PM;PM;2;Al Coo, Coo, Coo2, C O, Alkyl Halide, Halogen;['Alkylphenols']
Trichloroethylene;79-01-6;201-167-4;XSTXAVWGXDQKEL-UHFFFAOYSA-N;ClC=C(Cl)Cl;DTXSID0021383;65750;PRO-427;NS00006134;REACH-C;FALS;PMT;HQ;PMT;FALS;FALS;;;FALS;FALS;FALS;FALS;FALS;FALS;FALS;FALS;FALS;FALS;FALS;FALS;FALS;CERT;CERT;CERT;FALS;FALS;"Arts and crafts/office supplies -> home office -> white out; Home maintenance -> adhesives and adhesive removers -> multipurpose adhesive; Home maintenance -> caulk/sealant; Home maintenance -> degreaser; Manufactured formulations; Sports equipment -> bicycling; solubilizer; solvent; solvent; solvents; surfactant";"Cleaning agent; Corrosion inhibitors and anti-scaling agents; Intermediate; Intermediates; Not Known or Reasonably Ascertainable; Other (specify); Refrigerants; Solvent; Solvents (for cleaning or degreasing); Solvents (which become part of product formulation or mixture)";"Adhesives and sealant chemicals; Corrosion inhibitors and anti-scaling agents; Diluent; Not Known or Reasonably Ascertainable; Other (specify); Solvent; Solvents (for cleaning or degreasing); Solvents (which become part of product formulation or mixture)";CERT;CERT;FALS;CERT;CERT;CERT;CERT;FALS;FALS;FALS;CERT;FALS;FALS;FALS;FALS;FALS;FALS;FALS;CERT;CERT;CERT;FALS;FALS;FALS;FALS;EQS chronic water (=AA-EQS);13138;251;245;299;324;1;756;20;20999;4,78186E+13;5084574278;158;25000;;;21;;100;48;81;46;58;>10000 to < 100000 tonnes;100000;1000000;1;0;0;0;0;0;0;0;0;0;0;0;0;0;0;0;0;0;1;0;0;0;0;0;0;0;0;0;0;0;0;0;0;0;0;0;0;0;0;0;0;0;0;0;0;0;0;0;0;0;1;0;1;0;0;0;0;0;0;0;0;0;0;0;0;9,98301E+13;4,29717E+14;9,72033E+14;;;4,82678E+14;4,82696E+14;5;CERT;75;5;0;0;91800;low ;387;10800;;10;334100;;10;2,68941E+14;4,59385E+14;1,86544E+13;1,07305E+14;3,10009E+14;;;P_score_freshwater_pred_UBA;9,98301E+13;8,00017E+14;M_score_exp_UBA;4,82678E+14;M_score_pred_Dashboard;5;4,88458E+14;kemi_score;81;7,06506E+14;10;4,82678E+14;5;6,2512E+14;10;3,85752E+14;10;5,2205E+14;10;4,15679E+14;75;4,91061E+14;10;0;vPvM;PM;PM;;Halogen;['Other']
Triclosan;3380-34-5;222-182-2;XEFQLINVKFYRCS-UHFFFAOYSA-N;Oc1cc(Cl)ccc1Oc1ccc(Cl)cc1Cl;DTXSID5032498;55640;PRO-428;NS00010282;REACH-C;CERT;vPvM & PMT;MQ;PMT;FALS;FALS;;;FALS;FALS;FALS;FALS;FALS;FALS;FALS;FALS;FALS;FALS;FALS;FALS;FALS;FALS;FALS;FALS;CERT;FALS;"Personal care -> bite relief; Personal care -> body hygiene; Personal care -> body hygiene -> body wash; Personal care -> body hygiene -> hand soap; Personal care -> body powder; Personal care -> child specific -> bath paints/crayons; Personal care -> dental care -> toothpaste; Personal care -> deodorant; Personal care -> foot care; Personal care -> hair styling and care -> shampoo; Personal care -> specialized bath products; antibacterial agent; antimicrobial; biocide; biocide; cosmetic biocide; deodorant; deodorant agent; deodorizer; disinfectant chemical; no specific technical function; oral care agent; preservative; preservative; preservative/antimicrobial";Preservative;;CERT;FALS;FALS;FALS;FALS;FALS;FALS;FALS;FALS;FALS;CERT;FALS;FALS;CERT;FALS;FALS;FALS;FALS;FALS;FALS;FALS;FALS;FALS;FALS;FALS;CQC_ad hoc;28954;476;497;;106;0,00345;0,00015;4559906625;39252;8,73567E+14;1226820615;525;;;;24;;2;21;64;0;0;;;;0;0;0;0;0;0;0;0;0;0;0;0;0;0;0;0;0;0;0;0;0;0;0;0;0;0;0;0;0;0;0;0;0;0;0;0;0;1;0;0;0;0;0;0;0;0;0;0;0;0;0;0;0;0;0;0;0;0;0;0;0;0;0;0;0;;7,72544E+14;6,55248E+14;;;4,31126E+14;2,08425E+14;1,44997E+14;CERT;0;0;0;0;312;;10;1328;;6;1519;low ;7;8,454E+13;1,06862E+14;1,83299E+14;1,01419E+13;8,75925E+14;;;P_score_freshwater_pred_RIVM;7,72544E+14;7,13896E+14;M_score_exp_UBA;4,31126E+14;M_score_exp_UBA;4,31126E+14;2,61516E+14;kemi_score;64;5,77117E+14;10;4,31126E+14;5;4,32082E+14;10;4,28887E+14;10;4,97512E+14;10;4,29632E+14;75;4,30482E+14;10;10;PM;PM;PM;;Ar Oh, Benzene, Ether, Halogen, Phenol, Phenol Noorthohbond;['Alkylphenols', 'Chlorobenzenes', 'Ethylene Glycols', 'Phenols', 'PBB', 'PBDE', 'PCB', 'PhenylEthers']
Triethyl phosphate;78-40-0;201-114-5;DQWPFSLDHJDLRL-UHFFFAOYSA-N;CCOP(=O)(OCC)OCC;DTXSID8026228;65350;PRO-429;NS00009400;REACH-A;FALS;vPvM;MQ;vPvM;FALS;FALS;;;FALS;FALS;FALS;FALS;FALS;FALS;FALS;FALS;FALS;CERT;FALS;FALS;FALS;FALS;CERT;CERT;CERT;CERT;"flame retardant; flame retardants; solvent; solvent";"Catalyst; Flame retardant; Intermediates; Plasticizer; Processing aids not otherwise specified";Flame retardant;CERT;CERT;FALS;CERT;CERT;CERT;CERT;FALS;FALS;FALS;CERT;CERT;FALS;FALS;CERT;CERT;FALS;CERT;FALS;FALS;FALS;CERT;CERT;CERT;FALS;AA-QSwater_eco;182156;8;941;;579;272;988;1780317312;1471;1,3429E+14;1701653783;129;200;;;3;;6320;59;81;52;65;>10000 to < 100000 tonnes;100000;1000000;1;1;0;0;0;0;0;1;1;0;0;0;0;0;0;0;0;0;1;1;0;1;0;0;0;1;0;0;0;0;1;0;0;0;0;0;0;0;0;0;0;1;1;0;0;0;1;0;0;0;1;0;0;0;1;0;0;0;0;0;0;0;0;0;0;1,32608E+14;1,03934E+14;7,98553E+14;;;7,64651E+11;5,90655E+14;5,37995E+14;CERT;0;0;0;0;5,951E+14;low ;308;25300;moderate ;85;257600;low ;0;5,72854E+13;3,21981E+14;5,87128E+14;1,1998E+14;9,85855E+14;;;P_score_freshwater_pred_Dashboard;7,98553E+14;3,45032E+14;M_score_exp_UBA;7,64651E+11;M_score_exp_UBA;7,64651E+11;6,311E+14;kemi_score;81;7,81418E+14;10;7,64651E+11;5;4,66637E+14;10;2,41175E+14;10;4,34118E+14;10;3,54304E+14;75;3,35472E+14;10;0;vPvM;vPvM;PM;1;Phos Acid, Phos Ester;['Organophosphates']
Trifluoroacetic acid;76-05-1;200-929-3;DTQVDTLACAAQTR-UHFFFAOYSA-N;C(=O)(C(F)(F)F)O;DTXSID9041578;64220;PRO-430;NS00008877;REACH-A;FALS;vPvM;MQ;vPvM;FALS;FALS;;;FALS;FALS;FALS;FALS;FALS;FALS;FALS;FALS;FALS;FALS;FALS;FALS;FALS;FALS;FALS;CERT;FALS;FALS;;"Intermediate; Intermediates";;CERT;CERT;FALS;CERT;FALS;CERT;CERT;FALS;FALS;FALS;CERT;FALS;FALS;CERT;FALS;FALS;FALS;FALS;FALS;FALS;FALS;FALS;FALS;FALS;FALS;P-PNEC pred;114023;;762;;248;879;268;609594409;4323;2,44692E+13;2287241302;55;530;;;8;;10979744;75;73;19;29;>100 to < 1000 tonnes;1000;10000;1;0;0;0;0;0;0;0;0;0;0;0;0;0;0;0;0;0;0;0;1;0;0;0;0;0;0;0;0;0;0;0;0;0;0;0;0;0;0;0;0;0;0;0;0;0;0;0;0;0;1;0;0;0;0;0;0;0;0;0;0;0;0;0;0;4,4718E+14;1,61288E+14;9,17055E+14;;;6,9673E+14;7,4775E+14;7,23873E+14;CERT;0;0;0;0;18800;low ;0;32800;low ;376;109400;low ;0;1,15006E+14;2,88639E+14;3,64684E+14;1,73099E+14;1,55428E+14;;;P_score_freshwater_pred_Dashboard;9,17055E+14;5,08508E+14;M_score_exp_UBA;6,9673E+14;M_score_pred_Episuite;7,4775E+14;7,22784E+14;kemi_score;73;8,28087E+14;10;6,9673E+14;5;6,06252E+14;10;3,41425E+14;10;5,31723E+13;10;4,33063E+14;75;4,54961E+14;10;20;vPvM;PM;PM;2;Al Coo, Coo, Coo2, C O, Alkyl Halide, Halogen;['Alkylphenols', 'PFAS']
Trifluoroiodomethane;2314-97-8;219-014-5;VPAYJEUHKVESSD-UHFFFAOYSA-N;C(F)(F)(F)I;DTXSID2062325;168430;PRO-431;;REACH-A;FALS;vPvM & PMT;MQ;PMT;FALS;FALS;;;FALS;FALS;FALS;FALS;FALS;FALS;FALS;FALS;FALS;FALS;FALS;FALS;FALS;FALS;FALS;CERT;FALS;CERT;;;;CERT;CERT;FALS;FALS;FALS;FALS;CERT;FALS;FALS;FALS;CERT;FALS;FALS;FALS;FALS;FALS;FALS;FALS;CERT;CERT;CERT;FALS;CERT;FALS;FALS;P-PNEC pred;195911;;212;;14;;298;2008600172;17441;5,3897E+14;6629465516;708;1010;;;;24;15939636;54;47;4;12;>1 to < 10 tonnes;10;100;1;0;0;0;0;0;0;0;0;0;0;0;0;0;0;1;0;0;0;0;1;0;0;0;0;0;0;0;0;0;0;1;0;0;0;0;0;0;0;0;0;0;0;0;0;0;0;0;0;0;1;0;0;0;0;0;0;1;1;1;0;1;0;0;0;7,08946E+14;5,42534E+14;1E+15;;;;5,44228E+14;4,9851E+14;CERT;0;5;0;0;13200;low ;211;18700;low ;24;26600;low ;0;4,49553E+13;3,65499E+14;4,22665E+14;3,15268E+14;4,86391E+14;;;P_score_freshwater_pred_Dashboard;1E+15;7,50494E+14;;;M_score_pred_Episuite;5,44228E+14;5,21369E+14;kemi_score;47;7,37718E+14;10;;;6,25527E+14;10;5,12495E+14;10;6,1488E+14;10;5,12495E+14;5;5,66197E+14;10;0;vPvM;;PM;1;Alkyl Halide, Halogen;['PFAS']
Trifluoromethanesulphonic acid;1493-13-6;216-087-5;ITMCEJHCFYSIIV-UHFFFAOYSA-N;C(F)(F)(F)S(=O)(=O)O;DTXSID2044397;717733760;PRO-432;NS00004757;REACH-A;FALS;vPvM;MQ;vPvM;FALS;FALS;;;FALS;FALS;FALS;FALS;FALS;FALS;FALS;FALS;FALS;FALS;FALS;FALS;FALS;FALS;FALS;CERT;FALS;FALS;;;;CERT;CERT;FALS;FALS;FALS;FALS;CERT;FALS;FALS;CERT;CERT;CERT;CERT;CERT;FALS;FALS;FALS;FALS;FALS;FALS;FALS;FALS;FALS;FALS;FALS;P-PNEC pred;15007;;-204;;376;;217;1269512944;6541;9,65441E+14;373659679;49;670;;;2;;14234318;;52;19;29;>100 to < 1000 tonnes;1000;10000;1;0;0;0;0;0;0;0;0;0;0;0;0;0;0;0;0;0;0;0;1;0;0;0;0;0;0;0;0;0;1;0;0;0;0;0;0;0;0;0;0;0;0;0;0;0;0;0;0;0;1;0;0;0;0;0;0;0;1;0;0;0;0;0;1;5,47021E+13;3,07976E+13;6,92778E+14;;;7,76895E+14;7,17665E+14;6,23947E+14;FALS;0;0;0;0;41200;low ;192;215600;low ;216;221400;low ;0;1,0402E+14;1,29497E+14;2,6214E+14;1,28032E+13;1,26945E+14;;;P_score_freshwater_pred_Dashboard;6,92778E+14;5,15925E+14;M_score_exp_UBA;7,76895E+14;M_score_exp_UBA;7,76895E+14;7,06169E+14;kemi_score;52;7,33632E+14;10;7,76895E+14;5;6,03598E+14;10;1,26945E+14;5;4,08813E+14;75;3,14043E+14;5;3,58953E+14;75;20;vPvM;vPvM;PM;2;Alkyl Halide, Halogen;['PFAS']
Trifluoromethanesulphonic anhydride;358-23-6;206-616-8;WJKHJLXJJJATHN-UHFFFAOYSA-N;C(F)(F)(F)S(=O)(=O)OS(=O)(=O)C(F)(F)F;DTXSID501014629;677490;PRO-433;NS00041402;REACH-A;FALS;vPvM;HQ;vPvM;FALS;FALS;;;FALS;FALS;FALS;FALS;FALS;FALS;FALS;FALS;FALS;FALS;FALS;FALS;FALS;FALS;FALS;CERT;FALS;FALS;;;;CERT;FALS;FALS;FALS;FALS;FALS;CERT;FALS;FALS;FALS;CERT;FALS;FALS;CERT;FALS;FALS;FALS;FALS;FALS;FALS;FALS;FALS;FALS;FALS;FALS;P-PNEC pred;28213;;422;;213;;623;1790285164;32724;1,39409E+14;2615219406;166;7310;;;;3;1279472679;29;52;23;35;>100 to < 1000 tonnes;1000;10000;1;0;0;0;0;0;0;0;0;0;0;0;0;0;0;0;0;0;0;0;0;0;0;0;0;0;0;0;0;0;0;0;0;0;0;0;0;0;0;0;0;0;0;0;0;0;0;0;0;0;1;0;0;0;0;0;0;0;1;0;0;0;0;0;1;9,86264E+14;9,25304E+14;9,95402E+14;;;;2,92772E+13;5,36277E+14;FALS;0;0;0;0;1055;low ;199;4,206E+14;low ;191;40500;low ;0;4,73268E+14;6,76179E+13;1,16783E+14;2,64047E+14;5,21852E+14;;;P_score_freshwater_pred_Dashboard;9,95402E+14;9,6899E+14;;;M_score_pred_Dashboard;5,36277E+14;4,14524E+14;kemi_score;52;7,30624E+14;10;;;6,33774E+14;10;3,89021E+14;10;5,3313E+13;10;3,89021E+14;5;4,96539E+13;10;20;vPvM;;PM;1;Alkyl Halide, Halogen;['PFAS']
tri-n-butyl-phosphate ;126-73-8;204-800-2;STCOOQWBFONSKY-UHFFFAOYSA-N;CCCCOP(=O)(OCCCC)OCCCC;DTXSID3021986;313570;PRO-434;NS00010255;;CERT;;;;FALS;FALS;;;FALS;FALS;FALS;FALS;FALS;FALS;CERT;CERT;FALS;CERT;FALS;FALS;FALS;FALS;CERT;CERT;CERT;CERT;"Arts and crafts/office supplies -> general arts and crafts supplies -> arts and crafts paint; Arts and crafts/office supplies -> general arts and crafts supplies -> craft kit; Arts and crafts/office supplies -> pottery making; Electronics/small appliances -> computers and accessories/supplies -> printer ink; Medical/dental; Vehicle -> engine maintenance -> auto fluids and additives; plasticizer/flame retardant";"Defoamer; Flame retardant; Functional fluids (closed systems); Hydraulic fluids; Intermediate; Lubricants and lubricant additives; Lubricating agent; Not Known or Reasonably Ascertainable; Plasticizers; Solids separation agents";"Flame retardant; Functional fluids (closed systems); Hydraulic fluids; Intermediate; Lubricating agent; Not Known or Reasonably Ascertainable";CERT;CERT;FALS;CERT;CERT;CERT;CERT;CERT;CERT;CERT;CERT;CERT;CERT;FALS;CERT;CERT;FALS;CERT;CERT;CERT;CERT;FALS;CERT;CERT;FALS;;266318;40;396;;788;105;15;2419955748;3241;4,12644E+14;4267581251;295;;;;;;370;3;;39;52;>1000 to < 10000 tonnes;10000;100000;1;1;0;0;0;0;0;1;0;0;0;0;1;0;0;1;1;0;0;1;1;0;1;0;0;0;0;0;0;0;1;0;0;1;0;1;0;0;1;0;0;0;0;1;0;0;1;0;0;0;1;1;1;1;1;1;0;1;1;1;0;1;0;0;1;;1,07851E+14;3,45259E+14;;;;2,97298E+14;4,27737E+14;CERT;5;0;0;0;1052;low ;292;4680;;10;19900;low ;0;1,72473E+14;6,47521E+13;1,16911E+14;3,56106E+14;2,53618E+14;;;P_score_freshwater_pred_Dashboard;3,45259E+14;1,78022E+14;;;M_score_pred_Dashboard;4,27737E+14;3,62518E+14;E_score_max;52;3,84291E+14;10;;;2,5404E+14;10;2,75836E+14;10;3,25578E+13;10;2,75836E+14;5;2,64713E+13;10;0;PM;;;1;Phos Acid, Phos Ester, Unbrch Alkane;['Organophosphates']
triphenyl phosphate ;115-86-6;204-112-2;XZZNDPSIHUTMOC-UHFFFAOYSA-N;C1=CC=C(C=C1)OP(=O)(OC2=CC=CC=C2)OC3=CC=CC=C3;DTXSID1021952;82890;PRO-435;NS00010271;;CERT;;;;FALS;FALS;;;FALS;FALS;FALS;FALS;FALS;FALS;FALS;FALS;FALS;FALS;FALS;FALS;FALS;FALS;FALS;CERT;CERT;CERT;"Construction and building materials; Furniture and furnishings; Home maintenance -> adhesives and adhesive removers -> multipurpose adhesive; Home maintenance -> paint/stain and related products; Home maintenance -> surface sealers; Laboratory supplies; Personal care -> body hygiene -> body wash; Personal care -> child specific; Personal care -> hair styling and care -> hair conditioner; Personal care -> make-up and related; Personal care -> make-up and related -> lip balm; Personal care -> make-up and related -> lip color; Personal care -> nails -> nail adhesive; Personal care -> nails -> nail polish; Pet care -> all pets -> pesticide - pet; Vehicle -> engine maintenance -> auto fluids and additives; additive; additive - non-reactive; binder; binder; flame retardant; fr component to help meet flammability; plasticiser; plasticisers; flame retardant; plasticizer; plasticizer; plasticizer/flame retardant; processing aid not otherwise specified; triphenyl phosphate";"Flame retardant; Hydraulic fluids; Lubricating agent; Plasticizer";"Flame retardant; Hydraulic fluids; Lubricating agent; Plasticizer";CERT;CERT;FALS;CERT;FALS;CERT;CERT;FALS;FALS;CERT;CERT;CERT;CERT;FALS;CERT;FALS;FALS;CERT;FALS;FALS;FALS;FALS;CERT;FALS;FALS;;326288;459;438;;108;0,000586;0,00106;4340444115;32377;4,78186E+13;2784825368;1910;;;;;;17;3;87;26;39;>100 to < 1000 tonnes;1000;10000;0;1;0;0;0;0;0;1;0;0;0;0;0;0;0;0;0;0;0;0;1;0;0;0;0;0;0;0;0;0;1;0;0;0;0;0;0;1;0;0;0;0;0;0;0;0;1;0;0;0;0;0;0;0;1;0;0;0;1;1;0;0;0;0;1;;2,12123E+14;9,72033E+14;;;;2,97777E+14;1,64892E+13;FALS;0;0;0;1;188;low ;312;7,97E+14;;10;1806;low ;389;6,83424E+14;1,29944E+14;2,18546E+14;9,47716E+14;7,50665E+14;;;P_score_freshwater_pred_Dashboard;9,72033E+14;5,92078E+14;;;M_score_pred_Episuite;2,97777E+14;2,31334E+14;kemi_score;87;5,38004E+14;10;;;3,70092E+14;10;4,74552E+13;10;5,05283E+14;10;4,74552E+13;5;4,1908E+14;10;10;PM;;PM;3;Benzene, Para Hydroxylation, Phos Acid, Phos Ester;['Organophosphates']
tris(2-butoxyethyl)phosphate;78-51-3;201-122-9;WTLBZVNBAKMVDP-UHFFFAOYSA-N;CCCCOCCOP(=O)(OCCOCCCC)OCCOCCCC;DTXSID5021758;65400;PRO-436;NS00010389;;FALS;;;;FALS;FALS;;;FALS;FALS;FALS;FALS;FALS;FALS;FALS;FALS;FALS;CERT;FALS;FALS;FALS;FALS;CERT;CERT;CERT;CERT;"Arts and crafts/office supplies -> body paint; Arts and crafts/office supplies -> home office -> pens and markers; Cleaning and safety; Cleaning products and household care -> carpet and floor -> carpet cleaner; Cleaning products and household care -> carpet and floor -> floor polish; Home maintenance -> caulk/sealant; Home maintenance -> paint/stain and related products -> paint; Home maintenance -> surface sealers -> stone surface sealer; chelating agent; chelator; film former; film former; plasticizer; plasticizer";"Defoamer; Flame retardant; Not Known or Reasonably Ascertainable; Paint additives and coating additives not described by other categories; Plasticizer; Processing aids not otherwise specified; Processing aids, not otherwise listed";"Defoamer; Flame retardant; Not Known or Reasonably Ascertainable; Plasticizer; Processing aids, not otherwise listed";CERT;CERT;FALS;CERT;CERT;CERT;CERT;CERT;CERT;FALS;CERT;CERT;CERT;FALS;FALS;CERT;FALS;FALS;FALS;FALS;FALS;FALS;CERT;FALS;FALS;;398477;375;363;;117;276;156;4089905111;28309;4,12644E+14;7937562498;575;;;;;;240;36;77;39;52;>1000 to < 10000 tonnes;10000;100000;0;1;0;0;0;0;0;1;0;0;0;0;0;1;0;0;1;0;1;0;0;0;1;1;1;1;0;0;0;1;1;0;1;1;0;1;0;0;0;0;0;1;1;0;0;0;1;0;1;0;0;0;1;0;1;0;0;1;1;1;1;1;0;0;0;;3,05343E+14;3,45259E+14;;;;3,59868E+14;1,90215E+14;FALS;0;0;0;0;6278;low ;268;29400;low ;685;40300;low ;679;2,00975E+13;3,02264E+14;5,7442E+14;2,646E+13;2,4563E+14;;;P_score_freshwater_pred_Dashboard;3,45259E+14;1,87897E+14;;;M_score_pred_Episuite;3,59868E+14;2,75042E+14;kemi_score;77;3,52488E+13;10;;;2,27331E+14;10;2,97366E+13;10;3,23756E+14;10;2,97366E+13;5;2,60001E+14;10;10;PM;;;3;Ether, Phos Acid, Phos Ester, Unbrch Alkane;['Ethylene Glycols', 'Organophosphates']
Tris(2-chloro-1-methylethyl) phosphate;13674-84-5;237-158-7;KVMPUXDNESXNOH-UHFFFAOYSA-N;CC(CCl)OP(=O)(OC(C)CCl)OC(C)CCl;DTXSID5026259;261760;PRO-437;NS00009572;REACH-B;FALS;vPvM;HQ;PM;FALS;FALS;;;FALS;FALS;FALS;FALS;FALS;FALS;FALS;FALS;FALS;FALS;FALS;FALS;FALS;FALS;FALS;CERT;CERT;CERT;"Home maintenance -> insulation; fire retardant; flame retardant; tris(2-chloroisopropyl phosphate)";"Adhesives and sealant chemicals; Catalyst; Flame retardant; Flame retardants; Intermediates; Processing aids, not otherwise listed; Sealant (barrier); Solvents (which become part of product formulation or mixture)";"Adhesives and sealant chemicals; Flame retardant; Flame retardants; Sealant (barrier); Solvents (which become part of product formulation or mixture)";CERT;CERT;FALS;CERT;CERT;CERT;CERT;FALS;FALS;CERT;CERT;CERT;CERT;CERT;CERT;FALS;CERT;CERT;FALS;FALS;FALS;CERT;CERT;CERT;CERT;AA-QSwater_eco;32756;259;233;;885;365;298;2230448921;24611;4,12644E+14;8776287997;794;25000;;;22;;1200;42;65;1;1;;;;1;1;0;0;0;0;0;1;0;0;0;0;0;0;0;0;0;0;0;0;1;1;0;0;0;0;0;0;0;0;1;0;0;0;0;0;0;0;0;0;0;0;0;0;0;0;0;0;0;0;0;0;1;1;1;0;0;0;0;0;0;0;0;0;0;9,98301E+13;6,57037E+13;3,45259E+14;;;4,65398E+14;4,20771E+14;4,60151E+14;FALS;0;0;0;0;1301;low ;238;9,701E+14;moderate ;85;24000;low ;622;1,11137E+14;4,8025E+14;1,07717E+14;3,29197E+14;1,8168E+14;;;P_score_freshwater_pred_UBA;9,98301E+13;6,66865E+14;M_score_exp_UBA;4,65398E+14;M_score_exp_UBA;4,65398E+14;4,48773E+14;kemi_score;65;6,81621E+14;10;4,65398E+14;5;5,47057E+14;10;2,76235E+14;10;4,33921E+14;10;3,28696E+14;75;3,88737E+14;10;0;PM;PM;PM;3;Alkyl Halide, Halogen, Phos Acid, Phos Ester;['Chlorinated alkane', 'Organophosphates']
Tris(2-chloroethyl) phosphate;115-96-8;204-118-5;HQUQLFOMPYWACS-UHFFFAOYSA-N;ClCCOP(=O)(OCCCl)OCCCl;DTXSID5021411;82950;PRO-438;NS00010387;REACH-C;FALS;vPvM & PMT;MQ;PMT;FALS;FALS;;;FALS;FALS;FALS;FALS;FALS;FALS;CERT;CERT;FALS;FALS;FALS;FALS;FALS;FALS;CERT;CERT;FALS;CERT;"Home maintenance -> caulk/sealant; Manufactured formulations -> Flame retardants; flame retardant";;;FALS;FALS;FALS;CERT;CERT;CERT;FALS;FALS;FALS;FALS;FALS;CERT;FALS;FALS;FALS;FALS;FALS;CERT;FALS;FALS;FALS;FALS;FALS;FALS;FALS;JD-UQN proposal;28548;144;124;;841;245;242;1161368002;1825;4,12644E+14;7320117274;129;640;;;;17;40;53;7;1;1;;;;0;0;0;0;0;0;0;1;0;0;0;0;0;0;0;0;0;0;0;0;0;0;0;0;0;0;0;0;0;0;0;0;0;0;0;0;0;0;0;0;0;0;0;0;1;0;0;0;0;0;0;0;0;0;0;0;0;0;0;0;0;1;0;0;0;5,27554E+14;5,84182E+14;3,45259E+14;;;;5,30288E+14;6,41365E+14;CERT;5;0;75;0;1429;low ;239;21600;;10;47700;low ;612;3,53873E+14;3,4408E+14;1,03862E+14;2,4638E+14;3,91476E+14;;;P_score_freshwater_pred_RIVM;5,84182E+14;4,85665E+14;;;M_score_pred_Dashboard;6,41365E+14;5,85827E+14;kemi_score;7;6,12106E+14;10;;;5,334E+14;10;4,55502E+14;10;5,2803E+14;10;4,55502E+14;5;4,92915E+13;10;0;PM;;PM;;Alkyl Halide, Halogen, Phos Acid, Phos Ester;['Chlorinated alkane', 'Organophosphates']
Tris[2-chloro-1-(chloromethyl)ethyl] phosphate;13674-87-8;237-159-2;ASLWPAWFJZFCKF-UHFFFAOYSA-N;C(C(CCl)OP(=O)(OC(CCl)CCl)OC(CCl)CCl)Cl;DTXSID9026261;261770;PRO-439;NS00010388;REACH-A;CERT;vPvM & PMT;HQ;PMT;FALS;FALS;;;FALS;FALS;FALS;FALS;FALS;FALS;FALS;FALS;FALS;FALS;FALS;FALS;FALS;FALS;FALS;FALS;FALS;CERT;"chlorinated tris (tdcpp, tdcp); flame retardant; flame retardant; flame retardants; plasticizer/flame retardant";"Catalyst; Flame retardant; Flame retardants";Flame retardant;CERT;CERT;FALS;FALS;FALS;FALS;CERT;FALS;FALS;FALS;CERT;FALS;FALS;FALS;FALS;FALS;FALS;FALS;FALS;FALS;FALS;FALS;CERT;FALS;FALS;AA-QSwater_eco;43089;365;309;;103;0,00162;252;2540329475;30474;5,8557E+14;3775354188;120;6170;;;22;;11;33;59;34;45;>1000 to < 10000 tonnes;10000;100000;0;0;0;0;0;0;0;1;0;0;0;0;0;0;0;0;0;0;0;0;0;0;0;0;0;0;0;0;0;0;1;1;1;0;0;0;0;0;0;0;0;0;0;0;0;0;0;0;0;0;0;0;0;0;0;0;0;0;0;1;1;0;0;0;0;9,8173E+14;9,58685E+14;4,89597E+14;;;4,65398E+14;3,26073E+14;4,07447E+14;CERT;5;0;0;1;4,72E+14;low ;224;6056;moderate ;85;17700;low ;592;4,89653E+14;5,82944E+14;1,57899E+14;3,73998E+14;5,37378E+14;;;P_score_freshwater_pred_UBA;9,8173E+14;8,10004E+11;M_score_exp_UBA;4,65398E+14;M_score_exp_UBA;4,65398E+14;3,99639E+14;kemi_score;59;6,7594E+14;10;4,65398E+14;5;5,68955E+14;10;4,21111E+14;10;5,33522E+14;10;4,35384E+14;75;4,89483E+14;10;0;PM;PM;PM;1;Alkyl Halide, Halogen, Phos Acid, Phos Ester;['Chlorinated alkane', 'Organophosphates']
Trisodium 5-[[4-chloro-6-(ethylphenylamino)-1,3,5-triazin-2-yl]amino]-4-hydroxy-3-[(4-methyl-2-sulphonatophenyl)azo]naphthalene-2,7-disulphonate;73816-74-7;277-616-3;KAAYWWJCOOCCSJ-UHFFFAOYSA-K;CCN(C1=CC=CC=C1)C2=NC(=NC(=N2)NC3=C4C(=CC(=C3)S(=O)(=O)O)C=C(C(=C4O)N=NC5=C(C=C(C=C5)C)S(=O)(=O)O)S(=O)(=O)O)Cl;DTXSID701024002;525810;PRO-440;;REACH-B;FALS;vPvM;HQ;vPvM;FALS;FALS;;;FALS;FALS;FALS;FALS;FALS;FALS;FALS;FALS;FALS;FALS;FALS;FALS;FALS;FALS;FALS;CERT;CERT;CERT;;;;FALS;CERT;FALS;CERT;FALS;CERT;CERT;FALS;FALS;FALS;CERT;CERT;FALS;FALS;CERT;FALS;FALS;FALS;FALS;FALS;FALS;FALS;CERT;FALS;FALS;P-PNEC pred;81611;;481;;956;;126;46599162;39891;5,3897E+14;1067074901;479;13930;;;13;;5059754;2;44;14;26;>10 to < 100 tonnes;100;1000;0;0;0;0;0;0;0;0;0;0;0;0;0;0;0;0;0;1;0;0;0;1;0;0;1;0;0;0;0;0;0;0;1;0;0;0;0;0;0;0;0;0;0;0;0;0;1;0;1;0;0;0;0;0;0;0;0;0;0;0;0;0;0;0;0;9,95396E+14;9,92758E+14;1E+15;;;6,18976E+14;2,01212E+14;1,36613E+14;FALS;0;0;0;0;1943;low ;0;655;low ;0;6,787E+14;low ;0;9,08534E+14;1,39885E+13;9,20821E+14;5,56362E+12;9,25706E+14;;;P_score_freshwater_pred_Dashboard;1E+15;9,96051E+14;M_score_exp_UBA;6,18976E+14;M_score_exp_UBA;6,18976E+14;3,18933E+14;kemi_score;44;7,8675E+14;10;6,18976E+14;5;5,63626E+14;10;4,3028E+14;10;5,81827E+14;10;4,85727E+14;75;4,9246E+14;10;10;vPvM;PM;PM;1;Ar N, Ar Oh, Nh0, Nh1, Aniline, Aryl Methyl, Azo, Benzene, Bicyclic, Halogen, Para Hydroxylation, Phenol, Phenol Noorthohbond;['Alkylphenols', 'Aromatic amines', 'Chlorobenzenes', 'Cyclohexanes', 'Phenols', 'HBCDDs', 'PAHs', 'PBB']
Trisodium 5-[[5-methyl-4-[(4-nitro-2-sulphonatophenyl)azo]-2-(3-sulphonatopropoxy)phenyl]azo]salicylate;74186-17-7;277-753-9;PGODFFBQDSMUKZ-UHFFFAOYSA-K;CC1=CC(=C(C=C1N=NC2=C(C=C(C=C2)[N+](=O)[O-])S(=O)(=O)O)OCCCS(=O)(=O)O)N=NC3=CC(=C(C=C3)O)C(=O)O;DTXSID20890344;1664350;PRO-441;;REACH-B;FALS;vPvM;HQ;vPvM;FALS;FALS;;;FALS;FALS;FALS;FALS;FALS;FALS;FALS;FALS;FALS;FALS;FALS;FALS;FALS;FALS;FALS;FALS;FALS;CERT;;;;FALS;FALS;FALS;FALS;FALS;CERT;FALS;FALS;FALS;FALS;FALS;CERT;FALS;FALS;FALS;FALS;FALS;FALS;FALS;FALS;FALS;FALS;CERT;FALS;FALS;P-PNEC pred;68951;;318;;948;;211;3969881644;38547;2,9666E+14;3524116984;468;11710;;;;-46;21868039;22;38;4;13;>1 to < 10 tonnes;10;100;0;0;0;0;0;0;0;0;0;0;0;0;0;1;0;0;0;0;0;0;0;0;0;0;0;0;0;0;0;0;0;0;0;0;0;0;0;0;0;0;0;0;0;0;0;0;0;0;0;0;0;0;0;0;0;0;0;1;1;1;1;1;0;0;0;9,93815E+14;9,53762E+14;2,30749E+14;;;;2,16602E+14;2,03361E+14;FALS;0;0;0;0;2284;low ;0;1271;low ;0;22400;low ;0;8,40264E+14;1,08695E+14;8,6377E+14;3,3887E+14;8,62451E+14;;;P_score_freshwater_pred_UBA;9,93815E+14;7,26109E+14;;;M_score_pred_Episuite;2,16602E+14;2,09982E+14;kemi_score;38;4,63964E+14;10;;;3,90473E+14;10;4,35591E+14;10;4,49553E+14;10;4,35591E+14;5;4,12415E+14;10;10;PM;;PM;2;Ar Coo, Ar Oh, Coo, Coo2, C O, Nh0, Aryl Methyl, Azo, Benzene, Ether, Nitro, Nitro Arom, Nitro Arom Nonortho, Phenol, Unbrch Alkane;['Alkylphenols', 'Ethylene Glycols', 'Phenols', 'Nitrobenzene derivatives', 'PAHs', 'PBDE', 'PhenylEthers']
Trisodium 7-[[4-chloro-6-[(3-sulphonatophenyl)amino]-1,3,5-triazin-2-yl]methylamino]-4-hydroxy-3-[(2-sulphonatophenyl)azo]naphthalene-2-sulphonate;70210-21-8;274-418-9;HWYRBRHWMRMGKX-UHFFFAOYSA-K;CN(C1=CC2=CC(=C(C(=C2C=C1)O)N=NC3=CC=CC=C3S(=O)(=O)O)S(=O)(=O)O)C4=NC(=NC(=N4)NC5=CC(=CC=C5)S(=O)(=O)O)Cl;DTXSID90890053;1661200;PRO-442;;REACH-B;FALS;vPvM;HQ;vPvM;FALS;FALS;;;FALS;FALS;FALS;FALS;FALS;FALS;FALS;FALS;FALS;FALS;FALS;FALS;FALS;FALS;FALS;CERT;CERT;CERT;;;;FALS;FALS;FALS;CERT;FALS;CERT;CERT;FALS;FALS;FALS;CERT;CERT;FALS;FALS;CERT;FALS;FALS;FALS;FALS;FALS;FALS;FALS;CERT;FALS;FALS;P-PNEC pred;78806;;783;;955;;158;46599162;34138;5,3897E+14;8529672586;38;10340;;;;-29;5419509;27;44;5;15;>1 to < 10 tonnes;10;100;0;0;0;0;0;0;0;0;0;0;0;0;0;0;0;0;0;0;0;0;0;1;0;0;1;0;0;0;0;0;0;0;1;0;0;0;0;0;0;0;0;0;0;0;0;0;1;0;1;0;0;0;0;0;0;0;0;0;0;0;0;0;0;0;0;9,9236E+14;9,89415E+14;1E+15;;;;2,72897E+14;1,36613E+14;FALS;0;0;0;0;2377;low ;0;1001;low ;0;11200;low ;0;9,06025E+14;1,19157E+14;8,5019E+14;4,52512E+14;9,20969E+14;;;P_score_freshwater_pred_Dashboard;1E+15;9,93925E+14;;;M_score_pred_Episuite;2,72897E+14;2,04755E+14;kemi_score;44;5,22396E+14;10;;;4,51122E+12;10;4,9866E+14;10;5,1039E+13;10;4,9866E+14;5;4,74296E+14;10;10;PM;;PM;2;Ar N, Ar Oh, Nh0, Nh1, Aniline, Azo, Benzene, Bicyclic, Halogen, Phenol, Phenol Noorthohbond;['Alkylphenols', 'Aromatic amines', 'Chlorobenzenes', 'Cyclohexanes', 'Phenols', 'HBCDDs', 'PBB']
Trisodium 8-hydroxypyrene-1,3,6-trisulphonate;6358-69-6;228-783-6;KXXXUIKPSVVSAW-UHFFFAOYSA-K;C1=CC2=C3C(=C(C=C2S(=O)(=O)O)S(=O)(=O)O)C=CC4=C(C=C(C1=C43)O)S(=O)(=O)O;DTXSID4041739;613880;PRO-443;NS00080923;REACH-A;CERT;vPvM;HQ;PM;FALS;FALS;;;FALS;FALS;FALS;FALS;FALS;FALS;FALS;FALS;FALS;FALS;FALS;FALS;FALS;FALS;FALS;CERT;CERT;CERT;"Cleaning and safety; Personal care -> body hygiene -> bar soap; color additive; colorant; cosmetic colorant; dye; dye; fragrance; fragrance component; hair dyeing";Dyes;Dyes;CERT;CERT;FALS;CERT;CERT;CERT;CERT;CERT;CERT;CERT;CERT;CERT;CERT;FALS;CERT;CERT;FALS;CERT;FALS;FALS;FALS;FALS;CERT;FALS;FALS;P-PNEC;52437;;-653;;946;;85;4800029359;7601;5,3897E+14;1400854485;24;17010;;;30;;68499006;7;64;4;14;>1 to < 10 tonnes;10;100;0;0;0;1;1;0;1;0;0;0;0;1;0;1;0;0;1;1;1;0;1;0;0;0;0;1;0;0;0;1;0;0;1;1;0;0;0;1;0;0;0;0;1;0;0;0;1;1;0;1;0;0;1;0;0;0;0;0;0;0;0;0;0;0;1;9,96723E+14;8,09923E+14;1E+15;;;3,33333E+14;7,02542E+14;1,25556E+14;FALS;0;0;0;0;3316;low ;0;828;low ;631;11100;low ;0;5,40987E+14;1,28081E+13;7,44256E+13;4,54198E+14;6,17956E+14;;;P_score_freshwater_pred_Dashboard;1E+15;9,35549E+14;M_score_exp_UBA;3,33333E+14;M_score_pred_Episuite;7,02542E+14;3,87144E+14;kemi_score;64;8,38178E+14;10;3,33333E+14;5;6,01824E+14;10;6,577E+14;10;7,42475E+14;10;5,24378E+14;75;6,29142E+14;10;0;vPvM(T);PM(T);PM(T);2;Ar Oh, Benzene, Phenol, Phenol Noorthohbond;['Alkylphenols', 'Phenols']
Vinyl chloride;75-01-4?;;BZHJMEDXRYGGRV-UHFFFAOYSA-N;C=CCl;DTXSID8021434;63380;PRO-444;;;FALS;;;;FALS;FALS;;;FALS;FALS;FALS;FALS;FALS;FALS;FALS;FALS;FALS;FALS;FALS;FALS;FALS;FALS;FALS;FALS;FALS;FALS;"Home maintenance -> caulk/sealant; Home maintenance -> paint/stain and related products; Home maintenance -> paint/stain and related products -> paint; impurity; monomer; not reported; residual; vinyl residual";"Binder; Intermediate; Intermediates; Monomers; Other (specify)";"Binder; Intermediate; Intermediates; Other (specify)";FALS;FALS;FALS;FALS;FALS;FALS;FALS;FALS;FALS;FALS;FALS;FALS;FALS;FALS;FALS;FALS;FALS;FALS;FALS;FALS;FALS;FALS;FALS;FALS;FALS;;625;;156;;196;923;849;1309630167;;1,39409E+14;;851;;;;;;;;;;;;;;0;0;0;0;0;0;0;0;0;0;0;0;0;0;0;0;0;0;0;0;0;0;0;0;0;0;0;0;0;0;0;0;0;0;0;0;0;0;0;0;0;0;0;0;0;0;0;0;0;0;0;0;0;0;0;0;0;0;0;0;0;0;0;0;0;;;9,95402E+14;;;;;6,174E+13;FALS;0;0;0;0;6454;low ;0;15300;moderate ;85;79200;low ;698;;3,97459E+14;5,67953E+14;1,98651E+13;4,71814E+14;;;P_score_freshwater_pred_Dashboard;9,95402E+14;9,95402E+14;;;M_score_pred_Dashboard;6,174E+13;6,174E+13;;;7,8394E+14;10;;;7,8394E+14;10;4,71814E+14;5;3,07217E+14;75;4,71814E+14;25;3,07217E+14;75;0;vPvM;;vPvM;3;Halogen;['Other']
Warfarin;81-81-2;201-377-6;PJVWKTKQMONHTI-UHFFFAOYSA-N;CC(=O)CC(C1=CC=CC=C1)C2=C(C3=CC=CC=C3OC2=O)O;DTXSID5023742;546784860;PRO-445;NS00010884;REACH-B;FALS;PMT;HQ;PMT;FALS;FALS;;;FALS;FALS;FALS;FALS;FALS;FALS;FALS;FALS;FALS;FALS;FALS;FALS;FALS;FALS;FALS;FALS;FALS;FALS;Pesticides -> rodenticide;;;FALS;FALS;FALS;FALS;FALS;FALS;FALS;FALS;FALS;FALS;FALS;FALS;FALS;FALS;FALS;FALS;FALS;FALS;FALS;FALS;FALS;FALS;FALS;FALS;FALS;P-PNEC exp;308333;27;286;;107;209;138;2959994838;23215;3,48133E+13;3926413171;178;;1500;;;4;120;44;67;0;0;;;;0;0;0;0;0;0;0;0;0;0;0;0;0;0;0;0;0;0;1;0;0;0;0;0;0;0;0;0;0;0;0;0;0;0;0;0;0;0;0;0;0;0;0;0;0;0;0;0;0;0;0;0;0;0;0;0;0;0;0;0;0;0;0;0;0;;3,26317E+14;2,8281E+14;4,22705E+14;;;4,44518E+14;3,39524E+14;FALS;0;0;0;0;1,558E+14;low ;398;18400;low ;39;1907;low ;472;2,53661E+14;3,67981E+14;1,0042E+13;9,27634E+14;3,23818E+14;P_score_soil_exp_UBA;4,22705E+14;P_score_soil_exp_UBA;4,22705E+14;3,43944E+14;;;M_score_pred_Episuite;4,44518E+14;3,92021E+14;kemi_score;67;4,33474E+14;10;4,22705E+14;5;3,67196E+14;10;3,77465E+14;10;4,04501E+14;10;3,9198E+14;75;3,72295E+14;10;10;PM;PM;PM;4;Ar Oh, C O, C O Nocoo, Benzene, Bicyclic, Ketone, Ketone Topliss, Para Hydroxylation;['Alkylphenols', 'Cyclohexanes', 'Benzophenones']
Zinc bis[O-(2-ethylhexyl)] bis[O-(isobutyl)] bis(dithiophosphate);26566-95-0;247-810-2;FHIAIHDDIOVFSY-UHFFFAOYSA-L;CCCCC(CC)COP(=S)(OCC(C)C)[S-].CCCCC(CC)COP(=S)(OCC(C)C)[S-].[Zn+2];DTXSID3027906;228333220;PRO-446;NS00084522;REACH-A;FALS;vPvM;LQ;vPvM;FALS;FALS;;;FALS;FALS;FALS;FALS;FALS;FALS;FALS;FALS;FALS;FALS;FALS;FALS;FALS;FALS;FALS;CERT;CERT;FALS;Vehicle -> engine maintenance -> motor oil;Lubricating agent;Lubricating agent;CERT;CERT;FALS;CERT;CERT;CERT;CERT;FALS;FALS;FALS;CERT;FALS;CERT;FALS;FALS;CERT;FALS;FALS;CERT;CERT;CERT;FALS;FALS;FALS;FALS;P-PNEC;66024;;37;;862;;176;3699837726;77221;1,35925E+50;5632930827;2450;14840;;;14;;229897527;;53;25;38;>10 to < 100 tonnes;100;1000;0;0;0;0;0;0;0;0;0;0;0;0;0;0;0;0;1;0;0;0;0;0;1;1;0;0;0;0;0;0;0;0;0;0;0;0;0;0;0;0;0;0;0;0;0;0;0;0;0;0;0;0;0;0;0;0;0;0;0;0;0;0;0;0;0;9,95866E+14;4,73046E+14;10;;;6,02499E+13;1,8592E+14;2,35369E+14;FALS;0;0;0;0;;;;;;;;;;6,54407E+14;;;;;;;P_score_freshwater_pred_Dashboard;10;8,22971E+14;M_score_exp_UBA;6,02499E+13;M_score_exp_UBA;6,02499E+13;2,85487E+14;kemi_score;53;7,76208E+13;10;6,02499E+13;5;4,84714E+13;10;;;7,76208E+13;5;6,02499E+13;25;4,84714E+13;5;10;vPvM;PM;PM;3;Unknown;['Other']
Tetrabutylammonium;10549-76-5;;DZLFLBLQUQXARW-UHFFFAOYSA-N;CCCC[N+](CCCC)(CCCC)CCCC;;;PRO-447;NS00006689;;FALS;;;;FALS;FALS;;;FALS;FALS;FALS;FALS;FALS;FALS;FALS;FALS;FALS;FALS;FALS;FALS;FALS;FALS;FALS;FALS;FALS;FALS;;;;FALS;FALS;FALS;FALS;FALS;FALS;FALS;FALS;FALS;FALS;FALS;FALS;FALS;FALS;FALS;FALS;FALS;FALS;FALS;FALS;FALS;FALS;FALS;FALS;FALS;;;;;;;;;;;;;;;;;;;102309;;;;;;;;0;0;0;0;0;0;0;0;0;0;0;0;0;0;0;0;0;0;0;0;0;0;0;0;0;0;0;0;0;0;0;0;0;0;0;0;0;0;0;0;0;0;0;0;0;0;0;0;0;0;0;0;0;0;0;0;0;0;0;0;0;0;0;0;0;;;;;;;;;FALS;0;0;0;0;837;low ;385;72500;low ;689;1497;low ;689;4,97522E+14;2,06265E+14;1,27558E+13;1,01998E+14;5,41478E+14;;;;;;;;;;;;;;;;;;;5,41478E+14;5;5,41478E+14;25;5,41478E+14;25;5,41478E+14;25;;;;;2;Nh0, Quatn;['Organotins']
Pyridoxine;65-23-6;;LXNHXLLTXMVWPM-UHFFFAOYSA-N;Cc1ncc(CO)c(CO)c1O;;;PRO-448;NS00004187;;FALS;;;;FALS;FALS;;;FALS;FALS;FALS;FALS;FALS;FALS;FALS;FALS;FALS;FALS;FALS;FALS;FALS;FALS;FALS;FALS;FALS;FALS;;;;FALS;FALS;FALS;FALS;FALS;FALS;FALS;FALS;FALS;FALS;FALS;FALS;FALS;FALS;FALS;FALS;FALS;FALS;FALS;FALS;FALS;FALS;FALS;FALS;FALS;;;;;;;;;;195;;1831878542;;;;;;;4758276;;6;0;0;;;;0;0;0;0;0;0;0;0;0;0;0;0;0;0;0;0;0;0;0;0;0;0;0;0;0;0;0;0;0;0;0;0;0;0;0;0;0;0;0;0;0;0;0;0;0;0;0;0;0;0;0;1;0;0;0;0;0;0;0;0;0;0;0;0;0;;1,16274E+14;;;;;7,97829E+14;;FALS;0;0;0;0;7016;low ;297;74600;low ;632;59200;low ;633;1,57433E+14;2,03774E+14;5,48838E+14;2,24816E+13;1,8502E+13;;;P_score_freshwater_pred_RIVM;1,16274E+14;1,16274E+14;;;M_score_pred_Episuite;7,97829E+14;7,97829E+14;kemi_score;6;3,04577E+14;10;;;3,04577E+14;10;1,8502E+13;5;2,57951E+14;75;1,8502E+13;25;2,57951E+14;75;;;;;;Al Oh, Al Oh Notert, Ar N, Ar Oh, Nh0, Aryl Methyl, Pyridine;['Alkylphenols', 'Aromatic amines', 'Pyridin']
Saccharin;81-07-2;;CVHZOJJKTDOEJC-UHFFFAOYSA-N;O=C1N[S](=O)(=O)c2ccccc12;;;PRO-449;NS00007781;;FALS;;;;FALS;FALS;;;FALS;FALS;FALS;FALS;FALS;FALS;FALS;FALS;FALS;FALS;FALS;FALS;FALS;FALS;FALS;CERT;CERT;FALS;;;;CERT;CERT;CERT;CERT;FALS;CERT;CERT;FALS;FALS;CERT;CERT;CERT;CERT;FALS;FALS;CERT;FALS;FALS;CERT;FALS;FALS;FALS;FALS;FALS;FALS;;;;;;;;;;13606;;2306958688;;;;;;;3585558;61;79;25;38;>100 to < 1000 tonnes;1000;10000;1;1;0;0;0;0;1;0;0;0;0;0;0;0;0;0;0;0;1;0;1;0;0;0;0;0;0;1;0;0;1;0;1;0;0;0;0;1;0;0;0;0;0;0;0;0;1;0;0;0;0;1;1;0;1;1;0;0;0;0;0;0;1;0;0;;1,63283E+14;;;;;6,09021E+13;;FALS;0;0;0;0;8882;low ;213;17000;low ;419;63600;moderate ;85;1,74429E+14;3,80358E+14;4,98069E+13;2,18074E+14;2,1328E+14;;;P_score_freshwater_pred_RIVM;1,63283E+14;1,63283E+14;;;M_score_pred_Episuite;6,09021E+13;6,09021E+13;kemi_score;79;3,15345E+14;10;;;3,15345E+14;10;3,60695E+14;10;3,37259E+14;10;3,60695E+14;5;3,37259E+14;10;;;;;2;C O, C O Nocoo, Nh1, Amide, Benzene, Bicyclic, Sulfonamd;['Sulfonamides', 'Cyclohexanes']
Caffeine;58-08-2;;RYYVLZVUVIJVGH-UHFFFAOYSA-N;Cn1cnc2N(C)C(=O)N(C)C(=O)c12;;;PRO-450;NS00000273;;FALS;;;;FALS;FALS;;;FALS;FALS;FALS;FALS;FALS;FALS;FALS;FALS;FALS;FALS;FALS;FALS;FALS;FALS;FALS;CERT;CERT;FALS;;;;CERT;CERT;CERT;CERT;FALS;FALS;CERT;FALS;FALS;FALS;CERT;CERT;CERT;CERT;FALS;CERT;FALS;FALS;FALS;FALS;FALS;FALS;FALS;FALS;FALS;;;;;;;;;;9801;;2419426005;;;;;;;12;67;68;38;5;>1000 to < 10000 tonnes;10000;100000;1;0;0;0;0;0;0;0;0;0;0;0;0;0;0;0;0;0;1;1;1;0;0;0;0;0;1;1;0;0;0;0;0;0;0;0;0;1;0;0;0;1;0;0;0;0;0;0;0;0;0;1;1;0;0;0;0;0;0;0;0;0;1;0;1;;1,74707E+14;;;;;6,69725E+14;;CERT;0;0;0;0;3,243E+14;low ;191;89100;low ;0;64800;low ;192;4,80215E+14;1,88932E+14;7,50943E+11;2,16349E+14;4,96286E+14;;;P_score_freshwater_pred_RIVM;1,74707E+14;1,74707E+14;;;M_score_pred_Episuite;6,69725E+14;6,69725E+14;kemi_score;68;3,42061E+14;10;;;3,42061E+14;10;5,76638E+14;10;4,44123E+14;10;5,76638E+14;5;4,44123E+14;10;;PM;;PM;Priority group;Ar N, Nh0, Aryl Methyl, Bicyclic, Imidazole;['Aromatic amines', 'Cyclohexanes', 'Imidazoles', 'Pyrimidines', 'Triazines']
4-Toluenesulfonic acid;104-15-4;;JOXIMZWYDAKGHI-UHFFFAOYSA-N;Cc1ccc(cc1)[S](O)(=O)=O;;;PRO-451;NS00010519;;FALS;;;;FALS;FALS;;;FALS;FALS;FALS;FALS;FALS;FALS;FALS;FALS;FALS;FALS;FALS;FALS;FALS;FALS;FALS;CERT;FALS;FALS;;;;CERT;CERT;FALS;CERT;CERT;CERT;CERT;CERT;CERT;FALS;CERT;CERT;CERT;CERT;CERT;FALS;CERT;CERT;FALS;FALS;FALS;FALS;FALS;FALS;FALS;;;;;;;;;;5822;;1929448178;;;;;;;7775796;;84;46;58;>10000 to < 100000 tonnes;100000;1000000;1;0;0;0;0;0;0;1;0;0;0;0;0;1;1;0;0;0;0;1;1;0;1;0;0;0;0;0;0;0;1;1;0;0;0;0;0;0;0;0;0;0;0;0;0;0;0;0;0;0;1;1;0;0;1;0;0;1;1;1;0;0;1;0;1;;1,25705E+14;;;;;7,27652E+14;;CERT;0;0;0;0;8,822E+14;low ;262;10100;low ;7;172600;good ;10;1,3116E+14;4,7231E+14;4,99464E+14;1,42445E+14;1,74332E+14;;;P_score_freshwater_pred_RIVM;1,25705E+14;1,25705E+14;;;M_score_pred_Episuite;7,27652E+14;7,27652E+14;kemi_score;84;3,02439E+14;10;;;3,02439E+14;10;1,74332E+14;5;2,51701E+14;75;1,74332E+14;25;2,51701E+14;75;;;;;3;Aryl Methyl, Benzene;['PAHs']
Bis(2,4,4-trimethylpentyl)phosphinic acid;83411-71-6;;QUXFOKCUIZCKGS-UHFFFAOYSA-N;CC(CC(C)(C)C)C[P](O)(=O)CC(C)CC(C)(C)C;;;PRO-452;;;CERT;;;;FALS;FALS;;;FALS;FALS;FALS;FALS;FALS;FALS;FALS;FALS;FALS;FALS;FALS;FALS;FALS;FALS;FALS;FALS;FALS;FALS;;;;CERT;CERT;CERT;FALS;FALS;FALS;CERT;FALS;FALS;FALS;CERT;FALS;FALS;FALS;FALS;FALS;FALS;FALS;FALS;FALS;FALS;FALS;FALS;FALS;FALS;;;;;;;;;;39877;;8381391501;;;;;;;56803;2;41;22;33;>100 to < 1000 tonnes;1000;10000;0;0;0;0;0;0;0;0;0;0;0;0;0;0;0;0;0;0;0;0;0;0;0;0;0;0;0;0;0;0;0;0;0;0;0;0;0;0;1;0;0;0;0;1;0;0;0;0;0;0;0;0;0;0;0;0;1;0;0;0;0;0;0;0;0;;6,39089E+14;;;;;2,01368E+14;;FALS;0;0;0;0;1044;low ;256;4874;low ;241;11100;low ;249;5,611E+14;6,3692E+13;1,17253E+14;4,54198E+14;5,98023E+14;;;P_score_freshwater_pred_RIVM;6,39089E+14;6,39089E+14;;;M_score_pred_Episuite;2,01368E+14;2,01368E+14;kemi_score;41;3,58736E+14;10;;;3,58736E+14;10;3,45839E+14;10;3,52229E+14;10;3,45839E+14;5;3,52229E+14;10;;PM;;PM;;Unknown;['Organophosphates']
Tebuconazole;107534-96-3;;PXMNMQRDXWABCY-UHFFFAOYSA-N;CC(C)(C)C(O)(CCc1ccc(Cl)cc1)Cn2cncn2;;;PRO-453;NS00000280;;FALS;;;;FALS;FALS;;;FALS;FALS;FALS;FALS;FALS;FALS;FALS;FALS;FALS;FALS;FALS;FALS;FALS;FALS;FALS;FALS;FALS;FALS;;;;FALS;FALS;FALS;FALS;FALS;FALS;FALS;FALS;FALS;FALS;FALS;FALS;FALS;FALS;FALS;FALS;FALS;FALS;FALS;FALS;FALS;FALS;FALS;FALS;FALS;;;;;;;;;;26331;;1564395324;;;;;;;24;39;71;0;0;;;;0;0;0;0;0;0;0;0;0;0;0;0;0;0;0;0;0;0;0;0;0;0;0;0;0;0;0;0;0;0;0;0;0;0;0;0;0;0;0;0;0;0;0;0;0;0;0;0;0;0;0;0;0;0;0;0;0;0;0;0;0;0;0;0;0;;8,37299E+13;;;;;3,92019E+14;;CERT;0;0;0;0;748;low ;252;1956;low ;253;3462;low ;253;6,50171E+14;9,18403E+14;1,33091E+13;7,31468E+14;6,93946E+14;;;P_score_freshwater_pred_RIVM;8,37299E+13;8,37299E+13;;;M_score_pred_Episuite;3,92019E+14;3,92019E+14;kemi_score;71;5,7292E+13;10;;;5,7292E+13;10;5,2023E+14;10;5,4594E+14;10;5,2023E+14;5;5,4594E+14;10;;PM;;PM;2;Al Oh, Ar N, Nh0, Aryl Methyl, Benzene, Halogen;['Alkylphenols', 'Aromatic amines', 'Chlorobenzenes', 'PAHs', 'PBB']
"2-Hydroxybenzothiazole; Benzothiazolone";934-34-9;;YEDUAINPPJYDJZ-UHFFFAOYSA-N;Oc1sc2ccccc2n1.O=s3cnc4ccccc34;;;PRO-454;NS00008199;;FALS;;;;FALS;FALS;;;FALS;FALS;FALS;FALS;FALS;FALS;FALS;FALS;FALS;FALS;FALS;FALS;FALS;FALS;FALS;FALS;FALS;FALS;;;;FALS;FALS;FALS;FALS;FALS;FALS;FALS;FALS;FALS;FALS;FALS;FALS;FALS;FALS;FALS;FALS;FALS;FALS;FALS;FALS;FALS;FALS;FALS;FALS;FALS;;;;;;;;;;24416;;1800347279;;;;;;;140;42;46;;;;;;0;0;0;0;0;0;0;0;0;0;0;0;0;0;0;0;0;0;0;0;0;0;0;0;0;0;0;0;0;0;0;0;0;0;0;0;0;0;0;0;0;0;0;0;0;0;0;0;0;0;0;0;0;0;0;0;0;0;0;0;0;0;0;0;0;;1,13259E+14;;;;;4,24068E+14;;FALS;0;0;0;0;11300;low ;262;11000;low ;673;15800;low ;404;2,41197E+13;4,55905E+14;4,50848E+14;3,92163E+14;2,90568E+14;;;P_score_freshwater_pred_RIVM;1,13259E+14;1,13259E+14;;;M_score_pred_Episuite;4,24068E+14;4,24068E+14;kemi_score;46;2,19157E+14;10;;;2,19157E+14;10;3,4934E+14;10;2,76695E+14;10;3,4934E+14;5;2,76695E+14;10;;;;;1;Ar N, Ar Oh, Imine, Nh0, Benzene, Bicyclic, Para Hydroxylation, Thiazole;['Alkylphenols', 'Aromatic amines', 'Cyclohexanes']
Metolachlor;51218-45-2;;WVQBLGZPHOPPFO-UHFFFAOYSA-N;CCc1cccc(C)c1N(C(C)COC)C(=O)CCl;;;PRO-455;NS00000248;;FALS;;;;FALS;FALS;;;FALS;FALS;FALS;FALS;FALS;FALS;FALS;FALS;FALS;FALS;FALS;FALS;FALS;FALS;FALS;FALS;FALS;FALS;;;;FALS;FALS;FALS;FALS;FALS;FALS;FALS;FALS;FALS;FALS;FALS;FALS;FALS;FALS;FALS;FALS;FALS;FALS;FALS;FALS;FALS;FALS;FALS;FALS;FALS;;;;;;;;;;23914;;7556626632;;;;;;;2;43;42;;;;;;0;0;0;0;0;0;0;0;0;0;0;0;0;0;0;0;0;0;0;0;0;0;0;0;0;0;0;0;0;0;0;0;0;0;0;0;0;0;0;0;0;0;0;0;0;0;0;0;0;0;0;0;0;0;0;0;0;0;0;0;0;0;0;0;0;;5,97323E+14;;;;;4,32589E+14;;FALS;0;0;0;0;738;low ;316;4094;moderate ;85;1,234E+14;low ;7;6,67959E+14;6,83607E+14;1,33767E+14;1,09944E+14;7,11254E+14;;;P_score_freshwater_pred_RIVM;5,97323E+14;5,97323E+14;;;M_score_pred_Episuite;4,32589E+14;4,32589E+14;kemi_score;42;5,08326E+12;10;;;5,08326E+12;10;5,53027E+14;10;5,30206E+14;10;5,53027E+14;5;5,30206E+14;10;;PM;;PM;2;C O, C O Nocoo, Nh0, Alkyl Halide, Amide, Aniline, Aryl Methyl, Benzene, Ether, Halogen, Methoxy, Para Hydroxylation;['Chlorinated alkane', 'Chlorobenzenes', 'Ethylene Glycols', 'PAHs', 'PBB', 'PBDE', 'PhenylEthers']
Tetrapropylammonium;13010-31-6;;OSBSFAARYOCBHB-UHFFFAOYSA-N;CCC[N+](CCC)(CCC)CCC;;;PRO-456;;;FALS;;;;FALS;FALS;;;FALS;FALS;FALS;FALS;FALS;FALS;FALS;FALS;FALS;FALS;FALS;FALS;FALS;FALS;FALS;FALS;FALS;FALS;;;;FALS;FALS;FALS;FALS;FALS;FALS;FALS;FALS;FALS;FALS;FALS;FALS;FALS;FALS;FALS;FALS;FALS;FALS;FALS;FALS;FALS;FALS;FALS;FALS;FALS;;;;;;;;;;;;;;;;;;;2055384;;2;;;;;;0;0;0;0;0;0;0;0;0;0;0;0;0;0;0;0;0;0;0;0;0;0;0;0;0;0;0;0;0;0;0;0;0;0;0;0;0;0;0;0;0;0;0;0;0;0;0;0;0;0;0;0;0;0;0;0;0;0;0;0;0;0;0;0;0;;;;;;;;;FALS;0;0;0;0;3,176E+14;low ;394;92100;low ;666;25300;low ;666;2,12003E+14;1,86285E+14;7,57265E+14;3,21981E+14;2,4191E+14;;;;;;;;;;;kemi_score;2;;;;;;;2,4191E+14;5;2,4191E+14;25;2,4191E+14;25;2,4191E+14;25;;;;;1;Nh0, Quatn;['Organotins']
Propiconazole;60207-90-1;;STJLVHWMYQXCPB-UHFFFAOYSA-N;CCCC1COC(Cn2cncn2)(O1)c3ccc(Cl)cc3Cl;;;PRO-457;NS00000220;;FALS;;;;FALS;FALS;;;FALS;FALS;FALS;FALS;FALS;FALS;FALS;FALS;FALS;FALS;FALS;FALS;FALS;FALS;FALS;FALS;FALS;FALS;;;;FALS;FALS;CERT;FALS;FALS;FALS;FALS;FALS;FALS;FALS;CERT;FALS;FALS;FALS;FALS;FALS;FALS;FALS;FALS;FALS;FALS;FALS;FALS;FALS;FALS;;;;;;;;;;28744;;1604576991;;;;;;;14;35;69;18;27;>100 to < 1000 tonnes;1000;10000;0;0;0;0;0;0;0;0;0;0;0;0;0;0;0;0;0;0;0;0;0;0;0;0;0;0;0;0;0;0;0;0;0;0;0;0;0;0;0;0;0;0;0;0;0;0;0;0;0;0;0;0;0;0;0;0;0;0;0;0;0;0;0;0;0;;8,43119E+14;;;;;3,52952E+14;;CERT;0;0;75;0;282;low ;247;2,153E+14;low ;291;1997;low ;247;4,63533E+14;8,8423E+14;1,89963E+13;9,10917E+14;5,35399E+14;;;P_score_freshwater_pred_RIVM;8,43119E+14;8,43119E+14;;;M_score_pred_Episuite;3,52952E+14;3,52952E+14;kemi_score;69;5,4551E+13;10;;;5,4551E+13;10;4,32885E+14;10;4,85946E+14;10;4,32885E+14;5;4,85946E+14;10;;PM;;PM;3;Ar N, Nh0, Benzene, Ether, Halogen;['Aromatic amines', 'Chlorobenzenes', 'Ethylene Glycols', 'PBB', 'PBDE', 'PCB', 'PhenylEthers']
N-Ethyl-4-menthane-3-carboxamide;39711-79-0;;VUNOFAIHSALQQH-UHFFFAOYSA-N;CCNC(=O)C1CC(C)CCC1C(C)C;;;PRO-458;NS00013664;;FALS;;;;FALS;FALS;;;FALS;FALS;FALS;FALS;FALS;FALS;FALS;FALS;FALS;FALS;FALS;FALS;FALS;FALS;FALS;CERT;CERT;CERT;;;;CERT;CERT;CERT;CERT;CERT;CERT;CERT;FALS;FALS;FALS;CERT;CERT;CERT;FALS;FALS;CERT;FALS;FALS;FALS;FALS;FALS;FALS;CERT;CERT;FALS;;;;;;;;;;30069;;2895627287;;;;;;;133146;33;61;26;39;>100 to < 1000 tonnes;1000;10000;1;0;0;1;0;0;1;0;0;0;0;0;0;0;0;0;0;0;0;0;0;0;0;0;0;0;1;0;0;1;0;0;0;1;0;0;0;1;0;0;0;0;0;0;0;1;0;0;0;0;0;1;0;0;0;0;0;0;0;0;0;0;0;0;0;;2,23484E+14;;;;;3,32271E+14;;FALS;0;0;0;0;3866;low ;6;15800;moderate ;85;3889;low ;7;4,68958E+13;3,92163E+14;6,99627E+14;6,97953E+14;5,11668E+13;;;P_score_freshwater_pred_RIVM;2,23484E+14;2,23484E+14;;;M_score_pred_Episuite;3,32271E+14;3,32271E+14;kemi_score;61;2,72502E+14;10;;;2,72502E+14;10;4,10914E+14;10;3,34627E+14;10;4,10914E+14;5;3,34627E+14;10;;;;;1;C O, C O Nocoo, Nh1, Amide;['Other']
Benzyl-triethylammonium;16652-03-2;;VBQDSLGFSUGBBE-UHFFFAOYSA-N;CC[N+](CC)(CC)Cc1ccccc1;;;PRO-459;NS00013405;;FALS;;;;FALS;FALS;;;FALS;FALS;FALS;FALS;FALS;FALS;FALS;FALS;FALS;FALS;FALS;FALS;FALS;FALS;FALS;FALS;FALS;FALS;;;;FALS;FALS;FALS;FALS;FALS;FALS;FALS;FALS;FALS;FALS;FALS;FALS;FALS;FALS;FALS;FALS;FALS;FALS;FALS;FALS;FALS;FALS;FALS;FALS;FALS;;;;;;;;;;;;;;;;;;;894826;;;;;;;;0;0;0;0;0;0;0;0;0;0;0;0;0;0;0;0;0;0;0;0;0;0;0;0;0;0;0;0;0;0;0;0;0;0;0;0;0;0;0;0;0;0;0;0;0;0;0;0;0;0;0;0;0;0;0;0;0;0;0;0;0;0;0;0;0;;;;;;;;;FALS;0;0;0;0;6965;low ;308;87600;low ;423;19700;low ;7;2,78535E+14;1,90304E+14;5,50484E+14;3,57615E+14;3,07923E+14;;;;;;;;;;;;;;;;;;;3,07923E+14;5;3,07923E+14;25;3,07923E+14;25;3,07923E+14;25;;;;;3;Nh0, Benzene, Quatn;['Organotins']
Naphthalene-2-sulfonic acid;120-18-3;;KVBGVZZKJNLNJU-UHFFFAOYSA-N;O[S](=O)(=O)c1ccc2ccccc2c1;;;PRO-460;;;FALS;;;;FALS;FALS;;;FALS;FALS;FALS;FALS;FALS;FALS;FALS;FALS;FALS;FALS;FALS;FALS;FALS;FALS;FALS;CERT;CERT;CERT;;;;CERT;CERT;CERT;CERT;CERT;CERT;CERT;FALS;FALS;FALS;CERT;CERT;CERT;CERT;CERT;CERT;CERT;CERT;FALS;FALS;FALS;FALS;CERT;FALS;FALS;;;;;;;;;;12736;;1947600356;;;;;;;340;;49;52;65;>10000 to < 100000 tonnes;100000;1000000;1;1;0;0;0;0;0;1;1;1;0;1;0;1;0;0;0;1;1;0;1;1;0;0;1;0;0;0;0;1;1;0;1;1;0;0;0;0;0;0;0;0;1;0;0;0;1;1;1;1;1;1;0;1;1;1;0;0;0;0;0;1;0;0;1;;1,27474E+14;;;;;6,23282E+14;;FALS;0;0;0;0;1598;low ;257;8397;moderate ;85;18900;moderate ;85;1,77777E+14;5,09738E+14;9,94298E+14;3,63876E+14;2,33381E+14;;;P_score_freshwater_pred_RIVM;1,27474E+14;1,27474E+14;;;M_score_pred_Episuite;6,23282E+14;6,23282E+14;E_score_max;65;2,81873E+14;10;;;2,81873E+14;10;2,33381E+14;5;2,64682E+14;75;2,33381E+14;25;2,64682E+14;75;;;;;3;Benzene, Bicyclic;['Cyclohexanes']
Fludioxonil;131341-86-1;;MUJOIMFVNIBMKC-UHFFFAOYSA-N;FC1(F)Oc2cccc(c2O1)c3c[nH]cc3C#N;;;PRO-461;NS00011514;;FALS;;;;FALS;FALS;;;FALS;FALS;FALS;FALS;FALS;FALS;FALS;FALS;FALS;FALS;FALS;FALS;FALS;FALS;FALS;FALS;FALS;FALS;;;;FALS;FALS;FALS;FALS;FALS;FALS;FALS;FALS;FALS;FALS;FALS;FALS;FALS;FALS;FALS;FALS;FALS;FALS;FALS;FALS;FALS;FALS;FALS;FALS;FALS;;;;;;;;;;3708;;680372478;;;;;;;1;;61;;;;;;0;0;0;0;0;0;0;0;0;0;0;0;0;0;0;0;0;0;0;0;0;0;0;0;0;0;0;0;0;0;0;0;0;0;0;0;0;0;0;0;0;0;0;0;0;0;0;0;0;0;0;0;0;0;0;0;0;0;0;0;0;0;0;0;0;;5,5352E+14;;;;;2,34353E+14;;CERT;0;0;0;0;295;low ;203;73300;low ;362;2969;low ;363;7,31059E+14;2,05304E+14;1,8697E+14;7,78008E+14;7,50102E+14;;;P_score_freshwater_pred_RIVM;5,5352E+14;5,5352E+14;;;M_score_pred_Episuite;2,34353E+14;2,34353E+14;kemi_score;61;3,60165E+14;10;;;3,60165E+14;10;7,50102E+14;5;4,59947E+14;75;7,50102E+14;25;4,59947E+14;75;;PM(T);(T);PM(T);4;Ar N, Ar Nh, Nh0, Nh1, Nhpyrrole, Alkyl Halide, Benzene, Bicyclic, Ether, Halogen, Nitrile, Para Hydroxylation;['Aromatic amines', 'Chlorobenzenes', 'Cyclohexanes', 'Ethylene Glycols', 'HBCDDs', 'PBB', 'PBDE', 'PCB', 'PhenylEthers', 'PFAS']
Bentazone;25057-89-0;;ZOMSMJKLGFBRBS-UHFFFAOYSA-N;CC(C)N1C(=O)c2ccccc2N[S]1(=O)=O;;;PRO-462;NS00000236;;FALS;;;;FALS;FALS;;;FALS;FALS;FALS;FALS;FALS;FALS;FALS;FALS;FALS;FALS;FALS;FALS;FALS;FALS;FALS;FALS;FALS;FALS;;;;FALS;FALS;FALS;FALS;FALS;FALS;FALS;FALS;FALS;FALS;FALS;FALS;FALS;FALS;FALS;FALS;FALS;FALS;FALS;FALS;FALS;FALS;FALS;FALS;FALS;;;;;;;;;;21082;;2950943111;;;;;;;2700;48;62;;;;;;0;0;0;0;0;0;0;0;0;0;0;0;0;0;0;0;0;0;0;0;0;0;0;0;0;0;0;0;0;0;0;0;0;0;0;0;0;0;0;0;0;0;0;0;0;0;0;0;0;0;0;0;0;0;0;0;0;0;0;0;0;0;0;0;0;;2,29148E+14;;;;;4,81259E+14;;CERT;0;0;0;0;1928;low ;208;5726;low ;262;21400;low ;307;8,08121E+14;5,96448E+14;9,23639E+14;3,45424E+14;1,48452E+14;;;P_score_freshwater_pred_RIVM;2,29148E+14;2,29148E+14;;;M_score_pred_Episuite;4,81259E+14;4,81259E+14;kemi_score;62;3,32084E+14;10;;;3,32084E+14;10;2,6694E+14;10;2,97735E+14;10;2,6694E+14;5;2,97735E+14;10;;PM;;PM;2;C O, C O Nocoo, Nh0, Nh1, Amide, Aniline, Benzene, Bicyclic, Para Hydroxylation;['Cyclohexanes']
1-(o-Tolyl)-biguanide;93-69-6;;SQZCAOHYQSOZCE-UHFFFAOYSA-N;Cc1ccccc1NC(=N)NC(N)=N;;;PRO-463;NS00009458;;FALS;;;;FALS;FALS;;;FALS;FALS;FALS;FALS;FALS;FALS;FALS;FALS;FALS;FALS;FALS;FALS;FALS;FALS;FALS;FALS;FALS;CERT;;;;CERT;FALS;CERT;FALS;FALS;CERT;CERT;FALS;FALS;FALS;CERT;CERT;FALS;FALS;FALS;FALS;FALS;FALS;FALS;FALS;FALS;FALS;CERT;FALS;FALS;;;;;;;;;;4836;;276425736;;;;;;;263896;74;67;12;23;>10 to < 100 tonnes;100;1000;1;0;0;0;0;0;0;1;0;0;0;0;0;1;1;0;0;0;0;0;0;0;0;0;0;0;0;0;0;0;1;0;1;0;0;0;0;0;0;0;0;0;0;0;0;0;1;0;0;0;0;0;0;0;1;0;0;1;0;0;0;0;0;0;0;;2,10013E+14;;;;;7,40984E+14;;FALS;0;0;0;0;2821;low ;245;94200;moderate ;85;137500;low ;7;3,96174E+14;1,84503E+14;7,94091E+14;1,56995E+14;4,12157E+14;;;P_score_freshwater_pred_RIVM;2,10013E+14;2,10013E+14;;;M_score_pred_Episuite;7,40984E+14;7,40984E+14;kemi_score;67;3,94482E+14;10;;;3,94482E+14;10;5,52264E+14;10;4,66753E+14;10;5,52264E+14;5;4,66753E+14;10;;PM;;PM;2;Nh1, Nh2, Aniline, Aryl Methyl, Benzene, Guanido, Para Hydroxylation;['Aromatic amines', 'PAHs']
Tripropyl phosphate;513-08-6;;RXPQRKFMDQNODS-UHFFFAOYSA-N;CCCO[P](=O)(OCCC)OCCC;;;PRO-464;NS00006875;;FALS;;;;FALS;FALS;;;FALS;FALS;FALS;FALS;FALS;FALS;FALS;FALS;FALS;FALS;FALS;FALS;FALS;FALS;FALS;FALS;FALS;FALS;;;;FALS;FALS;FALS;FALS;FALS;FALS;FALS;FALS;FALS;FALS;FALS;FALS;FALS;FALS;FALS;FALS;FALS;FALS;FALS;FALS;FALS;FALS;FALS;FALS;FALS;;;;;;;;;;20628;;2040159073;;;;;;;231887;;24;;;;;;0;0;0;0;0;0;0;0;0;0;0;0;0;0;0;0;0;0;0;0;0;0;0;0;0;0;0;0;0;0;0;0;0;0;0;0;0;0;0;0;0;0;0;0;0;0;0;0;0;0;0;0;0;0;0;0;0;0;0;0;0;0;0;0;0;;1,36567E+13;;;;;4,89119E+14;;FALS;0;0;0;0;1779;low ;301;21200;moderate ;85;75100;low ;0;4,09683E+14;3,46787E+13;9,53343E+14;2,03196E+14;4,35209E+14;;;P_score_freshwater_pred_RIVM;1,36567E+13;1,36567E+13;;;M_score_pred_Episuite;4,89119E+14;4,89119E+14;kemi_score;24;2,58452E+14;10;;;2,58452E+14;10;4,35209E+14;5;3,07482E+14;75;4,35209E+14;25;3,07482E+14;75;;;;;;Phos Acid, Phos Ester;['Organophosphates']
Phthalic acid;88-99-3;;XNGIFLGASWRNHJ-UHFFFAOYSA-N;OC(=O)c1ccccc1C(O)=O;;;PRO-465;NS00008610;;FALS;;;;FALS;FALS;;;FALS;FALS;FALS;FALS;FALS;FALS;FALS;FALS;FALS;FALS;FALS;FALS;FALS;FALS;FALS;FALS;FALS;FALS;;;;CERT;FALS;FALS;FALS;FALS;CERT;CERT;FALS;FALS;FALS;CERT;FALS;FALS;FALS;FALS;FALS;FALS;FALS;FALS;FALS;FALS;FALS;FALS;FALS;FALS;;;;;;;;;;5595;;1521387808;;;;;;;10811298;;5;22;33;>100 to < 1000 tonnes;1000;10000;0;0;0;0;0;0;0;0;0;0;0;0;0;0;0;0;0;0;0;1;0;1;0;0;0;0;0;0;0;0;0;0;0;0;0;0;0;0;0;0;0;0;0;0;0;0;1;0;0;0;0;0;0;0;0;0;0;0;0;0;0;0;0;0;0;;8,74095E+14;;;;;7,30759E+14;;FALS;0;0;0;0;13100;low ;67;19600;moderate ;85;68000;low ;7;1,15692E+14;3,58378E+14;4,24004E+14;2,11962E+14;1,55314E+14;;;P_score_freshwater_pred_RIVM;8,74095E+14;8,74095E+14;;;M_score_pred_Episuite;7,30759E+14;7,30759E+14;kemi_score;5;2,52736E+14;10;;;2,52736E+14;10;1,55314E+14;5;2,14873E+14;75;1,55314E+14;25;2,14873E+14;75;;;;;3;Ar Coo, Coo, Coo2, C O, Benzene;['Alkylphenols']
Tetraethylammonium;66-40-0;;CBXCPBUEXACCNR-UHFFFAOYSA-N;CC[N+](CC)(CC)CC;;;PRO-466;;;FALS;;;;FALS;FALS;;;FALS;FALS;FALS;FALS;FALS;FALS;FALS;FALS;FALS;FALS;FALS;FALS;FALS;FALS;FALS;FALS;FALS;FALS;;;;FALS;FALS;FALS;FALS;FALS;FALS;FALS;FALS;FALS;FALS;FALS;FALS;FALS;FALS;FALS;FALS;FALS;FALS;FALS;FALS;FALS;FALS;FALS;FALS;FALS;;;;;;;;;;;;;;;;;;;4,21279E+14;;;;;;;;0;0;0;0;0;0;0;0;0;0;0;0;0;0;0;0;0;0;0;0;0;0;0;0;0;0;0;0;0;0;0;0;0;0;0;0;0;0;0;0;0;0;0;0;0;0;0;0;0;0;0;0;0;0;0;0;0;0;0;0;0;0;0;0;0;;;;;;;;;FALS;0;0;0;0;44600;low ;379;108400;moderate ;85;45500;low ;625;1,64576E+14;1,73778E+14;2,53491E+14;2,51356E+14;1,91357E+14;;;;;;;;;;;;;;;;;;;1,91357E+14;5;1,91357E+14;25;1,91357E+14;25;1,91357E+14;25;;;;;2;Nh0, Quatn;['Organotins']
Fluxapyroxad;907204-31-3;;SXSGXWCSHSVPGB-UHFFFAOYSA-N;Cn1cc(C(=O)Nc2ccccc2-c2cc(F)c(F)c(F)c2)c(n1)C(F)F;;;PRO-467;NS00006403;;FALS;;;;FALS;FALS;;;FALS;FALS;FALS;FALS;FALS;FALS;FALS;FALS;FALS;FALS;FALS;FALS;FALS;FALS;FALS;FALS;FALS;FALS;;;;FALS;FALS;FALS;FALS;FALS;FALS;FALS;FALS;FALS;FALS;FALS;FALS;FALS;FALS;FALS;FALS;FALS;FALS;FALS;FALS;FALS;FALS;FALS;FALS;FALS;;;;;;;;;;;;;;;;;;;36;;31;;;;;;0;0;0;0;0;0;0;0;0;0;0;0;0;0;0;0;0;0;0;0;0;0;0;0;0;0;0;0;0;0;0;0;0;0;0;0;0;0;0;0;0;0;0;0;0;0;0;0;0;0;0;0;0;0;0;0;0;0;0;0;0;0;0;0;0;;;;;;;;;CERT;0;0;0;0;353;low ;198;1746;low ;192;849;low ;0;3,64403E+14;9,60379E+14;1,75408E+14;1,26872E+14;4,6798E+13;;;;;;;;;;;kemi_score;31;;;;;;;4,6798E+13;5;4,6798E+13;25;4,6798E+13;25;4,6798E+13;25;;;;;2;Ar N, C O, C O Nocoo, Nh0, Nh1, Alkyl Halide, Amide, Aniline, Aryl Methyl, Benzene, Halogen, Para Hydroxylation;['Chlorobenzenes', 'PAHs', 'PBB', 'PCB', 'PFAS']
Pyrimethanil;53112-28-0;;ZLIBICFPKPWGIZ-UHFFFAOYSA-N;Cc1cc(C)nc(Nc2ccccc2)n1;;;PRO-468;NS00000363;;FALS;;;;FALS;FALS;;;FALS;FALS;FALS;FALS;FALS;FALS;FALS;FALS;FALS;FALS;FALS;FALS;FALS;FALS;FALS;FALS;FALS;FALS;;;;FALS;FALS;FALS;FALS;FALS;FALS;FALS;FALS;FALS;FALS;FALS;FALS;FALS;FALS;FALS;FALS;FALS;FALS;FALS;FALS;FALS;FALS;FALS;FALS;FALS;;;;;;;;;;28512;;4127482174;;;;;;;15;36;58;;;;;;0;0;0;0;0;0;0;0;0;0;0;0;0;0;0;0;0;0;0;0;0;0;0;0;0;0;0;0;0;0;0;0;0;0;0;0;0;0;0;0;0;0;0;0;0;0;0;0;0;0;0;0;0;0;0;0;0;0;0;0;0;0;0;0;0;;3,45356E+14;;;;;3,56633E+14;;CERT;0;0;0;0;1481;low ;524;4905;low ;565;5128;low ;686;4,56091E+14;6,3528E+14;1,02426E+14;6,23889E+14;5,07868E+14;;;P_score_freshwater_pred_RIVM;3,45356E+14;3,45356E+14;;;M_score_pred_Episuite;3,56633E+14;3,56633E+14;kemi_score;58;3,5095E+14;10;;;3,5095E+14;10;4,27589E+13;10;3,87379E+13;10;4,27589E+13;5;3,87379E+13;10;;PM;;PM;2;Ar N, Nh0, Nh1, Aniline, Aryl Methyl, Benzene, Para Hydroxylation;['Aromatic amines', 'PAHs', 'Triazines']
Terbuthylazine;5915-41-3;;FZXISNSWEXTPMF-UHFFFAOYSA-N;CCNc1nc(Cl)nc(NC(C)(C)C)n1;;;PRO-469;NS00000258;;FALS;;;;FALS;FALS;;;FALS;FALS;FALS;FALS;FALS;FALS;FALS;FALS;FALS;FALS;FALS;FALS;FALS;FALS;FALS;FALS;FALS;FALS;;;;FALS;FALS;FALS;FALS;FALS;FALS;FALS;FALS;FALS;FALS;FALS;FALS;FALS;FALS;FALS;FALS;FALS;FALS;FALS;FALS;FALS;FALS;FALS;FALS;FALS;;;;;;;;;;24899;;1745325267;;;;;;;22;42;66;;;;;;0;0;0;0;0;0;0;0;0;0;0;0;0;0;0;0;0;0;0;0;0;0;0;0;0;0;0;0;0;0;0;0;0;0;0;0;0;0;0;0;0;0;0;0;0;0;0;0;0;0;0;0;0;0;0;0;0;0;0;0;0;0;0;0;0;;8,61208E+14;;;;;4,15913E+13;;CERT;0;0;0;0;1091;low ;313;24500;low ;399;14200;low ;469;6,58716E+13;3,26358E+14;1,15288E+14;4,10012E+14;6,7768E+14;;;P_score_freshwater_pred_RIVM;8,61208E+14;8,61208E+14;;;M_score_pred_Episuite;4,15913E+13;4,15913E+13;kemi_score;66;5,98488E+14;10;;;5,98488E+14;10;5,33503E+14;10;5,65062E+13;10;5,33503E+14;5;5,65062E+13;10;;PM;;PM;4;Ar N, Nh0, Nh1, Aniline, Halogen;['Aromatic amines']
Brilliant Blue FCF;3844-45-9;;CTRXDTYTAAKVSM-UHFFFAOYSA-O;[Na+].[Na+].CCN(Cc1cccc(c1)[S]([O-])(=O)=O)c2ccc(cc2)[C+](c3ccc(cc3)N(CC)Cc4cccc(c4)[S]([O-])(=O)=O)c5ccccc5[S]([O-])(=O)=O;;;PRO-470;NS00005570;;FALS;;;;FALS;FALS;;;FALS;FALS;FALS;FALS;FALS;FALS;FALS;FALS;FALS;FALS;FALS;FALS;FALS;FALS;FALS;CERT;CERT;CERT;;;;CERT;CERT;CERT;CERT;CERT;CERT;CERT;CERT;CERT;CERT;CERT;CERT;CERT;FALS;CERT;CERT;CERT;CERT;FALS;FALS;FALS;FALS;CERT;FALS;FALS;;;;;;;;;;19938;;190732875;;;;;;;2564;;8;26;39;>100 to < 1000 tonnes;1000;10000;1;1;1;1;1;1;1;1;1;1;1;1;1;1;1;1;1;1;0;1;1;1;1;1;1;1;1;1;1;1;1;1;1;1;1;1;1;1;1;1;1;0;1;0;0;1;1;1;1;1;1;1;0;1;1;1;1;1;1;1;1;1;1;1;1;;8,78372E+14;;;;;5,01074E+14;;FALS;0;0;0;0;2377;low ;0;34;low ;172;9756;low ;0;8,30768E+14;3,70172E+14;8,5019E+14;4,79129E+13;8,87895E+14;;;P_score_freshwater_pred_RIVM;8,78372E+14;8,78372E+14;;;M_score_pred_Episuite;5,01074E+14;5,01074E+14;kemi_score;8;6,63423E+14;10;;;6,63423E+14;10;8,87895E+14;5;7,31107E+14;75;8,87895E+14;25;7,31107E+14;75;;PM(T);(T);PM(T);3;Nh0, Aniline, Benzene;['Aromatic amines']
Dibenzylamine;103-49-1;;BWLUMTFWVZZZND-UHFFFAOYSA-N;C(NCc1ccccc1)c2ccccc2;;;PRO-471;NS00007138;;FALS;;;;FALS;FALS;;;FALS;FALS;FALS;FALS;FALS;FALS;FALS;FALS;FALS;FALS;FALS;FALS;FALS;FALS;FALS;FALS;FALS;FALS;;;;CERT;CERT;CERT;FALS;FALS;FALS;CERT;FALS;FALS;FALS;FALS;FALS;FALS;FALS;FALS;FALS;FALS;FALS;FALS;FALS;FALS;FALS;FALS;FALS;FALS;;;;;;;;;;959;;2259743416;;;;;;;323321;67;47;0;0;;;;1;0;0;0;0;0;0;0;0;0;0;0;0;0;0;0;0;0;1;0;0;0;0;0;0;0;0;0;0;0;0;0;0;0;0;0;0;0;0;0;0;1;0;0;0;0;0;0;0;0;1;1;0;0;0;0;0;0;0;0;0;0;0;0;0;;1,58511E+14;;;;;6,72952E+14;;FALS;0;0;0;0;1918;low ;398;2715;low ;502;1882;moderate ;85;3,75279E+14;8,06336E+14;9,25534E+14;9,32469E+14;4,55971E+14;;;P_score_freshwater_pred_RIVM;1,58511E+14;1,58511E+14;;;M_score_pred_Episuite;6,72952E+14;6,72952E+14;kemi_score;47;3,26604E+14;10;;;3,26604E+14;10;5,52721E+14;10;4,24877E+14;10;5,52721E+14;5;4,24877E+14;10;;;;;;Nh1, Benzene;['Other']
Mecoprop;7085-19-0;;WNTGYJSOUMFZEP-UHFFFAOYSA-N;CC(Oc1ccc(Cl)cc1C)C(O)=O;;;PRO-472;;;FALS;;;;FALS;FALS;;;FALS;FALS;FALS;FALS;FALS;FALS;FALS;FALS;FALS;FALS;FALS;FALS;FALS;FALS;FALS;FALS;FALS;FALS;;;;FALS;CERT;CERT;FALS;FALS;FALS;CERT;FALS;FALS;FALS;FALS;FALS;FALS;FALS;FALS;FALS;FALS;FALS;FALS;FALS;FALS;FALS;FALS;FALS;FALS;;;;;;;;;;19817;;2516180323;;;;;;;;;;0;0;>1000 to < 10000 tonnes;10000;100000;0;0;0;0;0;0;0;0;0;0;0;0;0;0;0;0;0;0;0;0;0;0;0;0;0;0;0;0;0;0;0;0;0;0;0;0;0;0;0;0;0;0;0;0;0;0;0;0;0;0;1;0;0;0;0;0;0;0;0;0;0;0;0;0;0;;1,84584E+14;;;;;5,03171E+14;;FALS;0;0;0;0;3355;low ;69;4561;low ;7;5,657E+14;low ;7;;6,54328E+14;7,40766E+14;5,99408E+14;1,32565E+14;;;P_score_freshwater_pred_RIVM;1,84584E+14;1,84584E+14;;;M_score_pred_Episuite;5,03171E+14;5,03171E+14;E_score_min;0;3,04758E+14;10;;;3,04758E+14;10;1,32565E+14;5;2,30912E+14;75;1,32565E+14;25;2,30912E+14;75;;;;;4;Al Coo, Coo, Coo2, C O, Aryl Methyl, Benzene, Ether, Halogen;['Alkylphenols', 'Chlorobenzenes', 'Ethylene Glycols', 'PAHs', 'PBB', 'PBDE', 'PhenylEthers']
Prometryn;7287-19-6;;AAEVYOVXGOFMJO-UHFFFAOYSA-N;CSc1nc(NC(C)C)nc(NC(C)C)n1;;;PRO-473;NS00010269;;FALS;;;;FALS;FALS;;;FALS;FALS;FALS;FALS;FALS;FALS;FALS;FALS;FALS;FALS;FALS;FALS;FALS;FALS;FALS;FALS;FALS;FALS;;;;FALS;FALS;FALS;FALS;FALS;FALS;FALS;FALS;FALS;FALS;CERT;FALS;FALS;FALS;FALS;FALS;FALS;FALS;FALS;FALS;FALS;FALS;FALS;FALS;FALS;;;;;;;;;;26559;;8109570634;;;;;;;5;39;55;0;11;>0 to < 10 tonnes;0;100;0;0;0;0;0;0;0;0;0;0;0;0;0;0;0;0;0;0;0;0;0;0;0;0;0;1;0;0;0;0;0;0;0;0;0;0;0;0;0;0;0;0;0;0;0;0;0;0;0;0;0;0;0;0;0;0;0;0;0;0;0;0;0;0;0;;6,2599E+14;;;;;3,88259E+14;;FALS;0;0;0;0;1471;low ;209;5685;low ;547;2513;low ;664;5,74694E+14;5,982E+14;1,02697E+14;8,3158E+14;6,43419E+14;;;P_score_freshwater_pred_RIVM;6,2599E+14;6,2599E+14;;;M_score_pred_Episuite;3,88259E+14;3,88259E+14;kemi_score;55;4,92997E+13;10;;;4,92997E+13;10;5,00932E+14;10;4,96949E+14;10;5,00932E+14;5;4,96949E+14;10;;PM;;PM;2;Ar N, Nh0, Nh1, Aniline, Sulfide;['Aromatic amines']
Cyclamate Cyclamic acid;100-88-9;;;;;;PRO-474;;;FALS;;;;FALS;FALS;;;FALS;FALS;FALS;FALS;FALS;FALS;FALS;FALS;FALS;FALS;FALS;FALS;FALS;FALS;FALS;FALS;FALS;FALS;;;;CERT;CERT;CERT;FALS;FALS;FALS;CERT;FALS;FALS;FALS;FALS;FALS;FALS;FALS;FALS;FALS;FALS;FALS;FALS;FALS;FALS;FALS;FALS;FALS;FALS;;;;;;;;;;-1616;;2268134871;;;;;;;6904761;82;36;0;0;;;;0;0;0;0;0;0;0;0;0;0;0;0;0;0;0;0;0;0;0;0;0;0;0;0;0;0;0;0;0;0;0;0;0;0;0;0;0;0;0;0;0;0;0;0;0;0;0;0;0;0;0;0;0;0;0;0;0;0;0;0;0;0;0;0;0;;1,59358E+14;;;;;8,17322E+14;;FALS;0;0;0;0;;;;;;;;;;1,37152E+14;;;;;;;P_score_freshwater_pred_RIVM;1,59358E+14;1,59358E+14;;;M_score_pred_Episuite;8,17322E+14;8,17322E+14;kemi_score;36;3,60897E+14;10;;;3,60897E+14;10;82;5;4,74453E+14;75;82;25;4,74453E+14;75;;PM(T);(T);PM(T);2;Error;['Error']
Pethoxamid;106700-29-2;;CSWIKHNSBZVWNQ-UHFFFAOYSA-N;CCOCCN(C(=O)CCl)C(=C(C)C)c1ccccc1;;;PRO-475;NS00000317;;FALS;;;;FALS;FALS;;;FALS;FALS;FALS;FALS;FALS;FALS;FALS;FALS;FALS;FALS;FALS;FALS;FALS;FALS;FALS;FALS;FALS;FALS;;;;FALS;FALS;FALS;FALS;FALS;FALS;FALS;FALS;FALS;FALS;FALS;FALS;FALS;FALS;FALS;FALS;FALS;FALS;FALS;FALS;FALS;FALS;FALS;FALS;FALS;;;;;;;;;;;;;;;;;;;12;;51;;;;;;0;0;0;0;0;0;0;0;0;0;0;0;0;0;0;0;0;0;0;0;0;0;0;0;0;0;0;0;0;0;0;0;0;0;0;0;0;0;0;0;0;0;0;0;0;0;0;0;0;0;0;0;0;0;0;0;0;0;0;0;0;0;0;0;0;;;;;;;;;CERT;0;0;0;0;1658;low ;312;8714;low ;493;1115;low ;493;7,15209E+14;5,02009E+14;9,80055E+13;1,14328E+14;7,64302E+13;;;;;;;;;;;kemi_score;51;;;;;;;7,64302E+13;5;7,64302E+13;25;7,64302E+13;25;7,64302E+13;25;;(T);(T);(T);1;C O, C O Nocoo, Nh0, Alkyl Halide, Allylic Oxid, Amide, Benzene, Ether, Halogen, Unbrch Alkane;['Chlorinated alkane', 'Chlorobenzenes', 'Ethylene Glycols', 'PBB', 'PBDE', 'PhenylEthers', 'Terpenoid']
Triphenylphosphine oxide;791-28-6;;FIQMHBFVRAXMOP-UHFFFAOYSA-N;O=[P](c1ccccc1)(c2ccccc2)c3ccccc3;;;PRO-476;NS00010696;;FALS;;;;FALS;FALS;;;FALS;FALS;FALS;FALS;FALS;FALS;FALS;FALS;FALS;FALS;FALS;FALS;FALS;FALS;FALS;FALS;FALS;CERT;;;;FALS;CERT;FALS;FALS;FALS;FALS;CERT;FALS;FALS;FALS;FALS;CERT;FALS;FALS;FALS;FALS;FALS;FALS;FALS;FALS;FALS;FALS;CERT;FALS;FALS;;;;;;;;;;22642;;3056406128;;;;;;;120;45;52;4;12;>1 to < 10 tonnes;10;100;0;0;0;0;0;0;0;0;0;0;0;0;0;0;0;0;0;0;0;0;0;0;0;0;0;0;0;0;0;0;1;0;0;0;0;0;0;0;0;0;0;0;0;0;0;0;0;0;0;0;0;0;0;0;0;0;0;0;1;0;0;0;0;0;0;;2,39923E+14;;;;;4,54345E+14;;FALS;0;0;0;0;217;low ;24;6,17E+14;low ;3;751;low ;251;2,53661E+14;1,43038E+14;2,08093E+14;1,3289E+14;4,78327E+14;;;P_score_freshwater_pred_RIVM;2,39923E+14;2,39923E+14;;;M_score_pred_Episuite;4,54345E+14;4,54345E+14;kemi_score;52;3,30164E+14;10;;;3,30164E+14;10;4,63947E+14;10;3,9138E+14;10;4,63947E+14;5;3,9138E+14;10;;PM;;PM;3;Benzene;['Other']
4-Hydroxybenzoic acid;99-96-7;;FJKROLUGYXJWQN-UHFFFAOYSA-N;OC(=O)c1ccc(O)cc1;;;PRO-477;NS00005418;;FALS;;;;FALS;FALS;;;FALS;FALS;FALS;FALS;FALS;FALS;FALS;FALS;FALS;FALS;FALS;FALS;FALS;FALS;FALS;FALS;FALS;FALS;;;;CERT;CERT;CERT;FALS;FALS;FALS;CERT;FALS;FALS;FALS;FALS;FALS;FALS;FALS;FALS;FALS;FALS;FALS;FALS;FALS;FALS;FALS;FALS;FALS;FALS;;;;;;;;;;11965;;1433784881;;;;;;;3937189;64;73;24;33;>1000 to < 10000 tonnes;10000;100000;1;0;0;0;0;0;0;0;0;0;0;0;0;0;0;0;0;0;1;0;0;0;0;0;0;0;0;0;0;0;0;0;0;0;0;0;0;0;0;0;0;1;0;0;0;0;0;0;0;0;0;1;0;0;0;0;0;0;0;0;0;0;0;0;0;;7,96534E+14;;;;;6,35745E+14;;FALS;0;0;0;0;52900;low ;69;14200;moderate ;85;74600;;7;1,68655E+14;4,10012E+14;2,35809E+13;2,03774E+14;2,16985E+14;;;P_score_freshwater_pred_RIVM;7,96534E+14;7,96534E+14;;;M_score_pred_Episuite;6,35745E+14;6,35745E+14;kemi_score;73;2,25032E+14;10;;;2,25032E+14;10;3,72653E+14;10;2,89584E+14;10;3,72653E+14;5;2,89584E+14;10;;;;;;Ar Coo, Ar Oh, Coo, Coo2, C O, Benzene, Phenol, Phenol Noorthohbond;['Alkylphenols', 'Phenols']
Metolachlor ESA;171118-09-5;;CIGKZVUEZXGYSV-UHFFFAOYSA-N;O=S(O)(CC(N(C(C)COC)C1=C(CC)C=CC=C1C)=O)=O;;;PRO-478;NS00000295;;FALS;;;;FALS;FALS;;;FALS;FALS;FALS;FALS;FALS;FALS;FALS;FALS;FALS;FALS;FALS;FALS;FALS;FALS;FALS;FALS;FALS;FALS;;;;FALS;FALS;FALS;FALS;FALS;FALS;FALS;FALS;FALS;FALS;FALS;FALS;FALS;FALS;FALS;FALS;FALS;FALS;FALS;FALS;FALS;FALS;FALS;FALS;FALS;;;;;;;;;;;;;;;;;;;217;;26;;;;;;0;0;0;0;0;0;0;0;0;0;0;0;0;0;0;0;0;0;0;0;0;0;0;0;0;0;0;0;0;0;0;0;0;0;0;0;0;0;0;0;0;0;0;0;0;0;0;0;0;0;0;0;0;0;0;0;0;0;0;0;0;0;0;0;0;;;;;;;;;FALS;0;0;0;0;2879;low ;205;28900;low ;422;13600;low ;422;2,08093E+14;3,04455E+14;7,87653E+14;4,17448E+14;2,88508E+14;;;;;;;;;;;kemi_score;26;;;;;;;2,88508E+14;5;2,88508E+14;25;2,88508E+14;25;2,88508E+14;25;;;;;2;C O, C O Nocoo, Nh0, Amide, Aniline, Aryl Methyl, Benzene, Ether, Methoxy, Para Hydroxylation;['Ethylene Glycols', 'PAHs', 'PBDE', 'PhenylEthers']
trans-2-Hexenoic acid;13419-69-7;;NIONDZDPPYHYKY-SNAWJCMRSA-N;CCC/C=C/C(O)=O;;;PRO-479;;;FALS;;;;FALS;FALS;;;FALS;FALS;FALS;FALS;FALS;FALS;FALS;FALS;FALS;FALS;FALS;FALS;FALS;FALS;FALS;FALS;FALS;FALS;;;;FALS;FALS;FALS;FALS;FALS;FALS;FALS;FALS;FALS;FALS;FALS;FALS;FALS;FALS;FALS;FALS;FALS;FALS;FALS;FALS;FALS;FALS;FALS;FALS;FALS;;;;;;;;;;11735;;4700238725;;;;;;;6,99928E+14;;;;;;;;0;0;0;0;0;0;0;0;0;0;0;0;0;0;0;0;0;0;0;0;0;0;0;0;0;0;0;0;0;0;0;0;0;0;0;0;0;0;0;0;0;0;0;0;0;0;0;0;0;0;0;0;0;0;0;0;0;0;0;0;0;0;0;0;0;;1,26963E+14;;;;;6,39429E+13;;FALS;0;0;0;0;79500;low ;7;95300;moderate ;85;50700;low ;7;3,00472E+14;1,83592E+14;1,98332E+14;2,40094E+14;3,30358E+14;;;P_score_freshwater_pred_RIVM;1,26963E+14;1,26963E+14;;;M_score_pred_Episuite;6,39429E+13;6,39429E+13;;;9,01021E+14;10;;;9,01021E+14;10;3,30358E+14;5;1,38937E+14;75;3,30358E+14;25;1,38937E+14;75;;;;;4;Al Coo, Coo, Coo2, C O, Allylic Oxid;['Alkylphenols', 'Acrylics/Acrylates']
Tributylphosphine oxide;814-29-9;;MNZAKDODWSQONA-UHFFFAOYSA-N;CCCC[P](=O)(CCCC)CCCC;;;PRO-480;NS00000666;;FALS;;;;FALS;FALS;;;FALS;FALS;FALS;FALS;FALS;FALS;FALS;FALS;FALS;FALS;FALS;FALS;FALS;FALS;FALS;FALS;FALS;FALS;;;;FALS;FALS;FALS;FALS;FALS;FALS;FALS;FALS;FALS;FALS;FALS;FALS;FALS;FALS;FALS;FALS;FALS;FALS;FALS;FALS;FALS;FALS;FALS;FALS;FALS;;;;;;;;;;30418;;4683762809;;;;;;;83602;;32;;;;;;0;0;0;0;0;0;0;0;0;0;0;0;0;0;0;0;0;0;0;0;0;0;0;0;0;0;0;0;0;0;0;0;0;0;0;0;0;0;0;0;0;0;0;0;0;0;0;0;0;0;0;0;0;0;0;0;0;0;0;0;0;0;0;0;0;;1,26213E+14;;;;;3,26926E+14;;FALS;0;0;0;0;1,808E+14;low ;261;3330;low ;295;5250;low ;253;5,19436E+14;7,42997E+14;9,47303E+14;6,17942E+14;5,92626E+13;;;P_score_freshwater_pred_RIVM;1,26213E+14;1,26213E+14;;;M_score_pred_Episuite;3,26926E+14;3,26926E+14;kemi_score;32;6,42357E+14;10;;;6,42357E+14;10;5,92626E+13;5;1,34724E+14;75;5,92626E+13;25;1,34724E+14;75;;;;;3;Unknown;['Other']
3-Carboxypropyl)triphenylphosphonium;151310-36-0;;;;;;PRO-481;;;FALS;;;;FALS;FALS;;;FALS;FALS;FALS;FALS;FALS;FALS;FALS;FALS;FALS;FALS;FALS;FALS;FALS;FALS;FALS;FALS;FALS;FALS;;;;FALS;FALS;FALS;FALS;FALS;FALS;FALS;FALS;FALS;FALS;FALS;FALS;FALS;FALS;FALS;FALS;FALS;FALS;FALS;FALS;FALS;FALS;FALS;FALS;FALS;;;;;;;;;;;;;;;;;;;;;;;;;;;0;0;0;0;0;0;0;0;0;0;0;0;0;0;0;0;0;0;0;0;0;0;0;0;0;0;0;0;0;0;0;0;0;0;0;0;0;0;0;0;0;0;0;0;0;0;0;0;0;0;0;0;0;0;0;0;0;0;0;0;0;0;0;0;0;;;;;;;;;FALS;0;0;0;0;;;;;;;;;;;;;;;;;;;;;;;;;;;;;;;;;;;;;;;;;;;;;3;Error;['Error']
Chloridazon;1698-60-8;;WYKYKTKDBLFHCY-UHFFFAOYSA-N;NC1=C(Cl)C(=O)N(N=C1)c2ccccc2;;;PRO-482;NS00008895;;FALS;;;;FALS;FALS;;;FALS;FALS;FALS;FALS;FALS;FALS;FALS;FALS;FALS;FALS;FALS;FALS;FALS;FALS;FALS;FALS;FALS;FALS;;;;FALS;FALS;FALS;FALS;FALS;FALS;FALS;FALS;FALS;FALS;FALS;FALS;FALS;FALS;FALS;FALS;FALS;FALS;FALS;FALS;FALS;FALS;FALS;FALS;FALS;;;;;;;;;;15085;;348725839;;;;;;;100;58;6;;;;;;0;0;0;0;0;0;0;0;0;0;0;0;0;0;0;0;0;0;0;0;0;0;0;0;0;0;0;0;0;0;0;0;0;0;0;0;0;0;0;0;0;0;0;0;0;0;0;0;0;0;0;0;0;0;0;0;0;0;0;0;0;0;0;0;0;;2,83401E+14;;;;;5,84356E+14;;CERT;0;0;0;0;1479;low ;249;79300;low ;27;7699;low ;334;2,68941E+14;1,98544E+14;1,0248E+14;5,28283E+14;2,68941E+14;;;P_score_freshwater_pred_RIVM;2,83401E+14;2,83401E+14;;;M_score_pred_Episuite;5,84356E+14;5,84356E+14;kemi_score;6;4,06948E+14;10;;;4,06948E+14;10;3,94951E+14;10;4,00905E+14;10;3,94951E+14;5;4,00905E+14;10;;PM;;PM;1;Arn, Ar N, Nh0, Nh2, Aniline, Benzene, Halogen, Para Hydroxylation;['Aromatic amines', 'Chlorobenzenes', 'PBB']
Fluopyram;658066-35-4;;KVDJTXBXMWJJEF-UHFFFAOYSA-N;FC(F)(F)c1cnc(CCNC(=O)c2ccccc2C(F)(F)F)c(Cl)c1;;;PRO-483;NS00001768;;FALS;;;;FALS;FALS;;;FALS;FALS;FALS;FALS;FALS;FALS;FALS;FALS;FALS;FALS;FALS;FALS;FALS;FALS;FALS;FALS;FALS;FALS;;;;FALS;FALS;FALS;FALS;FALS;FALS;FALS;FALS;FALS;FALS;FALS;FALS;FALS;FALS;FALS;FALS;FALS;FALS;FALS;FALS;FALS;FALS;FALS;FALS;FALS;;;;;;;;;;;;;;;;;;;135;;41;;;;;;0;0;0;0;0;0;0;0;0;0;0;0;0;0;0;0;0;0;0;0;0;0;0;0;0;0;0;0;0;0;0;0;0;0;0;0;0;0;0;0;0;0;0;0;0;0;0;0;0;0;0;0;0;0;0;0;0;0;0;0;0;0;0;0;0;;;;;;;;;CERT;0;0;0;0;332;low ;302;2047;low ;486;3,253E+14;low ;0;2,441E+14;9,02064E+14;1,79294E+14;7,50015E+14;2,441E+14;;;;;;;;;;;kemi_score;41;;;;;;;2,441E+14;5;2,441E+14;25;2,441E+14;25;2,441E+14;25;;;;;4;Ar N, C O, C O Nocoo, Nh0, Nh1, Alkyl Halide, Amide, Benzene, Halogen, Pyridine;['Chlorobenzenes', 'PBB', 'PCB', 'Pyridin', 'PFAS']
Desamino-metamitron;36993-94-9;;OUSYWCQYMPDAEO-UHFFFAOYSA-N;c(ccc1C(=NN=C2C)C(=O)N2)cc1;;;PRO-484;NS00010520;;FALS;;;;FALS;FALS;;;FALS;FALS;FALS;FALS;FALS;FALS;FALS;FALS;FALS;FALS;FALS;FALS;FALS;FALS;FALS;FALS;FALS;FALS;;;;FALS;FALS;FALS;FALS;FALS;FALS;FALS;FALS;FALS;FALS;FALS;FALS;FALS;FALS;FALS;FALS;FALS;FALS;FALS;FALS;FALS;FALS;FALS;FALS;FALS;;;;;;;;;;;;;;;;;;;1620552;;17;;;;;;0;0;0;0;0;0;0;0;0;0;0;0;0;0;0;0;0;0;0;0;0;0;0;0;0;0;0;0;0;0;0;0;0;0;0;0;0;0;0;0;0;0;0;0;0;0;0;0;0;0;0;0;0;0;0;0;0;0;0;0;0;0;0;0;0;;;;;;;;;FALS;0;0;0;0;2681;low ;243;50300;low ;263;22500;low ;257;2,29761E+14;2,40901E+14;8,10402E+14;3,38238E+14;2,29761E+14;;;;;;;;;;;kemi_score;17;;;;;;;2,29761E+14;5;2,29761E+14;25;2,29761E+14;25;2,29761E+14;25;;;;;;Ar N, Ar Nh, Nh0, Nh1, Nhpyrrole, Aryl Methyl, Benzene;['Aromatic amines', 'PAHs']
Methabenzthiazuron;18691-97-9;;RRVIAQKBTUQODI-UHFFFAOYSA-N;CNC(=O)N(C)c1sc2ccccc2n1;;;PRO-485;NS00010463;;FALS;;;;FALS;FALS;;;FALS;FALS;FALS;FALS;FALS;FALS;FALS;FALS;FALS;FALS;FALS;FALS;FALS;FALS;FALS;FALS;FALS;FALS;;;;FALS;FALS;FALS;FALS;FALS;FALS;FALS;FALS;FALS;FALS;FALS;FALS;FALS;FALS;FALS;FALS;FALS;FALS;FALS;FALS;FALS;FALS;FALS;FALS;FALS;;;;;;;;;;23316;;2718798237;;;;;;;30;44;52;;;;;;0;0;0;0;0;0;0;0;0;0;0;0;0;0;0;0;0;0;0;0;0;0;0;0;0;0;0;0;0;0;0;0;0;0;0;0;0;0;0;0;0;0;0;0;0;0;0;0;0;0;0;0;0;0;0;0;0;0;0;0;0;0;0;0;0;;2,05348E+14;;;;;4,4279E+14;;CERT;0;0;0;0;1547;low ;199;13800;low ;405;12500;low ;283;3,82932E+14;4,14919E+14;1,00698E+14;4,32349E+14;3,82932E+14;;;P_score_freshwater_pred_RIVM;2,05348E+14;2,05348E+14;;;M_score_pred_Episuite;4,4279E+14;4,4279E+14;kemi_score;52;3,0154E+14;10;;;3,0154E+14;10;4,10476E+14;10;3,51816E+14;10;4,10476E+14;5;3,51816E+14;10;;;;;4;Ar N, C O, C O Nocoo, Nh0, Nh1, Amide, Aniline, Benzene, Bicyclic, Para Hydroxylation, Thiazole, Urea;['Cyclohexanes', 'Phenylureas']
1,8-Diazabicyclo [5.4.0]undec-7-ene (polycat dbu);6674-22-2;;GQHTUMJGOHRCHB-UHFFFAOYSA-N;C1CN=C2CCCCCN2C1;;;PRO-486;NS00004166;;CERT;;;;FALS;FALS;;;FALS;FALS;FALS;FALS;FALS;FALS;FALS;FALS;FALS;FALS;FALS;FALS;FALS;FALS;FALS;CERT;FALS;FALS;;;;CERT;CERT;CERT;CERT;CERT;CERT;CERT;FALS;FALS;FALS;CERT;CERT;FALS;FALS;CERT;FALS;FALS;CERT;FALS;FALS;FALS;FALS;FALS;FALS;FALS;;;;;;;;;;16231;;2019173729;;;;;;;2117665;56;66;23;35;>100 to < 1000 tonnes;1000;10000;1;1;0;0;0;0;0;1;0;0;0;0;0;0;0;0;0;0;0;0;1;0;0;0;0;0;0;0;0;0;1;0;0;0;0;0;0;0;0;0;0;0;0;1;0;0;0;0;0;0;0;1;0;1;1;0;0;0;0;1;1;1;0;0;0;;1,34496E+14;;;;;5,64943E+14;;FALS;0;0;0;0;7137;low ;249;27200;low ;301;53600;low ;388;2,09845E+14;3,12324E+14;5,44999E+14;2,34498E+14;2,09845E+14;;;P_score_freshwater_pred_RIVM;1,34496E+14;1,34496E+14;;;M_score_pred_Episuite;5,64943E+14;5,64943E+14;kemi_score;66;2,75649E+14;10;;;2,75649E+14;10;3,42802E+14;10;3,07397E+13;10;3,42802E+14;5;3,07397E+13;10;;;;;;Imine, Nh0, Amidine, Bicyclic;['Cyclohexanes']
3,5-di-tert-Butyl-4-hydroxybenzoic acid;1421-49-4;;YEXOWHQZWLCHHD-UHFFFAOYSA-N;CC(C)(C)c1cc(cc(c1O)C(C)(C)C)C(O)=O;;;PRO-487;NS00014931;;FALS;;;;FALS;FALS;;;FALS;FALS;FALS;FALS;FALS;FALS;FALS;FALS;FALS;FALS;FALS;FALS;FALS;FALS;FALS;FALS;FALS;FALS;;;;FALS;FALS;FALS;FALS;FALS;FALS;FALS;FALS;FALS;FALS;FALS;FALS;FALS;FALS;FALS;FALS;FALS;FALS;FALS;FALS;FALS;FALS;FALS;FALS;FALS;;;;;;;;;;27342;;532102335;;;;;;;113049;;28;;;;;;0;0;0;0;0;0;0;0;0;0;0;0;0;0;0;0;0;0;0;0;0;0;0;0;0;0;0;0;0;0;0;0;0;0;0;0;0;0;0;0;0;0;0;0;0;0;0;0;0;0;0;0;0;0;0;0;0;0;0;0;0;0;0;0;0;;4,48854E+14;;;;;3,75449E+14;;FALS;0;0;0;0;6,47E+14;low ;697;2514;moderate ;85;3723;good ;10;4,86686E+14;8,31448E+14;1,40529E+11;7,10354E+14;4,86686E+14;;;P_score_freshwater_pred_RIVM;4,48854E+14;4,48854E+14;;;M_score_pred_Episuite;3,75449E+14;3,75449E+14;kemi_score;28;4,10514E+14;10;;;4,10514E+14;10;4,86686E+14;5;4,34479E+14;75;4,86686E+14;25;4,34479E+14;75;;PM;;PM;2;Ar Coo, Ar Oh, Coo, Coo2, C O, Benzene, Phenol, Phenol Noorthohbond;['Alkylphenols', 'Phenols']
6-Methoxyquinoline;5263-87-6;;HFDLDPJYCIEXJP-UHFFFAOYSA-N;COc1ccc2ncccc2c1;;;PRO-488;NS00014569;;FALS;;;;FALS;FALS;;;FALS;FALS;FALS;FALS;FALS;FALS;FALS;FALS;FALS;FALS;FALS;FALS;FALS;FALS;FALS;FALS;FALS;FALS;;;;FALS;FALS;FALS;FALS;FALS;FALS;FALS;FALS;FALS;FALS;FALS;FALS;FALS;FALS;FALS;FALS;FALS;FALS;FALS;FALS;FALS;FALS;FALS;FALS;FALS;;;;;;;;;;21979;;2330025717;;;;;;;433373;;4;;;;;;0;0;0;0;0;0;0;0;0;0;0;0;0;0;0;0;0;0;0;0;0;0;0;0;0;0;0;0;0;0;0;0;0;0;0;0;0;0;0;0;0;0;0;0;0;0;0;0;0;0;0;0;0;0;0;0;0;0;0;0;0;0;0;0;0;;1,6562E+14;;;;;4,6576E+14;;FALS;0;0;0;0;1456;low ;276;20200;moderate ;85;7,081E+14;moderate ;85;3,45956E+14;3,53881E+14;1,03108E+14;5,46764E+14;3,45956E+14;;;P_score_freshwater_pred_RIVM;1,6562E+14;1,6562E+14;;;M_score_pred_Episuite;4,6576E+14;4,6576E+14;kemi_score;4;2,77739E+14;10;;;2,77739E+14;10;3,45956E+14;5;2,98835E+14;75;3,45956E+14;25;2,98835E+14;75;;;;;3;Ar N, Nh0, Benzene, Bicyclic, Ether, Methoxy, Pyridine;['Aromatic amines', 'Cyclohexanes', 'Ethylene Glycols', 'PBDE', 'PhenylEthers', 'Pyridin']
Diphenylphosphate;838-85-7;;ASMQGLCHMVWBQR-UHFFFAOYSA-N;[O-][P](=O)(Oc1ccccc1)Oc2ccccc2;;;PRO-489;NS00014401;;FALS;;;;FALS;FALS;;;FALS;FALS;FALS;FALS;FALS;FALS;FALS;FALS;FALS;FALS;FALS;FALS;FALS;FALS;FALS;FALS;FALS;FALS;;;;FALS;FALS;FALS;FALS;FALS;FALS;FALS;FALS;FALS;FALS;FALS;FALS;FALS;FALS;FALS;FALS;FALS;FALS;FALS;FALS;FALS;FALS;FALS;FALS;FALS;;;;;;;;;;22918;;2826421644;;;;;;;2810476;;48;;;;;;0;0;0;0;0;0;0;0;0;0;0;0;0;0;0;0;0;0;0;0;0;0;0;0;0;0;0;0;0;0;0;0;0;0;0;0;0;0;0;0;0;0;0;0;0;0;0;0;0;0;0;0;0;0;0;0;0;0;0;0;0;0;0;0;0;;2,1639E+14;;;;;4,49607E+14;;FALS;0;0;0;0;1162;low ;32;2,648E+14;low ;439;8684;low ;327;1,90189E+14;8,14417E+14;1,12525E+14;5,02724E+14;1,90189E+14;;;P_score_freshwater_pred_RIVM;2,1639E+14;2,1639E+14;;;M_score_pred_Episuite;4,49607E+14;4,49607E+14;kemi_score;48;3,11914E+14;10;;;3,11914E+14;10;1,90189E+14;5;2,64496E+14;75;1,90189E+14;25;2,64496E+14;75;;;;;4;Benzene, Para Hydroxylation, Phos Acid, Phos Ester;['Organophosphates']
Dodecylbenzenesulfonic acid;27176-87-0;;WBIQQQGBSDOWNP-UHFFFAOYSA-N;CCCCCCCCCCCCc1ccccc1[S](O)(=O)=O;;;PRO-490;NS00002838;;CERT;;;;FALS;FALS;;;FALS;FALS;FALS;FALS;FALS;FALS;FALS;FALS;FALS;FALS;FALS;FALS;FALS;FALS;FALS;CERT;CERT;CERT;;;;CERT;CERT;CERT;CERT;CERT;CERT;CERT;FALS;FALS;CERT;CERT;FALS;CERT;CERT;FALS;CERT;FALS;FALS;CERT;FALS;FALS;FALS;FALS;FALS;FALS;;;;;;;;;;35691;;2096647;;;;;;;12421;;83;39;52;>1000 to < 10000 tonnes;10000;100000;1;0;0;0;0;0;0;1;0;0;0;1;0;1;0;0;0;0;1;1;1;0;0;0;0;0;0;0;0;0;1;0;0;1;0;0;0;0;0;0;0;0;0;0;0;0;1;0;1;1;1;1;1;1;1;1;0;0;0;0;0;0;0;0;0;;1,42166E+14;;;;;2,52067E+14;;FALS;0;0;0;0;312;low ;26;102;low ;654;4827;low ;7;7,12149E+14;2,67254E+13;1,83299E+14;6,39434E+14;7,12149E+14;;;P_score_freshwater_pred_RIVM;1,42166E+14;1,42166E+14;;;M_score_pred_Episuite;2,52067E+14;2,52067E+14;kemi_score;83;1,89302E+14;10;;;1,89302E+14;10;7,12149E+14;5;2,94416E+14;75;7,12149E+14;25;2,94416E+14;75;;(T);(T);(T);3;Aryl Methyl, Benzene, Unbrch Alkane;['PAHs']
m-Xylene-4-sulfonic acid ( 2,4-DIMETHYLBENZENESULFONIC ACID);88-61-9;;CHZLVSBMXZSPNN-UHFFFAOYSA-N;Cc1ccc(c(C)c1)[S](O)(=O)=O.Cc2ccc(c(C)c2)[S](O)(=O)=O;;;PRO-491;NS00013365;;FALS;;;;FALS;FALS;;;FALS;FALS;FALS;FALS;FALS;FALS;FALS;FALS;FALS;FALS;FALS;FALS;FALS;FALS;FALS;FALS;FALS;FALS;;;;FALS;FALS;FALS;FALS;FALS;FALS;FALS;FALS;FALS;FALS;FALS;FALS;FALS;FALS;FALS;FALS;FALS;FALS;FALS;FALS;FALS;FALS;FALS;FALS;FALS;;;;;;;;;;8864;;2372221697;;;;;;;1113727;;;;;;;;0;0;0;0;0;0;0;0;0;0;0;0;0;0;0;0;0;0;0;0;0;0;0;0;0;0;0;0;0;0;0;0;0;0;0;0;0;0;0;0;0;0;0;0;0;0;0;0;0;0;0;0;0;0;0;0;0;0;0;0;0;0;0;0;0;;1,69904E+14;;;;;6,83929E+14;;FALS;0;0;0;0;7137;low ;249;27200;low ;301;53600;low ;388;1,14378E+14;3,12324E+14;5,44999E+14;2,34498E+14;1,14378E+14;;;P_score_freshwater_pred_RIVM;1,69904E+14;1,69904E+14;;;M_score_pred_Episuite;6,83929E+14;6,83929E+14;;;3,40884E+14;10;;;3,40884E+14;10;1,14378E+14;5;2,36875E+14;75;1,14378E+14;25;2,36875E+14;75;;PM;;PM;2;Aryl Methyl, Benzene;['PAHs']
3:3 fluorotelomer carboxylate;356-02-5;;ISFKSWMQWIRDNC-UHFFFAOYSA-N;OC(=O)CCC(F)(F)C(F)(F)C(F)(F)F;;;PRO-492;NS00004093;;FALS;;;;FALS;FALS;;;FALS;FALS;FALS;FALS;FALS;FALS;FALS;FALS;FALS;FALS;FALS;FALS;FALS;FALS;FALS;FALS;FALS;FALS;;;;FALS;FALS;FALS;FALS;FALS;FALS;FALS;FALS;FALS;FALS;FALS;FALS;FALS;FALS;FALS;FALS;FALS;FALS;FALS;FALS;FALS;FALS;FALS;FALS;FALS;;;;;;;;;;;;;;;;;;;298364;;2;;;;;;0;0;0;0;0;0;0;0;0;0;0;0;0;0;0;0;0;0;0;0;0;0;0;0;0;0;0;0;0;0;0;0;0;0;0;0;0;0;0;0;0;0;0;0;0;0;0;0;0;0;0;0;0;0;0;0;0;0;0;0;0;0;0;0;0;;;;;;;;;FALS;0;0;0;0;13800;low ;215;25900;low ;239;157300;low ;0;3,83493E+14;3,18824E+14;4,14919E+14;1,48217E+14;3,83493E+14;;;;;;;;;;;kemi_score;2;;;;;;;3,83493E+14;5;3,83493E+14;25;3,83493E+14;25;3,83493E+14;25;0;;;;4;Al Coo, Coo, Coo2, C O, Alkyl Halide, Halogen;['Alkylphenols', 'PFAS']
benzotriazole and derivatives;;;;;;;Pro-f-01;;;FALS;;;;FALS;FALS;;;FALS;FALS;FALS;FALS;FALS;FALS;FALS;FALS;FALS;FALS;FALS;FALS;FALS;FALS;FALS;FALS;FALS;FALS;;;;FALS;FALS;FALS;FALS;FALS;FALS;FALS;FALS;FALS;FALS;FALS;FALS;FALS;FALS;FALS;FALS;FALS;FALS;FALS;FALS;FALS;FALS;FALS;FALS;FALS;;;;;;;;;;;;;;;;;;;;;;;;;;;0;0;0;0;0;0;0;0;0;0;0;0;0;0;0;0;0;0;0;0;0;0;0;0;0;0;0;0;0;0;0;0;0;0;0;0;0;0;0;0;0;0;0;0;0;0;0;0;0;0;0;0;0;0;0;0;0;0;0;0;0;0;0;0;0;;;;;;;;;CERT;0;0;0;0;;;;;;;;;;;;;;;;;;;;;;;;;;;;;;;;;;;;;;;;;;;;;3;Error;['Error']
Chlorinated hydrocarbons (sum) ;;;;;;;Pro-f-02;;;FALS;;;;FALS;FALS;;;FALS;FALS;FALS;FALS;FALS;FALS;FALS;FALS;FALS;FALS;FALS;FALS;FALS;FALS;FALS;FALS;FALS;FALS;;;;FALS;FALS;FALS;FALS;FALS;FALS;FALS;FALS;FALS;FALS;FALS;FALS;FALS;FALS;FALS;FALS;FALS;FALS;FALS;FALS;FALS;FALS;FALS;FALS;FALS;;;;;;;;;;;;;;;;;;;;;;;;;;;0;0;0;0;0;0;0;0;0;0;0;0;0;0;0;0;0;0;0;0;0;0;0;0;0;0;0;0;0;0;0;0;0;0;0;0;0;0;0;0;0;0;0;0;0;0;0;0;0;0;0;0;0;0;0;0;0;0;0;0;0;0;0;0;0;;;;;;;;;CERT;0;0;0;0;;;;;;;;;;;;;;;;;;;;;;;;;;;;;;;;;;;;;;;;;;;;;3;Error;['Error']
chlorinated solvents;;;;;;;Pro-f-03;;;FALS;;;;FALS;FALS;;;FALS;FALS;FALS;FALS;FALS;FALS;FALS;FALS;FALS;FALS;FALS;FALS;FALS;FALS;FALS;FALS;FALS;FALS;;;;FALS;FALS;FALS;FALS;FALS;FALS;FALS;FALS;FALS;FALS;FALS;FALS;FALS;FALS;FALS;FALS;FALS;FALS;FALS;FALS;FALS;FALS;FALS;FALS;FALS;;;;;;;;;;;;;;;;;;;;;;;;;;;0;0;0;0;0;0;0;0;0;0;0;0;0;0;0;0;0;0;0;0;0;0;0;0;0;0;0;0;0;0;0;0;0;0;0;0;0;0;0;0;0;0;0;0;0;0;0;0;0;0;0;0;0;0;0;0;0;0;0;0;0;0;0;0;0;;;;;;;;;CERT;0;0;0;0;;;;;;;;;;;;;;;;;;;;;;;;;;;;;;;;;;;;;;;;;;;;;1;Error;['Error']
cis+trans 1,2-Dichloroetylene (sum) ;;;;;;;Pro-f-04;;;FALS;;;;FALS;FALS;;;FALS;FALS;FALS;FALS;FALS;FALS;FALS;FALS;FALS;FALS;FALS;FALS;FALS;CERT;CERT;FALS;FALS;FALS;;;;FALS;FALS;FALS;FALS;FALS;FALS;FALS;FALS;FALS;FALS;FALS;FALS;FALS;FALS;FALS;FALS;FALS;FALS;FALS;FALS;FALS;FALS;FALS;FALS;FALS;;;;;;;;;;;;;;;;;;;;;;;;;;;0;0;0;0;0;0;0;0;0;0;0;0;0;0;0;0;0;0;0;0;0;0;0;0;0;0;0;0;0;0;0;0;0;0;0;0;0;0;0;0;0;0;0;0;0;0;0;0;0;0;0;0;0;0;0;0;0;0;0;0;0;0;0;0;0;;;;;;;;;CERT;0;0;0;0;;;;;;;;;;;;;;;;;;;;;;;;;;;;;;;;;;;;;;;;;;;;;;Error;['Error']
Fatty acid-based ionic liquids;;;;;;;Pro-f-05;;;FALS;;;;FALS;FALS;;;FALS;FALS;FALS;FALS;FALS;FALS;CERT;CERT;FALS;FALS;FALS;FALS;FALS;FALS;CERT;FALS;FALS;FALS;;;;FALS;FALS;FALS;FALS;FALS;FALS;FALS;FALS;FALS;FALS;FALS;FALS;FALS;FALS;FALS;FALS;FALS;FALS;FALS;FALS;FALS;FALS;FALS;FALS;FALS;;;;;;;;;;;;;;;;;;;;;;;;;;;0;0;0;0;0;0;0;0;0;0;0;0;0;0;0;0;0;0;0;0;0;0;0;0;0;0;0;0;0;0;0;0;0;0;0;0;0;0;0;0;0;0;0;0;0;0;0;0;0;0;0;0;0;0;0;0;0;0;0;0;0;0;0;0;0;;;;;;;;;CERT;0;0;0;0;;;;;;;;;;;;;;;;;;;;;;;;;;;;;;;;;;;;;;;;;;;;;4;Error;['Error']
Fluorinated or mixed halogenated organic by-products;;;;;;;Pro-f-06;;;FALS;;;;FALS;FALS;;;FALS;FALS;FALS;FALS;FALS;FALS;FALS;FALS;FALS;FALS;FALS;FALS;FALS;FALS;FALS;FALS;FALS;FALS;;;;FALS;FALS;FALS;FALS;FALS;FALS;FALS;FALS;FALS;FALS;FALS;FALS;FALS;FALS;FALS;FALS;FALS;FALS;FALS;FALS;FALS;FALS;FALS;FALS;FALS;;;;;;;;;;;;;;;;;;;;;;;;;;;0;0;0;0;0;0;0;0;0;0;0;0;0;0;0;0;0;0;0;0;0;0;0;0;0;0;0;0;0;0;0;0;0;0;0;0;0;0;0;0;0;0;0;0;0;0;0;0;0;0;0;0;0;0;0;0;0;0;0;0;0;0;0;0;0;;;;;;;;;CERT;0;0;0;0;;;;;;;;;;;;;;;;;;;;;;;;;;;;;;;;;;;;;;;;;;;;;;Error;['Error']
heavy metals;;;;;;;Pro-f-07;;;FALS;;;;FALS;FALS;;;FALS;FALS;FALS;FALS;FALS;FALS;FALS;FALS;FALS;FALS;FALS;CERT;CERT;FALS;CERT;FALS;FALS;FALS;;;;FALS;FALS;FALS;FALS;FALS;FALS;FALS;FALS;FALS;FALS;FALS;FALS;FALS;FALS;FALS;FALS;FALS;FALS;FALS;FALS;FALS;FALS;FALS;FALS;FALS;;;;;;;;;;;;;;;;;;;;;;;;;;;0;0;0;0;0;0;0;0;0;0;0;0;0;0;0;0;0;0;0;0;0;0;0;0;0;0;0;0;0;0;0;0;0;0;0;0;0;0;0;0;0;0;0;0;0;0;0;0;0;0;0;0;0;0;0;0;0;0;0;0;0;0;0;0;0;;;;;;;;;CERT;0;0;0;0;;;;;;;;;;;;;;;;;;;;;;;;;;;;;;;;;;;;;;;;;;;;;;Error;['Error']
organophosphates & phosphonium compounds;;;;;;;Pro-f-08;;;FALS;;;;FALS;FALS;;;FALS;FALS;FALS;FALS;FALS;FALS;CERT;CERT;FALS;FALS;FALS;FALS;FALS;FALS;CERT;FALS;FALS;FALS;;;;FALS;FALS;FALS;FALS;FALS;FALS;FALS;FALS;FALS;FALS;FALS;FALS;FALS;FALS;FALS;FALS;FALS;FALS;FALS;FALS;FALS;FALS;FALS;FALS;FALS;;;;;;;;;;;;;;;;;;;;;;;;;;;0;0;0;0;0;0;0;0;0;0;0;0;0;0;0;0;0;0;0;0;0;0;0;0;0;0;0;0;0;0;0;0;0;0;0;0;0;0;0;0;0;0;0;0;0;0;0;0;0;0;0;0;0;0;0;0;0;0;0;0;0;0;0;0;0;;;;;;;;;CERT;0;0;0;0;;;;;;;;;;;;;;;;;;;;;;;;;;;;;;;;;;;;;;;;;;;;;;Error;['Error']
PAH 16EPA ;;;;;;;Pro-f-09;;;FALS;;;;FALS;FALS;;;FALS;FALS;FALS;FALS;FALS;FALS;FALS;FALS;FALS;FALS;FALS;FALS;FALS;FALS;FALS;FALS;FALS;FALS;;;;FALS;FALS;FALS;FALS;FALS;FALS;FALS;FALS;FALS;FALS;FALS;FALS;FALS;FALS;FALS;FALS;FALS;FALS;FALS;FALS;FALS;FALS;FALS;FALS;FALS;;;;;;;;;;;;;;;;;;;;;;;;;;;0;0;0;0;0;0;0;0;0;0;0;0;0;0;0;0;0;0;0;0;0;0;0;0;0;0;0;0;0;0;0;0;0;0;0;0;0;0;0;0;0;0;0;0;0;0;0;0;0;0;0;0;0;0;0;0;0;0;0;0;0;0;0;0;0;;;;;;;;;CERT;0;0;0;0;;;;;;;;;;;;;;;;;;;;;;;;;;;;;;;;;;;;;;;;;;;;;;Error;['Error']
Polychlorinated biphenyls (PCB);;;;;;;Pro-f-10;;;FALS;;;;FALS;FALS;;;FALS;FALS;FALS;FALS;FALS;FALS;FALS;FALS;FALS;FALS;FALS;FALS;FALS;FALS;FALS;FALS;FALS;FALS;;;;FALS;FALS;FALS;FALS;FALS;FALS;FALS;FALS;FALS;FALS;FALS;FALS;FALS;FALS;FALS;FALS;FALS;FALS;FALS;FALS;FALS;FALS;FALS;FALS;FALS;;;;;;;;;;;;;;;;;;;;;;;;;;;0;0;0;0;0;0;0;0;0;0;0;0;0;0;0;0;0;0;0;0;0;0;0;0;0;0;0;0;0;0;0;0;0;0;0;0;0;0;0;0;0;0;0;0;0;0;0;0;0;0;0;0;0;0;0;0;0;0;0;0;0;0;0;0;0;;;;;;;;;CERT;0;0;0;0;;;;;;;;;;;;;;;;;;;;;;;;;;;;;;;;;;;;;;;;;;;;;;Error;['Error']
sulfonated aliphates & benzoic acids;;;;;;;Pro-f-11;;;FALS;;;;FALS;FALS;;;FALS;FALS;FALS;FALS;FALS;FALS;CERT;CERT;FALS;FALS;FALS;FALS;FALS;FALS;CERT;FALS;FALS;FALS;;;;FALS;FALS;FALS;FALS;FALS;FALS;FALS;FALS;FALS;FALS;FALS;FALS;FALS;FALS;FALS;FALS;FALS;FALS;FALS;FALS;FALS;FALS;FALS;FALS;FALS;;;;;;;;;;;;;;;;;;;;;;;;;;;0;0;0;0;0;0;0;0;0;0;0;0;0;0;0;0;0;0;0;0;0;0;0;0;0;0;0;0;0;0;0;0;0;0;0;0;0;0;0;0;0;0;0;0;0;0;0;0;0;0;0;0;0;0;0;0;0;0;0;0;0;0;0;0;0;;;;;;;;;CERT;0;0;0;0;;;;;;;;;;;;;;;;;;;;;;;;;;;;;;;;;;;;;;;;;;;;;;Error;['Error']
suspected target screening;;;;;;;Pro-f-12;;;FALS;;;;FALS;FALS;;;FALS;FALS;FALS;FALS;FALS;FALS;CERT;CERT;CERT;FALS;FALS;FALS;FALS;FALS;CERT;FALS;FALS;FALS;;;;FALS;FALS;FALS;FALS;FALS;FALS;FALS;FALS;FALS;FALS;FALS;FALS;FALS;FALS;FALS;FALS;FALS;FALS;FALS;FALS;FALS;FALS;FALS;FALS;FALS;;;;;;;;;;;;;;;;;;;;;;;;;;;0;0;0;0;0;0;0;0;0;0;0;0;0;0;0;0;0;0;0;0;0;0;0;0;0;0;0;0;0;0;0;0;0;0;0;0;0;0;0;0;0;0;0;0;0;0;0;0;0;0;0;0;0;0;0;0;0;0;0;0;0;0;0;0;0;;;;;;;;;CERT;0;0;0;0;;;;;;;;;;;;;;;;;;;;;;;;;;;;;;;;;;;;;;;;;;;;;;Error;['Error']
UV stabilizers;;;;;;;Pro-f-13;;;FALS;;;;FALS;FALS;;;FALS;FALS;FALS;FALS;FALS;FALS;CERT;CERT;FALS;FALS;FALS;FALS;FALS;FALS;CERT;FALS;FALS;FALS;;;;FALS;FALS;FALS;FALS;FALS;FALS;FALS;FALS;FALS;FALS;FALS;FALS;FALS;FALS;FALS;FALS;FALS;FALS;FALS;FALS;FALS;FALS;FALS;FALS;FALS;;;;;;;;;;;;;;;;;;;;;;;;;;;0;0;0;0;0;0;0;0;0;0;0;0;0;0;0;0;0;0;0;0;0;0;0;0;0;0;0;0;0;0;0;0;0;0;0;0;0;0;0;0;0;0;0;0;0;0;0;0;0;0;0;0;0;0;0;0;0;0;0;0;0;0;0;0;0;;;;;;;;;CERT;0;0;0;0;;;;;;;;;;;;;;;;;;;;;;;;;;;;;;;;;;;;;;;;;;;;;;Error;['Error']
