;full_name;cas_no;ec_no;inchikey;canonical_smiles;dashboard_dtxsid;pubchem_cid;promisces_id;norman_susdat_id;uba_list;dtu_list_dk;UBA_cat;quality_UBA_cat;EC_cat;pfas_cs1_dwtp_route_a;pfas_cs1_urban_route_a;pfas_cs2_route_a;pfas_cs3_route_b;pfas_cs4_sofia_route_c;pfas_cs4_univpm_route_c;pfas_cs5_route_d;pfas_cs6_route_e;pfas_cs7_route_e;pfas_wwtp_network_wp3;ipmt_cs1_dwtp_route_a;ipmt_cs1_urban_route_a;ipmt_cs2_route_a;ipmt_cs3_route_b;ipmt_cs4_sofia_route_c;ipmt_cs4_univpm_route_c;ipmt_cs5_route_d;ipmt_cs7_route_e;promisces_CS;pro_workers_widespread;registered_consumer_use;article_serv_life_echa;uses;industry_uses;consumer_use;process_cat_1;process_cat_2;process_cat_3;process_cat_10;process_cat_11;process_cat_13;process_cat_15;process_cat_17;process_cat_18;process_cat_19;erc_2;erc_5;erc_8a;erc_8b;erc_8c;erc_8d;erc_8e;erc_8f;erc_9a;erc_9b;erc_10a;erc_10b;erc_11a;erc_11b;erc_12b;pNEC_type;average_mass;logKow_exp;logKow_pred;logKoa_exp;logKoa_pred;solubility_exp;solubility_pred;log_Koc_pred_dashboard;log_Koc_pred_episuite;bhl_pred;hl_pred_freshwater;bcf_pred;P_hl_exp_freshwater;P_hl_exp_soil;P_hl_exp_sediments;M_logKoc_UBA;M_Dow_min_UBA;pNEC_freshwater;T_score_predicted_rivm;kemi_score;E_score_min;E_score_max;tonnage_band;min_tonnage;max_tonnage;PC0;PC1;PC2;PC3;PC4;PC7;PC8;PC9a;PC9b;PC9c;PC11;PC12;PC13;PC14;PC15;PC16;PC17;PC18;PC19;PC20;PC21;PC23;PC24;PC25;PC26;PC27;PC28;PC29;PC30;PC31;PC32;PC33;PC34;PC35;PC36;PC37;PC38;PC39;PC40;PC41;PC42;SU0;SU1;SU2a;SU2b;SU4;SU5;SU6a;SU6b;SU7;SU8;SU9;SU10;SU11;SU12;SU13;SU14;SU15;SU16;SU17;SU18;SU19;SU20;SU23;SU24;P_score_freshwater_pred_UBA;P_score_freshwater_pred_RIVM;P_score_freshwater_pred_Dashboard;P_score_soil_exp_UBA;P_score_sediment_exp_UBA;M_score_exp_UBA;M_score_pred_Episuite;M_score_pred_Dashboard;T_score_clp_harmonised;T_score_carcinogenicity_atp18;T_score_mutagenicity_atp18;T_score_reprotoxicity_atp18;T_score_ed_lists_(jan2023);pnoec_fish;reliability_pnoec_fish;adi_pnoec_fish;pnoec_daphnia;reliability_pnoec_daphnia;adi_pnoec_daphnia;pnoec_algae;reliability_pnoec_algae;adi_pnoec_algae;pNEC_score;pNOEC_daphnia_score;pNOEC_fish_score;pNOEC_algae_score;T_score_ecotox;P_robust_score;P_robust_value;P_conservative_score;P_conservative_value;P_average_value;M_robust_score;M_robust_value;M_conservative_score;M_conservative_value;M_average_value;E_robust_score;E_robust_value;PM_conservative_score;robustness;PM_robust_score;PM_robust_robustness;PM_average_score;PM_average_robustness;T_score_score;T_score_robustness;PMT_conservative_score;PMT_conservative_robustness;PMT_robust_score;PMT_robust_robustness;PMT_average_score;PMT_average_robustness;cluster labels;conservative_classification;robust_classification;average_classification;priority_group;functional_groups;chemical_class
0;(1S,4R,4aS,9aR)-4,4a,9,9a-tetrahydro-1H-1,4-methanofluorene;;700-736-9;XUFPYLQWLKKGDQ-ZMJPVWNMSA-N;c1(NP(=O)(N)N)c(N(=O)=O)cccc1;;;PRO-001;;REACH-A;False;PMT;HQ;Potential PMT/vPvM;False;False;;;False;False;False;False;False;False;False;False;False;False;False;False;False;False;False;False;False;False;;;;False;False;False;False;False;False;False;False;False;False;False;False;False;False;False;False;False;False;False;False;False;False;False;False;False;;;;;;;;;;;;;;;;;;3.3;;;;;;;;;0;0;0;0;0;0;0;0;0;0;0;0;0;0;0;0;0;0;0;0;0;0;0;0;0;0;0;0;0;0;0;0;0;0;0;0;0;0;0;0;0;0;0;0;0;0;0;0;0;0;0;0;0;0;0;0;0;0;0;0;0;0;0;0;0;;;;;;;;;True;0.0;0.0;0.0;0;570.3;low ;0.329;3230.0;low ;0.323;6770.0;low ;0.282;;0.029051522266223;0.0597428787450575;0.0212360837171849;0.0346703870991105;;;;;;;;;;;;;;;;;;;0.0346703870991105;0.5;0.0346703870991105;0.25;0.0346703870991105;0.25;0.0346703870991105;0.25;;;;;;Nh0, Nh1, Nh2, Aniline, Benzene, Nitro, Nitro Arom, Para Hydroxylation;['Aromatic amines', 'Nitrobenzene derivatives']
1;(1S,4R,6R)-1-[(3E)-5-hydroxy-3-methylpent-3-en-1-yn-1-yl]-2,2,6-trimethylcyclohexane-1,4-diol;70905-68-9;700-054-1;AJDYPKBZJGFSDZ-VXLSFFSTSA-N;CC1(C)C[C@H](O)C[C@@H](C)[C@@]1(O)C#C/C(=C/CO)/C;DTXSID301114439;14631277.0;PRO-002;NS00001720;REACH-B;False;vPvM & PMT;MQ;vPvM & PMT;False;False;;;False;False;False;False;False;False;False;False;False;False;False;False;False;False;False;False;False;False;;;;True;False;False;False;False;False;False;False;False;False;False;False;False;False;False;False;False;False;False;False;False;False;False;False;False;P-PNEC;252.354;;2.43;;8.33;;0.00794;2.198657087;;79.0436316995644;;1.48;35.0;;;;0.5;35.50931886;;0.22;0.0;0.0;;;;0;0;0;0;0;0;0;0;0;0;0;0;0;0;0;0;0;0;0;0;0;0;0;0;0;0;0;0;0;0;0;0;0;0;0;0;0;0;0;0;0;0;0;0;0;0;0;0;0;0;0;0;0;0;0;0;0;0;0;0;0;0;0;0;0;0.284668524889841;;0.615676278997465;;;;;0.465629640665651;False;0.0;0.0;0.0;0;139.6;low ;0.376;4050.0;low ;0.507;1050.0;low ;0.616;0.175036828880735;0.0264046657163222;0.104810129551376;0.0464777392452345;0.220627584405137;;;P_score_freshwater_pred_Dashboard;0.615676278997465;0.450172401943653;;;M_score_pred_Dashboard;0.465629640665651;0.465629640665651;kemi_score;0.22;0.535422379580789;1.0;;;0.457835793439762;1.0;0.220627584405137;0.5;0.398429007817711;0.75;0.220627584405137;0.25;0.358943779810331;0.75;0.0;PM;;PM;4;Al Oh, Al Oh Notert, Allylic Oxid;['Alkylphenols', 'Terpenoid']
2;(2-allyloxy-1,1-dimethyl-2-oxo-ethyl) 2-chloro-5-[3,6-dihydro-3-methyl-2,6-dioxo-4-(trifluoromethyl)-1(2H)-pyrimidin-1-yl]benzoate;134605-64-4;603-837-5;JEDYYFXHPAIBGR-UHFFFAOYSA-N;CC(C)(C(=O)OCC=C)OC(=O)C1=C(C=CC(=C1)N2C(=O)C=C(N(C2=O)C)C(F)(F)F)Cl;DTXSID9034365;11826859.0;PRO-003;NS00006629;REACH-A;True;vPvM & PMT;HQ;vPvM & PMT;False;False;;;False;False;False;False;False;False;False;False;False;False;False;False;False;False;False;False;False;False;;;;False;False;True;False;False;False;False;False;False;False;True;False;False;False;False;False;False;False;False;False;False;False;False;False;False;P-PNEC pred;474.82;;3.57;;11.7;2.09e-05;7.45e-06;2.11058971;;169.017118044887;;5.62;65.0;266.0;;1.5;;0.21696;;0.42;0.0;0.0;;;;0;0;0;0;0;0;0;0;0;0;0;0;0;0;0;0;0;0;0;0;0;0;0;0;0;1;0;0;0;0;0;0;0;0;0;0;0;0;0;0;0;0;0;0;0;0;0;0;0;0;0;0;0;0;0;0;0;0;0;0;0;0;0;0;0;0.534155202628529;;0.854515447152619;0.660972635049374;;0.585786437626905;;0.480845641880115;False;0.0;0.0;0.0;0;32.2;low ;0.194;92.2;low ;0.0;608.199999999999;low ;0.0;0.660073175355613;0.122955964769476;0.181256770260564;0.0581923906612996;0.698076556786662;P_score_soil_exp_UBA;0.660972635049374;P_score_freshwater_pred_Dashboard;0.854515447152619;0.683214428276841;M_score_exp_UBA;0.585786437626905;M_score_exp_UBA;0.585786437626905;0.53331603975351;kemi_score;0.42;0.707505165836048;1.0;0.622244972060394;1.0;0.603630030060685;1.0;0.698076556786662;0.5;0.704348230649356;0.75;0.646559675617628;0.75;0.633599621942152;0.75;0.0;vPvM(T);PM(T);PM(T);3;Ar N, C O, C O Nocoo, Nh0, Alkyl Halide, Benzene, Ester, Ether, Halogen;['Aromatic amines', 'Chlorobenzenes', 'Ethylene Glycols', 'PBB', 'PBDE', 'PCB', 'PhenylEthers', 'Phtalates', 'Pyrethrins', 'Styrenes', 'Triazines', 'PFAS']
3;(2?,3?,5?,16?,17?)-17-Acetoxy-3-hydroxy-2-(4-morpholinyl)-16-(1-pyrrolidinyl)androstane;119302-24-8;601-596-0;YBZSVMDKHBRYNB-UHFFFAOYSA-N;CC(=O)OC1C(CC2C3CCC4CC(O)C(CC4(C)C3CCC12C)N1CCOCC1)N1CCCC1;DTXSID601035727;16064933.0;PRO-004;NS00001345;REACH-B;False;vPvM;HQ;vPvM;False;False;;;False;False;False;False;False;False;False;False;False;False;False;False;False;False;False;False;False;False;;;;False;False;True;False;False;False;True;False;False;False;False;False;False;False;False;False;False;False;False;False;False;False;False;False;False;P-PNEC pred;488.713;;4.04;;10.2;;1.78e-06;4.309630167;;6.761793810485e+73;;24.5;637.0;;;;-3.8;0.59833;;0.35;0.02;0.06;>1 to < 10 tonnes;1.0;10.0;0;0;0;0;0;0;0;0;0;0;0;0;0;0;0;0;0;0;0;0;0;0;0;0;0;0;0;1;0;0;0;0;0;0;0;0;0;0;0;0;0;0;0;0;0;0;0;0;0;0;0;1;0;0;0;0;0;0;0;0;0;0;0;0;0;0.982682905794371;;1.0;;;;;0.167853960032222;False;0.0;0.0;0.0;0;209.1;low ;0.0;3090.0;low ;0.645;134.7;low ;0.0;0.555534733227328;0.0295992967587337;0.0894512192757153;0.106275042895269;0.585544202242285;;;P_score_freshwater_pred_Dashboard;1.0;0.991341452897185;;;M_score_pred_Dashboard;0.167853960032222;0.167853960032222;kemi_score;0.35;0.40969984138662;1.0;;;0.407922282564815;1.0;0.585544202242285;0.5;0.461491555863704;0.75;0.585544202242285;0.25;0.460155744225833;0.75;1.0;PM;;PM;4;Al Oh, Al Oh Notert, C O, C O Nocoo, Nh0, Ndealkylation2, Bicyclic, Ester, Ether, Morpholine;['Alkylphenols', 'Cyclohexanes', 'Ethylene Glycols']
4;(5-hydroxy-1,3-dimethyl-1H-pyrazol-4-yl)[2-(methylsulfonyl)-4-(trifluoromethyl)phenyl]methanone;365400-11-9;609-256-3;DWSPRBSLSXQIEJ-UHFFFAOYSA-N;CC1=C(C(=O)N(N1)C)C(=O)C2=C(C=C(C=C2)C(F)(F)F)S(=O)(=O)C;DTXSID2044343;11693711.0;PRO-005;;REACH-A;False;vPvM;HQ;vPvM;False;False;;;False;False;False;False;False;False;False;False;False;False;False;False;False;False;False;False;False;False;;;;False;False;False;False;False;False;True;False;False;False;True;False;False;False;False;False;False;False;False;False;False;False;False;False;False;P-PNEC;364.34;;1.33;;9.0;;0.0018;2.810232518;;34.813317487602;;1.74;327.0;120.0;578.0;1.3;;0.466114172;;;0.13;0.25;>10 to < 100 tonnes;10.0;100.0;0;0;0;0;0;0;0;0;0;0;0;0;0;0;0;0;0;0;0;0;0;0;0;0;0;1;0;0;0;0;0;0;0;0;0;0;0;0;0;0;0;0;0;0;0;0;0;0;0;0;0;0;0;0;0;0;0;0;0;0;0;0;0;0;0;0.94778085049627;;0.282810472375868;0.333333333333333;0.88020205578614;0.618975738670119;;0.363174929539701;False;0.0;0.0;0.0;0;189.799999999999;low ;0.196;1850.0;low ;0.203;1160.0;low ;0.0;0.582126176326698;0.0367147240981055;0.092936481989908;0.0445973689697885;0.604741381312423;P_score_sediment_exp_UBA;0.88020205578614;P_score_freshwater_pred_UBA;0.94778085049627;0.611031677997903;M_score_exp_UBA;0.618975738670119;M_score_exp_UBA;0.618975738670119;0.49107533410491;E_score_max;0.25;0.765932994480145;1.0;0.738121749888989;1.0;0.547779686937645;1.0;0.604741381312423;0.5;0.707919292445765;0.75;0.690677376937884;0.75;0.56614435087158;0.75;0.0;vPvM(T);vPvM(T);PM(T);;Ar N, Ar Nh, C O, C O Nocoo, Nh0, Nh1, Nhpyrrole, Alkyl Halide, Aryl Methyl, Benzene, Halogen, Ketone, Sulfone;['Aromatic amines', 'Chlorobenzenes', 'Benzophenones', 'PAHs', 'PBB', 'PCB', 'PFAS']
5;[(2R)-2-(2,4-dichlorophenyl)-2-[(1H-1,2,4-triazol-1-yl)methyl]-1,3-dioxolan-4-yl]methyl methanesulfonate hydrochloride;155661-07-7;445-550-6;VOEZOGZQSVLIRN-HYHLQHTJNA-N;CS(=O)(=O)OCC1COC(O1)(CN2C=NC=N2)C3=C(C=C(C=C3)Cl)Cl.Cl;DTXSID801020958;133082483.0;PRO-006;NS00078588;REACH-A;False;vPvM;HQ;PM;False;False;;;False;False;False;False;False;False;False;False;False;False;False;False;False;False;False;False;False;False;;;;False;False;True;False;False;False;True;False;False;False;False;False;False;False;False;False;False;False;False;False;False;False;False;False;False;P-PNEC;444.71;;0.41;;10.8;;8.13e-05;1.800029359;;4105.16000827419;;5.5;1028.0;;;2.5;;6.413071061;;;0.0;0.0;;;;0;0;0;0;0;0;0;0;0;0;0;0;0;0;0;0;0;0;0;0;0;0;0;0;0;0;0;0;0;0;0;0;0;0;0;0;0;0;0;0;0;1;0;0;0;0;0;0;0;0;0;0;0;0;0;0;0;0;0;0;0;0;0;0;0;0.992284402457516;;0.999271508384264;;;0.414213562373095;;0.534596898215277;False;0.0;0.0;0.0;0;125.1;low ;0.196;488.599999999999;low ;0.277;701.0;low ;0.234;0.308516054328522;0.0636283423293301;0.109363682111657;0.0549030808389978;0.35720480494679;;;P_score_freshwater_pred_Dashboard;0.999271508384264;0.99577795542089;M_score_exp_UBA;0.414213562373095;M_score_pred_Dashboard;0.534596898215277;0.474405230294186;E_score_min;0.0;0.730894964312334;1.0;0.414213562373095;0.5;0.687315262643949;1.0;0.35720480494679;0.5;0.575717031199275;0.75;0.384654487499881;0.5;0.552598569181134;0.75;0.0;vPvM;PM;PM;;Ar N, Nh0, Benzene, Ether, Halogen;['Aromatic amines', 'Chlorobenzenes', 'Ethylene Glycols', 'PBB', 'PBDE', 'PCB', 'PhenylEthers']
6;[(3aS,4S,6S)-6-methoxy-2,2-dimethyl-tetrahydro-2H-furo[3,4-d][1,3]dioxol-4-yl]methyl 4-methylbenzene-1-sulfonate;4137-56-8;609-920-2;IAPMZKRZMYQZSW-UHFFFAOYSA-N;CC1(C)OC2[C@@H](O1)[C@@H](O[C@@H]2OC)COS(=O)(=O)c1ccc(C)cc1;DTXSID50284838;236623.0;PRO-007;NS00003867;REACH-B;False;vPvM;HQ;vPvM;False;False;;;False;False;False;False;False;False;False;False;False;False;False;False;False;False;False;False;False;False;;;;True;False;True;False;False;False;False;False;False;False;False;False;False;False;False;False;False;False;False;False;False;False;False;False;False;P-PNEC pred;358.41;;2.38;;9.4;;0.00098;1.889861721;;107.7700725714;;1.55;1488.0;;;;1.4;10.47795;;0.27;0.0;0.0;;;;0;0;0;0;0;0;0;0;0;0;0;0;0;0;0;0;0;0;1;0;0;0;0;0;0;0;0;0;0;0;0;0;0;0;0;0;0;0;0;0;0;0;0;0;0;0;0;0;0;0;0;1;0;0;0;0;0;0;0;0;0;0;0;0;0;0.995884920189042;;0.731291418168485;;;;;0.519076245423817;False;0.0;0.0;0.0;0;333.4;low ;0.202;1510.0;low ;0.245;2590.0;low ;0.245;0.264973579911653;0.0399645673577169;0.0742638067620682;0.0318823898149451;0.298552449959031;;;P_score_freshwater_pred_UBA;0.995884920189042;0.863588169178763;;;M_score_pred_Dashboard;0.519076245423817;0.519076245423817;kemi_score;0.27;0.71898553896857;1.0;;;0.669528270090024;1.0;0.298552449959031;0.5;0.536397794429175;0.75;0.298552449959031;0.25;0.511508465873991;0.75;0.0;vPvM;;PM;4;Aryl Methyl, Benzene, Bicyclic, Ether, Methoxy;['Cyclohexanes', 'Ethylene Glycols', 'PAHs', 'PBDE', 'PhenylEthers']
7;[(3S,4R,4aR,6S,6aS,12R,12aS,12bS)-3-(cyclopropanecarbonyloxy)-6,12-dihydroxy-4,6a,12btrimethyl-11-oxo-9-(pyridin-3-yl)-1,2,3,4,4a,5,6,6a,12a,12b-decahydro-11H,12Hbenzo[f]pyrano[4,3-b]chromen-4-yl]methylcyclopropanecarboxylate;915972-17-7;815-966-6;;CC12CCC(C(C1CC(C3(C2C(C4=C(O3)C=C(OC4=O)C5=CN=CC=C5)O)C)O)(C)COC(=O)C6CC6)OC(=O)C7CC7;DTXSID00896889;54589430.0;PRO-008;;REACH-A;False;vPvM;HQ;PM;False;False;;;False;False;False;False;False;False;False;False;False;False;False;False;False;False;False;False;False;False;;;;False;False;False;False;False;False;False;False;False;False;False;False;False;False;False;False;False;False;False;False;False;False;False;False;False;;593.673;;2.49;;9.73;;6.62e-05;4.92992956;;1.88618080849065e+64;;5.01;11.0;66.0;371.0;2.7;;;;;0.0;0.08;>0 to < 10 tonnes;0.0;10.0;0;0;0;0;0;0;0;0;0;0;0;0;0;0;0;0;0;0;0;0;0;0;0;0;0;0;0;0;0;0;0;0;0;0;0;0;0;0;0;0;0;0;0;0;0;0;0;0;0;0;0;0;0;0;0;0;0;0;0;0;0;0;0;0;0;0.0521486587213145;;1.0;0.152496117489493;0.774936037803488;0.38102426132988;;0.1159994316796;False;0.0;0.0;0.0;0;343.4;low ;0.0;4640.0;low ;0.0;638.8;low ;0.0;;0.0249280404506291;0.0733862454353041;0.0570349539846579;0.0;P_score_sediment_exp_UBA;0.774936037803488;P_score_freshwater_pred_Dashboard;1.0;0.494895203503574;M_score_exp_UBA;0.38102426132988;M_score_exp_UBA;0.38102426132988;0.24851184650474;E_score_max;0.08;0.617271626862826;1.0;0.54338699964388;1.0;0.350695481648983;1.0;0.0;0.5;0.0;0.75;0.0;0.75;0.0;0.75;1.0;PM;PM;PM;;Al Oh, Al Oh Notert, Ar N, C O, C O Nocoo, Nh0, Bicyclic, Ester, Ether, Pyridine;['Alkylphenols', 'Aromatic amines', 'Cyclohexanes', 'Ethylene Glycols', 'Pyridin']
8;[[(phosphonomethyl)imino]bis[ethane-2,1-diylnitrilobis(methylene)]]tetrakisphosphonic acid;15827-60-8;239-931-4;DUYCTCQXNHFCSJ-UHFFFAOYSA-N;C(CN(CP(=O)(O)O)CP(=O)(O)O)N(CCN(CP(=O)(O)O)CP(=O)(O)O)CP(=O)(O)O;DTXSID0027775;85128.0;PRO-009;NS00004368;REACH-A;True;vPvM;HQ;vPvM;False;False;;;False;False;False;False;False;False;False;False;False;False;False;False;False;False;False;True;True;True;chelating;"Anti-scaling agent; Cleaning agent; Corrosion inhibitor; Corrosion inhibitors and anti-scaling agents; Intermediate; Processing aids, specific to petroleum production";"Corrosion inhibitors and anti-scaling agents; Other (specify)";True;True;True;True;True;True;True;False;False;True;True;True;True;True;True;True;False;True;False;False;False;False;True;False;False;P-PNEC pred;573.198;;-6.95;;9.6;;1.06;1.770115295;;58.5569625918923;;3.09;4685.0;;;;-16.3;0.25976;;0.73;0.26;0.39;>100 to < 1000 tonnes;100.0;1000.0;1;0;0;1;0;1;1;1;1;1;0;1;0;1;1;0;0;0;1;1;1;1;0;1;1;1;1;0;1;1;0;0;1;1;1;1;0;1;1;1;0;1;1;1;1;1;1;1;1;0;1;0;1;0;0;0;1;1;0;1;1;1;0;1;0;0.999418703627588;;0.489597175430576;;;;;0.539751909316023;False;0.0;0.0;0.0;0;335.3;low ;0.0;1420.0;low ;0.0;1720.0;low ;0.0;0.642315367047779;0.0410012056867674;0.0740943160473937;0.0378503982943391;0.642315367047779;;;P_score_freshwater_pred_UBA;0.999418703627588;0.744507939529082;;;M_score_pred_Dashboard;0.539751909316023;0.539751909316023;kemi_score;0.73;0.734464535215374;1.0;;;0.633916068467869;1.0;0.642315367047779;0.5;0.702365747698544;0.75;0.642315367047779;0.25;0.636703559385236;0.75;2.0;vPvM(T);(T);PM(T);1;Nh0;['Organophosphates']
9;[2,2-dimethyl-3-(morpholin-4-yl)propylidene][6-({2-methyl-2-[(morpholin-4-yl)methyl]propylidene}amino)hexyl]amine;1217271-49-2;700-570-7;BVUYTWFHWBDUQZ-UHFFFAOYSA-N;CC(C)(CN1CCOCC1)C=NCCCCCCN=CC(C)(C)CN1CCOCC1;DTXSID801045043;89999256.0;PRO-010;NS00010203;REACH-B;False;vPvM;HQ;PM;False;False;;;False;False;False;False;False;False;False;False;False;False;False;False;False;False;False;True;True;True;;;;True;True;True;True;True;True;True;False;False;False;True;True;False;False;True;False;False;True;False;False;False;False;True;False;False;P-PNEC;422.658;;4.6;;11.5;;0.00191;2.749736316;;4105.16000827419;;42.7;2379.0;;;;-0.3;0.226344292;;0.32;0.01;0.01;Tonnage data confidential;;;1;1;0;0;0;0;0;1;1;0;0;0;0;0;0;0;0;0;0;0;0;0;0;0;0;0;0;0;0;0;1;0;0;0;0;0;0;0;0;0;0;0;0;0;0;0;0;0;0;0;0;0;0;0;0;0;0;0;0;0;0;1;0;0;0;0.998150810659306;;0.999271508384264;;;;;0.372927621499333;False;0.0;0.0;0.0;0;177.3;low ;0.268;9560.0;low ;0.242;522.7;low ;0.0;0.655934852742684;0.0183346475111119;0.0954609049250424;0.0619048705689928;0.655934852742684;;;P_score_freshwater_pred_Dashboard;0.999271508384264;0.998711159521785;;;M_score_pred_Dashboard;0.372927621499333;0.372927621499333;kemi_score;0.32;0.61045552405871;1.0;;;0.610284341340412;1.0;0.655934852742684;0.5;0.625253677181179;0.75;0.655934852742684;0.25;0.625136783459683;0.75;1.0;PM(T);(T);PM(T);4;Imine, Nh0, Ether, Morpholine, Unbrch Alkane;['Ethylene Glycols']
10;[2-[[2-cyano-3-[4-(diethylamino)phenyl]-1-oxoallyl]oxy]ethyl][3-[[2-cyano-3-[4-(diethylamino)phenyl]-1-oxoallyl]oxy]propyl]dimethylammonium chloride;78181-99-4;278-859-8;LOIBKNKBFZKAQY-AMLXCYGQSA-N;CCN(CC)C1=CC=C(C=C1)C=C(C#N)C(=O)OCCC[N+](C)(C)CCOC(=O)C(=CC2=CC=C(C=C2)N(CC)CC)C#N.[Cl-];DTXSID30888535;6441372.0;PRO-011;NS00001709;REACH-A;True;vPvM;HQ;PM;False;False;;;False;False;False;False;False;False;False;False;False;False;False;False;False;False;False;True;False;True;;Dye;Dye;True;True;True;True;False;True;True;False;False;False;True;True;False;False;True;False;False;False;False;False;False;False;True;False;False;P-PNEC;636.23;;2.6;;11.7;;0.025;5.0;4.851;6063.24248803609;302.4315642;85.1;639.0;;;2.1;;0.224421006;0.12;0.62;0.24;0.36;>100 to < 1000 tonnes;100.0;1000.0;0;0;0;0;0;0;0;0;0;0;0;0;0;0;0;0;0;1;0;0;0;1;0;0;1;0;0;0;0;0;1;0;1;0;0;0;0;0;0;0;0;0;0;0;0;0;1;1;1;1;0;0;0;0;1;0;0;0;0;0;0;0;0;0;0;0.982773865091932;0.940763417192415;0.999625863290749;;;0.482678255167814;0.121728500489442;0.111111111111111;False;0.0;0.0;0.0;0;182.4;low ;0.0;6830.0;low ;0.0;1490.0;low ;0.0;0.65677076428906;0.0211565803960814;0.0944027185998965;0.0401873334627801;0.65677076428906;;;P_score_freshwater_pred_Dashboard;0.999625863290749;0.974387715191699;M_score_exp_UBA;0.482678255167814;M_score_exp_UBA;0.482678255167814;0.238505955589456;kemi_score;0.62;0.694620520510155;1.0;0.482678255167814;0.5;0.482076003474994;1.0;0.280735626016163;1.0;0.441593395182822;1.0;0.336318634300249;0.75;0.367880291158581;1.0;1.0;PM;PM;PM;2;C O, C O Nocoo, Nh0, Ndealkylation1, Aniline, Benzene, Ester, Ether, Halogen, Nitrile, Quatn, Unbrch Alkane;['Aromatic amines', 'Chlorobenzenes', 'Ethylene Glycols', 'Organotins', 'PBB', 'PBDE', 'PhenylEthers', 'Phtalates', 'Pyrethrins', 'Styrenes', 'Terpenoid']
11;[2-butyl-4-chloro-1-({4-[2-(2H-1,2,3,4-tetrazol-5-yl)phenyl]phenyl}methyl)-1H-imidazol-5-yl]methanol;114798-26-4;601-329-8;PSIFNNKUMBGKDQ-UHFFFAOYSA-N;CCCCC1=NC(=C(N1CC2=CC=C(C=C2)C3=CC=CC=C3C4=NNN=N4)CO)Cl;DTXSID7023227;3961.0;PRO-012;NS00008822;REACH-A;True;vPvM & PMT;MQ;PMT;False;False;;;False;False;False;False;False;False;False;False;False;False;False;False;False;False;False;False;False;False;;;;True;False;True;False;False;False;False;False;False;False;False;False;False;False;False;False;False;False;False;False;False;False;False;False;False;JD-UQN proposal;422.92;;3.61;;9.62;;9.04e-06;4.130333768;3.203;1329083.28081209;45.93182146;22.4;384.0;;;;1.0;78.0;0.3;0.4;0.12;0.18;>100 to < 1000 tonnes;100.0;1000.0;0;0;0;0;0;0;0;0;0;0;0;0;0;0;0;0;0;0;0;0;0;0;0;0;0;0;0;0;0;0;0;0;0;0;0;0;0;0;0;0;0;0;0;0;0;0;0;0;0;0;0;1;0;0;0;0;0;0;0;0;0;0;0;0;0;0.959819458811616;0.387755154793161;0.999999962718961;;;;0.302830344827592;0.185936244236079;False;0.0;0.0;0.0;0;114.0;low ;0.196;6520.0;low ;0.226;45.0;low ;0.0;0.131005828595625;0.0215784052972163;0.113356541588989;0.160675241712443;0.131005828595625;;;P_score_freshwater_pred_Dashboard;0.999999962718961;0.782524858774579;;;M_score_pred_Episuite;0.302830344827592;0.244383294531835;kemi_score;0.4;0.550300221277224;1.0;;;0.437305388762122;1.0;0.198246686173281;1.0;0.330295617997928;1.0;0.198246686173281;0.5;0.294439033023492;1.0;1.0;PM;;PM;3;Al Oh, Al Oh Notert, Ar N, Ar Nh, Nh0, Nh1, Nhpyrrole, Aryl Methyl, Benzene, Halogen, Imidazole, Tetrazole;['Benzimidazole', 'Alkylphenols', 'Aromatic amines', 'Chlorobenzenes', 'Imidazoles', 'PAHs', 'PBB', 'Pyrimidines']
12;[ethane-1,2-diylbis[nitrilobis(methylene)]]tetrakisphosphonic acid;1429-50-1;215-851-5;NFDRPXJGHKJRLJ-UHFFFAOYSA-N;C(CN(CP(=O)(O)O)CP(=O)(O)O)N(CP(=O)(O)O)CP(=O)(O)O;DTXSID3061689;15025.0;PRO-013;NS00009310;REACH-A;False;vPvM;HQ;vPvM;False;False;;;False;False;False;False;False;False;False;False;False;False;False;False;False;False;False;True;True;True;;;;True;True;True;True;True;True;True;False;False;True;True;True;True;True;False;True;True;False;False;False;False;False;True;False;False;;436.123;;-5.79;;9.58;;1.33;1.609594409;;58.5569625918923;;3.09;648.0;;;;-12.1;2.43698;;;0.14;0.26;>10 to < 100 tonnes;10.0;100.0;1;0;0;1;0;1;1;1;1;0;0;1;0;1;1;0;0;0;1;1;1;1;0;1;1;1;1;0;1;1;0;0;1;1;1;1;0;1;1;0;0;0;0;1;1;0;1;0;1;0;0;0;0;0;0;0;1;1;1;1;0;1;0;1;0;0.983174002978998;;0.489597175430576;;;;;0.567242293237463;False;0.0;0.0;0.0;0;349.1;low ;0.0;17960.0;low ;0.0;2430.0;low ;0.0;0.404475355183158;0.0140040409042089;0.0729015508871445;0.0327483451445712;0.404475355183158;;;P_score_freshwater_pred_UBA;0.983174002978998;0.736385589204787;;;M_score_pred_Dashboard;0.567242293237463;0.567242293237463;E_score_max;0.26;0.746791722035845;1.0;;;0.646304146921203;1.0;0.404475355183158;0.5;0.608737914177495;0.75;0.404475355183158;0.25;0.552826241664175;0.75;2.0;vPvM;;PM;;Nh0;['Organophosphates']
13;1-(3-chloropyridin-2-yl)-N-[4-cyano-2-methyl-6-(methylcarbamoyl)phenyl]-3-{[5-(trifluoromethyl)-2H-tetrazol-2-yl]methyl}-1H-pyrazole-5-carboxamide;1229654-66-3;810-161-6;KNDVJPKNBVIKML-UHFFFAOYSA-N;CC1=CC(=CC(=C1NC(=O)C2=CC(=NN2C3=C(C=CC=N3)Cl)CN4N=C(N=N4)C(F)(F)F)C(=O)NC)C#N;DTXSID40894829;56602311.0;PRO-014;;REACH-A;False;vPvM;HQ;PM;False;False;;;False;False;False;False;False;False;False;False;False;False;False;False;False;False;False;False;False;False;;;;False;False;True;False;False;False;True;False;False;False;True;False;False;False;False;False;False;False;False;False;False;False;False;False;False;;544.88;;2.8;;9.71;;0.000301;1.640481437;;34.813317487602;;11.2;24.0;183.0;218.0;2.3;;;;;0.11;0.22;>10 to < 100 tonnes;10.0;100.0;0;0;0;0;0;0;0;0;0;0;0;0;0;0;0;0;0;0;0;0;0;0;0;0;0;1;0;0;0;0;0;0;0;0;0;0;0;0;0;0;0;0;0;0;0;0;0;0;0;0;0;0;0;0;0;0;0;0;0;0;0;0;0;0;0;0.172728869564759;;0.282810472375868;0.507063787074779;0.581135564825904;0.44820048133989;;0.561979406183193;False;0.0;0.0;0.0;0;149.9;low ;0.0;2260.0;low ;0.174;277.2;low ;0.0;;0.0337608853800722;0.10194465472282;0.0799671665275452;0.00587439405613254;P_score_sediment_exp_UBA;0.581135564825904;P_score_sediment_exp_UBA;0.581135564825904;0.385934673460328;M_score_exp_UBA;0.44820048133989;M_score_pred_Dashboard;0.561979406183193;0.505089943761542;E_score_max;0.22;0.571477225821639;1.0;0.510357952694674;1.0;0.441510727518263;1.0;0.00587439405613254;0.5;0.124256841626073;0.75;0.115231429527567;0.75;0.104620116364663;0.75;0.0;PM;PM;PM;;Ar N, C O, C O Nocoo, Nh0, Nh1, Alkyl Halide, Amide, Aniline, Aryl Methyl, Benzene, Halogen, Nitrile, Pyridine, Tetrazole;['Chlorobenzenes', 'PAHs', 'PBB', 'PCB', 'Pyridin', 'PFAS']
14;1-(pyrimidin-5-ylmethyl)-3-[3-(trifluoromethyl)phenyl]pyrido[1,2-a]pyrimidin-1-ium-3-ide-2,4-dione;1263133-33-0;816-285-7;LHZOTJOOBRODLL-UHFFFAOYSA-N;C1=CC2=[N+](C(=C(C(=O)N2C=C1)C3=CC(=CC=C3)C(F)(F)F)[O-])CC4=CN=CN=C4;DTXSID90155139;57414497.0;PRO-015;;REACH-A;False;vPvM;HQ;vPvM;False;False;;;False;False;False;False;False;False;False;False;False;False;False;False;False;False;False;False;False;False;;;;True;True;False;False;False;False;True;False;False;False;True;False;False;False;False;False;False;False;False;False;False;False;False;False;False;;398.345;;0.495;;11.7;;0.00403;2.770115295;;34.813317487602;;5.75;;740.0;692.0;1.6;;;;;0.0;0.0;;;;0;0;0;0;0;0;0;0;0;0;0;0;0;0;0;0;0;0;0;0;0;0;0;0;0;1;0;0;0;0;0;0;0;0;0;0;0;0;0;0;0;0;0;0;0;0;0;0;0;0;0;0;0;0;0;0;0;0;0;0;0;0;0;0;0;;;0.282810472375868;0.918093788362193;0.909048963756436;0.568874072230784;;0.369630279100864;False;0.0;0.0;0.0;0;212.2;low ;0.189;3370.0;low ;0.225;442.3;low ;0.186;;0.0285362179793966;0.0889320101603719;0.0662534848485378;0.0351591058887068;P_score_soil_exp_UBA;0.918093788362193;P_score_soil_exp_UBA;0.918093788362193;0.703317741498166;M_score_exp_UBA;0.568874072230784;M_score_exp_UBA;0.568874072230784;0.469252175665824;E_score_min;0.0;0.722689250006798;1.0;0.722689250006798;1.0;0.574485317812725;1.0;0.0351591058887068;0.5;0.263823617196616;0.75;0.263823617196616;0.75;0.226394165348799;0.75;0.0;vPvM;vPvM;PM;;Ar N, Nh0, Alkyl Halide, Benzene, Bicyclic, Halogen, Pyridine;['Aromatic amines', 'Chlorobenzenes', 'Cyclohexanes', 'HBCDDs', 'PBB', 'PCB', 'Pyridin', 'Triazines', 'PFAS']
15;"1,1,1,2,2,3,3,4,4-nonafluoro-4-methoxybutane; 1,1,1,2,3,3-hexafluoro-3-methoxy-2-(trifluoromethyl)propane";163702-08-7;422-270-2;JZYGTCBELUZFGX-UHFFFAOYSA-N;c1(NP(=O)(N)N)c(N(=O)=O)cccc1;;;PRO-016;NS00011159;REACH-B;False;vPvM & PMT;HQ;vPvM & PMT;False;False;;;False;False;False;False;False;False;False;False;False;False;False;False;False;False;False;True;False;True;;;;False;False;True;True;False;False;False;False;False;True;True;True;False;False;False;True;False;False;False;False;False;False;True;False;False;;;;;;;;;;;;;;4423.0;;;1.8;;0.8733;;0.7;0.12;0.0;>10 tonnes;10.0;;0;0;0;0;0;0;0;0;0;0;0;0;0;0;0;0;0;0;0;0;0;0;0;0;0;0;0;0;0;0;0;0;0;0;0;0;0;0;0;0;0;0;0;0;0;0;0;0;0;0;0;0;0;0;0;0;0;0;0;0;0;0;0;0;0;0.999358647573547;;;;;0.534601961380763;;;False;0.0;0.0;0.0;0;570.3;low ;0.329;3230.0;low ;0.323;6770.0;low ;0.282;0.514704893163972;0.029051522266223;0.0597428787450575;0.0212360837171849;0.52520375458625;;;P_score_freshwater_pred_UBA;0.999358647573547;0.999358647573547;M_score_exp_UBA;0.534601961380763;M_score_exp_UBA;0.534601961380763;0.534601961380763;kemi_score;0.7;0.73093029292515;1.0;0.534601961380763;0.5;0.73093029292515;1.0;0.52520375458625;0.5;0.654676243180707;0.75;0.529882022082605;0.5;0.654676243180707;0.75;;vPvM;PM;vPvM;2;Nh0, Nh1, Nh2, Aniline, Benzene, Nitro, Nitro Arom, Para Hydroxylation;['Aromatic amines', 'Nitrobenzene derivatives']
16;"1,1,1,2,2,3,3,4,4-nonafluoro-4-methoxybutane; 1,1,1,2,3,3-hexafluoro-3-methoxy-2-(trifluoromethyl)propane";163702-08-7;422-270-2;JZYGTCBELUZFGX-UHFFFAOYSA-N;CC(C)(C)CC(C)(C)c1cc(n2nc3ccccc3n2)c(O)c(c1)C(C)(C)c1ccccc1;;;PRO-017;NS00011159;REACH-B;False;vPvM & PMT;HQ;vPvM & PMT;False;False;;;False;False;False;False;False;False;False;False;False;False;False;False;False;False;False;True;False;True;;;;False;False;True;True;False;False;False;False;False;True;True;True;False;False;False;True;False;False;False;False;False;False;True;False;False;;;;;;;;;;;;;;1520.0;;;1.9;;0.8733;;0.7;0.12;0.0;>10 tonnes;10.0;;0;0;0;0;0;0;0;0;0;0;0;0;0;0;0;0;0;0;0;0;0;0;0;0;0;0;0;0;0;0;0;0;0;0;0;0;0;0;0;0;0;0;0;0;0;0;0;0;0;0;0;0;0;0;0;0;0;0;0;0;0;0;0;0;0;0.99603132899524;;;;;0.517321744832185;;;False;0.0;0.0;0.0;0;151.0;low ;0.0;183.9;low ;0.203;154.2;low ;0.244;0.514704893163972;0.0940990749953752;0.101654315736791;0.100825631152666;0.542843281453369;;;P_score_freshwater_pred_UBA;0.99603132899524;0.99603132899524;M_score_exp_UBA;0.517321744832185;M_score_exp_UBA;0.517321744832185;0.517321744832185;kemi_score;0.7;0.717822168105261;1.0;0.517321744832185;0.5;0.717822168105261;1.0;0.542843281453369;0.5;0.653987428294536;0.75;0.529928894788618;0.5;0.653987428294536;0.75;;vPvM;PM;vPvM;2;Ar N, Ar Oh, Nh0, Benzene, Bicyclic, Phenol, Phenol Noorthohbond;['Alkylphenols', 'Aromatic amines', 'Cyclohexanes', 'Phenols']
17;1,1,1,3,3,3-hexafluoropropan-2-ol;920-66-1;213-059-4;BYEAHWXPCBROCE-UHFFFAOYSA-N;OC(C(F)(F)F)C(F)(F)F;DTXSID1022134;13529.0;PRO-018;NS00008561;REACH-B;False;vPvM;MQ;vPvM;False;False;;;False;False;False;False;False;False;False;False;False;False;False;False;False;False;False;True;False;False;;Intermediate;;True;True;True;False;False;False;True;False;False;False;False;False;True;False;False;False;False;False;False;False;False;False;False;False;False;P-PNEC pred;168.038;1.66;1.55;;2.68;;0.213;1.269512944;1.4319;1978.3135137461;117.0476527;2.51;271.0;;;;0.4;68.62284;0.6;0.72;0.03;0.1;>1 to < 10 tonnes;1.0;10.0;0;0;0;0;0;0;0;0;0;0;0;0;0;0;0;0;0;0;1;0;0;0;0;0;0;0;0;1;0;0;1;0;0;0;0;0;0;0;0;0;0;0;0;0;0;0;0;0;0;0;1;1;0;0;1;0;0;0;0;0;0;0;0;0;0;0.929403152624239;0.758112302937458;0.9974671206341;;;;0.597191582679755;0.623946930861896;False;0.0;0.0;0.0;0;1350.0;low ;0.307;16940.0;low ;0.365;10320.0;low ;0.0;0.137469470195053;0.0143590263473801;0.0418732142686965;0.0177461759677602;0.149875536907695;;;P_score_freshwater_pred_Dashboard;0.9974671206341;0.894994192065266;;;M_score_pred_Dashboard;0.623946930861896;0.610569256770825;kemi_score;0.72;0.788902115953113;1.0;;;0.739226581410257;1.0;0.299875511078543;1.0;0.486387114562448;1.0;0.299875511078543;0.5;0.47082475391938;1.0;0.0;vPvM;;vPvM;1;Al Oh, Al Oh Notert, Alkyl Halide, Halogen;['Alkylphenols', 'PFAS']
18;1,1,1,3,5,5,5-heptamethyltrisiloxane;1873-88-7;217-496-1;QNWOFLWXQGHSRH-UHFFFAOYSA-N;C[SiH](O[Si](C)(C)C)O[Si](C)(C)C;DTXSID1038795;74640.0;PRO-019;NS00046548;REACH-A;True;PMT;HQ;Not PMT/vPvM;False;False;;;False;False;False;False;False;False;False;False;False;False;False;False;False;False;False;True;False;False;;;;True;True;True;False;False;False;True;False;False;False;False;False;False;False;False;False;False;False;False;True;True;False;False;False;False;P-PNEC pred;222.506;;5.21;;3.24;;2.57e-05;2.640481437;5.3459;8.68998701081032e+92;27.33156583;14.1;;120.0;192.0;3.6;;3.126909873;;0.55;0.27;0.35;>1000 to < 10000 tonnes;1000.0;10000.0;1;0;0;0;0;0;0;0;0;0;0;0;0;0;0;0;0;0;1;0;1;0;0;0;0;0;0;0;0;0;1;0;0;0;0;0;0;0;0;0;0;0;0;0;0;0;0;0;0;0;1;1;1;0;0;0;0;0;0;0;0;0;0;0;1;;0.206821430883939;1.0;0.333333333333333;0.527554387699284;0.248050746968656;0.089545165572562;0.390800666276679;False;0.0;0.0;0.0;0;638.8;low ;0.0;4059.99999999999;low ;0.279;2080.0;low ;0.0;0.378689261220297;0.0263771467219362;0.0570349539846579;0.0349566825624078;0.393006852321722;P_score_sediment_exp_UBA;0.527554387699284;P_score_freshwater_pred_Dashboard;1.0;0.516927287979139;M_score_exp_UBA;0.248050746968656;M_score_pred_Dashboard;0.390800666276679;0.242798859605965;kemi_score;0.55;0.625140517225271;1.0;0.361746126358527;1.0;0.354272996459707;1.0;0.393006852321722;0.5;0.53553164577931;0.75;0.371879838563419;0.75;0.366740388992407;0.75;0.0;PM;PM;PM;2;Unknown;['Siloxanes']
19;1,1,1-trichloroethane;71-55-6;200-756-3;UOCLXMDMGBRAIB-UHFFFAOYSA-N;CC(Cl)(Cl)Cl;DTXSID0021381;6278.0;PRO-020;NS00006146;REACH-B;False;vPvM;MQ;PM;False;False;;;False;False;False;False;False;False;False;False;False;False;False;False;False;False;False;False;False;False;"Arts and crafts/office supplies -> general arts and crafts supplies -> arts and crafts cleaner; Arts and crafts/office supplies -> home office -> pens and markers; Arts and crafts/office supplies -> home office -> white out; Cleaning and safety; Cleaning products and household care -> air freshener; Cleaning products and household care -> carpet and floor; Cleaning products and household care -> carpet and floor -> carpet cleaner; Cleaning products and household care -> carpet and floor -> floor polish; Cleaning products and household care -> laundry and fabric treatment -> anti-static spray; Cleaning products and household care -> laundry and fabric treatment -> fabric protectant; Cleaning products and household care -> metal specific -> metal polish; Cleaning products and household care -> wood specific; Electronics/small appliances -> computers and accessories/supplies; Electronics/small appliances -> computers and accessories/supplies -> printer ink; Electronics/small appliances -> computers and accessories/supplies -> printer toner; Home maintenance; Home maintenance -> adhesives and adhesive removers -> multipurpose adhesive; Home maintenance -> adhesives and adhesive removers -> wood adhesive; Home maintenance -> caulk/sealant; Home maintenance -> degreaser; Home maintenance -> insulation; Home maintenance -> lubricant; Home maintenance -> paint/stain and related products; Home maintenance -> paint/stain and related products -> paint; Home maintenance -> paint/stain and related products -> primer; Home maintenance -> paint/stain and related products -> stripper; Home maintenance -> surface sealers; Manufactured formulations; Manufactured formulations -> Flame retardants; Personal care; Personal care -> child specific; Personal care -> hair styling and care; Personal care -> hair styling and care -> hair conditioner; Pesticides; Pesticides -> animal repellent; Pesticides -> insect repellent; Pesticides -> insecticide; Pet care -> cats; Sports equipment; Vehicle -> auto body work; Vehicle -> engine maintenance -> auto fluids and additives; solvent; solvent; solvents";Intermediate;;False;False;False;False;False;False;False;False;False;False;False;False;False;False;False;False;False;False;False;False;False;False;False;False;False;EQS water (=AA-EQS);133.4;2.49;2.43;2.7;2.72;0.0101;0.0079;1.949877704;2.1607;361.405284372285;77.5828328;5.01;107.0;;;;2.5;21.0;0.47;0.67;0.0;0.0;;;;0;0;0;0;0;0;0;0;0;0;0;0;0;0;0;0;0;0;0;0;0;0;0;0;0;0;0;0;0;0;0;0;0;0;0;0;0;0;0;0;0;0;0;0;0;0;0;0;0;0;0;0;0;0;0;0;0;0;0;0;0;0;0;0;0;0.728875615548025;0.608103461171692;0.955625166119153;;;;0.472181569066805;0.508684658513373;True;0.0;0.0;0.0;0;2670.0;low ;0.638;729.199999999999;moderate ;0.85;21440.0;moderate ;0.85;0.210449297632879;0.0540210434493763;0.0314771173372847;0.012980715034905;0.226558087342878;;;P_score_freshwater_pred_Dashboard;0.955625166119153;0.764201414279623;;;M_score_pred_Dashboard;0.508684658513373;0.490433113790089;kemi_score;0.67;0.697217226762296;1.0;;;0.612200685370366;1.0;0.326316259250367;1.0;0.476983560850882;1.0;0.326316259250367;0.5;0.446957534404073;1.0;0.0;PM;;PM;2;Alkyl Halide, Halogen;['Other']
20;1,1,2,2,3,3,4,4,4-nonafluorobutane-1-sulphonic acid;375-73-5;206-793-1;JGTNAGYHADQMCM-UHFFFAOYSA-N;OS(=O)(=O)C(F)(F)C(F)(F)C(F)(F)C(F)(F)F;DTXSID5030030;67815.0;PRO-021;NS00010276;REACH-C;False;vPvM & PMT;HQ;vPvM & PMT;True;True;x;x;True;True;True;True;True;True;False;False;False;False;False;False;False;False;True;False;False;False;used as a stain or water repellent.;;;False;False;True;False;False;False;True;False;False;False;False;False;False;False;False;False;False;False;False;False;False;False;False;False;False;P-PNEC pred;300.09;;2.79;;4.16;0.0017;0.835;2.69019608;1.9318;87.3567230134409;246.896371;6.31;;;;1.4;;4.08002;0.51;0.41;0.03;0.09;>1 to < 10 tonnes;1.0;10.0;0;0;0;0;0;0;0;0;0;0;0;0;0;0;0;0;0;0;0;0;0;0;0;0;0;0;0;0;0;0;1;0;0;0;0;0;0;0;0;0;0;0;0;0;0;0;0;0;0;0;0;0;0;0;1;0;0;0;0;0;0;0;0;0;0;;0.918213364226086;0.655247715497613;;;0.60249894073436;0.511815959081276;0.382628249185536;False;0.0;0.0;0.0;0;187.4;low ;0.196;799.699999999999;low ;0.198;9830.0;low ;0.0;0.35190813497199;0.0520090558119025;0.0934034215534315;0.0181182081610746;0.372919572164697;;;P_score_freshwater_pred_RIVM;0.918213364226086;0.786730539861849;M_score_exp_UBA;0.60249894073436;M_score_exp_UBA;0.60249894073436;0.498981049667057;kemi_score;0.41;0.743789337994536;1.0;0.60249894073436;0.5;0.626548984984731;1.0;0.436106617473291;1.0;0.569536172956113;1.0;0.485713916650548;0.75;0.522725701035461;1.0;0.0;vPvM;PM;PM;3;Alkyl Halide, Halogen;['PFAS']
21;1,1,2,2-tetrahydroperfluoro-1-tetradecanol;39239-77-5;254-373-1;QBBJBWKVSJWYQK-UHFFFAOYSA-N;C(CO)C(C(C(C(C(C(C(C(C(C(C(C(F)(F)F)(F)F)(F)F)(F)F)(F)F)(F)F)(F)F)(F)F)(F)F)(F)F)(F)F)(F)F;DTXSID3068170;162368.0;PRO-022;NS00010926;;False;;;;False;False;;;False;False;False;False;False;False;False;False;False;False;False;False;False;False;False;False;False;False;;;;False;False;False;False;False;False;False;False;False;False;False;False;False;False;False;False;False;False;False;False;False;False;False;False;False;;664.153;;8.7;;5.74;;1.43e-06;5.269512944;5.171;244.69193226422;34633.16406;407.0;;;;;;0.0921018044012752;;0.46;;;;;;0;0;0;0;0;0;0;0;0;0;0;0;0;0;0;0;0;0;0;0;0;0;0;0;0;0;0;0;0;0;0;0;0;0;0;0;0;0;0;0;0;0;0;0;0;0;0;0;0;0;0;0;0;0;0;0;0;0;0;0;0;0;0;0;0;;0.999980969585249;0.917054553612804;;;;0.0999329580853951;0.0939566472722212;False;0.0;0.0;0.0;0;24.2;low ;0.175;0.2;low ;0.0;343.8;low ;0.0;0.738025626683412;0.667959369323381;0.200396934218435;0.073351872949853;0.788751066620348;;;P_score_freshwater_pred_RIVM;0.999980969585249;0.958517761599026;;;M_score_pred_Episuite;0.0999329580853951;0.0969448026788081;kemi_score;0.46;0.316118737691639;1.0;;;0.304833258130326;1.0;0.788751066620348;0.5;0.428759226956926;0.75;0.788751066620348;0.25;0.418493019656695;0.75;1.0;(T);(T);(T);3;Al Oh, Al Oh Notert, Alkyl Halide, Halogen;['Alkylphenols', 'PFAS']
22;1,1,2-trichloroethane;79-00-5;201-166-9;UBOXGVDOUJQMTN-UHFFFAOYSA-N;ClCC(Cl)Cl;DTXSID5021380;6574.0;PRO-023;NS00004799;REACH-B;False;vPvM & PMT;MQ;vPvM & PMT;False;False;;;False;False;False;False;False;False;False;False;False;False;False;False;False;False;False;False;False;False;;Intermediate;;True;False;False;False;False;False;False;False;False;False;False;False;False;False;False;False;False;False;False;False;False;False;False;False;False;JG-MKN (totaal);133.4;1.98;1.89;3.4;3.35;0.0335;0.0196;1.889861721;1.6399;96.5441097728446;51.29406907;5.01;56.0;;;1.7;;22.0;0.56;0.65;0.0;0.0;;;;0;0;0;0;0;0;0;0;0;0;0;0;0;0;0;0;0;0;1;0;0;0;0;0;0;0;0;0;0;0;0;0;0;0;0;0;0;0;0;0;0;0;0;0;0;0;0;0;0;0;1;1;0;0;0;0;0;0;0;0;0;0;0;0;0;0.470548110513759;0.433398376475193;0.692777862383848;;;0.551799518660109;0.56207861087279;0.519076245423817;True;0.5;0.0;0.0;0;12690.0;low ;0.378;729.199999999999;moderate ;0.85;15600.0;low ;0.7;0.20711193189592;0.0540210434493763;0.0162470791296371;0.0148744429762211;0.221314726123835;;;P_score_freshwater_pred_Dashboard;0.692777862383848;0.532241449790933;M_score_exp_UBA;0.551799518660109;M_score_pred_Episuite;0.56207861087279;0.544318124985572;kemi_score;0.65;0.624015719779665;1.0;0.551799518660109;0.5;0.538245917764179;1.0;0.352045801891384;1.0;0.468702586362249;1.0;0.408940275859486;0.75;0.435301293053506;1.0;0.0;PM;PM;PM;2;Alkyl Halide, Halogen;['Chlorinated alkane']
23;1,1-Dichloroethane;75-34-3;200-863-5;SCYULBFZEHDVBN-UHFFFAOYSA-N;CC(Cl)Cl;DTXSID1020437;6365.0;PRO-024;NS00001673;;False;;;;False;False;;;False;False;False;False;False;False;False;False;False;False;False;False;False;False;False;False;False;False;"solvent; solvent";Intermediate;;False;False;False;False;False;False;False;False;False;False;False;False;False;False;False;False;False;False;False;False;False;False;False;False;False;;98.95;1.79;1.7;2.41;2.32;0.0513;0.0414;1.480006943;1.5531;275.889383234782;31.53926299;6.61;;;;;;92.0;0.58;0.53;;;;;;0;0;0;0;0;0;0;0;0;0;0;0;0;0;0;0;0;0;0;0;0;0;0;0;0;0;0;0;0;0;0;0;0;0;0;0;0;0;0;0;0;0;0;0;0;0;0;0;0;0;0;0;0;0;0;0;0;0;0;0;0;0;0;0;0;;0.249851187714953;0.931382676413354;;;;0.576828503400826;0.589144937609538;True;0.0;0.0;0.0;0;1790.0;low ;0.45;1450.0;;1.0;57490.0;;1.0;0.123057702084915;0.0406456766981861;0.0372245029153027;0.00849629660016259;0.138554333267277;;;P_score_freshwater_pred_Dashboard;0.931382676413354;0.590616932064153;;;M_score_pred_Dashboard;0.589144937609538;0.582986720505182;kemi_score;0.53;0.740755957644723;1.0;;;0.58678942415394;1.0;0.283481063379938;1.0;0.458246971160913;1.0;0.283481063379938;0.5;0.407852534550492;1.0;0.0;vPvM;;PM;3;Alkyl Halide, Halogen;['Chlorinated alkane']
24;1,1-dichloroethylene;75-35-4;200-864-0;LGXVIGDEPROXKC-UHFFFAOYSA-N;C=C(Cl)Cl;DTXSID8021438;6366.0;PRO-025;NS00008027;REACH-A;False;vPvM & PMT;MQ;vPvM & PMT;False;False;;;False;False;False;False;False;False;False;False;False;False;False;False;False;False;False;False;False;False;Home maintenance -> caulk/sealant;Intermediate;;True;True;True;True;False;True;True;False;False;False;False;False;False;False;False;False;False;False;False;False;False;False;False;False;False;JG-MKN (totaal);96.94;2.13;2.03;;2.6;0.0235;0.0241;1.810232518;1.8482;2807.36050830059;31.26359992;12.9;36.0;;;1.4;;9.0;0.53;0.67;0.24;0.33;>1000 to < 10000 tonnes;1000.0;10000.0;0;0;0;0;0;0;0;0;0;0;0;0;0;0;0;0;0;0;1;0;0;0;0;0;0;0;0;0;0;0;1;0;0;0;0;0;0;0;0;0;0;0;0;0;0;0;0;0;0;0;1;1;0;1;1;0;0;0;0;0;0;0;0;0;0;0.294575965591885;0.247048999451298;0.998606011692401;;;0.60249894073436;0.526280693420196;0.532836867330495;True;0.5;0.0;0.0;0;725.7;low ;0.0;1710.0;good ;1.0;22600.0;moderate ;0.85;0.278032419960254;0.0379427282875813;0.0541279241358108;0.0126907687040605;0.293191100058747;;;P_score_freshwater_pred_Dashboard;0.998606011692401;0.513410325578528;M_score_exp_UBA;0.60249894073436;M_score_exp_UBA;0.60249894073436;0.553872167161684;kemi_score;0.67;0.775666851332217;1.0;0.60249894073436;0.5;0.533257620359395;1.0;0.394197010428968;1.0;0.552960716402179;1.0;0.454075057657105;0.75;0.458485070350321;1.0;0.0;vPvM;PM;PM;2;Halogen;['Other']
25;1,2,3,4-tetrahydronaphthalene;119-64-2;204-340-2;CXWXQJXEFPUFDZ-UHFFFAOYSA-N;C1CCC2=CC=CC=C2C1;DTXSID1026118;8404.0;PRO-026;NS00008482;REACH-A;True;vPvM & PMT;MQ;PMT;False;False;;;False;False;False;False;False;False;False;False;False;False;False;False;False;False;False;False;False;False;Vehicle -> engine maintenance -> auto fluids and additives;"Heat transferring agent; Not Known or Reasonably Ascertainable";Solvent;True;True;True;True;False;True;True;False;False;False;True;False;False;False;False;False;False;False;False;False;False;False;False;False;False;P-PNEC pred;132.206;3.49;3.85;;5.01;0.000347;0.000539;3.230448921;3.0286;2807.36050830059;24.80117319;339.0;41.0;;;2.7;;2.95739;0.33;0.7;0.27;0.35;>1000 to < 10000 tonnes;1000.0;10000.0;0;0;0;0;0;0;0;1;0;0;0;0;0;0;0;1;0;0;1;0;0;1;0;0;0;0;0;0;0;0;1;0;0;0;0;0;0;0;0;0;0;1;0;0;0;0;1;0;0;0;1;1;0;1;0;0;0;0;0;0;0;0;0;0;0;0.342778895071723;0.180898203010732;0.998606011692401;;;0.38102426132988;0.328942648539338;0.298828599937746;True;0.0;0.0;0.0;0;320.7;low ;0.7;276.9;good ;1.0;324.1;good ;1.0;0.384401212724143;0.0800017722782229;0.0754317247498308;0.0751129229244293;0.4124259145646;;;P_score_freshwater_pred_Dashboard;0.998606011692401;0.507427703258285;M_score_exp_UBA;0.38102426132988;M_score_exp_UBA;0.38102426132988;0.336265169935655;kemi_score;0.7;0.61684124210746;1.0;0.38102426132988;0.5;0.413074161460392;1.0;0.368918082785756;1.0;0.477036569270605;1.0;0.372910122212759;0.75;0.390372293707304;1.0;1.0;PM;PM;PM;2;Aryl Methyl, Benzene, Bicyclic;['Cyclohexanes', 'PAHs']
26;1,2,3,6-tetrahydromethyl-3,6-methanophthalic anhydride;25134-21-8;246-644-8;KNRCVAANTQNTPT-UHFFFAOYSA-N;CC12C3CC(C1C(=O)OC2=O)C=C3;DTXSID6027844;32802.0;PRO-027;NS00002939;REACH-A;True;vPvM & PMT;MQ;PMT;False;False;;;False;False;False;False;False;False;False;False;False;False;False;False;False;False;False;False;False;False;;;;True;True;True;True;False;True;True;False;False;False;True;True;False;False;False;False;False;False;False;False;False;False;False;False;False;P-PNEC;;;1.76;;7.84;;0.0894;1.989894564;1.7221;87.3567230134409;22.57980753;3.98;44.0;;;;1.7;1.748541789;0.55;0.59;0.33;0.44;>1000 to < 10000 tonnes;1000.0;10000.0;0;1;0;0;0;0;0;0;0;0;0;0;0;0;0;0;0;0;0;0;0;0;0;0;0;0;0;0;0;0;1;0;0;0;0;0;0;0;0;0;0;0;0;0;0;0;0;0;0;0;0;1;0;1;1;0;0;0;1;1;0;0;0;0;0;0.370467128439797;0.158332768973252;0.655247715497613;;;;0.548008048710891;0.501751131458176;False;0.0;0.0;0.0;0;1090.0;low ;0.7;2600.0;low ;0.645;1330.0;low ;0.7;0.439626994381364;0.0318307735868498;0.0457634221024151;0.0421340499147753;0.452774898806949;;;P_score_freshwater_pred_Dashboard;0.655247715497613;0.394682537636887;;;M_score_pred_Episuite;0.548008048710891;0.524879590084534;kemi_score;0.59;0.599233695641455;1.0;;;0.455149215717629;1.0;0.499025244194942;1.0;0.546838862277833;1.0;0.499025244194942;0.5;0.476582572613211;1.0;0.0;PM;;PM;2;C O, C O Nocoo, Allylic Oxid, Bicyclic, Ester, Ether, Lactone;['Cyclohexanes', 'Ethylene Glycols', 'Pyrethrins']
27;1,2,3-trichlorobenzene;87-61-6;201-757-1;RELMFMZEBKVZJC-UHFFFAOYSA-N;Clc1cccc(Cl)c1Cl;DTXSID8026193;6895.0;PRO-028;NS00004401;REACH-B;False;vPvM & PMT;MQ;PMT;False;False;;;False;False;False;False;False;False;False;False;False;False;False;False;False;False;False;False;False;False;;;;True;False;True;False;False;False;False;False;False;False;False;False;False;False;False;False;False;False;False;False;False;False;False;False;False;EQS chronic water (=AA-EQS);181.44;4.08;3.91;5.19;5.17;0.000111;9.68e-05;3.330413773;3.3097;58.5569625918923;76.72491134;676.0;117.0;;;2.9;;0.4;0.29;0.48;0.0;0.0;;;;0;0;0;0;0;0;0;0;0;0;0;0;0;0;0;0;0;0;1;0;0;0;0;0;0;0;0;0;0;0;0;0;0;0;0;0;0;0;0;0;0;0;0;0;0;0;0;0;0;0;0;1;0;0;0;0;0;0;0;0;0;0;0;0;0;0.757984626562051;0.60356409273845;0.489597175430576;;;0.348910320245866;0.287447192029087;0.284515427983757;False;0.0;0.0;0.0;0;250.4;good ;1.0;92.2;;1.0;404.4;;1.0;0.59819262459623;0.122955964769476;0.0832768953740555;0.0687013508529207;0.620371736468677;;;P_score_freshwater_pred_UBA;0.757984626562051;0.617048631577026;M_score_exp_UBA;0.348910320245866;M_score_exp_UBA;0.348910320245866;0.306957646752903;kemi_score;0.48;0.514265163894278;1.0;0.348910320245866;0.5;0.435210059489648;1.0;0.424155400267303;1.0;0.467042124904283;1.0;0.397424471728585;0.75;0.429647177324824;1.0;1.0;PM;PM;PM;3;Benzene, Halogen;['Chlorobenzenes', 'PBB', 'PCB']
28;1,2,3-trichloropropane;96-18-4;202-486-1;CFXQEHVMCRXUSD-UHFFFAOYSA-N;ClCC(Cl)CCl;DTXSID9021390;7285.0;PRO-029;NS00006830;REACH-C;True;vPvM & PMT;MQ;vPvM & PMT;False;False;;;False;False;False;False;False;False;False;False;False;False;False;False;False;False;False;False;False;False;;Intermediate;;True;True;True;False;False;False;True;False;False;False;False;False;False;False;False;False;False;False;False;False;False;False;False;False;False;PNEC aqua (freshwater);147.42;2.27;2.22;;3.47;0.0119;0.0085;2.399673721;1.9697;96.5441097728446;54.4918344;12.9;2500.0;;;1.9;;88.0;0.51;0.63;0.24;0.33;>1000 to < 10000 tonnes;1000.0;10000.0;0;0;0;0;0;0;0;0;0;0;0;0;0;0;0;0;0;0;1;0;0;0;0;0;0;0;0;0;0;0;0;0;0;0;0;0;0;0;0;0;0;0;0;0;0;0;0;0;0;0;1;1;0;1;1;0;0;0;0;0;0;0;0;0;0;0.99830091815794;0.458938889942905;0.692777862383848;;;0.517321744832185;0.505250396898711;0.43118139565707;True;0.75;0.0;0.75;0;4580.0;low ;0.351;683.8;moderate ;0.85;5160.0;moderate ;0.85;0.125156213881864;0.0554656001278227;0.0250658033312046;0.023830971418821;0.143978111607913;;;P_score_freshwater_pred_UBA;0.99830091815794;0.716672556828231;M_score_exp_UBA;0.517321744832185;M_score_exp_UBA;0.517321744832185;0.484584512462655;kemi_score;0.63;0.718639529144506;1.0;0.517321744832185;0.5;0.589311820300571;1.0;0.270977557963821;1.0;0.441288097124598;1.0;0.336157233537708;0.75;0.399612659889877;1.0;0.0;vPvM;PM;PM;2;Alkyl Halide, Halogen;['Chlorinated alkane']
29;1,2,4-triazole;288-88-0;206-022-9;NSPMIYGKQJPBQR-UHFFFAOYSA-N;c1ncn[nH]1;DTXSID6027131;9257.0;PRO-030;NS00004235;REACH-B;True;PMT;HQ;PMT;False;False;;;False;False;False;False;False;False;False;False;False;False;False;False;False;False;False;True;False;False;common metabolite of triazole compounds;"Adhesives and sealant chemicals; Intermediate; Intermediates";Adhesives and sealant chemicals;True;True;True;False;False;False;True;False;False;False;True;False;True;False;False;False;True;True;False;False;False;False;False;False;False;EQS water (=AA-EQS);69.067;-0.58;-0.608;;3.71;;2.42;0.920123326;0.6772;120.301368663215;14.10756138;1.48;2500.0;;;;-0.7;64.0;;0.83;0.0;0.12;>0 to < 10 tonnes;0.0;10.0;1;0;0;0;0;0;0;0;0;0;0;1;0;0;0;0;0;0;1;0;1;0;0;0;0;0;0;1;0;0;0;0;0;0;0;0;0;0;0;0;0;0;1;0;0;0;0;0;0;0;0;1;0;0;0;0;0;0;0;0;0;0;1;0;0;0.99830091815794;0.0776476478234535;0.766603469805997;;;;0.714409036794812;0.678854705914771;True;0.0;0.0;0.75;0;3300.0;low ;0.0;3030.0;low ;0.267;4340.0;low ;0.644;0.141100444519861;0.0298448813578611;0.0287900187980152;0.0256434349215967;0.155557221870385;;;P_score_freshwater_pred_UBA;0.99830091815794;0.61418401192913;;;M_score_pred_Episuite;0.714409036794812;0.696631871354791;kemi_score;0.83;0.844508849789385;1.0;;;0.654110202937077;1.0;0.155557221870385;0.5;0.480506790479931;0.75;0.155557221870385;0.25;0.405257139885672;0.75;2.0;vPvM;;PM;1;Ar N, Ar Nh, Nh0, Nh1, Nhpyrrole;['Aromatic amines']
30;1,2,4-trichlorobenzene;120-82-1;204-428-0;PBKONEOXTCPAFI-UHFFFAOYSA-N;Clc1ccc(Cl)cc1Cl;DTXSID0021965;13.0;PRO-031;NS00001861;REACH-B;False;PMT;MQ;Not PMT/vPvM;False;False;;;False;False;False;False;False;False;False;False;False;False;False;False;False;False;False;False;False;False;;"Intermediate; Laboratory chemicals; Pigments";"Laboratory chemicals; Pigments";True;True;True;False;False;False;True;False;False;False;True;False;False;False;False;False;False;False;False;False;False;False;False;False;False;AA-QSwater_eco;181.44;4.0;3.91;4.95;4.96;0.000256;0.000108;3.100370545;3.2931;48.9108865237318;76.72491134;2040.0;117.0;;;3.3;;4.0;0.29;0.52;0.0;0.0;;;;0;0;0;0;0;0;0;0;0;0;0;0;0;0;0;0;0;0;1;0;0;0;0;0;0;0;0;0;0;0;0;0;0;0;0;0;0;0;0;0;0;0;0;0;0;0;0;0;0;0;0;1;0;0;0;0;0;0;0;0;0;0;0;0;0;0.757984626562051;0.60356409273845;0.41354506468978;;;0.28882627939393;0.289809667567536;0.318056289403178;True;0.0;0.0;0.0;0;115.1;good ;1.0;23.7;;1.0;1000.0;;1.0;0.353872541759008;0.201853762896101;0.112938056022479;0.0474258731775667;0.401707804289851;;;P_score_freshwater_pred_UBA;0.757984626562051;0.59169792799676;M_score_exp_UBA;0.28882627939393;M_score_pred_Dashboard;0.318056289403178;0.298897412121548;kemi_score;0.52;0.491000792004432;1.0;0.28882627939393;0.5;0.4205436712589;1.0;0.341314024388182;1.0;0.409372026763942;1.0;0.322835776952597;0.75;0.378863369657659;1.0;1.0;PM;;PM;3;Benzene, Halogen;['Chlorobenzenes', 'PBB', 'PCB']
31;1,2-dibromoethane;106-93-4;203-444-5;PAAZPARNPHGIKF-UHFFFAOYSA-N;C(CBr)Br;DTXSID3020415;7839.0;PRO-032;NS00002962;REACH-A;True;vPvM & PMT;MQ;vPvM & PMT;False;False;;;False;False;False;False;False;False;False;False;False;False;False;False;False;False;False;False;False;True;"Landscape/yard -> herbicide; Vehicle -> engine maintenance -> auto fluids and additives";Fuel agents;Fuel agents;True;True;True;False;False;False;True;False;False;False;True;False;True;True;False;False;False;False;False;False;False;False;True;False;False;EQS water (=AA-EQS);187.862;1.96;2.06;;3.65;0.0211;0.0119;1.710117365;1.7007;80197267.405047;21.02791288;15.1;30.0;;;0.1;;0.002;0.55;0.71;0.34;0.45;>1000 to < 10000 tonnes;1000.0;10000.0;0;0;0;0;0;0;0;0;0;0;0;0;1;0;0;0;0;0;1;1;1;0;0;0;0;0;0;1;1;0;1;0;0;0;0;0;0;0;0;0;0;0;0;0;0;0;0;0;0;0;1;1;1;0;0;0;0;0;0;0;0;0;0;0;0;0.234164608164927;0.142777256301547;0.999999999966308;;;0.788678758928573;0.551679516781797;0.550064506490143;True;0.75;0.0;0.0;0;5820.0;low ;0.583;1030.0;moderate ;0.85;9840.0;low ;0.0;0.936965838889863;0.046849288005404;0.0226447317947048;0.0181103541406681;0.938106415742789;;;P_score_freshwater_pred_Dashboard;0.999999999966308;0.458980621477594;M_score_exp_UBA;0.788678758928573;M_score_exp_UBA;0.788678758928573;0.630140927400171;kemi_score;0.71;0.888075874518614;1.0;0.788678758928573;0.5;0.537794081853453;1.0;0.718302532822023;1.0;0.798690897659948;1.0;0.741034304850534;0.75;0.621529445104598;1.0;0.0;vPvM(T);vPvM(T);PM(T);1;Alkyl Halide, Halogen;['Other']
32;1,2-dichlorobenzene;95-50-1;202-425-9;RFFLAFLAYFXFSW-UHFFFAOYSA-N;Clc1ccccc1Cl;DTXSID6020430;7239.0;PRO-033;NS00008007;REACH-A;True;PMT;HQ;Potential PMT/vPvM;False;False;;;False;False;False;False;False;False;False;False;False;False;False;False;False;False;False;False;False;False;"Cleaning products and household care -> bathroom -> bathroom cleaner; Cleaning products and household care -> drain products; Home maintenance -> adhesives and adhesive removers -> multipurpose adhesive; Home maintenance -> degreaser; Laboratory supplies; Personal care -> child specific -> baby lotion; Vehicle -> engine maintenance -> auto fluids and additives; Vehicle -> engine maintenance -> auto lubricant; solvent; solvents";;;True;True;True;False;False;False;True;False;False;False;True;False;False;False;False;False;False;False;False;False;False;False;False;False;False;JG-MKN (opgelost);147.0;3.43;3.31;4.36;4.37;0.000978;0.000666;2.559906625;2.9765;149.904736149046;44.20008906;269.0;;191.0;;;3.3;6.9;0.34;0.72;0.35;0.44;>10000 to < 100000 tonnes;10000.0;100000.0;1;0;0;0;0;0;0;0;0;0;0;0;0;0;0;1;0;0;1;1;1;0;0;0;0;0;0;0;0;0;0;0;0;0;0;0;0;0;0;0;0;0;0;0;0;0;0;0;0;0;1;1;0;0;0;0;0;0;0;0;0;0;0;0;1;;0.372277882642826;0.827115886751682;0.525328889759657;;;0.336962875267499;0.404175324815985;True;0.0;0.0;0.0;0;870.6;moderate ;0.85;138.5;good ;1.0;843.9;;0.85;0.301777234143045;0.105132916758102;0.0502199218840659;0.0508691033970497;0.331152936767105;P_score_soil_exp_UBA;0.525328889759657;P_score_freshwater_pred_Dashboard;0.827115886751682;0.574907553051388;;;M_score_pred_Dashboard;0.404175324815985;0.370569100041742;kemi_score;0.72;0.578186675900027;1.0;0.525328889759657;0.5;0.461565785713643;1.0;0.335547311866472;1.0;0.440464510324345;1.0;0.389624511639557;0.75;0.39354435410224;1.0;1.0;PM;PM;PM;1;Benzene, Halogen;['Chlorobenzenes', 'PBB', 'PCB']
33;1,2-dichloroethane;107-06-2;203-458-1;WSLDOOZREJYCGB-UHFFFAOYSA-N;ClCCCl;DTXSID6020438;11.0;PRO-034;NS00004126;REACH-C;True;PMT;HQ;PMT;False;False;;;False;False;False;False;False;False;False;False;False;False;False;False;False;False;False;True;False;True;"Manufactured formulations; Vehicle -> engine maintenance -> auto fluids and additives; not reported; solvent; solvent";"Intermediate; Solvent";Intermediate;True;True;True;False;False;True;True;False;False;False;True;False;False;False;False;False;False;False;False;False;False;False;False;False;False;EQS chronic water (=AA-EQS);98.95;1.48;1.61;2.78;2.79;0.0868;0.0558;1.519827994;1.2841;22026.4657948067;31.53926299;6.61;2500.0;;;;1.5;10.0;0.62;0.83;0.71;0.83;>1000000 to < 10000000 tonnes;1000000.0;10000000.0;1;0;0;0;0;0;0;0;0;0;0;0;1;0;0;0;0;1;1;1;1;0;0;0;0;1;0;1;0;0;1;0;0;0;0;0;0;0;1;0;0;0;0;0;0;0;1;0;0;0;1;1;1;0;1;0;0;0;0;0;0;0;0;0;1;0.99830091815794;0.249851187714953;0.999958748616483;;;;0.621571563379576;0.582447768594732;True;0.75;0.0;0.0;0;8470.0;low ;0.623;1450.0;;1.0;40540.0;;1.0;0.268941421369995;0.0406456766981861;0.019305264371499;0.00987442453968561;0.279595730330692;;;P_score_freshwater_pred_Dashboard;0.999958748616483;0.749370284829792;;;M_score_pred_Episuite;0.621571563379576;0.602009665987154;kemi_score;0.83;0.788381838129616;1.0;;;0.671660743881225;1.0;0.416352438211942;1.0;0.572926435545855;1.0;0.416352438211942;0.5;0.52881715967449;1.0;0.0;vPvM;;PM;1;Alkyl Halide, Halogen;['Chlorinated alkane']
34;1,2-dichloropropane;78-87-5;201-152-2;KNKRKFALVUDBJE-UHFFFAOYSA-N;CC(CCl)Cl;DTXSID0020448;6564.0;PRO-035;NS00009881;REACH-A;True;vPvM & PMT;MQ;vPvM & PMT;False;False;;;False;False;False;False;False;False;False;False;False;False;False;False;False;False;False;True;True;False;Home maintenance -> paint/stain and related products -> stripper;Intermediate;;True;True;True;True;True;True;True;False;False;True;True;False;True;True;False;True;False;False;False;False;False;False;False;False;False;JG-MKN (totaal);112.98;1.98;2.0;2.96;2.99;0.0247;0.019;1.670245853;1.718;1978.3135137461;33.50547787;7.08;2500.0;;;1.7;;280.0;0.55;0.78;0.32;0.42;>1000 to < 10000 tonnes;1000.0;10000.0;1;1;0;0;0;0;0;1;0;0;0;0;0;0;0;0;0;1;1;0;0;0;0;0;0;0;0;0;0;0;0;0;0;1;0;0;0;0;0;0;0;1;0;0;0;0;1;0;0;1;1;1;0;0;0;0;0;1;0;1;1;0;0;0;0;0.99830091815794;0.269724229037133;0.9974671206341;;;0.551799518660109;0.548711878129251;0.55689455761925;True;0.75;0.0;0.0;0;8350.0;low ;0.375;617.6;;1.0;12390.0;;1.0;0.0796466254131371;0.0578284071797731;0.0194229384362595;0.016413986135507;0.0977194013045091;;;P_score_freshwater_pred_UBA;0.99830091815794;0.755164089276391;M_score_exp_UBA;0.551799518660109;M_score_pred_Dashboard;0.55689455761925;0.552468651469536;kemi_score;0.78;0.745619439250652;1.0;0.551799518660109;0.5;0.645913683119307;1.0;0.231831125428575;1.0;0.415761703073891;1.0;0.309533934517398;0.75;0.386966272544863;1.0;0.0;vPvM;PM;PM;1;Alkyl Halide, Halogen;['Chlorinated alkane']
35;1,3,4,6,7,8-hexahydro-4,6,6,7,8,8-hexamethylindeno[5,6-c]pyran;1222-05-5;214-946-9;ONKNPOPIGWHAQC-UHFFFAOYSA-N;CC1COCc2cc3c(cc12)C(C)(C)C(C)C3(C)C;DTXSID8027373;91497.0;PRO-036;NS00008760;REACH-A;True;PMT;HQ;Not PMT/vPvM;False;False;;;False;False;False;False;False;False;False;False;False;True;False;True;True;False;True;True;True;True;"Cleaning and safety; Cleaning products and household care; Cleaning products and household care -> air freshener; Cleaning products and household care -> bathroom -> bathroom cleaner; Cleaning products and household care -> laundry and fabric treatment -> laundry detergent; Personal care -> body care set; Personal care -> body hygiene -> body wash; Personal care -> fragrance; Personal care -> general moisturizing -> hand/body lotion; Personal care -> make-up and related -> lip color; Personal care -> specialized bath products -> bath salts; Pesticides; Pesticides -> insect repellent; Pesticides -> insect repellent -> insect repellent - skin; Pesticides -> insecticide; Pet care -> cats; Vehicle -> car interior -> auto air freshener; fragrance; fragrance; fragrance component; fragrance compound; fragrance ingredient; fragrances; masking; perfuming; synthetic fragrance";Fragrance;Fragrance;True;True;True;True;True;True;True;False;False;True;True;True;True;True;True;True;False;True;False;False;False;False;True;True;False;JD-UQN proposal;258.405;5.9;6.08;;8.18;6.77e-06;1.46e-05;4.869818208;4.098;79577720706.6434;85.9163875;794.0;;239.0;79.0;3.8;;7.0;0.19;0.86;0.39;0.52;>1000 to < 10000 tonnes;1000.0;10000.0;0;1;1;1;1;0;1;1;1;0;0;1;1;0;0;0;0;1;0;1;1;1;1;0;0;1;1;1;1;1;1;0;1;1;1;1;0;1;0;0;0;0;1;0;0;1;0;0;1;1;0;0;0;1;1;0;0;0;0;0;0;0;1;0;0;;0.648799370369393;0.999999999999999;0.618847166681631;0.19658161274669;0.223104613204262;0.189352525927036;0.120340846846747;True;0.0;0.0;0.0;0;42.2;low ;0.673;104.3;low ;0.679;156.799999999999;low ;0.686;0.300462165428127;0.11729651361595;0.164473520764702;0.100169193792648;0.35239073490549;P_score_soil_exp_UBA;0.618847166681631;P_score_freshwater_pred_Dashboard;0.999999999999999;0.616057037449428;M_score_exp_UBA;0.223104613204262;M_score_exp_UBA;0.223104613204262;0.177599328659348;kemi_score;0.86;0.472339510526339;1.0;0.371574565538411;1.0;0.33077381436094;1.0;0.258755173150302;1.0;0.34960018854682;1.0;0.310075540867286;1.0;0.292556722036173;1.0;1.0;PM;PM;PM;1;Benzene, Bicyclic, Ether;['Cyclohexanes', 'Ethylene Glycols', 'PBDE', 'PhenylEthers']
36;1,3-dichloro-4-nitrobenzene;611-06-3;210-248-3;QUIMTLZDMCNYGY-UHFFFAOYSA-N;O=N(=O)c1ccc(Cl)cc1Cl;DTXSID3024998;11899.0;PRO-037;NS00002924;REACH-B;False;PMT;MQ;Potential PMT/vPvM;False;False;;;False;False;False;False;False;False;False;False;False;False;False;False;False;False;False;False;False;False;;;;True;False;True;False;False;False;True;False;False;False;False;False;False;False;False;False;False;False;False;False;False;False;False;False;False;MTR (opgelost);192.0;3.07;3.06;;5.21;;0.00032;2.729974286;2.8423;58.5569625918923;74.70149265;117.0;192.0;;;;2.8;1.4;0.36;0.42;0.0;0.0;;;;1;0;0;0;0;0;0;0;0;0;0;0;0;0;0;0;0;0;1;0;0;0;0;0;0;0;0;0;0;0;0;0;0;0;0;0;0;0;0;0;0;1;0;0;0;0;0;0;0;0;1;1;0;0;0;0;0;0;0;0;0;0;0;0;0;0.879575821869364;0.592581818228161;0.489597175430576;;;;0.358049978715527;0.376136468742016;False;0.0;0.0;0.0;0;135.6;low ;0.7;353.4;good ;1.0;246.9;good ;1.0;0.463532859459727;0.0725430267478824;0.106000662547212;0.0837447815333494;0.490916622641622;;;P_score_freshwater_pred_UBA;0.879575821869364;0.6539182718427;;;M_score_pred_Dashboard;0.376136468742016;0.367093223728772;kemi_score;0.42;0.575187398704804;1.0;;;0.489947922197742;1.0;0.420392654730056;1.0;0.49173626824629;1.0;0.420392654730056;0.5;0.453839737894538;1.0;1.0;PM;;PM;3;Nh0, Benzene, Halogen, Nitro, Nitro Arom;['Chlorobenzenes', 'Nitrobenzene derivatives', 'PBB', 'PCB']
37;1,3-dichlorobenzene;541-73-1;208-792-1;ZPQOPVIELGIULI-UHFFFAOYSA-N;C1=CC(=CC(=C1)Cl)Cl;DTXSID6022056;10943.0;PRO-038;NS00006298;REACH-A;True;vPvM & PMT;MQ;PMT;False;False;;;False;False;False;False;False;False;False;False;False;False;False;False;False;False;False;False;False;False;"solvent; solvents";;;True;True;True;False;False;False;False;False;False;False;False;False;False;False;False;False;False;False;False;False;False;False;False;False;False;AA-QSwater_eco;147.0;3.53;3.38;4.12;4.16;0.000881;0.000552;2.579783597;3.0633;44.7011844933008;44.20008906;219.0;131.0;;;2.4;;6.0;0.32;0.6;0.08;0.12;>100 to < 1000 tonnes;100.0;1000.0;0;0;0;0;0;0;0;0;0;0;0;0;0;0;0;0;0;0;1;0;0;0;0;0;0;0;0;0;0;0;0;0;0;0;0;0;0;0;0;0;0;0;0;0;0;0;0;0;0;0;1;1;0;0;0;0;0;0;0;0;0;0;0;0;0;0.791646139496585;0.372277882642826;0.376792391614613;;;0.431125927769216;0.323655387487401;0.400861846658311;True;0.0;0.0;0.0;0;2170.0;;1.0;129.7;good ;1.0;620.4;;0.85;0.314718470642735;0.107845471176761;0.0343413667824886;0.0577214656368004;0.34281908340817;;;P_score_freshwater_pred_UBA;0.791646139496585;0.513572137918008;M_score_exp_UBA;0.431125927769216;M_score_exp_UBA;0.431125927769216;0.385214387304976;kemi_score;0.6;0.584208161835645;1.0;0.431125927769216;0.5;0.444786888796188;1.0;0.331213083513641;1.0;0.439883378516875;1.0;0.361637148818151;0.75;0.38382188179496;1.0;1.0;PM;PM;PM;2;Benzene, Halogen;['Chlorobenzenes', 'PBB', 'PCB']
38;1,3-di-o-tolylguanidine;97-39-2;202-577-6;OPNUROKCUBTKLF-UHFFFAOYSA-N;CC1=CC=CC=C1NC(=NC2=CC=CC=C2C)N;DTXSID2026606;7333.0;PRO-039;NS00008988;REACH-A;True;vPvM;MQ;vPvM;False;False;;;False;False;False;False;False;False;False;False;False;False;False;False;False;False;False;False;False;True;;"Chemical reaction regulator; Other (specify); Polymerization promoter; Processing aids, not otherwise listed";Not Known or Reasonably Ascertainable;True;True;True;True;False;True;True;False;False;False;True;False;False;False;False;False;False;False;False;False;False;False;True;False;False;P-PNEC pred;239.322;;3.28;;8.54;;0.00179;2.630427875;1.5131;120.301368663215;39.70317479;79.4;236.0;;;;-4.0;0.79263;0.58;0.54;0.12;0.23;>10 to < 100 tonnes;10.0;100.0;1;0;0;0;0;0;0;0;0;0;0;0;0;0;0;0;0;0;0;0;0;0;0;0;0;0;0;0;0;0;1;0;0;0;0;0;0;0;0;0;0;0;0;0;0;0;0;0;0;0;0;0;0;1;0;0;0;0;0;0;0;0;0;0;0;0.91222851958265;0.330509818291197;0.766603469805997;;;;0.583581502442518;0.392460975525574;False;0.0;0.0;0.0;0;75.7;low ;0.404;237.0;low ;0.455;189.7;low ;0.455;0.525210975667923;0.0851186401272768;0.132492757205099;0.0929557779737884;0.553815698080609;;;P_score_freshwater_pred_UBA;0.91222851958265;0.669780602559948;;;M_score_pred_Episuite;0.583581502442518;0.488021238984046;kemi_score;0.54;0.729629830824479;1.0;;;0.57172297444548;1.0;0.566756654029534;1.0;0.643057199320726;1.0;0.566756654029534;0.5;0.569234398142394;1.0;1.0;vPvM;;PM;2;Imine, Nh0, Nh1, Nh2, Aniline, Aryl Methyl, Benzene, Guanido, Para Hydroxylation;['Aromatic amines', 'PAHs']
39;1,3-dioxolane;646-06-0;211-463-5;WNXJIVFYUVYPPR-UHFFFAOYSA-N;C1COCO1;DTXSID4027284;12586.0;PRO-040;NS00004542;REACH-A;True;vPvM & PMT;HQ;vPvM & PMT;False;False;;;False;False;False;False;False;False;False;False;False;False;False;False;False;False;False;True;True;False;"Batteries; Food contact items; Home maintenance -> degreaser; solvent; solvent";"Intermediate; Not Known or Reasonably Ascertainable; Solvent; Solvents (which become part of product formulation or mixture)";"Intermediate; Not Known or Reasonably Ascertainable; Solvent";True;True;True;True;True;True;True;True;True;False;True;True;True;False;True;True;False;False;False;False;False;False;False;False;False;P-PNEC pred;74.079;-0.37;-0.395;;2.7;13.5;6.28;0.840106094;0.5392;639.061056569552;14.91122811;1.15;;;;0.9;;186.6838;0.73;0.77;0.5;0.01;>10000 tonnes;10000.0;;0;1;0;0;1;0;0;1;0;0;0;0;0;0;1;0;1;0;1;0;1;1;1;0;0;0;1;0;0;0;1;0;0;1;0;0;0;1;0;0;0;1;0;0;0;0;0;0;0;0;0;0;1;0;1;0;0;0;0;0;0;0;0;0;0;;0.0847080053783119;0.982776630059013;;;0.681887999818259;0.733518774705604;0.690824597343228;True;0.0;0.0;0.0;0;5130.0;low ;0.425;3290.0;low ;0.463;8490.0;low ;0.459;0.093544334456545;0.0288268956687792;0.0238899523944806;0.0192858816642551;0.10670587341898;;;P_score_freshwater_pred_Dashboard;0.982776630059013;0.533742317718662;M_score_exp_UBA;0.681887999818259;M_score_pred_Episuite;0.733518774705604;0.702077123955697;kemi_score;0.77;0.849049533001573;1.0;0.681887999818259;0.5;0.6121505299821;1.0;0.279097272641378;1.0;0.486792983719132;1.0;0.37590209333564;0.75;0.413339501335135;1.0;2.0;vPvM;PM;PM;1;Ether;['Ethylene Glycols']
40;1,3-diphenylguanidine;102-06-7;203-002-1;OWRCNXZUPFZXOS-UHFFFAOYSA-N;C1=CC=C(C=C1)NC(=NC2=CC=CC=C2)N;DTXSID3025178;7594.0;PRO-041;NS00011462;REACH-A;True;vPvM & PMT;MQ;PMT;False;False;;;False;False;False;False;False;False;False;False;False;True;False;False;False;False;True;True;True;True;Home maintenance -> caulk/sealant;"Chemical reaction regulator; Fuel; Other; Other (specify); Polymerization promoter; Process regulators; Processing aids not otherwise specified";"Chemical reaction regulator; Fuel; Not Known or Reasonably Ascertainable; Other; Other (specify); Processing aids not otherwise specified";True;True;True;True;True;True;True;True;True;True;True;True;False;True;True;False;True;True;False;False;False;True;True;True;False;P-PNEC pred;211.268;;2.7;;8.33;0.00476;0.00368;2.309630167;1.0928;485165195.40979;31.2331198;20.0;194.0;;;2.5;;1.04648;;0.78;0.52;0.65;>10000 to < 100000 tonnes;10000.0;100000.0;1;0;0;0;0;0;0;0;0;0;0;0;0;0;0;0;0;0;0;0;0;0;0;0;0;0;0;0;0;0;1;0;0;0;0;0;0;0;0;0;0;0;0;0;0;0;0;0;0;0;1;0;1;1;1;0;0;0;0;0;0;0;0;0;0;0.881439683581548;0.24673895210141;0.999999999998447;;;0.414213562373095;0.652222560857894;0.44655018793488;True;0.0;0.0;0.0;0;121.399999999999;low ;0.399;329.799999999999;low ;0.458;291.2;low ;0.458;0.495067426860575;0.0745886043877077;0.110640170114857;0.0784069360288826;0.521011665079184;;;P_score_freshwater_pred_Dashboard;0.999999999998447;0.709392878560468;M_score_exp_UBA;0.414213562373095;M_score_pred_Episuite;0.652222560857894;0.504328770388623;kemi_score;0.78;0.807602972293243;1.0;0.414213562373095;0.5;0.598136471189349;1.0;0.521011665079184;0.5;0.697826977167376;0.75;0.464553654415059;0.5;0.571236573093233;0.75;0.0;vPvM;PM;PM;1;Imine, Nh0, Nh1, Nh2, Aniline, Benzene, Guanido, Para Hydroxylation;['Aromatic amines']
41;1,4,5,6,7,7-hexachloro-8,9,10-trinorborn-5-ene-2,3-dicarboxylic anhydride;115-27-5;204-077-3;FLBJFXNAEMSXGL-UHFFFAOYSA-N;C12C(C(=O)OC1=O)C3(C(=C(C2(C3(Cl)Cl)Cl)Cl)Cl)Cl;DTXSID2026941;8265.0;PRO-042;NS00007305;REACH-A;True;vPvM & PMT;HQ;vPvM & PMT;False;False;;;False;False;False;False;False;False;False;False;False;False;False;False;False;False;False;False;False;True;;Laboratory chemicals;Laboratory chemicals;True;True;True;True;False;True;True;False;False;False;True;True;False;False;False;False;False;False;False;False;False;False;True;False;False;P-PNEC pred;370.81;;3.73;;10.2;;2.08e-05;3.92992956;2.8837;1329083.28081209;1361.224622;15.5;2923.0;;;;-1.6;0.083;0.35;0.51;0.23;0.34;>100 to < 1000 tonnes;100.0;1000.0;1;0;0;0;0;0;0;0;0;0;0;0;0;0;0;0;0;0;0;0;0;0;0;0;0;0;0;0;0;0;1;0;0;0;0;0;0;0;0;0;0;0;0;0;0;0;0;0;0;0;0;0;0;0;1;0;0;0;0;0;0;0;0;0;0;0.998698840035503;0.99521153114583;0.999999962718961;;;;0.351481337926908;0.207884392028801;True;0.0;0.0;0.0;0;130.399999999999;low ;0.0;1220.0;low ;0.246;183.7;low ;0.199;0.746668406147654;0.0436734181562833;0.107620764020213;0.0941393669378726;0.75856287467826;;;P_score_freshwater_pred_Dashboard;0.999999962718961;0.997970111300098;;;M_score_pred_Episuite;0.351481337926908;0.279682864977854;kemi_score;0.51;0.592858604410291;1.0;;;0.528313486379706;1.0;0.515264015954336;1.0;0.55270128044137;1.0;0.515264015954336;0.5;0.52174795512282;1.0;1.0;PM;;PM;3;C O, C O Nocoo, Alkyl Halide, Allylic Oxid, Bicyclic, Ester, Ether, Halogen, Lactone;['Cyclohexanes', 'Ethylene Glycols', 'HBCDDs']
42;1,4-bis({3-[2-(2-hydroxyethoxy)ethoxy]propyl}amino)-9,10-anthraquinone;123944-63-8;807-560-2;FRFQXYOWMSJIJR-UHFFFAOYSA-N;OCCOCCOCCCNc1ccc(NCCCOCCOCCO)c2c1C(=O)c1ccccc1C2=O;DTXSID801019616;57979229.0;PRO-043;;REACH-B;False;vPvM;HQ;PM;False;False;;;False;False;False;False;False;False;False;False;False;False;False;False;False;False;False;True;True;False;;;;False;False;False;False;False;False;False;True;True;False;True;False;True;False;False;True;False;False;False;False;False;False;False;False;False;;530.618;;3.49;;9.5;;28.5;4.589949601;;96.5441097728446;;2.88;1592.0;;;2.9;;;;;0.15;0.01;>10 tonnes;10.0;;0;0;0;1;0;0;0;0;0;0;0;0;0;1;0;0;0;0;0;0;0;0;0;0;0;0;0;0;0;0;0;0;0;1;0;0;0;0;0;0;0;0;0;0;0;0;0;0;0;0;0;0;1;0;0;0;0;0;0;0;0;0;0;0;0;0.996332112999949;;0.692777862383848;;;0.348910320245866;;0.142434384244122;False;0.0;0.0;0.0;0;569.4;low ;0.7;3170.0;low ;0.575;2320.0;low ;0.0;;0.0292821065603689;0.0597814203934068;0.0333916352909577;0.0579796188638752;;;P_score_freshwater_pred_UBA;0.996332112999949;0.844554987691898;M_score_exp_UBA;0.348910320245866;M_score_exp_UBA;0.348910320245866;0.245672352244994;E_score_min;0.15;0.589602032406651;1.0;0.348910320245866;0.5;0.455503908245046;1.0;0.0579796188638752;0.5;0.272143375149377;0.75;0.142231105548427;0.5;0.229132410402767;0.75;2.0;PM;PM;PM;;Al Oh, Al Oh Notert, C O, C O Nocoo, Nh1, Aniline, Benzene, Bicyclic, Ether, Ketone, Unbrch Alkane;['Alkylphenols', 'Aromatic amines', 'Cyclohexanes', 'Ethylene Glycols', 'Benzophenones', 'PBDE', 'PhenylEthers']
43;1,4-bis(p-tolylamino)anthraquinone;128-80-3;204-909-5;TVRGPOFMYCMNRB-UHFFFAOYSA-N;CC1=CC=C(C=C1)NC2=C3C(=C(C=C2)NC4=CC=C(C=C4)C)C(=O)C5=CC=CC=C5C3=O;DTXSID9044376;31416.0;PRO-044;NS00005332;REACH-A;True;vPvM;HQ;vPvM;False;False;;;False;False;False;False;False;False;False;False;False;False;False;False;False;False;False;True;True;True;"Personal care -> body hygiene -> body scrub; Personal care -> specialized bath products -> bath oil; color additive; colorant; cosmetic colorant; dye; dye; fragrance; fragrance component; hair dyeing";;;True;True;True;True;True;True;True;False;False;True;True;True;True;False;True;True;False;True;False;False;False;True;True;False;False;P-PNEC pred;418.496;;6.45;;9.72;;5.68e-07;4.630427875;6.5884;4.96178952117108e+38;157.4806168;224.0;677.0;;;;0.7;0.00148;0.04;0.67;0.26;0.39;>100 to < 1000 tonnes;100.0;1000.0;0;0;0;0;0;0;0;1;0;1;1;0;0;0;0;0;0;1;0;0;1;0;0;0;0;0;0;0;0;0;1;0;0;0;0;0;0;0;0;0;0;0;0;0;0;0;0;0;0;0;0;0;1;0;1;0;0;0;0;0;0;0;0;0;1;0.984368379439008;0.838837832276358;1.0;;;;0.039908604807273;0.139041522571673;False;0.0;0.0;0.0;0;81.6;low ;0.609;502.6;low ;0.627;40.5999999999999;moderate ;0.85;0.944261829218054;0.0629012585851133;0.12879109065376;0.166793355007264;0.951121040174882;;;P_score_freshwater_pred_Dashboard;1.0;0.941068737238455;;;M_score_pred_Dashboard;0.139041522571673;0.0894750636894734;kemi_score;0.67;0.372882719593807;1.0;;;0.290176127895771;1.0;0.195050869280286;1.0;0.269687038243163;1.0;0.195050869280286;0.5;0.23790566615879;1.0;1.0;PM;;;2;C O, C O Nocoo, Nh1, Aniline, Aryl Methyl, Benzene, Bicyclic, Ketone;['Aromatic amines', 'Cyclohexanes', 'Benzophenones', 'PAHs']
44;1,4-dioxane;123-91-1;204-661-8;RYHBNJHYFVUHQT-UHFFFAOYSA-N;C1COCCO1;DTXSID4020533;31275.0;PRO-045;NS00002649;REACH-A;True;PMT;HQ;PMT;False;False;;;False;False;False;False;False;False;True;True;False;True;False;True;True;False;True;True;False;True;"Cleaning products and household care; Cleaning products and household care -> general household cleaning -> surface cleaner; Cleaning products and household care -> laundry and fabric treatment; Cleaning products and household care -> wood specific; Home maintenance; Home maintenance -> degreaser; Home maintenance -> surface sealers; Manufactured formulations; Personal care; Personal care -> body hygiene -> hand soap; Personal care -> child specific -> baby shampoo; Personal care -> facial cleansing and moisturizing -> face cream/moisturizer; Personal care -> hair styling and care -> shampoo; Personal care -> make-up and related -> toner; Pesticides -> insecticide; Vehicle -> boat care and maintenance -> boat cleaner - general; fragrance; fragrance; non-functional constituent; nonfunctional  constituant; nonfunctional constituent; nonfunctional ingredient; part of surfactant";"Cleaning agent; Intermediates; Laboratory chemicals; Lubricating agent; Other; Processing aids not otherwise specified; Stabilizing agent";"Other; Paint additives and coating additives not described by other categories; Stabilizing agent";True;True;True;False;False;False;True;False;False;False;True;True;True;True;False;False;False;False;True;False;False;False;True;False;False;P-PNEC pred;88.106;-0.27;-0.288;3.18;3.28;11.4;5.05;1.230448921;0.5946;11271.1314855244;15.84082113;0.501;2500.0;;;;-0.4;238.85135;0.73;0.95;0.36;0.48;>1000 to < 10000 tonnes;1000.0;10000.0;0;0;0;0;0;0;0;0;0;0;0;0;0;0;0;0;0;0;1;1;1;0;1;0;0;0;0;1;0;0;1;0;0;0;0;0;0;0;0;0;0;0;0;0;0;0;0;0;0;0;1;1;1;0;1;0;0;0;0;0;0;0;1;0;1;0.99830091815794;0.0930754269866962;0.999870333107816;;;;0.725945718075706;0.630278592050991;True;0.75;0.0;0.0;0;9450.0;low ;0.7;3960.0;low ;0.7;4000.0;low ;0.7;0.0848558468214872;0.0266567294280659;0.0184253287590085;0.0265437132169246;0.11050519421652;;;P_score_freshwater_pred_Dashboard;0.999870333107816;0.69708222608415;;;M_score_pred_Episuite;0.725945718075706;0.678112155063348;kemi_score;0.95;0.851969240612916;1.0;;;0.687531766965192;1.0;0.284022519843163;1.0;0.491913051816829;1.0;0.284022519843163;0.5;0.441898749631266;1.0;2.0;vPvM;;PM;1;Ether;['Ethylene Glycols']
45;1,5-naphthylene diisocyanate;3173-72-6;221-641-4;SBJCUZQNHOLYMD-UHFFFAOYSA-N;C1=CC2=C(C=CC=C2N=C=O)C(=C1)N=C=O;DTXSID8040145;18503.0;PRO-046;NS00006855;REACH-A;True;vPvM & PMT;MQ;vPvM & PMT;False;False;;;False;False;False;False;False;False;False;False;False;False;False;False;False;False;False;False;False;False;;Monomers;;True;True;True;False;False;False;True;False;False;False;True;False;False;False;False;False;False;False;False;False;False;False;False;False;False;P-PNEC pred;210.192;;3.76;;5.78;;0.000109;2.089905111;3.7923;190.56626845863;25.91908878;30.2;66.0;;;;0.9;1.07695;0.22;0.51;0.33;0.44;>1000 to < 10000 tonnes;1000.0;10000.0;0;0;0;0;0;0;0;0;0;0;0;0;0;0;0;0;0;0;0;0;0;0;0;0;0;0;0;0;0;0;0;0;0;0;0;0;0;0;0;0;0;0;0;0;0;0;0;0;0;0;1;1;0;0;0;0;0;0;0;0;0;0;0;0;0;0.540643581669199;0.192335783346762;0.878211981357631;;;;0.224031077198898;0.484425671321968;True;0.0;0.0;0.0;0;283.2;low ;0.394;655.2;low ;0.31;124.5;low ;0.327;0.491951810036399;0.0564457485717032;0.0792856086269829;0.109567222007783;0.535722655568072;;;P_score_freshwater_pred_Dashboard;0.878211981357631;0.537063782124531;;;M_score_pred_Dashboard;0.484425671321968;0.354228374260433;kemi_score;0.51;0.652248747512915;1.0;;;0.436168809540677;1.0;0.343305962990706;1.0;0.473202794132075;1.0;0.343305962990706;0.5;0.386961694726845;1.0;0.0;PM;;PM;3;C O Nocoo, Imine, Nh0, Benzene, Bicyclic, Isocyan;['Cyclohexanes']
46;1,5-naphthylenediamine;2243-62-1;218-817-8;KQSABULTKYLFEV-UHFFFAOYSA-N;Nc1cccc2c1cccc2N;DTXSID3020916;16720.0;PRO-047;NS00010628;REACH-B;False;vPvM & PMT;MQ;vPvM & PMT;False;False;;;False;False;False;False;False;False;False;False;False;False;False;False;False;False;False;False;False;False;;;;False;False;False;False;False;False;False;False;False;False;False;False;False;False;False;False;False;False;False;False;False;False;False;False;False;P-PNEC pred;158.204;0.89;1.07;;8.12;0.0024;0.0241;2.69019608;0.772;1174947663720100.0;35.07043143;4.47;157.0;;;;0.5;1.18005;0.7;0.31;0.0;0.0;;;;0;0;0;0;0;0;0;0;0;0;0;0;0;0;0;0;0;0;0;0;0;0;0;0;0;0;0;0;0;0;0;0;0;0;0;0;0;0;0;0;0;0;0;0;0;0;0;0;0;0;0;0;0;0;0;0;0;0;0;0;0;0;0;0;0;0.838130184579046;0.285368853215296;1.0;;;;0.700815609180078;0.382628249185536;True;0.5;0.0;0.0;0;858.3;low ;0.691;119.7;good ;1.0;547.6;;1.0;0.482032637469814;0.111244256538566;0.0505154939245423;0.0607415079866568;0.532308839576681;;;P_score_freshwater_pred_Dashboard;1.0;0.707833012598114;;;M_score_pred_Episuite;0.700815609180078;0.541721929182807;kemi_score;0.31;0.837147304349765;1.0;;;0.619232319185561;1.0;0.610422958041125;1.0;0.714852386047173;1.0;0.610422958041125;0.5;0.614811860646748;1.0;0.0;vPvM(T);(T);PM(T);4;Arn, Nh2, Aniline, Benzene, Bicyclic;['Aromatic amines', 'Cyclohexanes']
47;1-[2-(allyloxy)ethyl-2-(2,4-dichlorophenyl)-1H-imidazolium hydrogen sulphate;58594-72-2;261-351-5;XVTXMTOYQVRHSK-UHFFFAOYSA-N;C=CCOC(CN1C=CN=C1)C2=C(C=C(C=C2)Cl)Cl.OS(=O)(=O)O;DTXSID3034662;173636.0;PRO-048;NS00087368;REACH-A;False;vPvM;HQ;vPvM;False;False;;;False;False;False;False;False;False;False;False;False;False;False;False;False;False;False;True;False;False;;;;False;False;True;False;False;False;True;False;False;False;True;False;False;True;False;False;False;False;False;False;False;False;False;False;False;P-PNEC;395.25;;2.65;;9.84;;0.00056;3.729974286;3.3459;29.6659522703688;85.88287238;35.5;;171.0;187.0;;1.3;1.314836884;0.28;;0.12;0.23;>10 to < 100 tonnes;10.0;100.0;0;0;0;0;0;0;0;0;0;0;0;0;0;0;0;0;0;0;0;0;0;0;0;0;0;1;0;0;0;0;0;0;0;0;0;0;0;0;0;0;0;0;1;0;0;0;0;0;0;0;0;0;0;0;0;0;0;0;0;0;0;0;0;0;0;;0.648647375034161;0.230749318152645;0.478092418849786;0.516299441255531;;0.282335362061807;0.231630590564854;False;0.0;0.0;0.0;0;109.5;low ;0.253;380.9;low ;0.302;194.2;low ;0.256;0.47031697520913;0.0703836506293747;0.115126403624226;0.0921008421617354;0.532712373548597;P_score_sediment_exp_UBA;0.516299441255531;P_score_freshwater_pred_RIVM;0.648647375034161;0.46844713832303;;;M_score_pred_Episuite;0.282335362061807;0.25698297631333;E_score_max;0.23;0.427944028443803;1.0;0.516299441255531;0.5;0.346962447322062;1.0;0.38621168365756;1.0;0.406542720678257;1.0;0.42545224887773;0.75;0.366061403245686;1.0;1.0;PM;PM;PM;;Ar N, Nh0, Benzene, Ether, Halogen, Imidazole;['Benzimidazole', 'Aromatic amines', 'Chlorobenzenes', 'Ethylene Glycols', 'Imidazoles', 'PBB', 'PBDE', 'PCB', 'PhenylEthers', 'Styrenes', 'Pyrimidines']
48;10:2 fluorotelomer sulfonic acid;120226-60-0;;AJMAYLFJZQYRHN-UHFFFAOYSA-N;C(CS(=O)(=O)O)C(C(C(C(C(C(C(C(C(C(F)(F)F)(F)F)(F)F)(F)F)(F)F)(F)F)(F)F)(F)F)(F)F)(F)F;DTXSID50892578;23136180.0;PRO-049;NS00011093;;False;;;;False;False;;<2.7;False;False;False;False;True;True;False;False;False;False;False;False;False;False;True;False;False;False;;;;False;False;False;False;False;False;False;False;False;False;False;False;False;False;False;False;False;False;False;False;False;False;False;False;False;;628.2;;6.87;;7.76;;7.21e-05;5.120573931;;134.289779684935;;77.6;;;;;;0.15322;;0.02;;;;;;0;0;0;0;0;0;0;0;0;0;0;0;0;0;0;0;0;0;0;0;0;0;0;0;0;0;0;0;0;0;0;0;0;0;0;0;0;0;0;0;0;0;0;0;0;0;0;0;0;0;0;0;0;0;0;0;0;0;0;0;0;0;0;0;0;;;0.798553329358552;;;;;0.103121081466612;False;0.0;0.0;0.0;0;30.5;low ;0.14;0.5;low ;0.0;256.5;low ;0.0;0.693106852422797;0.574694288485754;0.184778832251011;0.082482358801067;0.8210973713437;;;P_score_freshwater_pred_Dashboard;0.798553329358552;0.798553329358552;;;M_score_pred_Dashboard;0.103121081466612;0.103121081466612;kemi_score;0.02;0.286962859848129;1.0;;;0.286962859848129;1.0;0.8210973713437;0.5;0.407394675361556;0.75;0.8210973713437;0.25;0.407394675361556;0.75;1.0;(T);(T);(T);4;Alkyl Halide, Halogen;['PFAS']
49;11Cl-PF3OUdS (F53 B minor);83329-89-9;;BDKYEEMJFNONPU-UHFFFAOYSA-M;C(C(C(C(C(F)(F)Cl)(F)F)(F)F)(F)F)(C(C(C(OC(C(F)(F)S(=O)(=O)[O-])(F)F)(F)F)(F)F)(F)F)(F)F.[K+];DTXSID00892447;50851128.0;PRO-050;NS00117956;;False;;;;False;False;< 0,5;;False;False;False;False;False;False;False;False;False;False;False;False;False;False;True;False;False;False;;;;False;False;False;False;False;False;False;False;False;False;False;False;False;False;False;False;False;False;False;False;False;False;False;False;False;;670.68;;6.64;;7.64;;2.16e-05;4.920123326;;87.3567230134409;;33.1;;;;;;;;;;;;;;0;0;0;0;0;0;0;0;0;0;0;0;0;0;0;0;0;0;0;0;0;0;0;0;0;0;0;0;0;0;0;0;0;0;0;0;0;0;0;0;0;0;0;0;0;0;0;0;0;0;0;0;0;0;0;0;0;0;0;0;0;0;0;0;0;;;0.655247715497613;;;;;0.116698258368754;False;0.0;0.0;0.0;0;30.5;low ;0.173;1.1;low ;0.0;416.8;low ;0.0;;0.489653305964392;0.184778832251011;0.067866866550135;0.031966737979425;;;P_score_freshwater_pred_Dashboard;0.655247715497613;0.655247715497613;;;M_score_pred_Dashboard;0.116698258368754;0.116698258368754;;;0.276525346394642;1.0;;;0.276525346394642;1.0;0.031966737979425;0.5;0.134706764118336;0.75;0.031966737979425;0.25;0.134706764118336;0.75;1.0;;;;;Alkyl Halide, Ether, Halogen;['Ethylene Glycols', 'PFAS']
50;17-hydroxy-19-norpregn-4-ene-3,20-dione 17-acetate;31981-44-9;250-882-8;MTSLFKWJINJVBO-ZCPXKWAGSA-N;CC(=O)OC1(CCC2C3CCC4=CC(=O)CCC4C3CCC12C)C(=O)C;DTXSID90953874;134963.0;PRO-051;NS00003690;REACH-B;False;PMT;MQ;Potential PMT/vPvM;False;False;;;False;False;False;False;False;False;False;False;False;False;False;False;False;False;False;False;False;False;;;;True;True;True;False;False;False;True;False;False;False;False;False;False;False;False;False;False;False;False;False;False;False;False;False;False;P-PNEC pred;358.478;;3.28;;10.8;;2.94e-05;4.969881644;3.0318;3.30883538564209e+40;93.32516352;22.4;106.0;;;;2.6;4.69284;0.33;0.3;0.0;0.0;;;;0;0;0;0;0;0;0;0;0;0;0;0;0;0;0;0;0;0;1;0;0;0;0;0;0;0;0;0;0;0;0;0;0;0;0;0;0;0;0;0;0;0;0;0;0;0;0;0;0;0;0;1;0;0;0;0;0;0;0;0;0;0;0;0;0;0.725691882233028;0.680303830281818;1.0;;;;0.32845321882012;0.113189783524802;False;0.0;0.0;0.0;0;158.4;low ;0.7;1030.0;low ;0.557;149.6;low ;0.7;0.338175427515243;0.046849288005404;0.0997724764373111;0.102024336102783;0.349598942160792;;;P_score_freshwater_pred_Dashboard;1.0;0.801998570838282;;;M_score_pred_Episuite;0.32845321882012;0.220821501172461;kemi_score;0.3;0.573108383135441;1.0;;;0.420830759748711;1.0;0.339658138299469;1.0;0.441203951092466;1.0;0.339658138299469;0.5;0.378072205266928;1.0;1.0;PM;;PM;4;C O, C O Nocoo, Allylic Oxid, Bicyclic, Ester, Ether, Ketone, Ketone Topliss;['Cyclohexanes', 'Ethylene Glycols', 'Terpenoid', 'Acrylics/Acrylates']
51;1-bromo-3,4,5-trifluorobenzene;138526-69-9;418-480-9;HKJCELUUIFFSIN-UHFFFAOYSA-N;c1(F)c(F)c(F)cc(Br)c1;DTXSID70346346;611409.0;PRO-052;NS00024484;REACH-B;False;PMT;HQ;Potential PMT/vPvM;False;False;;;False;False;False;False;False;False;False;False;False;False;False;False;False;False;False;False;False;False;;;;True;True;True;False;False;False;False;False;False;False;False;False;False;False;False;False;False;False;False;False;False;False;False;False;False;P-PNEC pred;210.981;;3.15;;3.74;;0.00419;2.92992956;;639.061056569552;;13.5;13565.0;;;;3.2;3.15897;;0.39;0.0;0.0;;;;0;0;0;0;0;0;0;0;0;0;0;0;0;0;0;0;0;0;0;0;0;0;0;0;0;0;0;0;0;0;0;0;0;0;0;0;0;0;0;0;0;0;0;0;0;0;0;0;0;0;0;1;0;0;0;0;0;0;0;0;0;0;0;0;0;0.999905526435093;;0.982776630059013;;;;;0.34421239880355;True;0.5;0.0;0.0;0;639.7;low ;0.271;106.399999999999;low ;0.292;754.7;low ;0.601;0.377647483568643;0.116403117275347;0.057002078268633;0.0532632561276595;0.383784725494091;;;P_score_freshwater_pred_UBA;0.999905526435093;0.991341078247053;;;M_score_pred_Dashboard;0.34421239880355;0.34421239880355;kemi_score;0.39;0.586668458186692;1.0;;;0.584150571835649;1.0;0.383784725494091;0.5;0.509281290222868;0.75;0.383784725494091;0.25;0.50782307716467;0.75;0.0;PM;;PM;3;Benzene, Halogen;['Chlorobenzenes', 'PBB', 'PCB']
52;1-bromo-3-chloropropane;109-70-6;203-697-1;MFESCIUQSIBMSM-UHFFFAOYSA-N;ClCCCBr;DTXSID1051565;8006.0;PRO-053;NS00006575;REACH-B;False;vPvM & PMT;MQ;vPvM & PMT;False;False;;;False;False;False;False;False;False;False;False;False;False;False;False;False;False;False;False;False;False;;Intermediate;;True;True;True;False;False;False;False;False;False;False;False;False;False;False;False;False;False;False;False;False;False;False;False;False;False;P-PNEC pred;157.44;2.18;2.27;;3.59;0.0141;0.01;2.130333768;1.8916;639.061056569552;27.35823846;7.94;32.0;;;1.6;;2.34974;0.52;0.49;0.0;0.0;>0 to < 10 tonnes;0.0;10.0;0;0;0;0;0;0;0;0;0;0;0;0;0;0;0;0;0;0;1;0;0;0;0;0;0;0;0;0;0;0;0;0;0;0;0;0;0;0;0;0;0;0;0;0;0;0;0;0;0;0;1;1;0;0;0;0;0;0;0;0;0;0;0;0;0;0.254526695345824;0.207095109112368;0.982776630059013;;;0.568874072230784;0.518775456210477;0.477430227041622;False;0.0;0.0;0.0;0;17880.0;low ;0.61;1630.0;moderate ;0.85;3440.0;moderate ;0.85;0.408294622518023;0.0387096488527976;0.0140308372019055;0.0282897409975368;0.409730889593392;;;P_score_freshwater_pred_Dashboard;0.982776630059013;0.481466144839068;M_score_exp_UBA;0.568874072230784;M_score_exp_UBA;0.568874072230784;0.521693251827628;kemi_score;0.49;0.747713945058481;1.0;0.568874072230784;0.5;0.501176255169781;1.0;0.461584296297614;1.0;0.587480225336761;1.0;0.49488702034596;0.75;0.480973064800532;1.0;0.0;vPvM;PM;PM;3;Alkyl Halide, Halogen;['Chlorinated alkane']
53;1-chloro-2,4-dinitrobenzene;97-00-7;202-551-4;VYZAHLCBVHPDDF-UHFFFAOYSA-N;c1cc(c(cc1N(=O)=O)N(=O)=O)Cl;DTXSID6020278;6.0;PRO-054;NS00003347;REACH-B;False;PMT;HQ;PMT;False;False;;;False;False;False;False;False;False;False;False;False;False;False;False;False;False;False;False;False;False;;;;False;False;True;False;False;False;False;False;False;False;False;False;False;False;False;False;False;False;False;False;False;False;False;False;False;AA-QSwater_eco;202.55;2.17;2.14;;5.69;;0.000777;2.42975228;2.5636;58.5569625918923;72.73143634;50.1;409.0;;;1.9;;1.6;0.4;0.38;0.0;0.0;;;;0;0;0;0;0;0;0;0;0;0;0;0;0;0;0;0;0;0;0;0;0;0;0;0;0;0;0;0;0;0;0;0;0;0;0;0;0;0;0;0;0;0;0;0;0;0;0;0;0;0;1;1;0;0;0;0;0;0;0;0;0;0;0;0;0;0.963777699557818;0.581506255924888;0.489597175430576;;;0.517321744832185;0.403558970582104;0.426075429753153;False;0.0;0.0;0.0;0;94.3999999999999;;1.0;444.6;;1.0;22.7;;0.85;0.449146449472851;0.0661142711760147;0.121855847544026;0.204886963846802;0.460759027117928;;;P_score_freshwater_pred_UBA;0.963777699557818;0.678293710304427;M_score_exp_UBA;0.517321744832185;M_score_exp_UBA;0.517321744832185;0.448985381722481;kemi_score;0.38;0.706104214097041;1.0;0.517321744832185;0.5;0.551855017591569;1.0;0.42930596414116;1.0;0.550576743440064;1.0;0.456840774575198;0.75;0.486738790721764;1.0;0.0;vPvM;PM;PM;4;Nh0, Benzene, Halogen, Nitro, Nitro Arom, Nitro Arom Nonortho;['Chlorobenzenes', 'Nitrobenzene derivatives', 'PBB']
54;1-chloro-2-nitrobenzene;88-73-3;201-854-9;BFCFYVKQTRLZHA-UHFFFAOYSA-N;O=N(=O)c1ccccc1Cl;DTXSID0020280;6945.0;PRO-055;NS00002910;REACH-B;False;vPvM & PMT;MQ;vPvM & PMT;False;False;;;False;False;False;False;False;False;False;False;False;False;False;False;False;False;False;True;False;False;;;;True;True;True;False;False;False;True;False;False;False;False;False;False;False;False;False;False;False;False;False;False;False;False;False;False;AA-QSwater_eco;157.55;2.24;2.37;;4.31;0.00204;0.00222;2.820201459;2.3832;134.289779684935;43.03442741;14.8;115.0;;;2.0;;5.28;0.43;0.59;0.0;0.07;>0 to < 10 tonnes;0.0;10.0;1;0;0;0;0;0;0;0;0;0;0;0;0;0;0;0;0;0;1;0;1;0;0;0;0;0;0;0;0;0;0;0;0;0;0;0;0;0;0;0;0;0;0;0;0;0;0;0;0;0;1;1;0;0;0;0;0;0;0;0;0;0;0;0;1;0.752536571936386;0.361664725974506;0.798553329358552;;;0.5;0.433984166963516;0.361578321314244;False;0.0;0.0;0.0;0;2280.0;;1.0;423.8;good ;1.0;345.3;moderate ;0.85;0.326813239139231;0.0674107125485155;0.0336362862323027;0.0732234626845956;0.330730565084898;;;P_score_freshwater_pred_Dashboard;0.798553329358552;0.637584875756481;M_score_exp_UBA;0.5;M_score_exp_UBA;0.5;0.431854162759253;kemi_score;0.59;0.631883426495169;1.0;0.5;0.5;0.524732010370797;1.0;0.377112904826268;1.0;0.488150995571215;1.0;0.414289822292009;0.75;0.444840659884254;1.0;0.0;PM;PM;PM;2;Nh0, Benzene, Halogen, Nitro, Nitro Arom, Para Hydroxylation;['Chlorobenzenes', 'Nitrobenzene derivatives', 'PBB']
55;1-chloro-4-nitrobenzene;100-00-5;202-809-6;CZGCEKJOLUNIFY-UHFFFAOYSA-N;c1cc(ccc1N(=O)=O)Cl;DTXSID5020281;7474.0;PRO-056;NS00009240;REACH-B;False;vPvM & PMT;MQ;PMT;False;False;;;False;False;False;False;False;False;False;False;False;False;False;False;False;False;False;False;False;False;Arts and crafts/office supplies -> pottery making -> glaze;;;True;False;True;False;False;False;True;False;False;False;False;False;False;False;False;False;False;False;False;False;False;False;False;False;False;AA-QSwater_eco;157.55;2.39;2.49;;4.33;0.00132;0.00151;2.710117365;2.4662;120.301368663215;43.03442741;20.0;115.0;;;;2.4;2.8;0.42;0.56;0.0;0.0;;;;0;0;0;0;0;0;0;0;0;0;0;0;0;0;0;0;0;0;1;0;0;0;0;0;0;0;0;0;0;0;0;0;0;0;0;0;0;0;0;0;0;1;0;0;0;0;0;0;0;0;1;1;0;0;0;0;0;0;0;0;0;0;0;0;0;0.752536571936386;0.361664725974506;0.766603469805997;;;;0.41990942653594;0.379371709260391;True;0.5;0.5;0.0;0;2160.0;moderate ;0.85;406.2;good ;1.0;485.8;good ;1.0;0.390036681638341;0.0685780477765625;0.0344079514301516;0.0637772126681244;0.39366753440254;;;P_score_freshwater_pred_Dashboard;0.766603469805997;0.626934922572297;;;M_score_pred_Episuite;0.41990942653594;0.399640567898165;kemi_score;0.56;0.567365863783412;1.0;;;0.500548327828577;1.0;0.406620664070416;1.0;0.480315192662586;1.0;0.406620664070416;0.5;0.451146642967664;1.0;0.0;PM;;PM;2;Nh0, Benzene, Halogen, Nitro, Nitro Arom, Nitro Arom Nonortho;['Chlorobenzenes', 'Nitrobenzene derivatives', 'PBB']
56;1H,1H,2H,2H-Perfluoro-1-decanol;678-39-7;211-648-0;JJUBFBTUBACDHW-UHFFFAOYSA-N;C(CO)C(C(C(C(C(C(C(C(F)(F)F)(F)F)(F)F)(F)F)(F)F)(F)F)(F)F)(F)F;DTXSID7029904;69619.0;PRO-057;NS00010921;;False;;;;False;False;;;False;False;False;False;False;False;False;False;False;False;False;False;False;False;False;False;False;False;;;;False;False;False;False;False;False;False;False;False;False;False;False;False;False;False;False;False;False;False;False;False;False;False;False;False;;464.122;5.72;6.21;5.67;4.22;4.26e-07;2.78e-06;3.350248018;3.6001;134.289779684935;2793.417082;135.0;;;;;;0.189204802211015;;0.5;;;;;;0;0;0;0;0;0;0;0;0;0;0;0;0;0;0;0;0;0;0;0;0;0;0;0;0;0;0;0;0;0;0;0;0;0;0;0;0;0;0;0;0;0;0;0;0;0;0;0;0;0;0;0;0;0;0;0;0;0;0;0;0;0;0;0;0;;0.998594112381454;0.798553329358552;;;;0.248037818504135;0.281725097030538;False;0.0;0.0;0.0;0;108.399999999999;low ;0.187;0.5;low ;0.0;560.5;low ;0.0;0.673282219372328;0.574694288485754;0.115573851516537;0.0601671444051695;0.679814704954359;;;P_score_freshwater_pred_RIVM;0.998594112381454;0.898573720870003;;;M_score_pred_Dashboard;0.281725097030538;0.264881457767337;kemi_score;0.5;0.530404584449257;1.0;;;0.487868339919149;1.0;0.679814704954359;0.5;0.576149289871273;0.75;0.679814704954359;0.25;0.54491898863631;0.75;1.0;PM(T);(T);PM(T);3;Al Oh, Al Oh Notert, Alkyl Halide, Halogen;['Alkylphenols', 'PFAS']
57;1H,1H,2H,2H-Perfluorododecan-1-ol;865-86-1;212-748-7;FLXYIZWPNQYPIT-UHFFFAOYSA-N;C(CO)C(C(C(C(C(C(C(C(C(C(F)(F)F)(F)F)(F)F)(F)F)(F)F)(F)F)(F)F)(F)F)(F)F)(F)F;DTXSID2029905;70083.0;PRO-058;NS00009618;;False;;;;False;False;;;False;False;False;False;False;False;False;False;False;False;False;False;False;False;False;False;False;False;;;;False;False;False;False;False;False;False;False;False;False;False;False;False;False;False;False;False;False;False;False;False;False;False;False;False;;564.137;7.1;7.83;;4.76;8.48e-08;1.6e-07;5.089905111;4.4298;134.289779684935;9836.856572;224.0;;;;;;4.96411497098625;;0.59;;;;;;0;0;0;0;0;0;0;0;0;0;0;0;0;0;0;0;0;0;0;0;0;0;0;0;0;0;0;0;0;0;0;0;0;0;0;0;0;0;0;0;0;0;0;0;0;0;0;0;0;0;0;0;0;0;0;0;0;0;0;0;0;0;0;0;0;;0.999836369003986;0.798553329358552;;;;0.15653892942202;0.105103826781482;False;0.0;0.0;0.0;0;14.4;low ;0.182;0.3;low ;0.0;271.0;low ;0.0;0.332734791211243;0.627820666477195;0.238964956195481;0.0806929261120038;0.360320160451536;;;P_score_freshwater_pred_RIVM;0.999836369003986;0.899194849181269;;;M_score_pred_Episuite;0.15653892942202;0.130821378101751;kemi_score;0.59;0.395617637120849;1.0;;;0.342978001265227;1.0;0.360320160451536;0.5;0.383483442404484;0.75;0.360320160451536;0.25;0.348663937855816;0.75;1.0;PM;;PM;2;Al Oh, Al Oh Notert, Alkyl Halide, Halogen;['Alkylphenols', 'PFAS']
58;1H,1H,2H,2H-Perfluorohexan-1-ol;2043-47-2;218-050-9;JCMNMOBHVPONLD-UHFFFAOYSA-N;C(CO)C(C(C(C(F)(F)F)(F)F)(F)F)(F)F;DTXSID1062122;74883.0;PRO-059;NS00010126;;False;;;;False;False;;;False;False;False;False;False;False;False;False;False;False;False;False;False;False;False;False;False;False;;;;False;False;False;False;False;False;False;False;False;False;False;False;False;False;False;False;False;False;False;False;False;False;False;False;False;;264.091;3.27;3.03;4.77;3.82;0.00274;0.00234;2.029383778;2.339;87.3567230134409;225.3094456;4.07;;;;;;90.7658732039521;;0.49;;;;;;0;0;0;0;0;0;0;0;0;0;0;0;0;0;0;0;0;0;0;0;0;0;0;0;0;0;0;0;0;0;0;0;0;0;0;0;0;0;0;0;0;0;0;0;0;0;0;0;0;0;0;0;0;0;0;0;0;0;0;0;0;0;0;0;0;;0.905672588843122;0.655247715497613;;;;0.441524584994343;0.494908355292365;False;0.0;0.0;0.0;0;248.9;low ;0.204;1550.0;low ;0.212;8700.0;low ;0.0;0.12369204688044;0.0395311835554747;0.0834763206839802;0.0190861957452555;0.136347163602708;;;P_score_freshwater_pred_RIVM;0.905672588843122;0.780460152170367;;;M_score_pred_Dashboard;0.494908355292365;0.468216470143354;kemi_score;0.49;0.669496027902875;1.0;;;0.604503347829236;1.0;0.136347163602708;0.5;0.393895215612436;0.75;0.136347163602708;0.25;0.367971776546907;0.75;0.0;PM;;PM;3;Al Oh, Al Oh Notert, Alkyl Halide, Halogen;['Alkylphenols', 'PFAS']
59;1H,1H,2H,2H-Perfluorooctan-1-ol / ;647-42-7;211-477-1;GRJRKPMIRMSBNK-UHFFFAOYSA-N;C(CO)C(C(C(C(C(C(F)(F)F)(F)F)(F)F)(F)F)(F)F)(F)F;DTXSID5044572;69537.0;PRO-060;NS00010919;;False;;;;False;False;;;False;False;False;False;False;False;False;False;False;False;False;False;False;False;False;False;False;False;;"Intermediates; Monomers";;True;True;True;False;False;False;False;False;False;False;False;False;False;False;False;False;False;False;False;False;False;False;False;False;False;;364.106;4.58;4.66;5.31;4.1;4.84e-05;7.39e-05;3.499687083;3.0249;87.3567230134409;793.2594052;91.2;;;;;;0.443637077432304;0.33;0.52;0.0;0.0;;;;0;0;0;0;0;0;0;0;0;0;0;0;0;0;0;0;0;0;0;0;0;0;0;0;0;0;0;0;0;0;0;0;0;0;0;0;0;0;0;0;0;0;0;0;0;0;0;0;0;0;1;1;0;0;0;0;0;0;0;0;0;0;0;0;0;;0.988033742535667;0.655247715497613;;;;0.329509014752819;0.261245733239634;False;0.0;0.0;0.0;0;310.8;low ;0.194;200.8;low ;0.2;994.9;low ;0.0;0.587338135008095;0.0908943303778522;0.0763869730479767;0.0475262919505661;0.592791439409414;;;P_score_freshwater_pred_RIVM;0.988033742535667;0.82164072901664;;;M_score_pred_Episuite;0.329509014752819;0.295377373996227;kemi_score;0.52;0.570583933392334;1.0;;;0.49263990998018;1.0;0.442290826272834;1.0;0.502358476944601;1.0;0.442290826272834;0.5;0.466787010145;1.0;1.0;PM;;PM;3;Al Oh, Al Oh Notert, Alkyl Halide, Halogen;['Alkylphenols', 'PFAS']
60;1-methylpiperazine;109-01-3;203-639-5;PVOAHINGSUIXLS-UHFFFAOYSA-N;CN1CCNCC1;DTXSID4021898;53167.0;PRO-061;NS00006535;REACH-A;True;vPvM & PMT;MQ;PMT;False;False;;;False;False;False;False;False;False;False;False;False;False;False;False;False;False;False;False;False;False;;;;True;True;True;False;False;False;True;False;False;False;True;False;False;False;False;False;False;False;False;False;False;False;False;False;False;P-PNEC pred;100.165;;-0.406;;4.62;;7.47;1.820201459;-0.5335;862.642195789237;26.63154067;2.4;29.0;;;2.9;;61.79587;0.85;0.54;0.09;0.18;>10 to < 100 tonnes;10.0;100.0;0;0;0;0;0;0;0;0;0;0;0;0;0;0;0;0;0;0;1;0;1;0;0;0;0;0;0;1;0;0;0;0;0;0;0;0;0;0;0;0;0;1;0;0;0;0;0;0;0;0;1;1;0;0;0;0;0;0;0;0;0;0;0;0;0;0.223931946778095;0.19963971647257;0.989615149515655;;;0.348910320245866;0.852719080499744;0.531116448689101;False;0.0;0.0;0.0;0;17240.0;low ;0.573;6630.0;moderate ;0.85;5510.0;low ;0.7;0.142955132279992;0.0214255333585453;0.0142515256418708;0.0231768519885335;0.14506818834517;;;P_score_freshwater_pred_Dashboard;0.989615149515655;0.471062270922107;M_score_exp_UBA;0.348910320245866;M_score_pred_Episuite;0.852719080499744;0.577581949811571;kemi_score;0.54;0.918620552972557;1.0;0.348910320245866;0.5;0.521610069804885;1.0;0.351152331749904;1.0;0.567957524089346;1.0;0.350403398401692;0.75;0.427977326824933;1.0;2.0;vPvM;PM;PM;2;Nh0, Nh1, Ndealkylation1, Piperzine;['Other']
61;1-vinylimidazole;1072-63-5;214-012-0;OSSNTDFYBPYIEC-UHFFFAOYSA-N;C=CN1C=CN=C1;DTXSID0061458;66171.0;PRO-062;NS00001038;REACH-B;True;vPvM & PMT;MQ;vPvM & PMT;False;False;;;False;False;False;False;False;False;False;False;False;False;False;False;False;False;False;False;False;True;not reported;Intermediates;;True;True;True;False;False;False;True;False;False;False;True;True;False;False;False;False;False;False;False;False;False;False;True;False;False;P-PNEC pred;94.117;;0.724;;3.89;;0.419;1.269512944;1.8545;53.5170342274911;15.71462521;5.13;23.0;;;;-1.1;35.64805;0.53;0.77;0.12;0.0;>10 tonnes;10.0;;0;0;0;0;0;0;0;0;0;0;0;0;0;0;0;0;0;0;0;1;0;0;0;0;0;0;0;0;0;0;1;0;1;0;0;0;0;0;0;0;0;0;0;0;0;0;1;0;0;0;1;0;0;0;0;0;0;0;0;0;0;0;0;0;0;0.162578645977946;0.0919276301577548;0.451286681843632;;;;0.52519187944295;0.623946930861896;True;0.0;0.0;0.75;0;2420.0;low ;0.224;2770.0;low ;0.292;1430.0;low ;0.253;0.174792432991705;0.0309939218350153;0.0328051212344438;0.0408815375640938;0.179475721922021;;;P_score_freshwater_pred_Dashboard;0.451286681843632;0.235264319326444;;;M_score_pred_Dashboard;0.623946930861896;0.574569405152423;kemi_score;0.77;0.530640122941324;1.0;;;0.367662453901653;1.0;0.308418761781237;1.0;0.404548352695949;1.0;0.308418761781237;0.5;0.336740254180873;1.0;0.0;PM;;PM;1;Ar N, Nh0, Imidazole;['Aromatic amines', 'Imidazoles', 'Pyrimidines']
62;2-(2H-1,2,3-benzotriazol-2-yl)-6-(2-phenylpropan-2-yl)-4-(2,4,4-trimethylpentan-2-yl)phenol;73936-91-1;422-600-5;UZUNCLSDTUBVCN-UHFFFAOYSA-N;c1(NP(=O)(N)N)c(N(=O)=O)cccc1;;;PRO-063;NS00005141;REACH-A;False;PMT;HQ;PMT;False;False;;;False;False;False;False;False;False;False;False;False;False;False;False;False;False;False;True;True;True;;;;True;True;True;True;True;True;True;False;False;False;True;True;True;False;True;False;False;True;False;False;False;True;True;False;False;;;;;;;;;;;;;;421.0;;;0.7;;0.00144;;0.53;0.39;0.52;>10 to <10010 tonnes;1001.0;10010.0;0;1;0;0;0;0;0;1;0;0;0;0;0;0;0;0;0;1;0;0;0;0;0;0;0;0;0;0;0;0;1;0;0;0;0;0;0;0;0;0;0;0;0;0;0;0;0;0;0;0;0;0;1;0;1;0;0;0;0;1;0;0;0;0;0;0.965464474882592;;;;;0.711173720606069;;;False;0.0;0.0;0.0;0;570.3;low ;0.329;3230.0;low ;0.323;6770.0;low ;0.282;0.944884801707558;0.029051522266223;0.0597428787450575;0.0212360837171849;0.945454445832845;;;P_score_freshwater_pred_UBA;0.965464474882592;0.965464474882592;M_score_exp_UBA;0.711173720606069;M_score_exp_UBA;0.711173720606069;0.711173720606069;kemi_score;0.53;0.828621121330634;1.0;0.711173720606069;0.5;0.828621121330634;1.0;0.945454445832845;0.5;0.865866363613825;0.75;0.81998924133582;0.5;0.865866363613825;0.75;;vPvM(T);vPvM(T);vPvM(T);3;Nh0, Nh1, Nh2, Aniline, Benzene, Nitro, Nitro Arom, Para Hydroxylation;['Aromatic amines', 'Nitrobenzene derivatives']
63;2,2'-(2,5-dichloro-1,4-phenylene)bis(1H-anthra[1,2-d]imidazole-6,11-dione);40783-05-9;255-078-0;MLQFPPIUTFMVLZ-UHFFFAOYSA-N;Clc1cc(c2nc3c4C(=O)c5ccccc5C(=O)c4ccc3[nH]2)c(Cl)cc1c1nc2c3C(=O)c4ccccc4C(=O)c3ccc2[nH]1;DTXSID3068253;162427.0;PRO-064;NS00020301;REACH-B;False;vPvM;HQ;vPvM;False;False;;;False;False;False;False;False;False;False;False;False;False;False;False;False;False;False;True;False;True;;;;False;False;False;True;False;True;True;False;False;False;True;True;True;False;True;False;False;False;False;False;False;False;True;False;False;P-PNEC;639.45;;6.31;;9.79;;2.74e-07;4.749736316;5.1385;1.70088776356758e+104;447.8942238;34.7;1047.0;;;;-0.1;0.014426764;0.1;0.28;0.04;0.14;>1 to < 10 tonnes;1.0;10.0;0;0;0;0;0;0;0;0;0;0;0;0;0;0;0;0;0;0;0;0;0;1;0;0;0;0;0;0;0;0;0;0;1;0;0;0;0;0;0;0;0;0;0;0;0;0;1;0;0;0;0;0;0;0;0;0;0;0;0;0;0;0;0;0;0;0.992520438330372;0.968825408363834;1.0;;;;0.101977545492743;0.129434056497917;False;0.0;0.0;0.0;0;235.9;low ;0.0;5520.0;low ;0.524;86.6;low ;0.0;0.86304696726418;0.0231590304071086;0.0852761079998089;0.125920795541557;0.865067403402793;;;P_score_freshwater_pred_Dashboard;1.0;0.987115282231402;;;M_score_pred_Dashboard;0.129434056497917;0.11570580099533;kemi_score;0.28;0.359769449089159;1.0;;;0.337957045207399;1.0;0.294120282096082;1.0;0.325292932378888;1.0;0.294120282096082;0.5;0.315277689462414;1.0;1.0;PM;;PM;4;Ar N, Ar Nh, C O, C O Nocoo, Nh0, Nh1, Nhpyrrole, Benzene, Bicyclic, Halogen, Imidazole, Ketone;['Benzimidazole', 'Aromatic amines', 'Chlorobenzenes', 'Cyclohexanes', 'Benzophenones', 'Imidazoles', 'HBCDDs', 'PBB', 'PCB', 'Pyrimidines']
64;2,2,2-trifluoroethanol;75-89-8;200-913-6;RHQDFWAXVIIEBN-UHFFFAOYSA-N;OCC(F)(F)F;DTXSID0021751;6409.0;PRO-065;NS00008975;REACH-B;False;vPvM & PMT;MQ;vPvM & PMT;False;False;;;False;False;False;False;False;False;False;False;False;False;False;False;False;False;False;True;False;False;;"Intermediate; Solvent";Intermediate;True;True;True;False;False;False;True;False;False;False;True;False;True;True;False;False;False;False;False;False;False;False;False;False;False;P-PNEC pred;100.04;0.41;0.341;;2.65;10.0;3.45;1.120573931;0.7404;244.69193226422;32.09790245;3.63;51.0;;;;0.3;124.56296;;0.56;0.0;0.0;>10 tonnes;10.0;;1;0;0;0;0;0;0;0;0;0;0;0;0;0;0;0;0;0;1;0;1;0;0;0;0;0;0;0;0;0;0;0;0;0;0;0;0;0;0;0;0;0;0;0;0;0;0;0;0;0;0;1;0;0;0;0;0;0;0;0;0;0;0;0;1;0.430986364515681;0.255518836759033;0.917054553612804;;;;0.705387879258436;0.647843094925254;False;0.0;0.0;0.0;0;2070.0;low ;0.0;2990.0;low ;0.378;7100.0;low ;0.0;0.109545802255264;0.0300124427938532;0.0350273577270173;0.0208106869211963;0.114941716841503;;;P_score_freshwater_pred_Dashboard;0.917054553612804;0.534519918295839;;;M_score_pred_Episuite;0.705387879258436;0.676615487091845;kemi_score;0.56;0.804287987438099;1.0;;;0.601385446180761;1.0;0.114941716841503;0.5;0.420500917858136;0.75;0.114941716841503;0.25;0.346413255882175;0.75;2.0;vPvM;;PM;2;Al Oh, Al Oh Notert, Alkyl Halide, Halogen;['Alkylphenols', 'PFAS']
65;2,2,3-trifluoro-3-[1,1,2,2,3,3-hexafluoro-3-(trifluoromethoxy)propoxy]propanoic acid;919005-14-4;700-835-7;AFDRCEOKCOUICI-UHFFFAOYSA-N;OC(=O)C(F)(F)C(F)OC(F)(F)C(F)(F)C(F)(F)OC(F)(F)F;DTXSID40881350;52915299.0;PRO-066;;REACH-B;False;vPvM;HQ;vPvM;False;False;;;False;False;False;False;False;False;False;False;False;False;False;False;False;False;False;False;False;False;;;;True;False;False;False;False;False;False;False;False;False;False;False;False;False;False;False;False;False;False;False;False;False;False;False;False;P-PNEC pred;378.07;;5.74;;4.25;;0.00182;2.989894564;;87.3567230134409;;5.37;4366.0;;;1.3;;1.74602;;0.27;0.0;0.0;;;;0;0;0;0;0;0;0;0;0;0;0;0;0;0;0;0;0;0;0;0;0;0;0;0;0;0;0;0;0;0;0;0;0;0;0;0;0;0;0;0;0;0;0;0;0;0;0;0;0;0;0;0;0;0;0;0;0;0;0;0;0;0;0;0;0;0.999344276830144;;0.655247715497613;;;0.618975738670119;;0.334891713915664;False;0.0;0.0;0.0;0;71.5;low ;0.197;112.8;low ;0.0;3620.0;low ;0.0;0.439781416100445;0.113819267461807;0.135368110643129;0.0276871671656048;0.452900997606635;;;P_score_freshwater_pred_UBA;0.999344276830144;0.827295996163878;M_score_exp_UBA;0.618975738670119;M_score_exp_UBA;0.618975738670119;0.476933726292892;kemi_score;0.27;0.786492124522995;1.0;0.618975738670119;0.5;0.628144380057347;1.0;0.452900997606635;0.5;0.654330771557346;0.75;0.529466457424831;0.5;0.563258055381102;0.75;0.0;vPvM;PM;PM;4;Al Coo, Coo, Coo2, C O, Alkyl Halide, Ether, Halogen;['Alkylphenols', 'Ethylene Glycols', 'PFAS']
66;2,2'-[(2,2',5,5'-tetrachloro[1,1'-biphenyl]-4,4'-diyl)bis(azo)]bis[N-(2,4-dimethylphenyl)-3-oxobutyramide];22094-93-5;244-776-0;GPWXTTPSHZOIKO-UHFFFAOYSA-N;CC1=CC(=C(C=C1)NC(=O)C(C(=O)C)N=NC2=C(C=C(C(=C2)Cl)C3=CC(=C(C=C3Cl)N=NC(C(=O)C)C(=O)NC4=C(C=C(C=C4)C)C)Cl)Cl)C;DTXSID20865032;89597.0;PRO-067;;REACH-A;True;vPvM;HQ;vPvM;False;False;;;False;False;False;False;False;False;False;False;False;False;False;False;False;False;False;True;True;True;Electronics/small appliances -> computers and accessories/supplies -> printer toner;;;True;True;True;True;True;True;True;True;True;True;True;True;False;False;True;False;False;True;False;False;False;True;True;True;True;P-PNEC pred;754.49;;8.25;;9.79;;2.62e-08;5.008600172;7.4714;7.69478526514201e+23;10604.1259;186.0;34018.0;;;;0.5;0.00049;0.02;0.67;0.14;0.26;>10 to < 100 tonnes;10.0;100.0;0;1;0;0;0;0;1;1;1;1;0;1;1;1;1;0;0;1;0;0;0;1;1;1;1;1;0;0;0;1;1;0;1;0;0;0;0;0;0;0;0;0;1;0;0;0;1;1;1;1;1;1;0;1;1;1;1;1;1;1;1;1;0;1;0;0.999980377524515;0.99985608290606;1.0;;;;0.0220426793812444;0.110523715563811;False;0.0;0.0;0.0;0;278.3;low ;0.0;478.2;low ;0.0;874.0;low ;0.0;0.964763615703766;0.0641873243887498;0.0798407147956459;0.0501392417974022;0.965250316276627;;;P_score_freshwater_pred_Dashboard;1.0;0.999945486810191;;;M_score_pred_Dashboard;0.110523715563811;0.0662831974725281;kemi_score;0.67;0.332451072435947;1.0;;;0.257448216470814;1.0;0.138942456886052;1.0;0.214922238957846;1.0;0.138942456886052;0.5;0.18913087457469;1.0;1.0;PM;;;2;C O, C O Nocoo, Nh0, Nh1, Amide, Aniline, Aryl Methyl, Azo, Benzene, Halogen, Ketone, Ketone Topliss;['Chlorobenzenes', 'Benzophenones', 'PAHs', 'PBB', 'PCB']
67;2,2'-[(3,3'-dichloro[1,1'-biphenyl]-4,4'-diyl)bis(azo)]bis[3-oxo-N-phenylbutyramide];6358-85-6;228-787-8;GNCOVOVCHIHPHP-UHFFFAOYSA-N;CC(=O)C(C(=O)NC1=CC=CC=C1)N=NC2=C(C=C(C=C2)C3=CC(=C(C=C3)N=NC(C(=O)C)C(=O)NC4=CC=CC=C4)Cl)Cl;DTXSID1021451;186342.0;PRO-068;NS00009591;REACH-A;True;vPvM;HQ;PM;False;False;;;False;False;False;False;False;False;False;False;False;False;False;False;False;False;False;True;True;True;"Arts and crafts/office supplies -> children's art and toys -> crayons; Electronics/small appliances -> computers and accessories/supplies -> printer ink; hair dyeing; pigments agents";"Paint additives and coating additives not described by other categories; Pigment; Pigments";"Paint additives and coating additives not described by other categories; Pigment; Pigments";True;True;True;True;True;True;True;False;False;True;True;True;True;False;True;True;False;True;True;True;True;False;True;False;False;P-PNEC pred;629.5;;5.99;;9.75;;5.9e-08;5.029383778;6.0271;723781420.948277;1413.728943;77.6;4469.0;;;;2.1;0.00062;0.06;0.86;0.52;0.65;>10000 to < 100000 tonnes;10000.0;100000.0;1;1;0;0;0;0;0;1;1;1;0;1;0;1;1;0;0;1;0;0;1;1;0;0;1;0;0;0;0;1;1;0;1;1;0;0;0;1;0;0;0;0;1;0;0;0;1;1;1;1;1;1;1;1;1;1;0;1;1;1;1;1;0;1;1;0.9993698846183;0.995510180912143;0.999999999999216;;;;0.0577921463874548;0.109115403825224;False;0.0;0.0;0.0;0;160.6;low ;0.0;1740.0;low ;0.0;338.0;low ;0.0;0.961119589655825;0.0376679756964991;0.099235722850835;0.0738557112371011;0.961787079988991;;;P_score_freshwater_pred_Dashboard;0.999999999999216;0.998293355176553;;;M_score_pred_Dashboard;0.109115403825224;0.0834537751063394;kemi_score;0.86;0.330326208202041;1.0;;;0.288637054365958;1.0;0.240223281135154;1.0;0.281694951284592;1.0;0.240223281135154;0.5;0.26331984402429;1.0;1.0;PM;;;1;C O, C O Nocoo, Nh0, Nh1, Amide, Aniline, Azo, Benzene, Halogen, Ketone, Ketone Topliss, Para Hydroxylation;['Chlorobenzenes', 'Benzophenones', 'PBB', 'PCB']
68;2,2'-[(3,3'-dichloro[1,1'-biphenyl]-4,4'-diyl)bis(azo)]bis[N-(2,4-dimethylphenyl)-3-oxobutyramide];5102-83-0;225-822-9;QWYLRRUZRFYUOL-UHFFFAOYSA-N;CC1=CC(=C(C=C1)NC(=O)C(C(=O)C)N=NC2=C(C=C(C=C2)C3=CC(=C(C=C3)N=NC(C(=O)C)C(=O)NC4=C(C=C(C=C4)C)C)Cl)Cl)C;DTXSID0029268;73462.0;PRO-069;NS00006890;REACH-A;True;vPvM;HQ;PM;False;False;;;False;False;False;False;False;False;False;False;False;False;False;False;False;False;False;True;True;True;;"Pigment; Pigments";"Not Known or Reasonably Ascertainable; Pigment; Pigments";True;True;True;True;True;True;True;False;False;True;True;True;True;True;True;True;False;True;True;True;True;True;True;True;False;P-PNEC pred;685.61;;6.41;;9.79;;1.35e-07;5.008600172;6.6134;14537538454.7738;3518.549377;174.0;9976.0;;;;1.8;0.00062;0.04;0.84;0.39;0.52;>1000 to < 10000 tonnes;1000.0;10000.0;1;1;0;0;0;0;1;1;1;1;0;1;1;1;1;1;1;1;0;0;1;1;1;1;1;1;0;0;0;1;1;0;1;1;0;0;0;1;0;0;0;0;1;0;0;0;1;1;1;1;1;1;1;1;1;1;1;1;1;1;1;1;0;1;1;0.999840250661729;0.999051998487512;0.999999999999995;;;;0.039249908834568;0.110523715563811;False;0.0;0.0;0.0;0;252.9;low ;0.0;1180.0;low ;0.0;591.4;low ;0.0;0.961119589655825;0.04428211042487;0.0829481097292058;0.058862705763963;0.961677524437858;;;P_score_freshwater_pred_Dashboard;0.999999999999995;0.999630749716412;;;M_score_pred_Dashboard;0.110523715563811;0.0748868121991899;kemi_score;0.84;0.332451072435947;1.0;;;0.273604020844994;1.0;0.196130316314215;1.0;0.25535021831959;1.0;0.196130316314215;0.5;0.231650692105959;1.0;1.0;PM;;;1;C O, C O Nocoo, Nh0, Nh1, Amide, Aniline, Aryl Methyl, Azo, Benzene, Halogen, Ketone, Ketone Topliss;['Chlorobenzenes', 'Benzophenones', 'PAHs', 'PBB', 'PCB']
69;2,2'-[(3,3'-dichloro[1,1'-biphenyl]-4,4'-diyl)bis(azo)]bis[N-(2-methoxyphenyl)-3-oxobutyramide];4531-49-1;224-867-1;VTGOEJALMFECDQ-UHFFFAOYSA-N;CC(=O)C(C(=O)NC1=CC=CC=C1OC)N=NC2=C(C=C(C=C2)C3=CC(=C(C=C3)N=NC(C(=O)C)C(=O)NC4=CC=CC=C4OC)Cl)Cl;DTXSID60863411;91539.0;PRO-070;;REACH-A;True;vPvM;HQ;vPvM;False;False;;;False;False;False;False;False;False;False;False;False;False;False;False;False;False;False;True;True;True;"Electronics/small appliances -> computers and accessories/supplies -> printer toner; pigments agents";"Other; Pigment; Pigments";"Other; Pigment; Pigments";True;True;True;True;True;True;True;False;False;True;True;True;True;False;True;True;False;True;False;False;False;True;True;True;False;P-PNEC pred;689.55;;6.29;;9.75;;6.18e-08;5.021189299;5.608;29.6659522703688;2503.83622;77.6;4438.0;;;;0.4;0.00068;0.08;0.83;0.26;0.39;>100 to < 1000 tonnes;100.0;1000.0;1;1;0;0;0;0;1;1;1;1;0;1;1;1;1;0;0;1;0;0;0;1;1;1;1;1;0;0;0;1;1;0;1;0;0;0;0;1;0;0;0;0;1;0;0;0;1;1;1;1;1;1;1;1;1;1;1;1;1;1;1;1;0;1;0;0.999362346489301;0.998305358445626;0.230749318152645;;;;0.0757968601061233;0.109668777444542;False;0.0;0.0;0.0;0;175.9;low ;0.0;1400.0;low ;0.0;619.1;low ;0.0;0.959592414052502;0.0412441157611641;0.0957586068773691;0.0577710338109123;0.960261815778309;;;P_score_freshwater_pred_UBA;0.999362346489301;0.742805674362524;;;M_score_pred_Dashboard;0.109668777444542;0.0927328187753327;kemi_score;0.83;0.331057165401371;1.0;;;0.262454689395996;1.0;0.277165916487335;1.0;0.302915438131123;1.0;0.277165916487335;0.5;0.269710019322309;1.0;1.0;PM;;;1;C O, C O Nocoo, Nh0, Nh1, Amide, Aniline, Azo, Benzene, Ether, Halogen, Ketone, Ketone Topliss, Methoxy, Para Hydroxylation;['Chlorobenzenes', 'Ethylene Glycols', 'Benzophenones', 'PBB', 'PBDE', 'PCB', 'PhenylEthers']
70;2,2'-[(3,3'-dichloro[1,1'-biphenyl]-4,4'-diyl)bis(azo)]bis[N-(2-methylphenyl)-3-oxobutyramide];5468-75-7;226-789-3;LQZFGPJGXVFSTR-UHFFFAOYSA-N;CC1=CC=CC=C1NC(=O)C(C(=O)C)N=NC2=C(C=C(C=C2)C3=CC(=C(C=C3)N=NC(C(=O)C)C(=O)NC4=CC=CC=C4C)Cl)Cl;DTXSID9027601;93006.0;PRO-071;NS00006410;REACH-A;False;vPvM;HQ;vPvM;False;False;;;False;False;False;False;False;False;False;False;False;False;False;False;False;False;False;True;True;True;"Specialty occupational products -> Firefighting foam; green 580: pigment; pigment; pigment; pigments agents";"Paint additives and coating additives not described by other categories; Pigment; Pigments";"Paint additives and coating additives not described by other categories; Pigment; Pigments";True;True;True;True;True;True;True;True;True;True;True;True;True;False;True;True;True;True;True;True;True;True;True;True;True;P-PNEC pred;657.55;;6.56;;9.75;;9.08e-08;5.021189299;6.0105;8817462789.57176;2328.567258;77.6;6380.0;;;;0.5;0.00064;0.06;0.81;0.39;0.52;>1000 to < 10000 tonnes;1000.0;10000.0;1;1;0;0;0;0;1;1;1;1;0;1;1;1;1;1;1;1;0;0;1;1;1;1;1;1;0;0;0;1;1;0;1;1;0;0;0;1;0;0;0;0;1;0;0;0;1;1;1;1;1;1;1;1;1;1;1;1;1;1;1;1;0;1;0;0.99965704529957;0.998081951683766;0.999999999999989;;;;0.0584218840593868;0.109668777444542;False;0.0;0.0;0.0;0;242.6;low ;0.0;1450.0;low ;0.0;423.099999999999;low ;0.0;0.960601050375504;0.0406456766981861;0.0843321287547267;0.0674558601344483;0.961175859707113;;;P_score_freshwater_pred_Dashboard;0.999999999999989;0.999246332327775;;;M_score_pred_Dashboard;0.109668777444542;0.0840453307519645;kemi_score;0.81;0.331162765788276;1.0;;;0.289796460473856;1.0;0.240146937482922;1.0;0.282006602781617;1.0;0.240146937482922;0.5;0.263806240404178;1.0;1.0;PM;;;1;C O, C O Nocoo, Nh0, Nh1, Amide, Aniline, Aryl Methyl, Azo, Benzene, Halogen, Ketone, Ketone Topliss, Para Hydroxylation;['Chlorobenzenes', 'Benzophenones', 'PAHs', 'PBB', 'PCB']
71;2,2'-[(3,3'-dichloro[1,1'-biphenyl]-4,4'-diyl)bis(azo)]bis[N-(4-chloro-2,5-dimethoxyphenyl)-3-oxobutyramide];5567-15-7;226-939-8;NKXPXRNUMARIMZ-UHFFFAOYSA-N;CC(=O)C(C(=O)NC1=CC(=C(C=C1OC)Cl)OC)N=NC2=C(C=C(C=C2)C3=CC(=C(C=C3)N=NC(C(=O)C)C(=O)NC4=CC(=C(C=C4OC)Cl)OC)Cl)Cl;DTXSID1021453;21733.0;PRO-072;NS00006520;REACH-A;True;vPvM;HQ;vPvM;False;False;;;False;False;False;False;False;False;False;False;False;False;False;False;False;False;False;True;True;True;"Electronics/small appliances -> computers and accessories/supplies -> printer toner; Personal care -> body hygiene -> bar soap; additive - non-reactive; additive non-reactive; colorant; colorants; cosmetic colorant; dye; impurity; pigment; pigment; pigments agents; residual";"Paint additives and coating additives not described by other categories; Pigment; Pigments";"Pigment; Pigments";True;True;True;True;True;True;True;True;True;True;True;True;True;False;True;True;False;True;True;True;True;True;True;True;True;P-PNEC pred;818.49;;7.71;;9.79;;1.76e-08;5.008600172;6.5544;162754.791419003;12262.91903;63.1;18503.0;;;;0.0;0.00071;0.04;0.87;0.39;0.52;>1000 to < 10000 tonnes;1000.0;10000.0;1;1;0;0;0;0;1;1;1;1;0;1;1;1;1;1;1;1;1;1;1;1;1;1;1;1;0;0;0;1;1;0;1;1;0;0;0;1;0;0;0;1;1;0;0;0;1;1;1;1;1;1;1;1;1;1;1;1;1;1;1;1;0;1;0;0.999944429171826;0.999887740394116;0.999998649193298;;;;0.0408214516986199;0.110523715563811;False;0.0;0.0;0.0;0;301.9;low ;0.0;64.6999999999999;low ;0.0;1290.0;low ;0.0;0.958859110713202;0.140528870749;0.0772819629083984;0.0426725471104937;0.959409155334822;;;P_score_freshwater_pred_Dashboard;0.999998649193298;0.99994360625308;;;M_score_pred_Dashboard;0.110523715563811;0.0756725836312158;kemi_score;0.87;0.332450847897303;1.0;;;0.275078745399723;1.0;0.195898867310132;1.0;0.255199421118808;1.0;0.195898867310132;0.5;0.232137060041903;1.0;1.0;PM;;;1;C O, C O Nocoo, Nh0, Nh1, Amide, Aniline, Azo, Benzene, Ether, Halogen, Ketone, Ketone Topliss, Methoxy;['Chlorobenzenes', 'Ethylene Glycols', 'Benzophenones', 'PBB', 'PBDE', 'PCB', 'PhenylEthers']
72;2,2'-[(3,3'-dichloro[1,1'-biphenyl]-4,4'-diyl)bis(azo)]bis[N-(4-ethoxyphenyl)-3-oxobutyramide];31775-20-9;250-799-7;LNBRYDZEIVHGHO-UHFFFAOYSA-N;CCOC1=CC=C(C=C1)NC(=O)C(C(=O)C)N=NC2=C(C=C(C=C2)C3=CC(=C(C=C3)N=NC(C(=O)C)C(=O)NC4=CC=C(C=C4)OCC)Cl)Cl;DTXSID40885515;169360.0;PRO-073;;REACH-B;False;vPvM;HQ;vPvM;False;False;;;False;False;False;False;False;False;False;False;False;False;False;False;False;False;False;False;False;False;;;;False;False;True;True;True;False;False;False;False;True;False;False;False;False;False;False;False;False;False;False;False;False;False;False;False;P-PNEC pred;717.6;;6.89;;9.79;;1.04e-07;5.008600172;6.7751;29.6659522703688;2825.754769;74.1;4777.0;;;;1.1;0.00062;0.04;0.43;0.0;0.0;;;;0;0;0;0;0;0;0;1;1;1;0;0;0;0;0;0;0;1;0;0;0;1;0;0;1;0;0;0;0;0;1;0;0;0;0;0;0;1;0;0;0;0;0;0;0;0;0;1;1;1;0;0;1;1;1;0;0;0;0;0;0;0;0;0;0;0.999437700185467;0.998621466911525;0.230749318152645;;;;0.0352349163657483;0.110523715563811;False;0.0;0.0;0.0;0;207.4;low ;0.0;1300.0;low ;0.0;644.4;low ;0.0;0.961119589655825;0.0425357553932425;0.0897404019311636;0.0568314287366656;0.96172321150754;;;P_score_freshwater_pred_UBA;0.999437700185467;0.742936161749879;;;M_score_pred_Dashboard;0.110523715563811;0.07287931596478;kemi_score;0.43;0.332357590704724;1.0;;;0.232690092771115;1.0;0.196134975107199;1.0;0.255317347196699;1.0;0.196134975107199;0.5;0.213632079878829;1.0;1.0;PM;;;3;C O, C O Nocoo, Nh0, Nh1, Amide, Aniline, Azo, Benzene, Ether, Halogen, Ketone, Ketone Topliss;['Chlorobenzenes', 'Ethylene Glycols', 'Benzophenones', 'PBB', 'PBDE', 'PCB', 'PhenylEthers']
73;2,2'-[[5-acetamido-4-[(2-chloro-4,6-dinitrophenyl)azo]-2-methoxyphenyl]imino]diethyl diacetate;3618-73-3;222-814-7;VRTQJBZLCYJJCI-UHFFFAOYSA-N;CC(=O)NC1=CC(=C(C=C1N=NC2=C(C=C(C=C2Cl)[N+](=O)[O-])[N+](=O)[O-])OC)N(CCOC(=O)C)CCOC(=O)C;DTXSID0063103;77173.0;PRO-074;NS00020299;REACH-A;False;vPvM;HQ;PM;False;False;;;False;False;False;False;False;False;False;False;False;False;False;False;False;False;False;True;True;True;;;;False;True;True;True;True;True;True;False;False;False;True;True;False;True;True;False;False;True;False;False;False;False;True;False;False;P-PNEC pred;580.94;;4.81;;10.2;;4.71e-08;4.630427875;4.2835;107.7700725714;790.9415268;10.2;1108.0;;;;1.6;0.00482;0.17;0.49;0.14;0.26;>10 to < 100 tonnes;10.0;100.0;0;0;0;0;0;0;0;0;0;0;0;0;0;0;0;0;0;1;0;0;0;1;0;0;1;0;0;0;0;0;1;0;1;0;0;0;0;0;0;0;0;0;0;0;0;0;1;1;1;1;0;0;0;0;1;0;0;0;0;0;0;0;0;0;0;0.993205870496209;0.987974453628981;0.731291418168485;;;;0.170399074876238;0.139041522571673;False;0.0;0.0;0.0;0;173.3;low ;0.227;153.2;low ;0.0;675.4;low ;0.0;0.910271377439304;0.101082089403774;0.0963200671228416;0.0557474992950576;0.911766558821289;;;P_score_freshwater_pred_UBA;0.993205870496209;0.904157247431225;;;M_score_pred_Episuite;0.170399074876238;0.154720298723956;kemi_score;0.49;0.411389549568536;1.0;;;0.374020693833896;1.0;0.393700793750303;1.0;0.402447999380929;1.0;0.393700793750303;0.5;0.383734601047969;1.0;1.0;PM;;PM;3;C O, C O Nocoo, Nh0, Nh1, Amide, Aniline, Azo, Benzene, Ester, Ether, Halogen, Methoxy, Nitro, Nitro Arom, Nitro Arom Nonortho;['Chlorobenzenes', 'Ethylene Glycols', 'Nitrobenzene derivatives', 'PBB', 'PBDE', 'PhenylEthers', 'Phtalates']
74;2,2'-azobis[2-methylbutyronitrile];13472-08-7;236-740-8;AVTLBBWTUPQRAY-UHFFFAOYSA-N;CCC(C)(C#N)N=NC(C)(CC)C#N;DTXSID8027747;93079.0;PRO-075;NS00001627;REACH-A;True;vPvM;HQ;PM;False;False;;;False;False;False;False;False;False;False;False;False;False;False;False;False;False;False;True;False;False;"Home maintenance -> paint/stain and related products -> paint; catalyst; structure";"Intermediates; Process regulators";;True;True;True;True;True;True;True;False;False;True;True;False;True;True;False;True;True;False;False;False;False;False;False;False;False;P-PNEC pred;192.266;;1.61;;5.01;;0.02;2.269512944;4.2755;37.7128166171817;136.0190637;3.8;2500.0;;;;2.1;3.04345;0.17;0.7;0.23;0.35;>100 to < 1000 tonnes;100.0;1000.0;0;0;0;0;0;0;0;1;0;0;0;0;0;0;0;0;0;0;0;0;0;0;0;0;0;0;0;0;0;0;1;0;0;0;0;0;0;0;0;0;0;0;0;0;0;0;0;0;0;0;0;0;0;0;1;0;0;0;0;0;0;0;0;0;0;0.99830091815794;0.802049027408569;0.311352831488591;;;;0.171184392380637;0.453432316569525;False;0.0;0.0;0.0;0;182.299999999999;low ;0.219;6060.0;low ;0.643;1180.0;low ;0.663;0.381457568590182;0.0222595607098596;0.0944230815228648;0.04428211042487;0.391561578649943;;;P_score_freshwater_pred_UBA;0.99830091815794;0.703900925685033;;;M_score_pred_Dashboard;0.453432316569525;0.312308354475081;kemi_score;0.7;0.672801529393207;1.0;;;0.468864735093373;1.0;0.258002845663551;1.0;0.416634983109;1.0;0.258002845663551;0.5;0.347805169434523;1.0;0.0;PM;;PM;2;Nh0, Azo, Nitrile;['Other']
75;2,2-difluoro-2-(trifluoromethoxy)acetic Acid;674-13-5;821-118-6;IHYMJUVQLSNPPP-UHFFFAOYSA-N;C(=O)(C(OC(F)(F)F)(F)F)O;DTXSID00408562;5125273.0;PRO-076;NS00074607;;False;;;;False;False;;;False;False;False;False;False;False;False;False;False;False;False;False;False;False;False;False;False;False;;;;False;False;False;False;False;False;False;False;False;False;False;False;False;False;False;False;False;False;False;False;False;False;False;False;False;;180.03;;2.16;;3.0;;0.49;0.680335513;;41.2643941086108;;4.57;;;;;;28.3168461670835;;;;;;;;0;0;0;0;0;0;0;0;0;0;0;0;0;0;0;0;0;0;0;0;0;0;0;0;0;0;0;0;0;0;0;0;0;0;0;0;0;0;0;0;0;0;0;0;0;0;0;0;0;0;0;0;0;0;0;0;0;0;0;0;0;0;0;0;0;;;0.345258688405079;;;;;0.713965399834778;False;0.0;0.0;0.0;0;1170.0;low ;0.206;20100.0;low ;0.226;7070.0;low ;0.0;0.189687056249722;0.0133447708184096;0.0444387995079245;0.0208481930453199;0.195916671108879;;;P_score_freshwater_pred_Dashboard;0.345258688405079;0.345258688405079;;;M_score_pred_Dashboard;0.713965399834778;0.713965399834778;;;0.496490440505719;1.0;;;0.496490440505719;1.0;0.195916671108879;0.5;0.364164598884563;0.75;0.195916671108879;0.25;0.364164598884563;0.75;0.0;PM;;PM;;Al Coo, Coo, Coo2, C O, Alkyl Halide, Ether, Halogen;['Alkylphenols', 'Ethylene Glycols', 'PFAS']
76;2,2'-dimethyl-2,2'-azodipropiononitrile;78-67-1;201-132-3;OZAIFHULBGXAKX-UHFFFAOYSA-N;CC(C)(C#N)N=NC(C)(C)C#N;DTXSID1026457;6547.0;PRO-077;NS00005643;REACH-A;False;vPvM;HQ;vPvM;False;False;;;False;False;False;False;False;False;False;False;False;False;False;False;False;False;False;True;False;False;"Home maintenance -> paint/stain and related products -> paint; catalyst; structure";"Flame retardants; Intermediate; Polymerization promoter; Process regulators; Propellants and blowing agents";"Other; Photosensitive chemicals";True;True;True;True;True;True;True;False;False;True;True;False;True;True;False;True;True;False;False;False;False;False;False;False;False;P-PNEC pred;164.212;1.1;1.37;;4.14;0.00214;0.00449;1.829946696;2.7489;1652.42634686448;120.5233596;3.09;950.0;;;;1.1;5.02933;0.37;0.88;0.29;0.38;>1000 to < 10000 tonnes;1000.0;10000.0;1;0;0;0;0;0;0;1;0;0;0;0;0;0;0;0;0;0;1;1;0;0;0;0;0;0;0;0;0;0;1;0;0;0;0;0;0;0;0;0;0;0;0;0;0;0;0;0;0;0;0;1;1;1;1;0;0;0;0;0;0;0;0;0;0;0.991179970617866;0.767166895069867;0.99655764244032;;;;0.373063193520089;0.529433920855667;True;0.0;0.0;0.0;0;1710.0;low ;0.225;7790.0;;1.0;2890.0;;1.0;0.331477497022995;0.0200055444252791;0.0379427282875813;0.0304455190367127;0.335865740232429;;;P_score_freshwater_pred_Dashboard;0.99655764244032;0.918301502709351;;;M_score_pred_Dashboard;0.529433920855667;0.451248557187878;kemi_score;0.88;0.726368652955136;1.0;;;0.643725273824987;1.0;0.352519962393619;1.0;0.506023171627197;1.0;0.352519962393619;0.5;0.476367514972008;1.0;0.0;vPvM;;PM;1;Nh0, Azo, Nitrile;['Other']
77;2,2'-dimorpholinyldiethyl ether;6425-39-4;229-194-7;ZMSQJSMSLXVTKN-UHFFFAOYSA-N;C1COCCN1CCOCCN2CCOCC2;DTXSID9042170;80900.0;PRO-078;NS00005825;REACH-A;True;vPvM;HQ;vPvM;False;False;;;False;False;False;False;False;False;False;False;False;False;False;False;False;False;False;True;True;True;;"Adhesives and sealant chemicals; Catalyst; Intermediates; Paint additives and coating additives not described by other categories";"Adhesives and sealant chemicals; Catalyst; Not Known or Reasonably Ascertainable; Paint additives and coating additives not described by other categories; Processing aids, not otherwise listed";True;True;True;True;True;True;True;True;True;True;True;True;True;False;True;False;False;True;False;False;False;False;False;False;False;P-PNEC pred;244.335;;-0.766;;7.38;;3.62;2.439332694;-0.202;190.56626845863;85.38171168;1.82;1053.0;;;;-2.3;11.4348;0.82;0.81;0.39;0.52;>1000 to < 10000 tonnes;1000.0;10000.0;0;1;0;0;0;0;0;1;0;0;0;0;0;0;0;0;0;0;0;0;0;0;0;0;0;0;0;0;0;0;1;0;0;0;0;0;0;0;0;0;0;0;0;0;0;0;0;0;0;0;0;0;1;0;0;0;0;0;0;0;1;1;0;0;0;0.99259260933985;0.646363842225988;0.878211981357631;;;;0.821465794962361;0.424452363285224;False;0.0;0.0;0.0;0;300.8;low ;0.649;8250.0;low ;0.7;595.199999999999;low ;0.0;0.257648122206841;0.0195228465153033;0.077395084231561;0.0587087998220344;0.267587731004089;;;P_score_freshwater_pred_UBA;0.99259260933985;0.839056144307823;;;M_score_pred_Episuite;0.821465794962361;0.622959079123793;kemi_score;0.81;0.902984427830914;1.0;;;0.722978314329802;1.0;0.468424956021082;1.0;0.650369464915457;1.0;0.468424956021082;0.5;0.5819459468835;1.0;2.0;vPvM;;vPvM;1;Nh0, Ether, Morpholine, Unbrch Alkane;['Ethylene Glycols']
78;2,2'-iminobis[4,6-diamino-1,3,5-triazine];3576-88-3;222-695-1;YZEZMSPGIPTEBA-UHFFFAOYSA-N;C1(=NC(=NC(=N1)NC2=NC(=NC(=N2)N)N)N)N;DTXSID50957156;77125.0;PRO-079;NS00003143;REACH-A;False;vPvM;HQ;vPvM;False;False;;;False;False;False;False;False;False;False;False;False;False;False;False;False;False;False;False;False;True;;;;False;False;True;False;False;False;False;False;False;False;False;True;False;False;False;False;False;False;False;False;False;False;False;False;False;P-PNEC pred;235.215;;-3.09;;7.1;;0.553;1.589949601;0.8442;53.5170342274911;281.0419116;3.47;1145.0;;;;-3.4;0.00717;0.69;0.26;0.18;0.28;>100 to < 1000 tonnes;100.0;1000.0;0;0;0;0;0;0;0;0;0;0;0;0;0;0;0;0;0;0;0;0;0;0;0;0;0;0;0;0;0;0;0;0;0;0;0;0;0;0;0;0;0;0;0;0;0;0;0;0;0;0;0;0;0;0;1;0;0;0;1;0;0;0;0;0;0;0.993574490714413;0.933376896808708;0.451286681843632;;;;0.690218180860074;0.570581801274715;False;0.0;0.0;0.0;0;393.5;low ;0.462;362.599999999999;low ;0.0;4340.0;low ;0.7;0.895151905241443;0.0717956649453174;0.0694644779894186;0.0256434349215967;0.896411901984955;;;P_score_freshwater_pred_UBA;0.993574490714413;0.792746023122251;;;M_score_pred_Episuite;0.690218180860074;0.630399991067394;E_score_max;0.28;0.828120267551686;1.0;;;0.706927921286873;1.0;0.786463102993153;1.0;0.807022945937858;1.0;0.786463102993153;0.5;0.745635786807321;1.0;0.0;vPvM(T);(T);vPvM(T);4;Arn, Ar N, Nh0, Nh1, Nh2, Aniline;['Aromatic amines']
79;2,3,4-trichlorobut-1-ene;2431-50-7;219-397-9;WZUZDBPJFHQVJC-UHFFFAOYSA-N;C=C(C(CCl)Cl)Cl;DTXSID6027474;17073.0;PRO-080;NS00002662;REACH-B;False;vPvM & PMT;MQ;PMT;False;False;;;False;False;False;False;False;False;False;False;False;False;False;False;False;False;False;False;False;False;;;;False;False;False;False;False;False;False;False;False;False;False;False;False;False;False;False;False;False;False;False;False;False;False;False;False;P-PNEC pred;159.43;;2.81;;3.73;;0.00346;2.530199698;2.6901;48.9108865237318;57.38298655;13.2;62.0;;;2.0;;13.76838;0.38;0.39;0.0;0.0;;;;0;0;0;0;0;0;0;0;0;0;0;0;0;0;0;0;0;0;0;0;0;0;0;0;0;0;0;0;0;0;0;0;0;0;0;0;0;0;0;0;0;0;0;0;0;0;0;0;0;0;0;0;0;0;0;0;0;0;0;0;0;0;0;0;0;0.514009974868646;0.480949583932735;0.41354506468978;;;0.5;0.382643981246985;0.409143694138043;True;0.5;0.0;0.0;0;3010.0;low ;0.212;558.3;low ;0.445;4990.0;low ;0.7;0.242525531263143;0.060263798750837;0.0299282700861113;0.0241717843444081;0.246447424046821;;;P_score_freshwater_pred_UBA;0.514009974868646;0.46950154116372;M_score_exp_UBA;0.5;M_score_exp_UBA;0.5;0.430595891795009;kemi_score;0.39;0.50695659324475;1.0;0.5;0.5;0.449628107235884;1.0;0.306022909498279;1.0;0.393878574758889;1.0;0.360434174123734;0.75;0.370940024220263;1.0;0.0;PM;PM;PM;3;Alkyl Halide, Allylic Oxid, Halogen;['Chlorinated alkane']
80;2,3-epoxypropyl o-tolyl ether;2210-79-9 ;218-645-3;KFUSXMDYOPXKKT-UHFFFAOYSA-N;CC1=CC=CC=C1OCC2CO2;DTXSID8024862;16640.0;PRO-081;;REACH-A;False;vPvM & PMT;MQ;PMT;False;False;;;False;False;False;False;False;False;False;False;False;False;False;False;False;False;False;False;False;False;"Home maintenance -> adhesives and adhesive removers -> multipurpose adhesive; diluent; diluent";"Adhesives and sealant chemicals; Diluent; Not Known or Reasonably Ascertainable; Paint additives and coating additives not described by other categories; Plasticizer; Viscosity adjustors";"Adhesives and sealant chemicals; Not Known or Reasonably Ascertainable; Paint additives and coating additives not described by other categories; Plasticizer; Viscosity adjustors";False;False;False;False;False;False;False;False;False;False;False;False;False;False;False;False;False;False;False;False;False;False;False;False;False;P-PNEC pred;164.204;;2.13;;5.86;;0.00749;2.06069784;;134.289779684935;;7.41;32.0;;;2.3;;11.28189;;;;;;;;0;0;0;0;0;0;0;0;0;0;0;0;0;0;0;0;0;0;0;0;0;0;0;0;0;0;0;0;0;0;0;0;0;0;0;0;0;0;0;0;0;0;0;0;0;0;0;0;0;0;0;0;0;0;0;0;0;0;0;0;0;0;0;0;0;0.254526695345824;;0.798553329358552;;;0.44820048133989;;0.489483417070883;True;0.0;0.5;0.0;0;261.0;low ;0.689;2840.0;moderate ;0.85;5800.0;low ;0.7;0.258767980503986;0.0306700533052661;0.081912544390629;0.0226778424825834;0.269271883225212;;;P_score_freshwater_pred_Dashboard;0.798553329358552;0.526540012352188;M_score_exp_UBA;0.44820048133989;M_score_pred_Dashboard;0.489483417070883;0.468841949205387;;;0.625202856973442;1.0;0.44820048133989;0.5;0.496854149349513;1.0;0.269271883225212;0.5;0.472147439193811;0.75;0.347401479088444;0.5;0.405088222396839;0.75;0.0;PM;PM;PM;;Aryl Methyl, Benzene, Epoxide, Ether, Para Hydroxylation;['Ethylene Glycols', 'PAHs', 'PBDE', 'PhenylEthers']
81;2,4,5-trichloroaniline;636-30-6;211-254-9;GUMCAKKKNKYFEB-UHFFFAOYSA-N;Nc1cc(Cl)c(Cl)cc1Cl;DTXSID5044152;12487.0;PRO-082;NS00006767;REACH-B;False;vPvM & PMT;MQ;PMT;False;False;;;False;False;False;False;False;False;False;False;False;False;False;False;False;False;False;False;False;False;;;;False;False;True;False;False;False;False;False;False;False;False;False;False;False;False;False;False;False;False;False;False;False;False;False;False;P-PNEC pred;196.46;3.45;3.33;;8.4;;0.000326;2.920123326;2.9562;1394.09397086645;106.5017022;209.0;231.0;;;3.0;;1.50542;0.34;0.34;0.0;0.0;;;;0;0;0;0;0;0;0;0;0;0;0;0;0;0;0;0;0;0;1;0;0;0;0;0;0;0;0;0;0;0;0;0;0;0;0;0;0;0;0;0;0;0;0;0;0;0;0;0;0;0;0;1;0;0;0;0;0;0;0;0;0;0;0;0;0;0.909252859733582;0.727295808718575;0.995402037714342;;;0.333333333333333;0.340113753848878;0.345748344547351;False;0.0;0.0;0.0;0;148.9;moderate ;0.85;4.8;good ;1.0;473.7;moderate ;0.85;0.455702030358568;0.335984327601479;0.102211098396373;0.0644344138329959;0.465326590104998;;;P_score_freshwater_pred_Dashboard;0.995402037714342;0.877316902055499;M_score_exp_UBA;0.333333333333333;M_score_pred_Dashboard;0.345748344547351;0.33973181057652;kemi_score;0.34;0.586650327451365;1.0;0.333333333333333;0.5;0.545941809705667;1.0;0.397757514870177;1.0;0.48305752902199;1.0;0.375006254225133;0.75;0.465996199010521;1.0;1.0;PM;PM;PM;4;Arn, Nh2, Aniline, Benzene, Halogen;['Aromatic amines', 'Chlorobenzenes', 'PBB', 'PCB']
82;2,4,6-tribromophenol;118-79-6;204-278-6;BSWWXRFVMJHFBN-UHFFFAOYSA-N;Oc1c(Br)cc(Br)cc1Br;DTXSID6021959;1483.0;PRO-083;NS00004395;REACH-A;False;PMT;HQ;Not PMT/vPvM;False;False;;;False;False;False;False;False;False;False;False;False;False;False;False;False;False;False;False;False;False;;Intermediate;;False;False;False;False;False;False;False;False;False;False;False;False;False;False;False;False;False;False;False;False;False;False;False;False;False;P-PNEC pred;330.801;4.13;4.18;;8.48;;0.00154;3.759667845;3.3764;984609.111229035;86.5725527;513.0;;523.0;;3.0;;1.87077;0.28;0.47;0.11;0.16;>100 to < 1000 tonnes;100.0;1000.0;0;0;0;0;0;0;0;0;0;0;0;0;0;0;0;0;0;0;0;0;0;0;0;0;0;0;0;0;0;0;1;0;0;0;0;0;0;0;0;0;0;0;0;0;0;0;0;0;0;0;0;0;0;0;1;0;0;0;0;0;0;0;0;0;0;;0.651757218723578;0.999999937738814;0.860974416467196;;0.333333333333333;0.278071509902663;0.227987699458909;False;0.0;0.0;0.0;0;153.5;moderate ;0.85;114.4;;1.0;284.5;;1.0;0.432411157943875;0.113203743189625;0.101004915765844;0.0791405326823864;0.442329120474276;P_score_soil_exp_UBA;0.860974416467196;P_score_freshwater_pred_Dashboard;0.999999937738814;0.837577190976529;M_score_exp_UBA;0.333333333333333;M_score_exp_UBA;0.333333333333333;0.279797514231635;kemi_score;0.47;0.577350251216369;1.0;0.535715850200208;1.0;0.484099179933563;1.0;0.351926347028462;1.0;0.450760207723066;1.0;0.434203318971891;1.0;0.412755685598022;1.0;1.0;PM;PM;PM;3;Ar Oh, Benzene, Halogen, Phenol, Phenol Noorthohbond;['Alkylphenols', 'Chlorobenzenes', 'Phenols', 'PBB', 'PCB']
83;2,4,6-triisopropyl-m-phenylene diisocyanate;2162-73-4;218-485-4;AZAKSPACDDRBQB-UHFFFAOYSA-N;CC(C)c1cc(c(c(c1N=C=O)C(C)C)N=C=O)C(C)C;DTXSID40176011;75099.0;PRO-084;;REACH-A;True;PMT;MQ;Potential PMT/vPvM;False;False;;;False;False;False;False;False;False;False;False;False;False;False;False;False;False;False;False;False;False;;;;True;True;True;False;False;False;True;False;False;False;False;False;False;False;False;False;False;False;False;False;False;False;False;False;False;P-PNEC pred;286.375;;6.19;;7.42;;2.89e-06;2.810232518;6.5609;314.190660285694;55.78253474;269.0;223.0;;;;2.7;0.00134;0.04;0.29;0.16;0.24;>100 to < 1000 tonnes;100.0;1000.0;0;0;0;0;0;0;0;0;0;0;0;0;0;0;0;0;0;0;0;0;0;0;0;0;0;0;0;0;0;0;1;0;0;0;0;0;0;0;0;0;0;0;0;0;0;0;0;0;0;0;1;1;0;0;0;0;0;0;0;0;0;0;0;0;0;0.904157117503013;0.468891340145536;0.944294629557608;;;;0.0406454047739943;0.363174929539701;True;0.0;0.0;0.0;0;28.4;low ;0.375;246.5;low ;0.309;39.0;low ;0.309;0.946490169595482;0.0837988291766173;0.189491395530633;0.169234166901291;0.948244329467249;;;P_score_freshwater_pred_Dashboard;0.944294629557608;0.772447695735386;;;M_score_pred_Dashboard;0.363174929539701;0.201910167156848;kemi_score;0.29;0.585614323214778;1.0;;;0.394924098233893;1.0;0.194755675600712;1.0;0.337715432219417;1.0;0.194755675600712;0.5;0.27733321034911;1.0;1.0;PM;;PM;4;C O Nocoo, Imine, Nh0, Benzene, Isocyan;['Other']
84;2,4,6-trinitrobenzene-1,3,5-triamine;3058-38-6;221-297-5;JDFUJAMTCCQARF-UHFFFAOYSA-N;Nc1c(c(N)c(c(N)c1N(=O)=O)N(=O)=O)N(=O)=O;DTXSID8062818;18286.0;PRO-085;NS00022025;REACH-B;False;vPvM;HQ;vPvM;False;False;;;False;False;False;False;False;False;False;False;False;False;False;False;False;False;False;False;False;False;;Propellants and blowing agents;;False;False;False;False;False;False;False;False;False;False;False;False;False;False;False;False;False;False;False;False;False;False;False;False;False;P-PNEC pred;258.15;;2.5;;9.21;;0.255;2.079181246;0.612;2676445.05518909;189.435005;6.61;5448.0;;;;-0.3;0.06704;0.72;0.39;0.08;0.15;>10 to < 100 tonnes;10.0;100.0;0;0;0;0;0;0;0;0;0;0;0;0;0;0;0;0;0;0;0;0;0;0;0;0;0;0;0;0;0;0;0;0;0;0;0;0;0;0;0;0;0;0;0;0;0;0;0;0;0;0;0;0;0;0;0;0;0;0;0;0;0;0;0;0;0;0.99955080490457;0.877119139776567;0.999999988733576;;;;0.723539720020077;0.486282378917531;False;0.0;0.0;0.0;0;297.7;moderate ;0.85;350.2;low ;0.0;464.5;low ;0.0;0.763807022072276;0.0728092612323295;0.0777169469291222;0.06494979001196;0.766982644175877;;;P_score_freshwater_pred_Dashboard;0.999999988733576;0.958889977804904;;;M_score_pred_Episuite;0.723539720020077;0.604911049468804;kemi_score;0.39;0.85061137534621;1.0;;;0.76160563469494;1.0;0.743120113983353;1.0;0.795051207283413;1.0;0.743120113983353;0.5;0.752306098649258;1.0;0.0;vPvM(T);(T);vPvM(T);3;Arn, Nh0, Nh2, Aniline, Benzene, Nitro, Nitro Arom;['Aromatic amines', 'Nitrobenzene derivatives']
85;2,4,6-tris(dimethylaminomethyl)phenol;90-72-2;202-013-9;AHDSRXYHVZECER-UHFFFAOYSA-N;CN(C)CC1=CC(=C(C(=C1)CN(C)C)O)CN(C)C;DTXSID5026548;7026.0;PRO-086;NS00003023;REACH-A;True;vPvM;HQ;vPvM;False;False;;;False;False;False;False;False;False;False;False;False;False;False;False;False;False;False;True;True;False;"Home maintenance -> adhesives and adhesive removers -> multipurpose adhesive; Home maintenance -> surface sealers; Pet care -> cats; accelerator; catalyst; curing agent; hardener";"Adhesives and sealant chemicals; Catalyst; Hardener; Paint additives and coating additives not described by other categories; Plasticizers; Viscosity adjustors";"Hardener; Not Known or Reasonably Ascertainable";True;True;True;True;True;True;True;False;False;False;True;True;True;True;True;True;True;True;False;False;False;False;False;False;False;P-PNEC pred;265.401;;0.852;;9.91;;1.11;2.720159303;1.3218;1012.31999453491;130.8908407;11.7;812.0;;;;-8.9;6.99245;0.62;0.82;0.38;0.5;>1000 to < 10000 tonnes;1000.0;10000.0;0;1;0;0;0;0;0;1;1;0;0;0;0;0;0;0;0;0;0;0;0;0;0;0;0;0;0;0;0;0;1;0;0;0;0;0;0;0;0;0;0;0;0;1;0;0;0;0;0;0;0;0;1;0;1;1;0;0;0;1;0;1;0;0;0;0.988496607492555;0.791410983778773;0.992080607603274;;;;0.615405630224933;0.377734239617215;True;0.0;0.0;0.0;0;221.4;low ;0.454;3690.0;low ;0.464;1470.0;low ;0.0;0.300560681967162;0.0274641247477389;0.0874498452206832;0.0404143237079807;0.311142375765021;;;P_score_freshwater_pred_Dashboard;0.992080607603274;0.923996066291534;;;M_score_pred_Episuite;0.615405630224933;0.496569934921074;kemi_score;0.82;0.781365466063114;1.0;;;0.677368929392038;1.0;0.439213243168182;1.0;0.58582084330382;1.0;0.439213243168182;0.5;0.545444226571;1.0;0.0;vPvM;;PM;1;Ar Oh, Nh0, Benzene, Phenol, Phenol Noorthohbond;['Alkylphenols', 'Phenols']
86;2,4,8,10-tetra(tert-butyl)-6-hydroxy-12H-dibenzo[d,g][1,3,2]dioxaphosphocin 6-oxide, sodium salt;85209-91-2;286-344-4;ZHROMWXOTYBIMF-UHFFFAOYSA-M;CC(C)(C)C1=CC2=C(C(=C1)C(C)(C)C)OP(=O)(OC3=C(C2)C=C(C=C3C(C)(C)C)C(C)(C)C)[O-].[Na+];DTXSID2072914;23674278.0;PRO-087;NS00020034;REACH-A;True;vPvM;HQ;PM;False;False;;;False;False;False;False;False;False;False;False;False;False;False;False;False;False;False;False;False;True;nucleating agents;"Other (specify); Processing aids, not otherwise listed";Other (specify);False;False;False;True;False;True;True;False;False;False;True;True;False;False;False;False;False;False;False;False;False;False;True;False;False;P-PNEC pred;508.615;;8.01;;10.2;;4.76e-05;5.11058971;6.656;1.88618080849065e+64;517.0492778;1100.0;1375.0;;;2.9;;0.01951;0.04;0.5;0.25;0.38;>100 to < 1000 tonnes;100.0;1000.0;0;0;0;0;0;0;0;0;0;0;0;0;0;0;0;0;0;0;0;0;0;0;0;0;0;0;0;0;0;0;1;0;0;0;0;0;0;0;0;0;0;0;0;0;0;0;0;0;0;0;0;0;1;0;1;0;0;0;0;0;0;0;0;0;0;0.995292865228595;0.975443951824432;1.0;;;0.348910320245866;0.0381514488360239;0.103762902083911;False;0.0;0.0;0.0;0;220.4;low ;0.0;24.7;low ;0.0;1100.0;low ;0.0;0.846802912235468;0.198977552644435;0.087606866090133;0.0455905338519645;0.849124765433769;;;P_score_freshwater_pred_Dashboard;1.0;0.990245605684342;M_score_exp_UBA;0.348910320245866;M_score_exp_UBA;0.348910320245866;0.163608223721933;kemi_score;0.5;0.590686312898705;1.0;0.348910320245866;0.5;0.402507546009346;1.0;0.18429593217798;1.0;0.329941032095799;1.0;0.227989635785213;0.75;0.272360979952091;1.0;1.0;PM;PM;PM;3;Benzene, Bicyclic, Phos Acid, Phos Ester;['Cyclohexanes', 'Organophosphates']
87;2,4-diaminotoluene;95-80-7;202-453-1;VOZKAJLKRJDJLL-UHFFFAOYSA-N;CC1=C(C=C(C=C1)N)N;DTXSID4020402;7261.0;PRO-088;NS00007515;;False;;;;False;False;;;False;False;False;False;False;False;False;False;False;True;False;False;False;False;True;False;False;False;;Intermediate;;True;False;True;False;False;False;False;False;False;False;False;False;False;False;False;False;False;False;False;False;False;False;False;False;False;;122.171;0.14;0.192;;7.86;;0.323;1.670245853;0.9593;53.5170342274911;34.75034378;50.1;;;;;;11.95292;0.67;0.68;0.0;0.0;;;;0;0;0;0;0;0;0;0;0;0;0;0;0;0;0;0;0;0;1;0;0;0;0;0;0;0;0;0;0;0;0;0;0;0;0;0;0;0;0;0;0;0;0;0;0;0;0;0;0;0;0;1;0;0;0;0;0;0;0;0;0;0;0;0;0;;0.282183113347872;0.451286681843632;;;;0.672906047407309;0.55689455761925;True;0.75;0.5;0.0;0;3150.0;low ;0.7;112.3;;1.0;1440.0;;1.0;0.253984333851948;0.11401401464639;0.0293603388489211;0.0407630343102758;0.257773600036783;;;P_score_freshwater_pred_Dashboard;0.451286681843632;0.366734897595752;;;M_score_pred_Episuite;0.672906047407309;0.61490030251328;kemi_score;0.68;0.551065819414486;1.0;;;0.474874088021029;1.0;0.415581895689219;1.0;0.478553004255333;1.0;0.415581895689219;0.5;0.44423988307385;1.0;0.0;PM;;PM;2;Arn, Nh2, Aniline, Aryl Methyl, Benzene;['Aromatic amines', 'PAHs']
88;2,4-dichlorophenol;120-83-2;204-429-6;HFZWRUODUSTPEG-UHFFFAOYSA-N;Oc1ccc(Cl)cc1Cl;DTXSID1020439;8449.0;PRO-089;NS00004912;REACH-B;False;vPvM & PMT;MQ;PMT;False;False;;;False;False;False;False;False;False;False;False;False;False;False;False;False;False;False;False;False;False;;"Agricultural chemicals (non-pesticidal); Intermediate";;False;False;True;False;False;False;False;False;False;False;False;False;False;False;False;False;False;False;False;False;False;False;False;False;False;EQS water (=AA-EQS);163.0;3.06;3.0;;6.31;0.0277;0.0107;2.920123326;2.7845;53.5170342274911;42.42591481;31.6;49.0;;;2.3;;0.2;0.37;0.54;0.0;0.0;;;;0;0;0;0;0;0;0;0;0;0;0;0;0;0;0;0;0;0;0;0;0;0;0;0;0;0;0;0;0;0;0;0;0;0;0;0;0;0;0;0;0;0;0;0;0;0;0;0;0;0;1;0;0;0;0;0;0;0;0;0;0;0;0;0;0;0.414299963053556;0.356063440419223;0.451286681843632;;;0.44820048133989;0.367310099799853;0.345748344547351;True;0.0;0.0;0.0;0;1380.0;low ;0.7;100.3;;1.0;913.2;;1.0;0.667959369323381;0.119066400051011;0.0414919278109759;0.0492395065973184;0.670342791340335;;;P_score_freshwater_pred_Dashboard;0.451286681843632;0.407216695105471;M_score_exp_UBA;0.44820048133989;M_score_exp_UBA;0.44820048133989;0.387086308562365;kemi_score;0.54;0.449740934343982;1.0;0.44820048133989;0.5;0.397023937934909;1.0;0.498022923966281;1.0;0.473266621630257;1.0;0.480828640778042;0.75;0.444665067725081;1.0;0.0;PM;PM;PM;2;Ar Oh, Benzene, Halogen, Phenol, Phenol Noorthohbond;['Alkylphenols', 'Chlorobenzenes', 'Phenols', 'PBB', 'PCB']
89;2,4-dichlorotoluene;95-73-8;202-445-8;FUNUTBJJKQIVSY-UHFFFAOYSA-N;Cc1ccc(Cl)cc1Cl;DTXSID5040702;7254.0;PRO-090;NS00002540;REACH-B;False;PMT;MQ;Not PMT/vPvM;False;False;;;False;False;False;False;False;False;False;False;False;False;False;False;False;False;False;False;False;False;;;;True;True;True;False;False;False;True;False;False;False;False;False;False;False;False;False;False;False;False;False;False;False;False;False;False;P-PNEC pred;161.03;4.24;4.0;;4.85;;0.000201;2.720159303;3.6795;639.061056569552;54.33261102;676.0;63.0;;;3.2;;1.42052;0.24;0.38;0.0;0.0;;;;0;0;0;0;0;0;0;0;0;0;0;0;0;0;0;0;0;0;0;0;0;0;0;0;0;0;0;0;0;0;0;0;0;0;0;0;0;0;0;0;0;0;0;0;0;0;0;0;0;0;0;1;0;0;0;0;0;0;0;0;0;0;0;0;0;0.520839754067262;0.457696969624225;0.982776630059013;;;0.303269545022927;0.237915714594127;0.377734239617215;False;0.0;0.0;0.0;0;261.799999999999;moderate ;0.85;173.1;moderate ;0.85;396.7;moderate ;0.85;0.461961801240658;0.0963637273310436;0.0818126451489039;0.0692374561047762;0.469576972024734;;;P_score_freshwater_pred_Dashboard;0.982776630059013;0.653771117916833;M_score_exp_UBA;0.303269545022927;M_score_pred_Dashboard;0.377734239617215;0.306306499744756;kemi_score;0.38;0.609285141020943;1.0;0.303269545022927;0.5;0.447497869004224;1.0;0.335705932753557;1.0;0.452261690373304;1.0;0.32452558701061;0.75;0.387592169063427;1.0;1.0;PM;;PM;Priority group;Aryl Methyl, Benzene, Halogen;['Chlorobenzenes', 'PAHs', 'PBB', 'PCB']
90;2,4-dinitrophenol;51-28-5;200-087-7;UFBJCMHMOXMLKC-UHFFFAOYSA-N;C1=CC(=C(C=C1[N+](=O)[O-])[N+](=O)[O-])O;DTXSID0020523;1493.0;PRO-091;NS00010496;REACH-A;False;vPvM & PMT;MQ;vPvM & PMT;False;False;;;False;False;False;False;False;False;False;False;False;False;False;False;False;False;False;False;False;True;;Intermediate;;False;False;False;False;False;False;False;False;False;False;False;False;False;False;False;False;False;False;False;False;False;False;True;False;False;PNEC aqua (freshwater);184.107;1.67;1.7;;7.34;;0.00628;2.350248018;2.4538;96.5441097728446;40.21767726;3.72;2500.0;;;1.1;;4.0;0.42;0.55;0.2;0.3;>100 to < 1000 tonnes;100.0;1000.0;1;0;0;0;0;0;0;0;0;0;0;0;0;0;0;0;0;0;1;0;0;0;0;0;0;0;0;0;0;0;0;0;0;0;0;0;0;0;0;0;0;0;0;0;0;0;1;0;0;0;0;0;0;0;0;0;0;0;0;0;0;0;0;0;0;0.99830091815794;0.335398249630157;0.692777862383848;;;0.651089679754133;0.422004479303807;0.439602997059557;True;0.0;0.0;0.0;0;1010.0;good ;1.0;2020.0;good ;1.0;450.799999999999;moderate ;0.85;0.353872541759008;0.0353880614060441;0.0472310293121565;0.0657438876655064;0.359152028590093;;;P_score_freshwater_pred_UBA;0.99830091815794;0.675492343390648;M_score_exp_UBA;0.651089679754133;M_score_exp_UBA;0.651089679754133;0.504232385372499;kemi_score;0.55;0.806215495448773;1.0;0.651089679754133;0.5;0.583613841173019;1.0;0.388386215007483;1.0;0.559573931449394;1.0;0.461377213633393;0.75;0.476096178097627;1.0;0.0;vPvM;PM;PM;4;Ar Oh, Nh0, Benzene, Nitro, Nitro Arom, Nitro Arom Nonortho, Phenol, Phenol Noorthohbond;['Alkylphenols', 'Phenols', 'Nitrobenzene derivatives']
91;2,4-di-tert-butylphenol;96-76-4;202-532-0;ICKWICRCANNIBI-UHFFFAOYSA-N;CC(C)(C)c1cc(c(cc1)O)C(C)(C)C;DTXSID2026602;7311.0;PRO-092;NS00010683;REACH-A;True;PMT;HQ;Not PMT/vPvM;False;False;;;False;False;False;False;False;False;False;False;False;False;False;False;False;False;False;True;True;False;;"Antioxidant; Crystal growth modifiers (nucleating agents); Fuels and fuel additives; Intermediates; Processing aids, not otherwise listed; UV stabilizer";Crystal growth modifiers (nucleating agents);True;True;True;False;False;False;True;False;False;False;True;False;False;False;False;False;False;False;True;True;True;False;False;False;False;;206.329;5.19;5.03;;8.67;0.00017;0.000177;3.499687083;3.9627;26903.1860742975;52.25355976;251.0;;;;3.7;;0.32257;0.2;0.82;0.32;0.42;>1000 to < 10000 tonnes;1000.0;10000.0;1;0;0;0;0;0;0;0;0;0;0;0;1;0;0;0;0;0;1;0;0;0;0;0;0;0;0;0;0;0;0;0;0;0;0;0;0;0;0;0;0;0;0;0;0;0;0;0;0;0;1;1;0;0;0;0;0;0;0;0;0;0;0;0;0;;0.441194183233596;0.999970693939445;;;0.235348963068999;0.204168804727328;0.261245733239634;False;0.0;0.0;0.0;0;143.4;moderate ;0.85;151.799999999999;moderate ;0.85;184.4;;1.0;0.620430535238955;0.10144494222928;0.103720813622044;0.0939986039205547;0.627241416130975;;;P_score_freshwater_pred_Dashboard;0.999970693939445;0.72058243858652;M_score_exp_UBA;0.235348963068999;M_score_pred_Dashboard;0.261245733239634;0.233587833678654;kemi_score;0.82;0.511114544066549;1.0;0.235348963068999;0.5;0.41026734066497;1.0;0.354186791433835;1.0;0.425476227794337;1.0;0.309071531273247;0.75;0.381197157675943;1.0;1.0;PM;;PM;2;Ar Oh, Benzene, Phenol, Phenol Noorthohbond;['Alkylphenols', 'Phenols']
92;2,5-bis-isocyanatomethyl-bicyclo[2.2.1]heptane;74091-64-8;411-280-2;LEAAXJONQWQISB-UHFFFAOYSA-N;C(=O)=NCC1C2C(CN=C=O)CC(C2)C1;DTXSID901335728;11701254.0;PRO-093;;REACH-B;False;vPvM & PMT;MQ;vPvM & PMT;False;False;;;False;False;False;False;False;False;False;False;False;False;False;False;False;False;False;False;False;False;;;;True;False;True;False;False;False;True;False;False;False;False;False;False;False;False;False;False;False;False;False;False;False;False;False;False;;206.245;;1.18;;4.74;;0.00316;1.959994838;;190.56626845863;;6.92;38.0;;;;1.3;0.1758;;;0.16;0.24;>100 to < 1000 tonnes;100.0;1000.0;0;0;0;0;0;0;0;0;0;0;0;0;0;0;0;0;0;0;0;0;0;0;0;0;0;0;0;0;0;0;1;0;0;0;0;0;0;0;0;0;0;0;0;0;0;0;0;0;0;0;0;0;0;0;1;0;0;0;0;0;0;0;0;0;0;0.314140243974905;;0.878211981357631;;;;;0.50693192214139;False;0.0;0.0;0.0;0;260.6;low ;0.265;4990.0;low ;0.301;391.1;low ;0.384;0.680263092228689;0.0241717843444081;0.081962650677013;0.0696364157040128;0.684796814043765;;;P_score_freshwater_pred_Dashboard;0.878211981357631;0.596176112666268;;;M_score_pred_Dashboard;0.50693192214139;0.50693192214139;E_score_max;0.24;0.667228362524573;1.0;;;0.549746034754861;1.0;0.684796814043765;0.5;0.673033853499193;0.75;0.684796814043765;0.25;0.591509849613702;0.75;0.0;PM(T);(T);PM(T);1;C O Nocoo, Imine, Nh0, Bicyclic, Isocyan;['Cyclohexanes']
93;2,5-diaminobenzenesulphonic acid;88-45-9;201-832-9;HEAHMJLHQCESBZ-UHFFFAOYSA-N;C1=CC(=C(C=C1N)S(=O)(=O)O)N;DTXSID7058969;66617.0;PRO-094;NS00007767;REACH-A;True;vPvM & PMT;MQ;vPvM & PMT;False;False;;;False;False;False;False;False;False;False;False;False;False;False;False;False;False;False;False;False;False;;;;True;True;True;False;False;False;False;False;False;False;True;False;False;False;False;False;False;False;False;False;False;False;False;False;False;P-PNEC pred;188.2;;-2.68;;8.32;;0.746;1.670245853;-1.0817;13.0658244409345;30.24377472;3.98;280.0;;;1.3;;13.76414;0.89;0.42;0.09;0.18;>10 to < 100 tonnes;10.0;100.0;0;0;0;0;0;0;0;0;0;0;0;0;0;0;0;0;0;0;1;0;0;1;0;0;0;0;0;0;0;0;0;0;0;0;0;0;0;0;0;0;0;0;0;0;0;0;0;0;0;0;1;1;0;0;0;0;0;0;0;0;0;0;0;0;0;0.932980969752969;0.236654788385145;0.068760679372889;;;0.618975738670119;0.894360035437521;0.55689455761925;False;0.0;0.0;0.0;0;1200.0;low ;0.217;151.4;low ;0.7;8380.0;good ;1.0;0.242550105193565;0.101549442829954;0.0439742233654184;0.0193932961494216;0.248312436052749;;;P_score_freshwater_pred_UBA;0.932980969752969;0.412798812503667;M_score_exp_UBA;0.618975738670119;M_score_pred_Episuite;0.894360035437521;0.690076777242297;kemi_score;0.42;0.913466416005974;1.0;0.618975738670119;0.5;0.53372546705397;1.0;0.470104316175619;1.0;0.655304894568842;1.0;0.51525320434704;0.75;0.500905825195634;1.0;0.0;vPvM;PM;PM;;Arn, Nh2, Aniline, Benzene;['Aromatic amines']
94;2,5-di-tert-pentylhydroquinone;79-74-3;201-222-2;CZNRFEXEPBITDS-UHFFFAOYSA-N;CCC(C)(C)c1cc(c(cc1O)C(C)(C)CC)O;DTXSID5044992;6610.0;PRO-095;NS00008202;REACH-A;False;PMT;MQ;Not PMT/vPvM;False;False;;;False;False;False;False;False;False;False;False;False;False;False;False;False;False;False;True;True;True;"antioxidant; antioxidant";"Antioxidant; UV stabilizer";;True;True;True;True;False;True;True;False;False;False;True;True;False;True;False;False;False;False;False;False;False;False;True;False;False;P-PNEC pred;250.382;;5.14;;8.37;;0.000154;4.260071388;4.4835;1652.42634686448;56.59366001;759.0;55.0;;;3.7;;0.71402;0.15;0.63;0.14;0.26;>10 to < 100 tonnes;10.0;100.0;0;1;0;0;0;0;0;0;0;0;0;0;0;0;0;0;0;0;0;0;1;0;0;0;0;0;0;0;0;0;1;0;0;0;0;0;0;0;0;0;0;0;0;0;0;0;0;0;0;0;0;1;0;1;1;0;0;0;0;0;0;0;0;0;1;0.462881680826101;0.475041553807308;0.99655764244032;;;0.235348963068999;0.151686930682683;0.172707042491951;False;0.0;0.0;0.0;0;20.8;moderate ;0.85;142.4;moderate ;0.85;196.9;good ;1.0;0.536507322316861;0.104003683111703;0.211140684525368;0.0916006509007012;0.553437476211123;;;P_score_freshwater_pred_Dashboard;0.99655764244032;0.644826959024576;M_score_exp_UBA;0.235348963068999;M_score_exp_UBA;0.235348963068999;0.186580978747878;kemi_score;0.63;0.484292068680477;1.0;0.235348963068999;0.5;0.346860844053956;1.0;0.288124315932669;1.0;0.373545607657458;1.0;0.269333704246679;0.75;0.316131370504217;1.0;1.0;PM;;PM;3;Ar Oh, Benzene, Phenol, Phenol Noorthohbond;['Alkylphenols', 'Phenols']
95;2,6-xylidine;87-62-7;201-758-7;UFFBMTHBGFGIHF-UHFFFAOYSA-N;Cc1cccc(C)c1N;DTXSID8026307;6896.0;PRO-096;NS00008896;REACH-B;False;PMT;HQ;PMT;False;False;;;False;False;False;False;False;False;False;False;False;False;False;False;False;False;False;False;False;False;Furniture and furnishings;Adhesives and sealant chemicals;;True;True;True;False;False;False;True;False;False;False;False;False;False;False;False;False;False;False;False;False;False;False;False;False;False;P-PNEC pred;121.183;1.84;1.88;;6.48;0.0678;0.0406;1.859738566;1.9213;98715.7710107605;30.77346387;5.5;2500.0;;;1.6;;12.68452;0.51;0.52;0.0;0.06;>0 to < 10 tonnes;0.0;10.0;0;0;0;0;0;0;0;0;0;0;0;0;0;0;0;0;0;0;0;0;0;0;0;0;0;0;0;0;0;0;0;0;0;0;0;0;0;0;0;0;0;0;0;0;0;0;0;0;0;0;0;1;0;0;0;0;0;0;0;0;0;0;0;0;0;0.99830091815794;0.242058516778445;0.999996824529559;;;0.568874072230784;0.513634289894637;0.524286327696174;True;0.5;0.0;0.0;0;5080.0;low ;0.7;46.0;;0.7;13660.0;;0.85;0.249126941159645;0.159392138135113;0.0239893454130636;0.0157436278828575;0.252243182058035;;;P_score_freshwater_pred_Dashboard;0.999996824529559;0.746785419821981;M_score_exp_UBA;0.568874072230784;M_score_exp_UBA;0.568874072230784;0.535598229940532;kemi_score;0.52;0.754236213521986;1.0;0.568874072230784;0.5;0.63243730835716;1.0;0.358669796399973;1.0;0.520117053307635;1.0;0.418281430148574;0.75;0.476273199565343;1.0;0.0;vPvM;PM;PM;2;Arn, Nh2, Aniline, Aryl Methyl, Benzene, Para Hydroxylation;['Aromatic amines', 'PAHs']
96;2:2 fluorotelomer alcohol;54949-74-5;259-405-8;JPMHUDBOKDBBLG-UHFFFAOYSA-N;C(CO)C(C(F)(F)F)(F)F;DTXSID6068985;108644.0;PRO-097;NS00003254;;False;;;;False;False;;;False;False;False;False;False;False;False;False;False;False;False;False;False;False;False;False;False;False;;;;False;False;False;False;False;False;False;False;False;False;False;False;False;False;False;False;False;False;False;False;False;False;False;False;False;;164.075;;1.26;;3.1;;0.117;2.029383778;1.4706;87.3567230134409;63.98215216;3.55;;;;;;31.1232;;0.13;;;;;;0;0;0;0;0;0;0;0;0;0;0;0;0;0;0;0;0;0;0;0;0;0;0;0;0;0;0;0;0;0;0;0;0;0;0;0;0;0;0;0;0;0;0;0;0;0;0;0;0;0;0;0;0;0;0;0;0;0;0;0;0;0;0;0;0;;0.527435547605991;0.655247715497613;;;;0.590722297755879;0.494908355292365;False;0.0;0.0;0.0;0;6870.0;low ;0.218;15470.0;low ;0.236;13990.0;low ;0.0;0.18345925056461;0.0149277908521291;0.0211041254602808;0.0155837869214248;0.186440452031186;;;P_score_freshwater_pred_Dashboard;0.655247715497613;0.591341631551802;;;M_score_pred_Episuite;0.590722297755879;0.542815326524122;kemi_score;0.13;0.622149046529881;1.0;;;0.566559176801593;1.0;0.186440452031186;0.5;0.416335083189994;0.75;0.186440452031186;0.25;0.391150210232749;0.75;0.0;PM;;PM;3;Al Oh, Al Oh Notert, Alkyl Halide, Halogen;['Alkylphenols', 'PFAS']
97;2-[4,5-dihydro-4-methyl-4-(1-methylethyl)-5-oxo-1H-imidazol-2-yl]-3-pyridine carboxylate;81334-34-1;617-219-8;CLQMBPJKHLGMQK-UHFFFAOYSA-M;CC(C)C1(C(=O)NC(=N1)C2=C(C=CC=N2)C(=O)O)C;DTXSID8034665;54738.0;PRO-098;;REACH-A;False;vPvM;HQ;vPvM;False;False;;;False;False;False;False;False;False;False;False;False;False;False;False;False;False;False;False;False;False;"Landscape/yard -> herbicide; herbicide; pesticide and pesticide degradates";;;False;False;False;False;False;False;False;False;False;False;False;False;False;False;False;False;False;False;False;False;False;False;False;False;False;PNEC acute;261.281;0.22;0.684;;9.0;0.0435;0.0159;2.0;0.4282;34.813317487602;69.49948649;3.39;;2154.0;;1.5;;0.024;0.75;0.46;0.08;0.15;>10 to < 100 tonnes;10.0;100.0;0;0;0;0;0;0;0;0;0;0;0;0;0;0;0;0;0;0;0;0;0;0;0;0;0;0;0;0;0;0;0;0;0;0;0;0;0;0;0;0;0;0;0;0;0;0;0;0;0;0;0;0;0;0;0;0;0;0;0;0;0;0;0;0;0;;0.562485395450547;0.282810472375868;0.985842062288402;;0.585786437626905;0.748285435489857;0.5;True;0.0;0.0;0.0;0;201.6;low ;0.195;9890.0;low ;0.24;914.8;low ;0.355;0.834765994935369;0.0180712532024946;0.0907517396626588;0.049203927559076;0.83736017723548;P_score_soil_exp_UBA;0.985842062288402;P_score_soil_exp_UBA;0.985842062288402;0.610379310038272;M_score_exp_UBA;0.585786437626905;M_score_pred_Episuite;0.748285435489857;0.61135729103892;kemi_score;0.46;0.858889548721892;1.0;0.7599295426095;1.0;0.610868104823949;1.0;0.792477212875304;1.0;0.825015391213311;1.0;0.776032760847621;1.0;0.695772271037947;1.0;0.0;vPvM(T);vPvM(T);PM(T);4;Ar Coo, Ar N, Coo, Coo2, C O, C O Nocoo, Imine, Nh0, Nh1, Amide, Amidine, Pyridine;['Alkylphenols', 'Pyridin']
98;2-[difluoro(methoxy)methyl]-1,1,1,3,3,3-hexafluoropropane;382-26-3;609-534-4;AQHKYFLVHBIQMS-UHFFFAOYSA-N;COC(F)(F)C(C(F)(F)F)C(F)(F)F;DTXSID40880146;45459.0;PRO-099;;REACH-B;False;vPvM & PMT;MQ;PMT;False;False;;;False;False;False;False;False;False;False;False;False;False;False;False;False;False;False;False;False;False;;;;True;False;False;False;False;False;False;False;False;False;False;False;False;False;False;False;False;False;False;False;False;False;False;False;False;P-PNEC pred;232.073;;3.06;;1.57;;0.0026;2.599883072;;41.2643941086108;;42.7;1839.0;;;;2.1;3.06283;;0.27;0.0;0.0;;;;0;0;0;0;0;0;0;0;0;0;0;0;0;0;0;0;0;0;0;0;0;0;0;0;0;0;0;0;0;0;0;0;0;0;0;0;0;0;0;0;0;0;0;0;0;0;0;0;0;0;0;1;0;0;0;0;0;0;0;0;0;0;0;0;0;0.997131316280595;;0.345258688405079;;;;;0.397520470009018;False;0.0;0.0;0.0;0;587.5;low ;0.213;2580.0;low ;0.0;4840.0;low ;0.0;0.380807339519196;0.0319342871291118;0.0590220907068295;0.0244864209847275;0.387129805368535;;;P_score_freshwater_pred_UBA;0.997131316280595;0.671195002342837;;;M_score_pred_Dashboard;0.397520470009018;0.397520470009018;kemi_score;0.27;0.629587253292642;1.0;;;0.516540175396869;1.0;0.387129805368535;0.5;0.535372616823344;0.75;0.387129805368535;0.25;0.469196690550105;0.75;0.0;PM;;PM;3;Alkyl Halide, Ether, Halogen, Methoxy;['Ethylene Glycols', 'PFAS']
99;2-{2-chloro-4-(methylsulfonyl)-3-[(tetrahydrofuran-2-ylmethoxy)methyl]benzoyl}cyclohexane-1,3-dione;473278-76-1;695-022-6;UFAPVJDEYHLLBG-UHFFFAOYSA-N;CS(=O)(=O)C1=C(C(=C(C=C1)C(=O)C2C(=O)CCCC2=O)Cl)COCC3CCCO3;DTXSID9058105;11205154.0;PRO-100;;REACH-A;False;vPvM;HQ;vPvM;False;False;;;False;False;False;False;False;False;False;False;False;False;False;False;False;False;False;False;False;False;;;;False;False;True;False;False;False;True;False;False;False;True;False;False;False;False;False;False;False;False;False;False;False;False;False;False;;442.91;;1.35;;11.7;;0.000328;1.729974286;;29.6659522703688;;5.01;;1000.0;;1.5;;;;;0.11;0.22;>20 to <200 tonnes;20.0;200.0;0;0;0;0;0;0;0;0;0;0;0;0;0;0;0;0;0;0;0;0;0;0;0;0;0;1;0;0;0;0;0;0;0;0;0;0;0;0;0;0;0;0;0;0;0;0;0;0;0;0;0;0;0;0;0;0;0;0;0;0;0;0;0;0;0;;;0.230749318152645;0.949380235019144;;0.585786437626905;;0.546655767484832;False;0.0;0.0;0.0;0;252.8;low ;0.298;2580.0;low ;0.375;1720.0;low ;0.373;;0.0319342871291118;0.0829611760366475;0.0378503982943391;0.0500059999222433;P_score_soil_exp_UBA;0.949380235019144;P_score_soil_exp_UBA;0.949380235019144;0.590064776585894;M_score_exp_UBA;0.585786437626905;M_score_exp_UBA;0.585786437626905;0.566221102555868;E_score_max;0.22;0.745743968011313;1.0;0.745743968011313;1.0;0.578020006901013;1.0;0.0500059999222433;0.5;0.302970635662595;0.75;0.302970635662595;0.75;0.255644205014794;0.75;0.0;vPvM;vPvM;PM;4;C O, C O Nocoo, Benzene, Ether, Halogen, Ketone, Ketone Topliss, Sulfone;['Chlorobenzenes', 'Ethylene Glycols', 'Benzophenones', 'PBB', 'PBDE', 'PhenylEthers']
100;21-Acetoxy-6alpha-fluoro-11ÃŸ-hydroxy-16alpha-methyl-4-pregnene-3,20-dione;1176-81-4;601-489-9;JXJAJSNUTGVHEG-WLDNQIQOSA-N;CC(=O)OCC(=O)C1[C@H](C)CC2C3C[C@H](F)C4=CC(=O)CCC4(C)C3[C@@H](O)CC12C;DTXSID801035711;70407861.0;PRO-101;NS00077291;REACH-B;False;PMT;MQ;Potential PMT/vPvM;False;False;;;False;False;False;False;False;False;False;False;False;False;False;False;False;False;False;False;False;False;;;;False;True;False;False;False;False;True;False;False;False;False;False;False;False;False;False;False;False;False;False;False;False;False;False;False;P-PNEC;420.521;;3.06;;10.4;;2.09e-05;4.579783597;;2.98622840228252e+41;;8.91;94.0;;;;2.8;5.784613828;;0.19;0.03;0.09;>1 to < 10 tonnes;1.0;10.0;0;0;0;0;0;0;0;0;0;0;0;0;0;0;0;0;0;0;0;0;0;0;0;0;0;0;0;0;0;0;0;0;0;0;0;0;0;0;0;0;0;0;0;0;0;0;0;0;0;0;0;1;0;0;0;0;0;0;0;0;0;0;0;0;0;0.682976699652103;;1.0;;;;;0.143297266953685;False;0.0;0.0;0.0;0;397.2;low ;0.353;2310.0;low ;0.321;398.2;low ;0.381;0.318152679360495;0.0334522394503138;0.0692022112090657;0.069131903983563;0.357594666035969;;;P_score_freshwater_pred_Dashboard;1.0;0.841488349826051;;;M_score_pred_Dashboard;0.143297266953685;0.143297266953685;kemi_score;0.19;0.378546254708306;1.0;;;0.347250602164258;1.0;0.357594666035969;0.5;0.371429431132262;0.75;0.357594666035969;0.25;0.350664941945809;0.75;1.0;PM;;PM;;Al Oh, Al Oh Notert, C O, C O Nocoo, Alkyl Halide, Allylic Oxid, Bicyclic, Ester, Ether, Halogen, Ketone, Ketone Topliss;['Alkylphenols', 'Cyclohexanes', 'Ethylene Glycols', 'HBCDDs', 'Terpenoid', 'Acrylics/Acrylates', 'PFAS']
101;2-amino-4,5-dichlorobenzenesulfonic acid;6331-96-0;700-413-2;AKLDPNVZTZIVFA-UHFFFAOYSA-N;Nc1cc(Cl)c(Cl)cc1S(=O)(=O)O;DTXSID5074921;235712.0;PRO-102;NS00009690;REACH-A;False;vPvM & PMT;MQ;vPvM & PMT;False;False;;;False;False;False;False;False;False;False;False;False;False;False;False;False;False;False;False;False;False;;;;True;True;True;False;False;False;True;False;False;False;False;False;False;False;False;False;False;False;False;False;False;False;False;False;False;P-PNEC pred;242.07;;1.02;;8.14;;0.0184;1.250420002;;134.289779684935;;5.25;334.0;;;;-1.0;10.71255;;0.29;0.02;0.06;>1 to < 10 tonnes;1.0;10.0;0;0;0;0;0;0;0;0;0;0;0;0;0;0;0;0;0;0;1;0;0;0;0;0;0;0;0;0;0;0;0;0;0;0;0;0;0;0;0;0;0;0;0;0;0;0;0;0;0;0;0;1;0;0;0;0;0;0;0;0;0;0;0;0;0;0.949544128558725;;0.798553329358552;;;;;0.627047039898513;False;0.0;0.0;0.0;0;191.7;low ;0.214;3450.0;moderate ;0.85;6470.0;moderate ;0.85;0.263104875635251;0.0282551069770271;0.0925724528709242;0.0216491049842935;0.296750849807311;;;P_score_freshwater_pred_UBA;0.949544128558725;0.874048728958638;;;M_score_pred_Dashboard;0.627047039898513;0.627047039898513;kemi_score;0.29;0.771627393931657;1.0;;;0.740317275376289;1.0;0.296750849807311;0.5;0.561137227462583;0.75;0.296750849807311;0.25;0.545853265768531;0.75;0.0;vPvM;;vPvM;4;Arn, Nh2, Aniline, Benzene, Halogen;['Aromatic amines', 'Chlorobenzenes', 'PBB', 'PCB']
102;2-amino-4,6-dinitrophenol;96-91-3;202-544-6;QXYMVUZOGFVPGH-UHFFFAOYSA-N;Nc1cc(cc(c1O)N(=O)=O)N(=O)=O;DTXSID5024479;4921319.0;PRO-103;NS00006370;REACH-A;False;PMT;HQ;PMT;False;False;;;False;False;False;False;False;False;False;False;False;False;False;False;False;False;False;False;False;False;hair dyeing;;;True;True;True;True;False;True;True;False;False;False;True;False;False;False;False;False;False;False;False;False;False;False;False;False;False;P-PNEC pred;199.122;0.93;1.3;;7.92;0.00479;0.0117;2.139879086;2.0229;107.7700725714;55.82608062;2.95;505.0;;;0.6;;3.30011;;0.43;0.03;0.09;;;;0;0;0;0;0;0;0;1;1;0;0;0;0;0;0;0;0;1;1;0;1;0;0;0;0;0;0;0;0;0;0;0;0;0;0;0;0;0;0;0;0;0;0;0;0;0;0;0;0;0;0;1;0;0;0;0;0;0;0;0;0;0;0;0;0;0.97445967740132;0.469223559473836;0.731291418168485;;;0.725200425324004;0.496031815707724;0.475779772270797;True;0.0;0.0;0.0;0;642.7;moderate ;0.85;92.6;moderate ;0.85;340.7;good ;1.0;0.373196403551023;0.122753366311874;0.0568929534921902;0.0736197037475497;0.428328876636623;;;P_score_freshwater_pred_UBA;0.97445967740132;0.724991551681214;M_score_exp_UBA;0.725200425324004;M_score_exp_UBA;0.725200425324004;0.565670671100842;kemi_score;0.43;0.840641762293862;1.0;0.725200425324004;0.5;0.640395547753069;1.0;0.428328876636623;0.5;0.671428480488595;0.75;0.557336777465324;0.5;0.560047230580118;0.75;0.0;vPvM;vPvM;PM;4;Arn, Ar Oh, Nh0, Nh2, Aniline, Benzene, Nitro, Nitro Arom, Nitro Arom Nonortho, Phenol, Phenol Noorthohbond;['Alkylphenols', 'Aromatic amines', 'Phenols', 'Nitrobenzene derivatives']
103;2-amino-4-cresol;95-84-1;202-457-3;ZMXYNJXDULEQCK-UHFFFAOYSA-N;CC1=CC(=C(C=C1)O)N;DTXSID4024488;7264.0;PRO-104;NS00015128;;False;;;;False;False;;;False;False;False;False;False;False;False;False;False;True;False;False;False;False;True;False;False;False;;;;True;False;True;False;False;False;False;False;False;False;False;False;False;False;False;False;False;False;False;False;False;False;False;False;False;;123.155;1.16;1.05;;7.78;;0.0585;1.720159303;1.712;71.5216356192192;24.02493931;6.03;;;;;;;0.55;;0.0;0.0;;;;0;0;0;0;0;0;0;0;0;0;0;0;0;0;0;0;0;0;0;0;0;0;0;0;0;0;0;0;0;0;0;0;0;0;0;0;0;0;0;0;0;0;0;0;0;0;0;0;0;0;1;1;0;0;0;0;0;0;0;0;0;0;0;0;0;;0.172982723985564;0.574512174772964;;;;0.549741520430314;0.548341223953559;False;0.0;0.0;0.0;0;4510.0;low ;0.7;28.2;good ;1.0;1420.0;low ;0.7;;0.18996323096365;0.0252297845918813;0.0410012056867674;0.227107314653817;;;P_score_freshwater_pred_Dashboard;0.574512174772964;0.373747449379264;;;M_score_pred_Episuite;0.549741520430314;0.549041372191937;E_score_min;0.0;0.561990388232233;1.0;;;0.452993170434641;1.0;0.353424706351437;1.0;0.445669482838243;1.0;0.353424706351437;0.5;0.400123703671839;1.0;0.0;PM;;PM;3;Arn, Ar Oh, Nh2, Aniline, Aryl Methyl, Benzene, Phenol, Phenol Noorthohbond;['Alkylphenols', 'Aromatic amines', 'Phenols', 'PAHs']
104;2-aminophenol;95-55-6;202-431-1;CDAWCLOXVUBKRW-UHFFFAOYSA-N;C1=CC=C(C(=C1)N)O;DTXSID8024498;5801.0;PRO-105;NS00001117;;False;;;;False;False;;;False;False;False;False;False;False;False;False;False;True;False;False;False;False;True;False;False;False;"hair colorant; hair dyeing";;;True;False;True;False;False;False;False;False;False;False;False;False;False;False;False;False;False;False;False;False;False;False;False;False;False;;109.128;0.62;0.577;;7.6;0.187;0.201;1.489958479;1.4133;361.405284372285;19.54451364;10.0;;;;;;4.04413;0.6;0.61;0.0;0.0;;;;0;0;0;0;0;0;0;0;0;0;0;0;0;0;0;0;0;0;0;0;0;0;0;0;0;0;0;0;0;0;0;0;0;0;0;0;0;0;0;0;0;0;0;0;0;0;0;0;0;0;1;0;0;0;0;0;0;0;0;0;0;0;0;0;0;;0.128143596797576;0.955625166119153;;;;0.600289007412995;0.587474263340781;True;0.0;0.5;0.0;0;2080.0;low ;0.7;64.6999999999999;good ;1.0;10.8;;0.85;0.35278377349761;0.140528870749;0.0349566825624078;0.262420876371564;0.557030193460659;;;P_score_freshwater_pred_Dashboard;0.955625166119153;0.541884381458365;;;M_score_pred_Episuite;0.600289007412995;0.593881635376888;kemi_score;0.61;0.757397704266751;1.0;;;0.567287566094734;1.0;0.578116005725836;1.0;0.661712728860956;1.0;0.578116005725836;0.5;0.57267619280761;1.0;0.0;vPvM;;PM;;Arn, Ar Oh, Nh2, Aniline, Benzene, Para Hydroxylation, Phenol, Phenol Noorthohbond;['Alkylphenols', 'Aromatic amines', 'Phenols']
105;2-bromo-3,3,3-trifluoroprop-1-ene;1514-82-5;627-872-0;QKBKGNDTLQFSEU-UHFFFAOYSA-N;C=C(C(F)(F)F)Br;DTXSID80883575;272696.0;PRO-106;;REACH-A;True;vPvM & PMT;MQ;PMT;False;False;;;False;False;False;False;False;False;False;False;False;False;False;False;False;False;False;False;True;False;;;;False;False;True;False;False;False;False;False;False;False;True;False;False;False;False;False;False;False;True;True;True;False;False;False;False;P-PNEC pred;174.948;;2.87;;2.2;;0.000723;2.11058971;;96.5441097728446;;24.5;99.0;;;2.2;;2.2014;;0.32;0.12;0.24;>10 to < 100 tonnes;10.0;100.0;1;0;0;0;0;0;0;0;0;0;0;0;0;0;0;0;0;0;0;0;0;0;0;0;0;0;0;0;0;0;0;0;0;0;0;0;0;0;0;0;0;0;0;0;0;0;0;0;0;0;0;0;0;0;0;0;0;0;0;0;0;0;0;0;0;0.701841215063438;;0.692777862383848;;;0.465398038619236;;0.480845641880115;False;0.0;0.0;0.0;0;2650.0;low ;0.209;556.9;low ;0.237;3940.0;low ;0.223;0.415154016228813;0.0603255805454688;0.0315768193919754;0.0267138435015164;0.472632184025607;;;P_score_freshwater_pred_UBA;0.701841215063438;0.697309538723643;M_score_exp_UBA;0.465398038619236;M_score_pred_Dashboard;0.480845641880115;0.473121840249676;kemi_score;0.32;0.580927955563423;1.0;0.465398038619236;0.5;0.574379989366432;1.0;0.472632184025607;0.5;0.542320408514756;0.75;0.469001163574082;0.5;0.538237515072605;0.75;0.0;PM;PM;PM;2;Alkyl Halide, Allylic Oxid, Halogen;['PFAS']
106;2-chlorobuta-1,3-diene;126-99-8;204-818-0;YACLQRRMGMJLJV-UHFFFAOYSA-N;C=CC(=C)Cl;DTXSID5020316;31369.0;PRO-107;NS00008234;REACH-A;True;vPvM & PMT;MQ;vPvM & PMT;False;False;;;False;False;False;False;False;False;False;False;False;False;False;False;False;False;False;False;False;False;chloroprene (use cas rn 126-99-8);;;True;True;True;False;False;False;False;False;False;False;False;False;False;False;False;False;False;False;False;False;False;False;False;False;False;EQS water (=AA-EQS);88.53;;2.16;;2.79;;0.0169;1.609594409;2.1954;4105.16000827419;21.50919177;6.76;27.0;;;1.4;;32.0;0.47;0.63;0.24;0.31;>10000 to < 100000 tonnes;10000.0;100000.0;0;0;0;0;0;0;0;0;0;0;0;0;0;0;0;0;0;0;0;0;0;0;0;0;0;0;0;0;0;0;0;0;0;0;0;0;0;0;0;0;0;0;0;0;0;0;0;0;0;0;1;0;0;1;0;0;0;0;0;0;0;0;0;0;0;0.203419486918674;0.147577803290514;0.999271508384264;;;0.60249894073436;0.466191427187408;0.567242293237463;True;0.75;0.0;0.0;0;2700.0;low ;0.34;958.3;low ;0.438;5020.0;low ;0.626;0.181658678683053;0.0482686054320845;0.0313295182977871;0.0241104580094893;0.25109585345821;;;P_score_freshwater_pred_Dashboard;0.999271508384264;0.45008959953115;M_score_exp_UBA;0.60249894073436;M_score_exp_UBA;0.60249894073436;0.545310887053077;kemi_score;0.63;0.775925270440102;1.0;0.60249894073436;0.5;0.495417761867392;1.0;0.343533187807756;1.0;0.516290694914099;1.0;0.414283746945829;0.75;0.412543868007863;1.0;0.0;vPvM;PM;PM;4;Allylic Oxid, Halogen;['Other']
107;2-ethoxy-1-{[2'-(1H-tetrazol-5-yl)biphenyl-4-yl]methyl}-1H-benzimidazole-7-carboxylic acid;139481-59-7;604-138-8;HTQMVQVXFRQIKW-UHFFFAOYSA-N;CCOc1nc2cccc(C(=O)O)c2n1Cc1ccc(cc1)c1ccccc1c1nn[nH]n1;DTXSID0022725;2541.0;PRO-108;NS00009281;REACH-B;False;vPvM;MQ;vPvM;False;False;;;False;False;False;False;False;False;False;False;False;False;False;False;False;False;False;False;False;False;;;;False;False;True;False;False;False;False;False;False;False;False;False;False;False;False;False;False;False;False;False;False;False;False;False;False;PNEC aqua, fw;440.463;;4.59;;9.66;;4.87e-05;2.859738566;;1978.3135137461;;3.24;124.0;;;;-0.9;100.0;;0.36;0.0;0.0;;;;0;0;0;0;0;0;0;0;0;0;0;0;0;0;0;0;0;0;0;0;0;0;0;0;0;0;0;0;0;0;0;0;0;0;0;0;0;0;0;0;0;0;0;0;0;0;0;0;0;0;0;1;0;0;0;0;0;0;0;0;0;0;0;0;0;0.775737596566328;;0.9974671206341;;;;;0.355276458798189;False;0.0;0.0;0.0;0;118.8;low ;0.193;3720.0;low ;0.231;57.5;low ;0.0;0.119202922022117;0.0273703535200075;0.111568733500223;0.146831944788375;0.291392287532589;;;P_score_freshwater_pred_Dashboard;0.9974671206341;0.886602358600214;;;M_score_pred_Dashboard;0.355276458798189;0.355276458798189;kemi_score;0.36;0.595295377427466;1.0;;;0.56123876053388;1.0;0.291392287532589;0.5;0.469152848732602;0.75;0.291392287532589;0.25;0.45108438008882;0.75;0.0;PM;;PM;2;Ar Coo, Ar N, Ar Nh, Coo, Coo2, C O, Nh0, Nh1, Nhpyrrole, Benzene, Bicyclic, Ether, Imidazole, Para Hydroxylation, Tetrazole;['Benzimidazole', 'Alkylphenols', 'Aromatic amines', 'Cyclohexanes', 'Ethylene Glycols', 'Imidazoles', 'PBDE', 'PhenylEthers', 'Pyrimidines']
108;2-Ethylhexyl (R)-2-(2-methyl-4chlorophenoxy)propionate;861229-15-4;630-324-3;NWTKQOOQEPXMMW-GICMACPYSA-N;CCCCC(CC)COC(=O)C(C)OC1=C(C=C(C=C1)Cl)C;DTXSID7034254;24843401.0;PRO-109;;REACH-A;False;vPvM;HQ;PM;False;False;;;False;False;False;False;False;False;False;False;False;False;False;False;False;False;False;True;True;True;;;;True;True;False;False;False;False;True;False;False;False;False;True;False;False;False;False;False;True;False;False;False;False;False;False;False;;326.86;;6.03;;9.6;;3.44e-06;3.340444115;;134.289779684935;;407.0;61.0;8.0;61.0;2.1;;;;;0.26;0.39;>100 to < 1000 tonnes;100.0;1000.0;0;1;0;0;0;0;0;0;0;0;0;0;0;0;0;0;0;0;0;0;0;0;0;0;0;0;0;0;0;0;0;0;0;0;0;0;0;0;0;0;0;0;0;0;0;0;0;0;0;0;0;0;0;0;0;0;0;0;0;0;0;1;0;0;0;0.50706378707478;;0.798553329358552;0.0048564002357198;0.135892496053624;0.482678255167814;;0.28310225477402;False;0.0;0.0;0.0;0;23.5999999999999;low ;0.685;145.4;moderate ;0.85;115.3;low ;0.7;;0.103162950090801;0.202149775942373;0.11286254167969;0.276114145877463;P_score_sediment_exp_UBA;0.135892496053624;P_score_freshwater_pred_Dashboard;0.798553329358552;0.361591503180669;M_score_exp_UBA;0.482678255167814;M_score_exp_UBA;0.482678255167814;0.382890254970917;E_score_max;0.39;0.620841628495734;1.0;0.256110040579362;1.0;0.372088514802813;1.0;0.276114145877463;0.5;0.473896431701634;0.75;0.26261163019042;0.75;0.336868494470356;0.75;1.0;PM;;PM;4;C O, C O Nocoo, Aryl Methyl, Benzene, Ester, Ether, Halogen;['Chlorobenzenes', 'Ethylene Glycols', 'PAHs', 'PBB', 'PBDE', 'PhenylEthers', 'Phtalates']
109;2-ethylhexyl 4,4-dibutyl-10-ethyl-7-oxo-8-oxa-3,5-dithia-4-stannatetradecanoate;10584-98-2;234-186-1;PRIUALOJYOZZOJ-UHFFFAOYSA-L;CCCCC(CC)COC(=O)CS[Sn](CCCC)(CCCC)SCC(=O)OCC(CC)CCCC;DTXSID0029719;9571022.0;PRO-110;;REACH-A;False;PMT;HQ;Potential PMT/vPvM;False;False;;;False;False;False;False;False;False;False;False;False;False;False;False;False;False;False;False;False;True;;"Heat stabilizer; Processing aids, not otherwise listed; Stabilizing agent";Processing aids, not otherwise listed;True;True;True;False;False;False;False;False;False;False;False;True;False;False;False;False;False;False;False;False;False;False;True;False;False;P-PNEC pred;639.58;;13.0;;9.79;;5.62e-13;5.008600172;;14537538454.7738;;174.0;;;;;3.4;0.05980363;;0.64;0.12;0.23;>10 to < 100 tonnes;10.0;100.0;0;0;0;0;0;0;0;0;0;0;0;0;0;0;0;0;0;0;0;0;0;0;0;0;0;0;0;0;0;0;1;0;0;0;0;0;0;0;0;0;0;0;0;0;0;0;0;0;0;0;0;0;0;0;1;0;0;0;0;0;0;0;0;0;0;;;0.999999999999995;;;;;0.110523715563811;False;0.0;0.0;0.0;0;328.2;low ;0.0;0.9;low ;0.29;824.4;low ;0.0;0.772638927784555;0.511437377127733;0.0747345216940844;0.051361546339813;0.88244141459738;;;P_score_freshwater_pred_Dashboard;0.999999999999995;0.999999999999995;;;M_score_pred_Dashboard;0.110523715563811;0.110523715563811;kemi_score;0.64;0.332451072435947;1.0;;;0.332451072435947;1.0;0.88244141459738;0.5;0.460306512647899;0.75;0.88244141459738;0.25;0.460306512647899;0.75;1.0;PM(T);(T);PM(T);;C O, C O Nocoo, Ester, Ether;['Ethylene Glycols']
110;2H,2H,3H,3H-Perfluoroundecanoic acid;34598-33-9;252-108-4;JZRCRCFPVAXHHQ-UHFFFAOYSA-N;C(CC(C(C(C(C(C(C(C(F)(F)F)(F)F)(F)F)(F)F)(F)F)(F)F)(F)F)(F)F)C(=O)O;DTXSID50188165;2782413.0;PRO-111;NS00002588;;False;;;;False;False;;;False;False;False;False;False;True;False;False;False;False;False;False;False;False;True;False;False;False;;;;False;False;False;False;False;False;False;False;False;False;False;False;False;False;False;False;False;False;False;False;False;False;False;False;False;;492.132;;6.59;;4.94;;5.42e-05;2.589949601;3.7345;149.904736149046;2114.634884;36.3;;;;;;0.17635;0.23;0.17;;;;;;0;0;0;0;0;0;0;0;0;0;0;0;0;0;0;0;0;0;0;0;0;0;0;0;0;0;0;0;0;0;0;0;0;0;0;0;0;0;0;0;0;0;0;0;0;0;0;0;0;0;0;0;0;0;0;0;0;0;0;0;0;0;0;0;0;;0.997739215156983;0.827115886751682;;;;0.231072746617564;0.399170656833349;False;0.0;0.0;0.0;0;64.1999999999999;low ;0.19;0.5;low ;0.0;326.5;low ;0.0;0.67996795398632;0.574694288485754;0.14093630386381;0.0748906300128615;0.859857437725574;;;P_score_freshwater_pred_RIVM;0.997739215156983;0.912427550954332;;;M_score_pred_Dashboard;0.399170656833349;0.315121701725457;kemi_score;0.17;0.631084952967984;1.0;;;0.53621425061063;1.0;0.444710254746708;1.0;0.52976405144291;1.0;0.444710254746708;0.5;0.488323638571663;1.0;1.0;PM;;PM;2;Al Coo, Coo, Coo2, C O, Alkyl Halide, Halogen;['Alkylphenols', 'PFAS']
111;2-hydroxy-N,N,N-trimethyl-3-[(3,3,4,4,5,5,6,6,7,7,8,8,8-tridecafluorooctyl)thio]propan-1-aminium chloride;88992-45-4;811-523-6;AATYNBPIINGGLV-UHFFFAOYSA-M;C[N+](C)(C)CC(CSCCC(C(C(C(C(C(F)(F)F)(F)F)(F)F)(F)F)(F)F)(F)F)O.[Cl-];DTXSID50892533;11027845.0;PRO-112;;REACH-A;False;vPvM;HQ;PM;False;False;;;False;False;False;False;False;False;False;False;False;False;False;False;False;False;False;True;False;False;;Fire extinguishing agent;;False;False;True;False;True;False;False;False;False;False;True;False;True;False;False;True;False;False;False;False;False;False;False;False;False;P-PNEC;531.8;;1.85;;8.43;;0.0385;5.029383778;;120.301368663215;;178.0;4623.0;;;;0.4;0.61708975;;;0.04;0.12;>1 to < 10 tonnes;1.0;10.0;1;0;0;0;0;0;0;1;0;0;0;0;0;0;0;0;0;0;0;0;0;0;0;0;0;0;0;0;0;0;0;0;0;0;0;0;0;0;0;0;0;1;0;0;0;0;0;0;0;0;0;0;0;0;0;0;0;0;0;0;0;0;0;0;0;0.999405321113039;;0.766603469805997;;;;;0.109115403825224;False;0.0;0.0;0.0;0;361.2;low ;0.156;12.2;low ;0.0;2120.0;low ;0.0;0.552221777898877;0.252304365581311;0.0719077063552147;0.034678682349207;0.673695832609472;;;P_score_freshwater_pred_UBA;0.999405321113039;0.883004395459518;;;M_score_pred_Dashboard;0.109115403825224;0.109115403825224;E_score_max;0.12;0.33022797458472;1.0;;;0.310401967116855;1.0;0.673695832609472;0.5;0.418823004083742;0.75;0.673695832609472;0.25;0.401887282619169;0.75;1.0;PM(T);(T);(T);4;Al Oh, Al Oh Notert, Nh0, Ndealkylation1, Alkyl Halide, Halogen, Quatn, Sulfide, Unbrch Alkane;['Alkylphenols', 'Organotins', 'PFAS']
112;2-methyl-1-(4-methylthiophenyl)-2-morpholinopropan-1-one;71868-10-5;400-600-6;LWRBVKNFOYUCNP-UHFFFAOYSA-N;CC(C)(N1CCOCC1)C(=O)c1ccc(SC)cc1;DTXSID8038857;92387.0;PRO-113;NS00003224;REACH-C;False;vPvM & PMT;MQ;PMT;False;False;;;False;False;False;False;False;False;False;False;False;False;False;False;False;False;False;True;False;False;binding;"Not Known or Reasonably Ascertainable; Paint additives and coating additives not described by other categories; Photosensitive agent; Processing aids not otherwise specified";"Not Known or Reasonably Ascertainable; Paint additives and coating additives not described by other categories; Photosensitive agent";True;True;True;True;True;True;True;False;False;False;True;True;False;False;True;False;False;False;False;False;False;False;False;False;False;P-PNEC pred;279.4;;3.02;;9.18;;0.00153;2.650307523;;23.5705959290681;;20.0;214.0;;;2.5;;3.10433;;0.69;0.12;0.23;>1000 tonnes;1000.0;;0;0;0;0;0;0;0;1;1;0;0;0;0;0;0;0;0;1;0;0;0;0;0;0;0;0;0;0;0;0;0;0;0;0;0;0;0;0;0;0;0;0;0;0;0;0;0;0;1;0;0;1;0;0;1;0;0;1;0;0;0;0;0;0;0;0.897878211111316;;0.168363154817315;;;0.414213562373095;;0.38918036350948;True;0.0;0.0;0.75;0;389.2;low ;0.216;736.0;low ;0.673;494.7;low ;0.673;0.379430094663687;0.0538154102621628;0.0697735643706771;0.0633080537094277;0.461108905181628;;;P_score_freshwater_pred_UBA;0.897878211111316;0.533120682964316;M_score_exp_UBA;0.414213562373095;M_score_exp_UBA;0.414213562373095;0.401696962941287;kemi_score;0.69;0.609846974577721;1.0;0.414213562373095;0.5;0.462766635819773;1.0;0.461108905181628;0.5;0.555582322568943;0.75;0.437032678706341;0.5;0.462213397807317;0.75;0.0;PM;PM;PM;;C O, C O Nocoo, Nh0, Benzene, Ether, Ketone, Ketone Topliss, Morpholine, Sulfide;['Ethylene Glycols', 'Benzophenones', 'PBDE', 'PhenylEthers']
113;2-methylpropan-2-ol;75-65-0;200-889-7;DKGAVHZHDRPRBM-UHFFFAOYSA-N;CC(C)(C)O;DTXSID8020204;6386.0;PRO-114;NS00006876;REACH-A;False;vPvM;MQ;vPvM;False;False;;;False;False;False;False;False;False;False;False;False;False;False;False;False;False;False;True;True;False;"Cleaning and safety; Cleaning products and household care -> air freshener; Cleaning products and household care -> bathroom -> bathroom cleaner; Cleaning products and household care -> general household cleaning -> disinfectant; Cleaning products and household care -> general household cleaning -> glass cleaner; Cleaning products and household care -> metal specific -> metal polish; Home maintenance -> caulk/sealant; Home maintenance -> degreaser; Home maintenance -> paint/stain and related products; Home maintenance -> paint/stain and related products -> primer; Manufactured formulations; Personal care; Personal care -> acne treatment -> face wash; Personal care -> body hygiene -> body wash; Personal care -> body hygiene -> hand sanitizer; Personal care -> deodorant; Personal care -> fragrance; Personal care -> hair styling and care; Personal care -> hair styling and care -> dry shampoo; Personal care -> hair styling and care -> hair spray; Personal care -> hair styling and care -> hair styling; Personal care -> hair styling and care -> shampoo; Personal care -> make-up and related -> lip color; Personal care -> nails; Personal care -> self-tanner; Personal care -> shaving and hair removal -> aftershave; Personal care -> sunscreen; Pesticides -> insect repellent; Pesticides -> insecticide; Specialty occupational products -> Firefighting foam; Vehicle -> engine maintenance -> auto fluids and additives; denaturant; flavoring and nutrient; flavouring; fragrance; fragrance; fragrance component; fragrance ingredient; non-functional constituent; perfuming; solubilizer; solvent; solvent; solvents; surfactant";"Adhesion/cohesion promoter; Fuels and fuel additives; Intermediate; Intermediates; Not Known or Reasonably Ascertainable; Other (specify); Plasticizer; Process regulators; Solvent; Viscosity modifiers";"Fuel agents; Fuels and fuel additives; UV stabilizer";True;True;True;True;True;True;True;False;False;True;True;False;True;False;False;True;True;False;False;False;False;False;False;False;False;P-PNEC pred;74.123;0.35;0.578;3.5;3.52;10.4;3.99;1.008600172;0.7073;1978.3135137461;21.80918608;5.01;29.0;;;0.3;;122.27838;0.71;0.89;0.76;0.88;>1000000 to < 10000000 tonnes;1000000.0;10000000.0;0;1;0;0;0;0;0;1;1;0;0;0;1;0;0;0;0;0;0;0;1;0;1;0;0;0;1;1;0;0;0;0;0;1;0;0;0;1;0;0;0;0;0;0;0;0;0;0;0;0;1;1;1;0;0;0;0;0;0;0;0;0;0;0;1;0.223931946778095;0.150581418930726;0.9974671206341;;;0.764651036931;0.710133263679248;0.665340645378366;True;0.0;0.0;0.0;0;3930.0;low ;0.7;2090.0;moderate ;0.85;12590.0;low ;0.0;0.110332459484401;0.0348864828286532;0.0267425541896628;0.016302086749838;0.162199343038454;;;P_score_freshwater_pred_Dashboard;0.9974671206341;0.457326828780974;M_score_exp_UBA;0.764651036931;M_score_exp_UBA;0.764651036931;0.713374981996205;kemi_score;0.89;0.873335140766386;1.0;0.764651036931;0.5;0.571179059707206;1.0;0.339354583816548;1.0;0.544399011045339;1.0;0.444894367132096;0.75;0.440263821011523;1.0;2.0;vPvM;vPvM;PM;2;Al Oh;['Alkylphenols']
114;2-nitrotoluene;88-72-2;201-853-3;PLAZTCDQAHEYBI-UHFFFAOYSA-N;Cc1ccccc1N(=O)=O;DTXSID4025791;6944.0;PRO-115;NS00005656;REACH-A;False;vPvM & PMT;MQ;vPvM & PMT;False;False;;;False;False;False;False;False;False;False;False;False;False;False;False;False;False;False;True;False;False;Personal care -> child specific;;;True;True;True;False;False;False;True;False;False;False;False;False;True;False;False;False;False;False;False;False;False;False;False;False;False;P-PNEC pred;137.138;2.3;2.38;;4.55;0.0047;0.00475;1.859738566;2.4164;58.5569625918923;30.47475408;18.2;66.0;;;1.9;;9.43586;0.43;0.59;0.0;0.1;>0 to < 10 tonnes;0.0;10.0;0;0;0;0;0;0;0;0;0;0;0;0;0;0;0;0;0;0;1;0;1;0;0;0;0;0;0;0;0;0;0;0;0;0;0;0;0;0;0;0;0;0;0;0;0;0;0;0;0;0;1;1;0;0;0;0;0;0;0;0;0;0;0;0;1;0.540643581669199;0.239012421482958;0.489597175430576;;;0.517321744832185;0.428340159242659;0.524286327696174;True;0.75;0.75;0.0;0;3130.0;moderate ;0.85;861.8;good ;1.0;1540.0;low ;0.7;0.273928476683262;0.0504307913214224;0.0294392740498515;0.0396380503159483;0.337960239790778;;;P_score_freshwater_pred_UBA;0.540643581669199;0.423084392860911;M_score_exp_UBA;0.517321744832185;M_score_pred_Dashboard;0.524286327696174;0.489982743923673;kemi_score;0.59;0.532402139388875;1.0;0.517321744832185;0.5;0.455306546982657;1.0;0.381212412061877;1.0;0.450508938583172;1.0;0.422050999356195;0.75;0.416615538599826;1.0;0.0;PM;PM;PM;1;Nh0, Aryl Methyl, Benzene, Nitro, Nitro Arom, Para Hydroxylation;['Nitrobenzene derivatives', 'PAHs']
115;2-phenylbenzimidazole-5-sulfonic acid;27503-81-7;248-502-0;UVCJGUGAGLDPAA-UHFFFAOYSA-N;C1=CC=C(C=C1)C2=NC3=C(N2)C=C(C=C3)S(=O)(=O)O;DTXSID3038852;33919.0;PRO-116;NS00010386;;False;;;;False;False;;;False;False;False;False;False;False;False;False;False;True;False;False;False;False;True;True;True;False;"Personal care -> facial cleansing and moisturizing -> face cream/moisturizer; UV stabilizer; fragrance; fragrance component; sunscreen agent; ultraviolet light absorber; uv absorber; uv filter";;;True;True;True;False;False;False;True;False;False;True;True;False;True;False;False;True;False;False;False;False;False;False;False;False;False;;274.29;;0.962;;9.31;;0.0236;2.459392488;-0.2695;48.9108865237318;25.01985458;8.51;;;;;;100.0;0.83;0.57;0.25;0.38;>100 to < 1000 tonnes;100.0;1000.0;0;0;0;0;0;0;0;0;0;0;0;0;0;0;0;0;0;0;0;0;0;0;0;0;0;0;0;0;0;0;0;0;0;0;0;0;0;1;0;0;0;0;0;0;0;0;0;0;0;0;0;1;1;0;0;0;0;0;0;0;0;0;0;0;0;;0.183132560290516;0.41354506468978;;;;0.828224736888275;0.421059243364851;False;0.0;0.0;0.0;0;326.299999999999;low ;0.207;1280.0;low ;0.534;511.7;low ;0.634;0.119202922022117;0.0428108285293005;0.0749090688642807;0.0624434682593448;0.230001244227865;;;P_score_freshwater_pred_Dashboard;0.41354506468978;0.298338812490148;;;M_score_pred_Episuite;0.828224736888275;0.624641990126563;kemi_score;0.57;0.585242045989638;1.0;;;0.431688486719117;1.0;0.436922227300383;1.0;0.505673074469687;1.0;0.436922227300383;0.5;0.434297473072603;1.0;0.0;PM;;PM;2;Ar N, Ar Nh, Nh0, Nh1, Nhpyrrole, Benzene, Bicyclic, Imidazole;['Benzimidazole', 'Aromatic amines', 'Cyclohexanes', 'Imidazoles', 'Pyrimidines']
116;2-Phenylphenol;90-43-7;201-993-5;LLEMOWNGBBNAJR-UHFFFAOYSA-N;C1=CC=C(C=C1)C2=CC=CC=C2O;DTXSID2021151;7017.0;PRO-117;NS00010901;;True;;;;False;False;;;False;False;False;False;False;False;False;False;False;False;False;False;False;False;False;True;False;False;"Cleaning products and household care -> carpet and floor -> carpet cleaner; Cleaning products and household care -> general household cleaning -> disinfectant; Cleaning products and household care -> laundry and fabric treatment -> laundry detergent; Home maintenance -> septic system; Personal care -> deodorant; Pesticides -> insecticide; active ingredient; biocide; fungicide; other; preservative; preservative";;;True;False;True;True;True;True;True;False;False;False;True;False;True;False;False;False;False;False;False;False;False;False;False;False;False;;170.211;3.09;3.1;;9.2;0.268;0.00535;3.530199698;2.8011;5348061522.75056;18.72344262;49.0;;;;;;0.18;0.36;0.8;0.0;0.12;>0 to < 10 tonnes;0.0;10.0;0;0;0;0;0;0;0;0;0;0;0;0;0;0;0;0;0;0;0;0;0;0;0;0;0;0;0;0;0;0;0;0;0;0;0;0;0;0;0;0;0;0;0;0;0;0;0;0;0;0;1;1;0;0;0;0;0;0;0;0;0;0;1;0;0;;0.120167758549311;0.999999999999974;;;;0.364640230644186;0.257184569486532;True;0.0;0.0;0.0;0;222.3;low ;0.7;233.2;good ;1.0;100.9;moderate ;0.85;0.678028763004354;0.0856668906812014;0.087309347879026;0.1187949795089;0.742667358198053;;;P_score_freshwater_pred_Dashboard;0.999999999999974;0.560083879274642;;;M_score_pred_Episuite;0.364640230644186;0.310912400065359;kemi_score;0.8;0.603854478036038;1.0;;;0.417297283891467;1.0;0.517068901551136;1.0;0.558779358651364;1.0;0.517068901551136;0.5;0.464512053882387;1.0;1.0;PM;;PM;2;Ar Oh, Benzene, Para Hydroxylation, Phenol, Phenol Noorthohbond;['Alkylphenols', 'Phenols']
117;2R,3R,4R,5R,8R,10R,11R,13S,14R)-11-[(2S,3R,4S,6R)-4-dimethylamino-3-hydroxy-6-methyl-oxan-2-yl]oxy-2-ethyl-3,4,10-trihydroxy-13-[(2S,4R,5S,6S)-5-hydroxy-4-methoxy-4,6-dimethyl-oxan-2-yl]oxy-3,5,6,8,10,12,14-heptamethyl-1-oxa-6-azacyclopentadecan-15-one;83905-01-5;617-500-5;MQTOSJVFKKJCRP-BICOPXKESA-N;CCC1OC(=O)C(C)C(OC2CC(C)(OC)C(O)C(C)O2)C(C)C(OC2OC(C)CC(C2O)N(C)C)C(C)(O)CC(C)CN(C)C(C)C(O)C1(C)O;DTXSID8030760;447043.0;PRO-118;NS00000204;REACH-B;False;vPvM & PMT;MQ;vPvM & PMT;False;False;;;False;False;False;False;False;False;False;False;False;False;False;False;False;False;False;False;False;False;;;;False;False;True;False;False;False;False;False;False;False;False;False;False;False;False;False;False;False;False;False;False;False;False;False;False;EQS-proposal;748.996;4.02;3.47;;9.53;;0.00467;4.640481437;1.6765;3612822.93074024;802.9122521;6.17;12351.0;;;;-4.5;0.019;0.56;0.42;0.0;0.0;;;;0;0;0;0;0;0;0;0;0;0;0;0;0;0;0;0;0;0;1;0;0;0;0;0;0;0;0;0;0;0;0;0;0;0;0;0;0;0;0;0;0;0;0;0;0;0;0;0;0;0;0;1;0;0;0;0;0;0;0;0;0;0;0;0;0;0.999889105374465;0.988275754813668;0.999999993253839;;;;0.555824566800167;0.138209415240419;False;0.0;0.0;0.0;0;443.7;low ;0.0;407.7;low ;0.0;3930.0;low ;0.0;0.848289310757696;0.0684758675935617;0.0661686277514711;0.0267425541896628;0.866149142658626;;;P_score_freshwater_pred_Dashboard;0.999999993253839;0.996054951147324;;;M_score_pred_Episuite;0.555824566800167;0.347016991020293;kemi_score;0.42;0.74553642637398;1.0;;;0.587918354908238;1.0;0.696450658617558;1.0;0.720575697044758;1.0;0.696450658617558;0.5;0.639887588166229;1.0;1.0;vPvM(T);(T);PM(T);1;Al Oh, Al Oh Notert, C O, C O Nocoo, Nh0, Ndealkylation1, Ester, Ether, Lactone, Methoxy;['Alkylphenols', 'Ethylene Glycols']
118;3-({[(4-methylphenyl)sulfonyl]carbamoyl}amino)phenyl 4-methylbenzenesulfonate;232938-43-1;432-520-2;HEVGMYPGMWZOBU-UHFFFAOYSA-N;CC1=CC=C(C=C1)S(=O)(=O)NC(=O)NC2=CC(=CC=C2)OS(=O)(=O)C3=CC=C(C=C3)C;DTXSID90872910;22035425.0;PRO-119;NS00004605;REACH-A;False;vPvM;HQ;PM;False;False;;;False;False;False;False;False;False;False;False;False;False;False;False;False;False;False;True;True;True;;;;True;True;True;True;False;True;False;False;False;False;True;True;False;False;True;False;False;False;False;False;False;False;True;False;False;P-PNEC pred;460.52;;4.19;;9.63;;1.52e-05;4.230448921;;4105.16000827419;;6.17;727.0;;;2.2;;0.41054;;0.52;0.39;0.52;>1000 to < 10000 tonnes;1000.0;10000.0;0;0;0;0;0;0;0;0;0;0;0;0;0;0;0;0;0;0;0;0;0;0;0;0;1;0;0;0;0;0;0;0;0;0;0;0;0;0;0;0;0;0;0;0;0;0;0;0;1;0;0;0;0;0;0;0;0;0;0;0;0;0;0;0;0;0.986136235531704;;0.999271508384264;;;0.465398038619236;;0.175660488958849;True;0.0;0.0;0.0;0;59.4;low ;0.194;10.2;low ;0.204;726.4;low ;0.261;0.59547467599119;0.26725388874433;0.14507207925018;0.054106490859975;0.729100596118978;;;P_score_freshwater_pred_Dashboard;0.999271508384264;0.992703871957984;M_score_exp_UBA;0.465398038619236;M_score_exp_UBA;0.465398038619236;0.320529263789043;kemi_score;0.52;0.681952344412805;1.0;0.465398038619236;0.5;0.564083895568048;1.0;0.729100596118978;0.5;0.697319540964914;0.75;0.582513508332543;0.5;0.614457172949984;0.75;1.0;PM(T);PM(T);PM(T);3;C O, C O Nocoo, Nh1, Amide, Aniline, Aryl Methyl, Benzene, Sulfonamd, Urea;['Sulfonamides', 'PAHs', 'Phenylureas']
119;3-(4-methyl-1H-imidazol-1-yl)-5-(trifluoromethyl)aniline;641571-11-1;688-269-6;WWTGXYAJVXKEKL-UHFFFAOYSA-N;C(F)(F)(F)c1cc(N)cc(n2cc(C)nc2)c1;DTXSID10475604;12002825.0;PRO-120;NS00009975;REACH-B;False;vPvM & PMT;MQ;vPvM & PMT;False;False;;;False;False;False;False;False;False;False;False;False;False;False;False;False;False;False;True;True;False;;;;False;False;True;False;False;False;False;False;False;False;False;False;False;False;False;False;False;False;False;False;False;False;False;False;False;P-PNEC pred;241.217;;2.63;;10.0;;0.000209;2.640481437;;34.813317487602;;2.4;212.0;;;;-1.0;2.04459;;0.3;0.0;0.0;;;;1;0;0;0;0;0;0;0;0;0;0;0;0;0;0;0;0;0;1;0;0;0;0;0;0;0;0;0;0;0;0;0;0;0;0;0;0;0;0;0;0;0;0;0;0;0;0;0;0;0;0;1;0;0;0;0;0;0;0;0;0;0;0;0;0;0.896396939781786;;0.282810472375868;;;;;0.390800666276679;False;0.0;0.0;0.0;0;202.1;low ;0.2;26.9;low ;0.204;1480.0;low ;0.204;0.422966771329766;0.193137284812463;0.0906630093487502;0.0403002920534842;0.560410368837743;;;P_score_freshwater_pred_UBA;0.896396939781786;0.589603706078827;;;M_score_pred_Dashboard;0.390800666276679;0.390800666276679;kemi_score;0.3;0.591872048094094;1.0;;;0.480018250876781;1.0;0.560410368837743;0.5;0.581193311368696;0.75;0.560410368837743;0.25;0.505444979850909;0.75;0.0;PM;;PM;3;Arn, Ar N, Nh0, Nh2, Alkyl Halide, Aniline, Aryl Methyl, Benzene, Halogen, Imidazole;['Benzimidazole', 'Aromatic amines', 'Chlorobenzenes', 'Imidazoles', 'PAHs', 'PBB', 'PCB', 'Pyrimidines', 'PFAS']
120;3,3,4,4,5,5,6,6,7,7,8,8,8-tridecafluorooct-1-ene;25291-17-2;246-791-8;FYQFWFHDPNXORA-UHFFFAOYSA-N;FC(F)(F)C(F)(F)C(F)(F)C(F)(F)C(F)(F)C(F)(F)C=C;DTXSID8067076;91384.0;PRO-121;NS00011085;REACH-A;False;vPvM;HQ;PM;False;False;;;False;False;False;False;False;False;False;False;False;False;False;False;False;False;False;False;False;False;;Intermediates;;True;True;True;False;False;False;True;False;False;False;False;False;False;False;False;False;False;False;False;False;False;False;False;False;False;P-PNEC pred;346.091;;5.51;;2.13;;1.01e-05;4.469822016;4.9813;87.3567230134409;1002.888939;115.0;3735.0;;;2.7;;0.09697;0.11;0.37;0.09;0.16;>10 to < 100 tonnes;10.0;100.0;0;0;0;0;0;0;0;1;0;0;0;0;0;0;1;0;0;0;0;0;0;0;0;0;0;0;0;0;0;0;1;0;0;0;0;0;0;0;0;0;0;0;0;0;0;0;0;0;0;0;1;1;0;0;1;0;0;0;0;0;0;0;0;0;0;0.999143895948101;0.991953898474381;0.655247715497613;;;0.38102426132988;0.112397761683606;0.152910941220257;False;0.0;0.0;0.0;0;194.5;low ;0.185;88.7;low ;0.188;489.5;low ;0.0;0.733677700485035;0.124779942862654;0.0920448014599599;0.0635807407802055;0.786863272462587;;;P_score_freshwater_pred_UBA;0.999143895948101;0.882115169973365;M_score_exp_UBA;0.38102426132988;M_score_exp_UBA;0.38102426132988;0.215444321411248;kemi_score;0.37;0.617007345917278;1.0;0.38102426132988;0.5;0.435943464455517;1.0;0.29420224331382;1.0;0.426057443673937;1.0;0.320687129238901;0.75;0.358127833602489;1.0;1.0;PM;PM;PM;4;Alkyl Halide, Allylic Oxid, Halogen;['PFAS']
121;3,3,4,4,5,5,6,6,7,7,8,8,8-tridecafluorooctanesulphonic acid;27619-97-2;248-580-6;VIONGDJUYAYOPU-UHFFFAOYSA-N;C(CS(=O)(=O)O)C(C(C(C(C(C(F)(F)F)(F)F)(F)F)(F)F)(F)F)(F)F;DTXSID6067331;119688.0;PRO-122;NS00010579;REACH-A;False;vPvM;MQ;vPvM;True;True;x;x;True;True;True;True;True;True;False;False;False;False;False;False;False;False;True;False;False;False;;"Fire extinguishing agent; Processing aids, not otherwise listed; Surface active agents";;False;False;True;False;False;True;False;False;False;False;True;False;False;False;False;False;False;False;False;False;False;False;False;False;False;P-PNEC pred;428.16;3.73;3.39;;5.71;;0.000855;2.980003372;2.3964;134.289779684935;981.2141731;6.03;2937.0;;;1.3;;0.62184;0.43;0.37;0.11;0.22;>10 to < 100 tonnes;10.0;100.0;1;0;0;0;0;0;0;0;0;0;0;0;0;1;1;0;0;0;0;0;0;0;0;0;0;0;0;0;0;0;1;0;0;0;0;0;0;0;0;0;0;0;0;0;0;0;0;0;0;0;0;1;0;1;1;0;0;1;1;0;0;0;0;0;0;0.998709411387333;0.991650237138498;0.798553329358552;;;0.618975738670119;0.431738028170778;0.336420550429069;False;0.0;0.0;0.0;0;178.5;low ;0.151;242.7;low ;0.192;574.7;low ;0.0;0.551398137096155;0.084318308923122;0.0952082490152524;0.0595556561412844;0.626938707916625;;;P_score_freshwater_pred_UBA;0.998709411387333;0.929637659294794;M_score_exp_UBA;0.618975738670119;M_score_exp_UBA;0.618975738670119;0.462378105756655;kemi_score;0.37;0.786242262683885;1.0;0.618975738670119;0.5;0.655624968975998;1.0;0.519214449340683;1.0;0.63892749468761;1.0;0.550540224496577;0.75;0.58344661901572;1.0;0.0;vPvM;PM;PM;4;Alkyl Halide, Halogen;['PFAS']
122;3,3'-dichlorobenzidine dihydrochloride;612-83-9;210-323-0;BXAONUZFBUNTQR-UHFFFAOYSA-N;c1cc(c(cc1c1cc(c(cc1)N)Cl)Cl)N;DTXSID1020433;11933.0;PRO-123;NS00078378;REACH-B;False;PMT;HQ;Not PMT/vPvM;False;False;;;False;False;False;False;False;False;False;False;False;False;False;False;False;False;False;False;False;False;;"Intermediate; Intermediates; Pigments";"Intermediate; Pigments";True;True;True;False;False;False;True;False;False;False;False;False;False;False;False;False;False;False;False;False;False;False;False;False;False;P-PNEC;326.04;;1.98;;9.11;;2.48e-05;4.350248018;1.1308;1174947663720100.0;95.64756469;145.0;508.0;;;3.8;;1.046072515;0.65;;0.0;0.0;;;;0;0;0;0;0;0;0;0;0;0;0;0;0;0;0;0;0;0;1;0;0;0;0;0;0;0;0;0;0;0;0;0;0;0;0;0;0;0;0;0;0;0;1;0;0;0;1;1;1;1;1;0;1;1;1;1;0;1;1;1;1;1;0;0;1;0.97471047316568;0.689372860717997;1.0;;;0.223104613204262;0.646224292843726;0.163958105041091;False;0.0;0.0;0.0;0;129.0;low ;0.7;37.8;;1.0;182.9;;1.0;0.495109708096617;0.171150997695503;0.10807181009419;0.0943011299700617;0.626870791864529;;;P_score_freshwater_pred_Dashboard;1.0;0.888027777961226;M_score_exp_UBA;0.223104613204262;M_score_pred_Episuite;0.646224292843726;0.34442900369636;E_score_min;0.0;0.803880770291046;1.0;0.223104613204262;0.5;0.553048391027293;1.0;0.638330646853136;1.0;0.716339118080732;1.0;0.449641768571178;0.75;0.594161373017077;1.0;1.0;vPvM(T);(T);PM(T);4;Arn, Nh2, Aniline, Benzene, Halogen;['Aromatic amines', 'Chlorobenzenes', 'PBB', 'PCB']
123;3,3'-sulphonyldianiline;599-61-1;209-967-5;LJGHYPLBDBRCRZ-UHFFFAOYSA-N;C1=CC(=CC(=C1)S(=O)(=O)C2=CC=CC(=C2)N)N;DTXSID3044962;11741.0;PRO-124;NS00001251;REACH-A;True;vPvM & PMT;MQ;vPvM & PMT;False;False;;;False;False;False;False;False;False;False;False;False;False;False;False;False;False;False;False;False;False;;"Hardener; Intermediate";Hardener;True;True;True;True;False;True;True;False;False;True;True;True;False;False;False;False;False;False;False;False;False;False;False;False;False;P-PNEC pred;248.3;;1.08;;9.07;;0.00586;1.899820502;1.3317;485165195.40979;51.71607279;2.75;343.0;;;1.8;;1.39435;0.61;0.63;0.22;0.33;>100 to < 1000 tonnes;100.0;1000.0;0;1;0;0;0;0;0;0;0;0;0;0;0;0;0;0;0;0;1;0;0;0;0;0;0;0;0;0;0;0;1;0;0;0;0;0;0;0;0;0;0;1;0;0;0;0;0;0;0;0;0;0;0;0;1;0;0;0;0;0;0;0;0;0;0;0.95167791063387;0.436841114800465;0.999999999998447;;;0.534601961380763;0.613780203465793;0.517352812067454;False;0.0;0.0;0.0;0;238.9;low ;0.322;132.899999999999;low ;0.7;666.8;low ;0.485;0.463969610452336;0.106831256213988;0.0848489785008015;0.0560411891793732;0.558977726387029;;;P_score_freshwater_pred_Dashboard;0.999999999998447;0.796173008477594;M_score_exp_UBA;0.534601961380763;M_score_pred_Episuite;0.613780203465793;0.55524499230467;kemi_score;0.63;0.783441257188336;1.0;0.534601961380763;0.5;0.66488425757069;1.0;0.583931856551848;1.0;0.676369948925363;1.0;0.567002484496873;0.75;0.623094775227132;1.0;0.0;vPvM;PM;PM;;Arn, Nh2, Aniline, Benzene, Sulfone;['Aromatic amines']
124;3,4-diaminobenzenesulphonic acid;7474-78-4;231-274-1;FKSRSWQTEJTBMI-UHFFFAOYSA-N;Nc1ccc(S(=O)(=O)O)cc1N;DTXSID4064715;81986.0;PRO-125;NS00002363;REACH-B;False;vPvM & PMT;MQ;vPvM & PMT;False;False;;;False;False;False;False;False;False;False;False;False;False;False;False;False;False;False;False;False;False;;;;True;False;True;False;False;False;True;False;False;False;False;False;False;False;False;False;False;False;False;False;False;False;False;False;False;P-PNEC pred;188.2;;-2.44;;8.32;;0.272;1.710117365;-0.7775;12.3049300605104;30.24377472;4.37;280.0;;;;-2.9;13.90823;0.87;0.32;0.0;0.0;;;;0;0;0;0;0;0;0;0;0;0;0;0;0;0;0;0;0;0;1;0;0;0;0;0;0;0;0;0;0;0;0;0;0;0;0;0;0;0;0;0;0;0;0;0;0;0;0;0;0;0;0;1;0;0;0;0;0;0;0;0;0;0;0;0;0;0.932980969752969;0.236654788385145;0.0624762902878465;;;;0.872718989919646;0.550064506490143;False;0.0;0.0;0.0;0;729.7;low ;0.218;158.4;low ;0.7;9080.0;good ;1.0;0.241720149399791;0.0997724764373111;0.0540058328758043;0.0187416796122591;0.340467656167329;;;P_score_freshwater_pred_UBA;0.932980969752969;0.410704016141987;;;M_score_pred_Episuite;0.872718989919646;0.711391748204894;kemi_score;0.32;0.902347056036125;1.0;;;0.540528859579226;1.0;0.544248896062799;1.0;0.700786264929028;1.0;0.544248896062799;0.5;0.542385688524391;1.0;0.0;vPvM;;PM;2;Arn, Nh2, Aniline, Benzene;['Aromatic amines']
125;3,4-dichloroaniline;95-76-1;202-448-4;SDYWXFYBZPNOFX-UHFFFAOYSA-N;c1cc(c(cc1N)Cl)Cl;DTXSID7021815;7257.0;PRO-126;NS00000077;REACH-B;False;vPvM & PMT;MQ;PMT;False;False;;;False;False;False;False;False;False;False;False;False;False;False;False;False;False;False;False;False;False;"degradate (diuron); herbicides and herbicide degradates";;;True;False;True;False;False;False;False;False;False;False;False;False;False;False;False;False;False;False;False;False;False;False;False;False;False;AA-QSwater_eco;162.01;2.69;2.54;;7.51;0.00131;0.00244;2.42975228;2.3914;540364.937246691;61.35405879;12.9;133.0;;;2.3;;0.2;0.43;0.57;0.0;0.0;;;;0;0;0;0;0;0;0;0;0;0;0;0;0;0;0;0;0;0;1;0;0;0;0;0;0;0;0;0;0;0;0;0;0;0;0;0;0;0;0;0;0;0;0;0;0;0;0;0;0;0;1;1;0;0;0;0;0;0;0;0;0;0;0;0;0;0.795886242917814;0.509536533648575;0.999999826349462;;;0.44820048133989;0.432588513222725;0.426075429753153;True;0.0;0.0;0.0;0;955.8;moderate ;0.85;9.29999999999999;;1.0;1090.0;;1.0;0.667959369323381;0.27518298598824;0.0483207479093608;0.0457634221024151;0.761924246332183;;;P_score_freshwater_pred_Dashboard;0.999999826349462;0.76847420097195;M_score_exp_UBA;0.44820048133989;M_score_exp_UBA;0.44820048133989;0.435621474771923;kemi_score;0.57;0.669477709494226;1.0;0.44820048133989;0.5;0.578587819394408;1.0;0.572387478831288;1.0;0.619032033315842;1.0;0.527574977922953;0.75;0.575479298694278;1.0;0.0;PM;PM;PM;4;Arn, Nh2, Aniline, Benzene, Halogen;['Aromatic amines', 'Chlorobenzenes', 'PBB', 'PCB']
126;3,4-dichlorobut-1-ene;760-23-6;212-079-0;XVEASTGLHPVZNA-UHFFFAOYSA-N;C=CC(CCl)Cl;DTXSID8022113;12971.0;PRO-127;NS00002776;REACH-B;False;vPvM & PMT;MQ;PMT;False;False;;;False;False;False;False;False;False;False;False;False;False;False;False;False;False;False;False;False;False;;;;True;False;True;False;False;False;False;False;False;False;False;False;False;False;False;False;False;False;False;False;False;False;False;False;False;P-PNEC pred;124.99;;2.18;;3.53;0.00337;0.0058;2.089905111;2.2561;48.9108865237318;35.28316503;12.9;41.0;;;;2.0;8.57764;0.46;0.48;0.0;0.0;;;;0;0;0;0;0;0;0;0;0;0;0;0;0;0;0;0;0;0;1;0;0;0;0;0;0;0;0;0;0;0;0;0;0;0;0;0;0;0;0;0;0;0;0;0;0;0;0;0;0;0;1;1;0;0;0;0;0;0;0;0;0;0;0;0;0;0.342778895071723;0.287481867620522;0.41354506468978;;;;0.455737422718115;0.484425671321968;False;0.0;0.0;0.0;0;6100.0;low ;0.34;870.199999999999;;1.0;9520.0;;1.0;0.282241957618788;0.0502294424661789;0.0221974609741224;0.018367450510253;0.332034428968742;;;P_score_freshwater_pred_Dashboard;0.41354506468978;0.347935275794008;;;M_score_pred_Dashboard;0.484425671321968;0.470081547020041;kemi_score;0.48;0.447584456370229;1.0;;;0.404422987363592;1.0;0.390814325896097;1.0;0.418237274280882;1.0;0.390814325896097;0.5;0.397560432114903;1.0;0.0;PM;;PM;2;Alkyl Halide, Allylic Oxid, Halogen;['Chlorinated alkane']
127;3,5-bis(1,1-dimethylethyl)-4-hydroxy-benzoic acid;13423-73-9;;YEXOWHQZWLCHHD-UHFFFAOYSA-N;CC(C)C1=CC(=CC(=C1O)C(C)C)C(=O)O;DTXSID30158604;25972.0;PRO-128;;;False;;;;False;False;;;False;False;False;False;False;False;False;False;False;True;False;False;False;False;True;False;False;False;;;;False;False;False;False;False;False;False;False;False;False;False;False;False;False;False;False;False;False;False;False;False;False;False;False;False;;222.284;;3.78;;8.14;;0.00101;2.220108088;;134.289779684935;;3.09;;;;;;;;;;;;;;0;0;0;0;0;0;0;0;0;0;0;0;0;0;0;0;0;0;0;0;0;0;0;0;0;0;0;0;0;0;0;0;0;0;0;0;0;0;0;0;0;0;0;0;0;0;0;0;0;0;0;0;0;0;0;0;0;0;0;0;0;0;0;0;0;;;0.798553329358552;;;;;0.461931987947652;False;0.0;0.0;0.0;0;120.1;low ;0.7;354.9;low ;0.7;484.599999999999;low ;0.7;;0.0724193645537911;0.111101090200551;0.0638413769328916;0.163646053618259;;;P_score_freshwater_pred_Dashboard;0.798553329358552;0.798553329358552;;;M_score_pred_Dashboard;0.461931987947652;0.461931987947652;;;0.607352720346926;1.0;;;0.607352720346926;1.0;0.163646053618259;0.5;0.392279698555865;0.75;0.163646053618259;0.25;0.392279698555865;0.75;0.0;PM;;PM;3;Ar Coo, Ar Oh, Coo, Coo2, C O, Benzene, Phenol, Phenol Noorthohbond;['Alkylphenols', 'Phenols']
128;3,5-diacetamido-2,4,6-triiodobenzoic acid;117-96-4;204-223-6;YVPYQUNUQOZFHG-UHFFFAOYSA-N;CC(=O)Nc1c(I)c(NC(=O)C)c(I)c(C(=O)O)c1I;DTXSID0044521;2140.0;PRO-129;;REACH-B;False;vPvM;MQ;vPvM;False;False;;;False;False;False;False;False;False;False;False;False;False;False;False;False;False;False;True;False;False;x-ray contrast medium;;;True;True;True;True;False;False;True;False;False;False;True;False;False;True;False;False;False;False;False;False;False;False;False;False;False;P-PNEC pred;613.916;;1.32;;9.39;0.00163;0.00129;2.519827994;0.8627;877199251318.764;200.0703839;3.47;;;;;-0.6;0.073;0.69;0.54;0.03;0.1;>1 to < 10 tonnes;1.0;10.0;1;0;0;0;0;0;0;0;0;0;0;0;0;0;0;0;0;0;1;0;1;0;0;0;0;0;0;0;0;0;0;0;0;0;0;0;0;0;0;0;0;0;0;0;0;0;0;0;0;0;0;1;0;0;0;0;0;0;0;0;0;0;1;0;1;;0.886834457456708;1.0;;;;0.687469690779437;0.410882756692028;False;0.0;0.0;0.0;0;238.9;low ;0.0;1100.0;low ;0.283;406.3;low ;0.0;0.757069035628877;0.0455905338519645;0.0848489785008015;0.0685712196353067;0.7894080708327;;;P_score_freshwater_pred_Dashboard;1.0;0.943417228728354;;;M_score_pred_Episuite;0.687469690779437;0.549176223735732;kemi_score;0.54;0.829137920239713;1.0;;;0.719793241896774;1.0;0.738032227531131;1.0;0.782259871273635;1.0;0.738032227531131;0.5;0.728855685083769;1.0;0.0;vPvM(T);(T);vPvM(T);;Ar Coo, Coo, Coo2, C O, C O Nocoo, Nh1, Amide, Aniline, Benzene, Halogen;['Alkylphenols', 'Chlorobenzenes', 'PBB', 'PCB']
129;3:3 fluorotelomer carboxylate;356-27-4;206-602-1;JVHJRIQPDBCRRE-UHFFFAOYSA-N;CCOC(=O)C(C(C(F)(F)F)(F)F)(F)F;DTXSID9059882;9644.0;PRO-130;NS00019000;;False;;;;False;False;;;False;False;False;False;False;True;False;False;False;False;False;False;False;False;True;False;False;False;;;;False;False;False;False;False;False;False;False;False;False;False;False;False;False;False;False;False;False;False;False;False;False;False;False;False;;242.093;;2.99;;2.7;;0.00624;1.980003372;2.4746;87.3567230134409;140.7977891;3.89;;;;;;1.6843;;0.24;;;;;;0;0;0;0;0;0;0;0;0;0;0;0;0;0;0;0;0;0;0;0;0;0;0;0;0;0;0;0;0;0;0;0;0;0;0;0;0;0;0;0;0;0;0;0;0;0;0;0;0;0;0;0;0;0;0;0;0;0;0;0;0;0;0;0;0;;0.811254037425891;0.655247715497613;;;;0.418491830535644;0.503465096104752;False;0.0;0.0;0.0;0;247.5;low ;0.226;2610.0;low ;0.227;10670.0;low ;0.0;0.443635728809948;0.031779435858913;0.0836639332197676;0.0174954449846247;0.4941428375911;;;P_score_freshwater_pred_RIVM;0.811254037425891;0.733250876461752;;;M_score_pred_Dashboard;0.503465096104752;0.460978463320198;kemi_score;0.24;0.639091614651604;1.0;;;0.581388735924189;1.0;0.4941428375911;0.5;0.58657864476792;0.75;0.4941428375911;0.25;0.550717119559958;0.75;0.0;PM;;PM;2;C O, C O Nocoo, Alkyl Halide, Ester, Ether, Halogen;['Ethylene Glycols', 'PFAS']
130;3-[(E)-2-[1-({4-[(2E)-2-[2-(5-carboxy-2-chlorophenyl)hydrazin-1-ylidene]-3-oxobutanamido]-2,5-dimethylphenyl}carbamoyl)-2-oxopropylidene]hydrazin-1-yl]-4-chlorobenzoic acid;74351-78-3;616-083-7;MFNRAHKNWDJWME-UHFFFAOYNA-N;CC(=O)C(N=Nc1cc(ccc1Cl)C(=O)O)C(=O)Nc1cc(C)c(NC(=O)C(N=Nc2cc(ccc2Cl)C(=O)O)C(=O)C)cc1C;DTXSID601110236;13981353.0;PRO-131;NS00009996;REACH-B;False;vPvM;HQ;vPvM;False;False;;;False;False;False;False;False;False;False;False;False;False;False;False;False;False;False;False;False;False;;;;False;False;True;False;False;False;False;False;False;False;False;False;False;False;False;False;False;False;False;False;False;False;False;False;False;P-PNEC;669.47;;2.84;;9.53;;0.000282;4.589949601;;1982759.26353756;;7.08;2216.0;;;;-1.2;0.012001418;;0.27;0.0;0.0;;;;0;0;0;0;0;0;0;0;0;0;0;0;0;0;0;0;0;0;1;0;0;0;0;0;0;0;0;0;0;0;0;0;0;0;0;0;0;0;0;0;0;0;0;0;0;0;0;0;0;0;0;1;0;0;0;0;0;0;0;0;0;0;0;0;0;0.997912757347273;;0.999999981184512;;;;;0.142434384244122;False;0.0;0.0;0.0;0;199.2;low ;0.0;1300.0;low ;0.0;942.2;low ;0.0;0.872223988529533;0.0425357553932425;0.0911818351628657;0.0486077664150803;0.88789023411035;;;P_score_freshwater_pred_Dashboard;0.999999981184512;0.998956369265892;;;M_score_pred_Dashboard;0.142434384244122;0.142434384244122;kemi_score;0.27;0.377404798014214;1.0;;;0.377207814530838;1.0;0.88789023411035;0.5;0.50194720215335;0.75;0.88789023411035;0.25;0.501772528677962;0.75;1.0;PM(T);(T);PM(T);4;Ar Coo, Coo, Coo2, C O, C O Nocoo, Nh0, Nh1, Amide, Aniline, Aryl Methyl, Azo, Benzene, Halogen, Ketone, Ketone Topliss;['Alkylphenols', 'Chlorobenzenes', 'Benzophenones', 'PAHs', 'PBB', 'PCB']
131;3-acetamido-5-amino-4-hydroxybenzenesulphonic acid;40306-75-0;254-879-2;SFUJTLIHMWZDTL-UHFFFAOYSA-N;CC(=O)NC1=CC(=CC(=C1O)N)S(=O)(=O)O;DTXSID90885424;99501.0;PRO-132;;REACH-B;True;vPvM & PMT;MQ;vPvM & PMT;False;False;;;False;False;False;False;False;False;False;False;False;False;False;False;False;False;False;False;False;False;;;;True;True;True;False;False;False;True;False;False;False;False;False;False;False;False;False;False;False;False;False;False;False;False;False;False;P-PNEC pred;246.24;;-2.24;;9.39;;0.914;2.11058971;-0.8689;34.813317487602;29.72900192;3.98;95.0;;;;-3.4;13.97613709;0.88;0.39;0.0;0.0;;;;0;0;0;0;0;0;0;0;0;0;0;0;0;0;0;0;0;0;1;0;1;0;0;0;0;0;0;0;0;0;0;0;0;0;0;0;0;0;0;0;0;0;0;0;0;0;0;0;0;0;0;1;0;0;0;0;0;0;0;0;0;0;0;0;0;0.68688056026913;0.231394181518633;0.282810472375868;;;;0.87959176260934;0.480845641880115;False;0.0;0.0;0.0;0;221.299999999999;low ;0.215;113.699999999999;low ;0.692;2870.0;low ;0.7;0.241332646910958;0.113471611172528;0.0874655039217737;0.0305346716950735;0.358368163712891;;;P_score_freshwater_pred_UBA;0.68688056026913;0.400361738054544;;;M_score_pred_Episuite;0.87959176260934;0.680218702244727;kemi_score;0.39;0.777286615547453;1.0;;;0.521855863134549;1.0;0.56157277717794;1.0;0.660683739285466;1.0;0.56157277717794;0.5;0.541350206748884;1.0;0.0;vPvM;;PM;4;Arn, Ar Oh, C O, C O Nocoo, Nh1, Nh2, Amide, Aniline, Benzene, Phenol, Phenol Noorthohbond;['Alkylphenols', 'Phenols']
132;3-amino-4-methoxybenzanilide;120-35-4;204-388-4;LHMQDVIHBXWNII-UHFFFAOYSA-N;COc1ccc(cc1N)C(=O)Nc1ccccc1;DTXSID0051607;8426.0;PRO-133;NS00004705;REACH-B;False;vPvM & PMT;MQ;PMT;False;False;;;False;False;False;False;False;False;False;False;False;False;False;False;False;False;False;False;False;False;;Intermediates;;True;True;True;False;False;False;False;False;False;False;False;False;False;False;False;False;False;False;False;False;False;False;False;False;False;P-PNEC pred;242.278;;2.06;;9.19;;0.000791;2.320146286;1.7373;34.813317487602;46.19241291;35.5;58.0;;;;2.1;2.4581;0.55;0.42;0.0;0.0;;;;0;0;0;0;0;0;0;0;0;0;0;0;0;0;0;0;0;0;1;0;0;0;0;0;0;0;0;0;0;0;0;0;0;0;0;0;0;0;0;0;0;0;0;0;0;0;0;0;0;0;1;1;0;0;0;0;0;0;0;0;0;0;0;0;0;0.485515282689707;0.39005363325204;0.282810472375868;;;;0.545397075644128;0.444749417382161;False;0.0;0.0;0.0;0;133.1;moderate ;0.85;27.0;low ;0.673;449.4;moderate ;0.85;0.403572980351433;0.192886282913194;0.106768956925674;0.0658269071025653;0.544655326933358;;;P_score_freshwater_pred_UBA;0.485515282689707;0.386126462772538;;;M_score_pred_Episuite;0.545397075644128;0.495073246513144;kemi_score;0.42;0.514585867819452;1.0;;;0.43721948891768;1.0;0.547321139563736;1.0;0.53070116221687;1.0;0.547321139563736;0.5;0.489182449515412;1.0;0.0;PM;;PM;3;Arn, C O, C O Nocoo, Nh1, Nh2, Amide, Aniline, Benzene, Ether, Methoxy, Para Hydroxylation;['Ethylene Glycols', 'PBDE', 'PhenylEthers']
133;3-aminobenzenesulphonic acid;121-47-1;204-473-6;ZAJAQTYSTDTMCU-UHFFFAOYSA-N;Nc1cccc(S(=O)(=O)O)c1;DTXSID6024462;8474.0;PRO-134;NS00020466;REACH-B;False;vPvM & PMT;MQ;vPvM & PMT;False;False;;;False;False;False;False;False;False;False;False;False;False;False;False;False;False;False;False;False;False;;Intermediate;;True;True;True;False;False;False;True;False;False;False;True;False;False;False;False;False;False;False;False;False;False;False;False;False;False;P-PNEC pred;173.19;;-1.48;;7.93;;0.133;1.290034611;-0.247;48.9108865237318;21.78792345;4.79;119.0;;;;-2.8;37.60023;0.83;0.44;0.0;0.09;>0 to < 10 tonnes;0.0;10.0;0;0;0;0;0;0;0;0;0;0;0;0;0;0;0;0;0;0;1;0;0;0;0;0;0;0;0;0;0;0;0;0;0;0;0;0;0;0;0;0;0;0;0;0;0;0;0;0;0;0;1;1;0;0;0;0;0;0;0;0;0;0;0;0;0;0.763260193986817;0.150368261065146;0.41354506468978;;;;0.825994572974134;0.620603487837515;True;0.0;0.0;0.0;0;1290.0;low ;0.221;86.9;low ;0.7;6970.0;good ;1.0;0.171477703141629;0.125755583859808;0.0426725471104937;0.0209748592946049;0.277744103355003;;;P_score_freshwater_pred_UBA;0.763260193986817;0.442391173247248;;;M_score_pred_Episuite;0.825994572974134;0.723299030405824;kemi_score;0.44;0.794008046558909;1.0;;;0.565668725200386;1.0;0.480132904292814;1.0;0.61743776158103;1.0;0.480132904292814;0.5;0.521148892254483;1.0;0.0;vPvM;;PM;3;Arn, Nh2, Aniline, Benzene;['Aromatic amines']
134;3-aminomethyl-3,5,5-trimethylcyclohexylamine;2855-13-2;220-666-8;RNLHGQLZWXBQNY-UHFFFAOYSA-N;CC1(C)CC(N)CC(C)(CN)C1;DTXSID6027503;17857.0;PRO-135;NS00010871;REACH-A;True;PMT;HQ;PMT;False;False;;;False;False;False;False;False;False;False;False;False;False;False;False;False;False;False;True;False;True;"Cleaning products and household care -> dishwasher and dishes -> automatic dishwashing detergent; Home maintenance -> caulk/sealant; Home maintenance -> surface sealers; amine hardener; binder; binder; curing agent; curing agent component; hardener; not reported; quartz coating hardener; reactive hardener and plasticizer";"Hardener; Intermediates; Monomers; Paint additives and coating additives not described by other categories; Process regulators; Propellants and blowing agents";"Hardener; Paint additives and coating additives not described by other categories; Propellants and blowing agents";True;True;True;True;True;True;True;False;False;True;True;False;True;True;True;False;True;True;False;False;False;False;False;False;False;P-PNEC pred;170.3;;1.76;;7.84;;0.0894;1.989894564;1.5967;87.3567230134409;45.38846927;3.98;2500.0;;;;-6.6;16.02622;0.57;0.87;0.48;0.6;>10000 to < 100000 tonnes;10000.0;100000.0;1;1;0;0;0;0;0;1;1;0;0;0;0;0;0;0;0;0;1;0;1;0;0;0;0;0;0;0;0;0;1;0;0;0;0;0;0;0;0;0;0;1;0;0;0;0;0;0;0;0;1;1;1;0;0;0;0;0;0;0;0;1;0;0;0;0.99830091815794;0.382936803562794;0.655247715497613;;;;0.569434979514662;0.501751131458176;True;0.0;0.0;0.0;0;995.6;low ;0.553;1770.0;moderate ;0.85;4490.0;low ;0.7;0.23061690575899;0.0373997834922668;0.0475124665702432;0.0252772980168238;0.28849426377175;;;P_score_freshwater_pred_UBA;0.99830091815794;0.678828479072782;;;M_score_pred_Episuite;0.569434979514662;0.535593055486419;kemi_score;0.87;0.75396781289438;1.0;;;0.602972486319061;1.0;0.405514155548111;1.0;0.552941788035884;1.0;0.405514155548111;0.5;0.494483446243066;1.0;0.0;vPvM;;PM;3;Nh2;['Other']
135;3-bromo-5-chlorophenol;56962-04-0;611-435-6;GMGWXLPFRHYWAS-UHFFFAOYSA-N;Oc1cc(Cl)cc(Br)c1;DTXSID80627097;22630180.0;PRO-136;NS00002535;REACH-B;False;vPvM & PMT;MQ;PMT;False;False;;;False;False;False;False;False;False;False;False;False;False;False;False;False;False;False;False;False;False;;;;False;False;False;False;False;False;False;False;False;False;False;False;False;False;False;False;False;False;False;False;False;False;False;False;False;P-PNEC pred;207.45;;3.41;;7.71;;0.0118;3.149219113;;87.3567230134409;;32.4;50.0;;;;2.1;1.26104;;0.14;0.0;0.0;;;;0;0;0;0;0;0;0;0;0;0;0;0;0;0;0;0;0;0;0;0;0;0;0;0;0;0;0;0;0;0;0;0;0;0;0;0;0;0;0;0;0;0;0;0;0;0;0;0;0;0;0;0;0;0;0;0;0;0;0;0;0;0;0;0;0;0.422704537523528;;0.655247715497613;;;;;0.310757995881005;False;0.0;0.0;0.0;0;1950.0;low ;0.7;220.0;moderate ;0.85;622.3;moderate ;0.85;0.474839054982312;0.0876699456355361;0.035914647452507;0.0576492778838369;0.538852026964687;;;P_score_freshwater_pred_Dashboard;0.655247715497613;0.53897612651057;;;M_score_pred_Dashboard;0.310757995881005;0.310757995881005;kemi_score;0.14;0.45124656993006;1.0;;;0.409256815339869;1.0;0.538852026964687;0.5;0.478739339299459;0.75;0.538852026964687;0.25;0.448559907888325;0.75;1.0;PM;;PM;1;Ar Oh, Benzene, Halogen, Phenol, Phenol Noorthohbond;['Alkylphenols', 'Chlorobenzenes', 'Phenols', 'PBB', 'PCB']
136;3-chloroaniline;108-42-9;203-581-0;PNPCRKVUWYDDST-UHFFFAOYSA-N;C1=CC(=CC(=C1)Cl)N;DTXSID0024761;7932.0;PRO-137;NS00001502;REACH-B;True;vPvM & PMT;MQ;vPvM & PMT;False;False;;;False;False;False;False;False;False;False;False;False;False;False;False;False;False;False;False;False;False;;;;True;False;True;False;False;False;False;False;False;False;True;False;False;False;False;False;False;False;False;False;False;False;False;False;False;JG-MKN (totaal);127.57;1.88;1.85;;6.21;0.0425;0.0238;2.130333768;1.9434;6063.24248803609;35.34516776;2.29;;;;1.6;;0.41;0.51;0.52;0.0;0.0;;;;0;0;0;0;0;0;1;0;0;0;0;0;0;0;0;0;0;0;1;0;0;1;0;0;0;0;0;1;0;0;0;0;0;0;0;0;0;0;0;0;0;0;0;0;0;0;1;0;0;0;1;1;0;0;0;0;0;0;0;0;0;0;0;0;0;;0.288097068717011;0.999625863290749;;;0.568874072230784;0.509806774787518;0.477430227041622;False;0.0;0.0;0.0;0;3050.0;moderate ;0.85;16.4;;1.0;1620.0;;1.0;0.595612363223665;0.22884511019718;0.0297622642437458;0.0388092218588599;0.676500851495205;;;P_score_freshwater_pred_Dashboard;0.999625863290749;0.64386146600388;M_score_exp_UBA;0.568874072230784;M_score_exp_UBA;0.568874072230784;0.518703691353308;kemi_score;0.52;0.75409630390118;1.0;0.568874072230784;0.5;0.57790424737699;1.0;0.587380144593392;1.0;0.665538275400309;1.0;0.581145511638569;0.75;0.582622931565032;1.0;0.0;vPvM;PM;PM;4;Arn, Nh2, Aniline, Benzene, Halogen;['Aromatic amines', 'Chlorobenzenes', 'PBB']
137;3-hydroxy-4'-methoxy-2-naphthanilide;92-79-5;202-190-2;UIXFPIHXQQZAGX-UHFFFAOYSA-N;COc1ccc(NC(=O)c2cc3ccccc3cc2O)cc1;DTXSID2059067;66721.0;PRO-138;NS00009994;REACH-B;False;PMT;MQ;Potential PMT/vPvM;False;False;;;False;False;False;False;False;False;False;False;False;False;False;False;False;False;False;False;False;True;;;;True;True;True;False;False;True;True;False;False;False;False;True;False;False;False;False;False;False;False;False;False;False;True;False;False;P-PNEC pred;293.322;;4.25;;9.41;;1.79e-05;2.859738566;3.4137;120.301368663215;41.37155912;55.0;45.0;;;;2.3;0.13621;0.27;0.42;0.03;0.1;>1 to < 10 tonnes;1.0;10.0;0;0;0;0;0;0;0;0;0;0;0;0;0;0;0;0;0;0;1;0;0;0;0;0;0;0;0;0;0;0;0;0;0;0;0;0;0;0;0;0;0;0;0;0;0;0;0;0;0;0;0;1;0;0;0;0;0;0;0;0;0;0;0;0;0;0.379470625904765;0.346261681422735;0.766603469805997;;;;0.272911195867685;0.355276458798189;False;0.0;0.0;0.0;0;245.0;moderate ;0.85;709.4;low ;0.689;184.7;moderate ;0.85;0.703869140019443;0.0546352690532356;0.084002576233824;0.0939384979794941;0.749568344666851;;;P_score_freshwater_pred_Dashboard;0.766603469805997;0.497445259044499;;;M_score_pred_Dashboard;0.355276458798189;0.314093827332937;kemi_score;0.42;0.521877539328029;1.0;;;0.395277731856869;1.0;0.449870484762058;1.0;0.484538235440642;1.0;0.449870484762058;0.5;0.421691575498132;1.0;1.0;PM;;PM;3;Ar Oh, C O, C O Nocoo, Nh1, Amide, Aniline, Benzene, Bicyclic, Ether, Methoxy, Phenol, Phenol Noorthohbond;['Alkylphenols', 'Cyclohexanes', 'Ethylene Glycols', 'Phenols', 'PBDE', 'PhenylEthers']
138;3-isocyanatomethyl-3,5,5-trimethylcyclohexyl isocyanate;4098-71-9;223-861-6;NIMLQBUJDJZYEJ-UHFFFAOYSA-N;CC1(CC(CC(C1)(C)CN=C=O)N=C=O)C;DTXSID0023826;169132.0;PRO-139;NS00011466;REACH-A;True;vPvM & PMT;MQ;vPvM & PMT;False;False;;;False;False;False;False;False;False;False;False;False;False;False;False;False;False;False;True;False;True;"Home maintenance -> adhesives and adhesive removers -> multipurpose adhesive; Home maintenance -> caulk/sealant; Home maintenance -> surface sealers; Personal care -> facial cleansing and moisturizing -> face mask; Vehicle; Vehicle -> car surface treatment; film forming";"Adhesives and sealant chemicals; Intermediates; Monomers; Other";Monomers;True;True;True;True;False;True;True;False;False;False;True;False;False;False;True;False;False;True;False;False;False;False;True;False;False;P-PNEC pred;222.288;;3.94;;4.74;;0.000127;2.089905111;4.1221;244.69193226422;62.47734718;100.0;74.0;;;;1.0;0.7489;0.19;0.83;0.48;0.6;>10000 to < 100000 tonnes;10000.0;100000.0;1;0;0;0;0;0;0;1;0;0;0;0;0;0;0;0;0;0;1;0;0;0;0;0;0;0;0;0;0;0;1;0;0;0;0;0;0;0;0;0;0;0;0;0;0;0;0;0;0;0;1;0;1;0;1;0;0;0;0;0;0;1;0;0;0;0.588682027597469;0.517284595918384;0.917054553612804;;;;0.186801659438355;0.484425671321968;True;0.0;0.0;0.0;0;125.3;low ;0.233;4680.0;low ;0.248;689.0;low ;0.373;0.531352851939741;0.024837588715971;0.10929612580538;0.0552934850814822;0.59119260304007;;;P_score_freshwater_pred_Dashboard;0.917054553612804;0.674340392376219;;;M_score_pred_Dashboard;0.484425671321968;0.335613665380161;kemi_score;0.83;0.666516892338634;1.0;;;0.475728757591213;1.0;0.335151599395875;1.0;0.472635380067618;1.0;0.335151599395875;0.5;0.399300956654636;1.0;0.0;PM;;PM;3;C O Nocoo, Imine, Nh0, Isocyan;['Other']
139;3-methylindole;83-34-1;201-471-7;ZFRKQXVRDFCRJG-UHFFFAOYSA-N;Cc1c[nH]c2ccccc12;DTXSID8021775;6736.0;PRO-140;NS00013192;REACH-B;False;vPvM & PMT;HQ;vPvM & PMT;False;False;;;False;False;False;False;False;False;False;False;False;False;False;False;False;False;False;False;False;False;"fecal indicator; flavouring; fragrance; fragrance component; perfuming";;;True;False;True;False;False;False;False;False;False;False;False;False;False;False;False;False;False;False;False;False;False;False;False;False;False;P-PNEC pred;131.178;2.6;2.6;;7.77;0.0038;0.00477;2.829946696;2.2561;13.8737699021299;21.33783877;9.55;2500.0;;;;-2.6;3.14486;0.46;0.66;0.0;0.0;;;;0;0;0;0;0;0;0;0;0;0;0;0;0;0;0;0;0;0;0;0;0;0;0;0;0;0;0;0;0;0;0;0;0;0;0;0;0;0;0;0;0;0;0;0;0;0;0;0;0;0;0;0;0;0;0;0;0;0;0;0;0;0;0;0;1;0.99830091815794;0.14586598928451;0.0756262131248975;;;;0.455737422718115;0.360020490316032;False;0.0;0.0;0.0;0;478.0;low ;0.27;1760.0;moderate ;0.85;2840.0;low ;0.7;0.378104533640992;0.0374884685012777;0.0641982379917554;0.0306700533052661;0.434054969359393;;;P_score_freshwater_pred_UBA;0.99830091815794;0.406597706855782;;;M_score_pred_Episuite;0.455737422718115;0.407878956517074;kemi_score;0.66;0.674509516269732;1.0;;;0.407237827804063;1.0;0.446839217062828;1.0;0.548996634007344;1.0;0.446839217062828;0.5;0.42657922140481;1.0;0.0;PM;;PM;1;Ar N, Ar Nh, Nh1, Nhpyrrole, Aryl Methyl, Benzene, Bicyclic, Para Hydroxylation;['Aromatic amines', 'Cyclohexanes', 'PAHs']
140;3-oxopregn-4-ene-21,17?-carbolactone;976-70-5;213-552-4;UWBICEKKOYXZRG-NEFAYWBCNA-N;CC12CCC(=O)C=C1CCC1C2CCC2(C)C1CCC12CCC(=O)O1;DTXSID10875403;101931.0;PRO-141;NS00008961;REACH-B;False;PMT;MQ;Potential PMT/vPvM;False;False;;;False;False;False;False;False;False;False;False;False;False;False;False;False;False;False;False;False;False;;;;True;False;True;False;False;False;True;False;False;False;False;False;False;False;False;False;False;False;False;False;False;False;False;False;False;P-PNEC;342.479;2.98;3.06;;11.6;;1.16e-05;5.029383778;2.7034;2.98622840228252e+41;126.1034808;53.7;184.0;;;;2.7;1.54222873;;0.28;0.0;0.0;;;;1;0;0;0;0;0;0;0;0;0;0;0;0;0;0;0;0;0;1;0;0;0;0;0;0;0;0;0;0;0;0;0;0;0;0;0;0;0;0;0;0;0;0;0;0;0;0;0;0;0;0;1;0;0;0;0;0;0;0;0;0;0;0;0;0;0.871654054524136;0.780700577875499;1.0;;;;0.38046860191292;0.109115403825224;False;0.0;0.0;0.0;0;79.9;low ;0.7;190.7;low ;0.567;111.699999999999;moderate ;0.85;0.453101072825719;0.0927634351431346;0.129820500656081;0.114249245159608;0.57226682214946;;;P_score_freshwater_pred_Dashboard;1.0;0.884118210799878;;;M_score_pred_Episuite;0.38046860191292;0.244792002869072;kemi_score;0.28;0.616821369533287;1.0;;;0.465215076706165;1.0;0.57226682214946;0.5;0.60159718690657;0.75;0.57226682214946;0.25;0.498465811567689;0.75;1.0;PM;;PM;2;C O, C O Nocoo, Allylic Oxid, Bicyclic, Ester, Ether, Ketone;['Cyclohexanes', 'Ethylene Glycols', 'Pyrethrins', 'Unsaturated ketones', 'Terpenoid', 'Acrylics/Acrylates']
141;3-perfluoro-methoxypropanoic acid;377-73-1;;AGIMOOYNBDLMJV-UHFFFAOYSA-N;C(=O)(C(C(OC(F)(F)F)(F)F)(F)F)O;DTXSID70191136;120228.0;PRO-142;NS00002613;;False;;;;False;False;;;False;False;False;False;False;False;False;False;False;False;False;False;False;False;False;False;False;False;;;;False;False;False;False;False;False;False;False;False;False;False;False;False;False;False;False;False;False;False;False;False;False;False;False;False;;230.038;;3.15;;3.7;;0.0477;1.6599162;;87.3567230134409;;5.5;;;;;;4.60977;;0.02;;;;;;0;0;0;0;0;0;0;0;0;0;0;0;0;0;0;0;0;0;0;0;0;0;0;0;0;0;0;0;0;0;0;0;0;0;0;0;0;0;0;0;0;0;0;0;0;0;0;0;0;0;0;0;0;0;0;0;0;0;0;0;0;0;0;0;0;;;0.655247715497613;;;;;0.558660646342139;False;0.0;0.0;0.0;0;290.8;low ;0.216;19380.0;low ;0.214;6470.0;low ;0.0;0.339913602388489;0.0135549774772259;0.0784500834025256;0.0216491049842935;0.391445726598448;;;P_score_freshwater_pred_Dashboard;0.655247715497613;0.655247715497613;;;M_score_pred_Dashboard;0.558660646342139;0.558660646342139;kemi_score;0.02;0.605029844102013;1.0;;;0.605029844102013;1.0;0.391445726598448;0.5;0.523289134333436;0.75;0.391445726598448;0.25;0.523289134333436;0.75;0.0;PM;;PM;4;Al Coo, Coo, Coo2, C O, Alkyl Halide, Ether, Halogen;['Alkylphenols', 'Ethylene Glycols', 'PFAS']
142;4-(1,1,3,3-tetramethylbutyl)phenol;140-66-9;205-426-2;ISAVYTVYFVQUDY-UHFFFAOYSA-N;CC(C)(C)CC(C)(C)c1ccc(cc1)O;DTXSID9022360;8814.0;PRO-143;NS00008649;REACH-C;True;PMT;HQ;Not PMT/vPvM;False;False;;;False;False;False;False;False;False;False;False;False;False;False;False;False;False;False;True;True;False;detergent metabolite;"Intermediates; Monomers; Processing aids not otherwise specified; Processing aids, specific to petroleum production; Surface active agents; Surfactant (surface active agent)";Surfactant (surface active agent);True;True;True;True;True;True;True;False;False;True;True;True;True;True;True;False;False;True;False;False;False;False;True;False;False;EQS chronic water (=AA-EQS);206.329;;4.94;;8.69;;0.000158;3.389166084;4.0125;58.5569625918923;52.25355976;288.0;60.0;41.0;20.0;4.0;;0.1;0.2;0.72;0.5;0.63;>10000 to < 100000 tonnes;10000.0;100000.0;1;1;0;0;0;0;0;1;0;0;0;0;0;0;0;0;0;0;0;1;1;0;0;0;0;0;0;0;0;0;1;0;0;0;0;0;0;0;0;0;0;0;0;0;0;0;0;0;0;0;0;1;0;0;0;0;0;0;0;0;0;0;1;0;1;0.5;0.441194183233596;0.489597175430576;0.0738483042558942;0.0228390357760596;0.2;0.198617308321991;0.27629863138516497;True;0.0;0.0;0.0;0;134.4;;0.85;193.2;moderate ;0.85;139.9;moderate ;0.85;0.731058578630004;0.0922884945319761;0.106367050302578;0.10472268911376;0.784231921014639;P_score_soil_exp_UBA;0.0738483042558942;P_score_freshwater_pred_UBA;0.5;0.305495739739225;M_score_exp_UBA;0.2;M_score_pred_Dashboard;0.27629863138516497;0.224971979902385;kemi_score;0.72;0.371684430253115;1.0;0.121530493503395;1.0;0.262160220897216;1.0;0.396038362034447;1.0;0.383668206854764;1.0;0.219387186463391;1.0;0.322219652527158;1.0;1.0;PM;;;4;Ar Oh, Benzene, Phenol, Phenol Noorthohbond;['Alkylphenols', 'Phenols']
143;4-(1-phenylethyl)benzene-1,3-diol;85-27-8;480-070-0;PQSXNIMHIHYFEE-UHFFFAOYSA-N;CC(C1=CC=CC=C1)C2=C(C=C(C=C2)O)O;DTXSID501005319;11171903.0;PRO-144;NS00022840;REACH-A;False;vPvM & PMT;MQ;vPvM & PMT;False;False;;;False;False;False;False;False;False;False;False;False;False;False;False;False;False;False;True;True;False;"antioxidant; antioxidant";;;True;True;True;False;False;False;True;False;False;True;True;False;True;False;False;False;False;False;False;False;False;False;False;False;False;P-PNEC;214.264;;4.35;;8.2;;12.7;3.350248018;;550.044948812038;;42.7;45.0;;;2.0;;1.597562637;;0.22;0.13;0.25;>10 to < 100 tonnes;10.0;100.0;0;0;0;0;0;0;0;0;0;0;0;0;0;0;0;0;0;0;0;0;0;0;0;0;0;0;0;0;0;0;0;0;0;0;0;0;0;1;0;0;0;0;0;0;0;0;0;0;0;0;0;0;0;0;0;0;0;0;0;0;0;0;0;0;0;0.379470625904765;;0.97785366449373;;;0.5;;0.281725097030538;False;0.0;0.0;0.0;0;83.3;low ;0.51;559.1;low ;0.559;407.9;moderate ;0.85;0.44931026470264;0.0602285909090204;0.127789657548863;0.0684622826189408;0.542728401416656;;;P_score_freshwater_pred_Dashboard;0.97785366449373;0.678662145199247;M_score_exp_UBA;0.5;M_score_exp_UBA;0.5;0.390862548515269;E_score_max;0.25;0.699233031432915;1.0;0.5;0.5;0.515037489561117;1.0;0.542728401416656;0.5;0.642602099839815;0.75;0.520926291051169;0.5;0.524107142200647;0.75;2.0;PM;PM;PM;1;Ar Oh, Benzene, Phenol, Phenol Noorthohbond;['Alkylphenols', 'Phenols']
144;4-(2-hydroxypropan-2-yl)-2-propyl-1-{[2'-(1H-tetrazol-5-yl)biphenyl-4-yl]methyl}-1H-imidazole-5-carboxylic acid;144689-24-7;646-413-5;VTRAEEWXHOVJFV-UHFFFAOYSA-N;c1(c2c(c3ccc(Cn4c(C(=O)O)c(C(C)(C)O)nc4CCC)cc3)cccc2)nnn[nH]1;DTXSID2040571;158781.0;PRO-145;NS00008999;REACH-B;False;vPvM;MQ;vPvM;False;False;;;False;False;False;False;False;False;False;False;False;False;False;False;False;False;False;False;False;False;;;;True;False;True;False;False;False;True;False;False;False;False;False;False;False;False;False;False;False;False;False;False;False;False;False;False;P-PNEC pred;446.511;;3.21;;9.43;;0.000104;2.330413773;;2676445.05518909;;3.09;310.0;;;;-1.2;0.00402;;0.43;0.0;0.0;;;;0;0;0;0;0;0;0;0;0;0;0;0;0;0;0;0;0;0;1;0;0;0;0;0;0;0;0;0;0;0;0;0;0;0;0;0;0;0;0;0;0;0;0;0;0;0;0;0;0;0;0;1;0;0;0;0;0;0;0;0;0;0;0;0;0;0.943074766765301;;0.999999988733576;;;;;0.442992620852125;False;0.0;0.0;0.0;0;135.8;low ;0.197;11240.0;low ;0.227;161.899999999999;low ;0.0;0.916504477643754;0.0171111404554328;0.105940020928092;0.0989231868382301;0.928911137558944;;;P_score_freshwater_pred_Dashboard;0.999999988733576;0.971537377749438;;;M_score_pred_Dashboard;0.442992620852125;0.442992620852125;kemi_score;0.43;0.665576904543106;1.0;;;0.656036499918278;1.0;0.928911137558944;0.5;0.743801218916572;0.75;0.928911137558944;0.25;0.736676346008025;0.75;0.0;PM(T);(T);PM(T);4;Al Oh, Ar Coo, Ar N, Ar Nh, Coo, Coo2, C O, Nh0, Nh1, Nhpyrrole, Aryl Methyl, Benzene, Imidazole, Tetrazole;['Benzimidazole', 'Alkylphenols', 'Aromatic amines', 'Imidazoles', 'PAHs', 'Pyrimidines', 'Triazoles']
145;4-(4-((((4-CHLORO-3-(TRIFLUOROMETHYL)PHENYL)AMINO)CARBONYL)AMINO)PHENOXY)-N-METHYL-2-PYRIDINECARBOXAMIDE;284461-73-0;608-209-4;MLDQJTXFUGDVEO-UHFFFAOYSA-N;CNC(=O)c1cc(Oc2ccc(NC(=O)Nc3ccc(Cl)c(c3)C(F)(F)F)cc2)ccn1;DTXSID7041128;216239.0;PRO-146;NS00005946;REACH-A;True;PMT;HQ;Potential PMT/vPvM;False;False;;;False;False;False;False;False;False;False;False;False;False;False;False;False;False;False;False;False;False;;;;False;True;True;False;False;False;True;False;False;False;False;False;False;False;False;False;False;False;False;False;False;False;False;False;False;P-PNEC pred;464.83;;5.02;;9.44;;6.51e-07;5.149219113;;34.813317487602;;11.7;;187.0;1.0;;3.3;0.01307;;0.46;0.09;0.16;>1 to < 10 tonnes;1.0;10.0;0;0;0;0;0;0;0;0;0;0;0;0;0;0;0;0;0;0;1;0;0;0;0;0;0;0;0;0;0;0;0;0;0;0;0;0;0;0;0;0;0;0;0;0;0;0;0;0;0;0;0;1;0;0;0;0;0;0;0;0;0;0;0;0;0;;;0.282810472375868;0.516299441255531;0.0001394843894964;;;0.101299136438278;False;0.0;0.0;0.0;0;40.4;low ;0.298;1610.0;low ;0.3;591.3;low ;0.0;0.868038334739794;0.0389096594734289;0.1670916197605;0.0588667743826212;0.891317842216113;P_score_soil_exp_UBA;0.516299441255531;P_score_soil_exp_UBA;0.516299441255531;0.266416466006965;;;M_score_pred_Dashboard;0.101299136438278;0.101299136438278;kemi_score;0.46;0.228693435722914;1.0;0.516299441255531;0.5;0.164279511624071;1.0;0.891317842216113;0.5;0.359898469225546;0.75;0.678370771715044;0.5;0.288668770280906;0.75;1.0;(T);PM(T);(T);3;Ar N, C O, C O Nocoo, Nh0, Nh1, Alkyl Halide, Amide, Aniline, Benzene, Ether, Halogen, Pyridine, Urea;['Chlorobenzenes', 'Ethylene Glycols', 'PBB', 'PBDE', 'PCB', 'PhenylEthers', 'Phenylureas', 'Pyridin', 'PFAS']
146;4-(5,5,6-trimethylbicyclo[2.2.1]hept-2-yl)cyclohexan-1-ol;66068-84-6;266-100-3;PCFHYANYPQEMPU-UHFFFAOYSA-N;CC1C2CC(C1(C)C)CC2C3CCC(CC3)O;DTXSID4041816;106673.0;PRO-147;NS00005733;REACH-A;True;vPvM & PMT;MQ;PMT;False;False;;;False;False;False;False;False;False;False;False;False;False;False;False;False;False;False;True;True;False;"Cleaning products and household care -> air freshener; Cleaning products and household care -> general household cleaning -> disinfectant; fragrance; fragrance component; fragrances; perfuming";;;True;True;True;True;True;True;True;False;False;False;True;False;True;False;False;True;False;False;False;False;False;False;False;False;False;P-PNEC pred;236.399;;4.85;;8.46;;0.000133;3.399673721;3.5559;4.96178952117108e+38;32.1292265;372.0;28.0;;;;2.4;0.11987;0.25;0.58;0.25;0.38;>100 to < 1000 tonnes;100.0;1000.0;0;0;0;1;0;0;1;0;0;0;0;0;0;0;0;0;0;0;0;0;0;0;0;0;0;0;1;0;0;1;0;0;0;1;0;0;0;1;0;0;0;0;0;0;0;0;0;0;0;0;0;1;0;0;0;0;0;0;0;0;0;0;0;0;0;0.213679536412558;0.255836169601869;1.0;;;;0.253796100054742;0.27484464708886;False;0.0;0.0;0.0;0;93.1;low ;0.659;792.0;moderate ;0.85;160.3;low ;0.7;0.715304776254751;0.0522166178930922;0.122501746179374;0.0993083311884836;0.76666386339388;;;P_score_freshwater_pred_Dashboard;1.0;0.489838568671475;;;M_score_pred_Dashboard;0.27484464708886;0.264320373571801;kemi_score;0.58;0.524256279970836;1.0;;;0.359825393018781;1.0;0.437796717493941;1.0;0.479080033498388;1.0;0.437796717493941;0.5;0.39690096489501;1.0;1.0;PM;;PM;3;Al Oh, Al Oh Notert, Bicyclic;['Alkylphenols', 'Cyclohexanes']
147;4-(?,?-dimethylbenzyl)phenol;599-64-4;209-968-0;QBDSZLJBMIMQRS-UHFFFAOYSA-N;CC(C)c1ccccc1c1ccc(cc1)O;DTXSID3022536;11742.0;PRO-148;NS00009362;REACH-A;False;PMT;MQ;Not PMT/vPvM;False;False;;;False;False;False;False;False;False;False;False;False;False;False;False;False;False;False;False;False;False;;"Intermediate; Intermediates; Terminator/Blocker";Intermediates;True;True;True;False;False;False;True;False;False;False;False;False;False;False;False;False;False;False;False;False;False;False;False;False;False;P-PNEC pred;212.292;;4.07;;8.84;;0.000333;3.021189299;3.3708;3612822.93074024;33.95291079;417.0;53.0;;;3.4;;0.78665;0.28;0.53;0.12;0.18;>100 to < 1000 tonnes;100.0;1000.0;0;0;0;0;0;0;0;0;0;0;0;0;0;0;0;0;0;0;1;0;0;0;0;0;0;0;0;0;0;0;0;0;0;0;0;0;0;0;0;0;0;0;0;0;0;0;0;0;0;0;1;0;0;0;1;0;0;0;0;0;0;0;0;0;0;0.447180457216024;0.274214394459026;0.999999993253839;;;0.274799574675995;0.278851408069675;0.330077516641994;False;0.0;0.0;0.0;0;53.9;low ;0.697;305.599999999999;moderate ;0.85;90.8;moderate ;0.85;0.526031056185164;0.0769055615833212;0.150384472059449;0.123674352007242;0.633491549497176;;;P_score_freshwater_pred_Dashboard;0.999999993253839;0.573798281642963;M_score_exp_UBA;0.274799574675995;M_score_pred_Dashboard;0.330077516641994;0.294576166462555;kemi_score;0.53;0.5745237283309;1.0;0.274799574675995;0.5;0.411129296121287;1.0;0.421162241730202;1.0;0.491902125784221;1.0;0.365290438353503;0.75;0.416115532028548;1.0;1.0;PM;;PM;2;Ar Oh, Benzene, Phenol, Phenol Noorthohbond;['Alkylphenols', 'Phenols']
148;4,4',4''-(ethan-1,1,1-triyl)triphenol;27955-94-8;405-800-7;BRPSWMCDEYMRPE-UHFFFAOYSA-N;CC(c1ccc(O)cc1)(c1ccc(O)cc1)c1ccc(O)cc1;DTXSID2037712;93118.0;PRO-149;NS00019386;REACH-B;False;vPvM & PMT;MQ;PMT;False;False;;;False;False;False;False;False;False;False;False;False;False;False;False;False;False;False;False;False;False;;"Intermediate; Solvents (which become part of product formulation or mixture)";Solvents (which become part of product formulation or mixture);True;True;True;False;False;False;False;False;False;False;False;False;False;False;False;False;False;False;False;False;False;False;False;False;False;P-PNEC pred;306.361;;3.86;;9.29;;0.000136;3.178976947;;2.5879944525619e+19;;83.2;73.0;;;2.2;;0.99686;;0.5;0.0;0.0;Tonnage data confidential;;;0;0;0;0;0;0;0;0;0;0;0;0;0;0;0;0;0;0;1;0;0;0;0;0;0;0;0;0;0;0;1;0;0;0;0;0;0;0;0;0;0;0;0;0;0;0;0;0;0;0;0;1;0;0;1;0;0;0;0;0;0;0;0;0;0;0.583038808601323;;1.0;;;0.465398038619236;;0.30635737901525;True;0.0;0.0;0.0;0;41.9;low ;0.48;2590.0;;1.0;69.3;low ;0.536;0.50034145748454;0.0318823898149451;0.164899755654852;0.136964597287311;0.60931049481727;;;P_score_freshwater_pred_Dashboard;1.0;0.791519404300661;M_score_exp_UBA;0.465398038619236;M_score_exp_UBA;0.465398038619236;0.385877708817243;kemi_score;0.5;0.682200878494917;1.0;0.465398038619236;0.5;0.552656940801369;1.0;0.60931049481727;0.5;0.656983409093611;0.75;0.532514703269378;0.5;0.570930580161991;0.75;1.0;PM(T);PM(T);PM(T);3;Ar Oh, Benzene, Phenol, Phenol Noorthohbond;['Alkylphenols', 'Phenols']
149;"4,4'-[2,2,2-trifluoro-1-(trifluoromethyl)ethylidene]diphenol; bisphenol AF";1478-61-1;216-036-7;ZFVMWEVVKGLCIJ-UHFFFAOYSA-N;Oc1ccc(cc1)C(c1ccc(O)cc1)(C(F)(F)F)C(F)(F)F;DTXSID7037717;73864.0;PRO-150;NS00011437;REACH-A;False;PMT;HQ;Not PMT/vPvM;False;False;;;False;False;False;False;False;False;False;False;False;False;False;False;False;False;False;False;False;False;;"Fillers; Intermediates; Process regulators; Processing aids, not otherwise listed";Fillers;False;False;True;False;False;False;True;False;False;False;True;False;False;False;False;False;False;False;False;False;False;False;False;False;False;P-PNEC pred;336.233;;3.69;;8.13;;0.000384;3.829946696;3.7313;3612822.93074024;400.8370036;129.0;913.0;;;3.4;;1.01908;0.23;;0.22;0.33;>100 to < 1000 tonnes;100.0;1000.0;0;0;0;0;0;0;0;0;0;0;0;0;0;0;0;0;0;0;0;0;1;0;0;0;0;0;0;0;0;0;1;0;0;0;0;0;0;0;0;0;0;0;0;0;0;0;0;0;0;0;0;0;0;1;0;0;0;0;0;0;0;0;0;0;0;0.990566022298688;0.962555124271063;0.999999993253839;;;0.274799574675995;0.231467084387105;0.219527432013714;False;0.0;0.0;0.0;0;25.2;low ;0.271;571.9;low ;0.421;272.7;low ;0.0;0.497947941919681;0.0596745674428792;0.197593960826147;0.0804916895781279;0.608817620178955;;;P_score_freshwater_pred_Dashboard;0.999999993253839;0.98437371327453;M_score_exp_UBA;0.274799574675995;M_score_exp_UBA;0.274799574675995;0.241931363692271;E_score_max;0.33;0.524213289436802;1.0;0.274799574675995;0.5;0.488007043837824;1.0;0.374203223718289;1.0;0.442902136846527;1.0;0.337606164851765;0.75;0.427333369866368;1.0;1.0;PM;;PM;3;Ar Oh, Alkyl Halide, Benzene, Halogen, Phenol, Phenol Noorthohbond;['Alkylphenols', 'Chlorobenzenes', 'Phenols', 'PBB', 'PCB', 'PFAS']
150;4,4'-bis(dimethylamino)-4''-(methylamino)trityl alcohol;561-41-1;209-218-2;MAGJOSJRYKEYAZ-UHFFFAOYSA-N;CNc1ccc(C(O)(c2ccc(N(C)C)cc2)c2ccc(N(C)C)cc2)cc1;DTXSID00204642;68414.0;PRO-151;NS00008275;REACH-C;True;PMT;HQ;Not PMT/vPvM;False;False;;;False;False;False;False;False;False;False;False;False;False;False;False;False;False;False;True;False;True;;;;True;True;True;False;False;False;False;False;False;False;True;False;True;False;True;False;False;True;False;False;False;False;False;False;False;P-PNEC pred;375.516;;4.08;;9.55;;1.49;3.100370545;2.7787;58.5569625918923;281.151586;14.5;2500.0;;;3.4;;0.01233;0.37;0.41;0.12;0.24;>10 to < 100 tonnes;10.0;100.0;0;0;0;0;0;0;0;0;0;0;0;0;0;0;0;0;0;1;0;0;0;0;0;0;0;0;0;0;0;0;0;0;0;0;0;0;0;0;0;0;0;0;0;0;0;0;0;0;0;0;0;0;0;0;0;0;0;0;0;0;0;0;0;0;0;0.99830091815794;0.933418361438608;0.489597175430576;;;0.274799574675995;0.36824487757057;0.318056289403178;False;0.0;0.0;0.0;0;79.6;low ;0.298;548.2;low ;0.408;78.7;low ;0.0;0.870910912547749;0.0607143802051795;0.130005168017175;0.130564733912637;0.897914182578093;;;P_score_freshwater_pred_UBA;0.99830091815794;0.807105485009041;M_score_exp_UBA;0.274799574675995;M_score_pred_Episuite;0.36824487757057;0.320366913883247;kemi_score;0.41;0.606316088674594;1.0;0.274799574675995;0.5;0.508497682797659;1.0;0.576392442311568;1.0;0.591164961042133;1.0;0.450281603366608;0.75;0.541381770377906;1.0;1.0;PM;;PM;;Al Oh, Nh0, Nh1, Aniline, Benzene;['Alkylphenols', 'Aromatic amines']
151;4,4'-bis[(4,6-bis{[3-(diethylamino)propyl]amino}-1,3,5-triazin-2-yl)amino]-1,1'-bianthracene-9,9',10,10'-tetrone;157367-45-8;941-814-4;MZLOLIIBMRZBTH-UHFFFAOYSA-N;CCN(CC)CCCNc1nc(Nc2c3C(=O)c4ccccc4C(=O)c3c(cc2)c2c3C(=O)c4ccccc4C(=O)c3c(Nc3nc(NCCCN(CC)CC)nc(NCCCN(CC)CC)n3)cc2)nc(NCCCN(CC)CC)n1;DTXSID001107221;20715243.0;PRO-152;NS00003258;REACH-B;False;vPvM;HQ;vPvM;False;False;;;False;False;False;False;False;False;False;False;False;False;False;False;False;False;False;True;False;False;;;;False;False;True;False;False;False;False;False;False;False;False;False;False;False;False;False;False;False;True;False;False;False;False;False;False;P-PNEC pred;1115.446;;4.56;;9.63;;3.72e-05;4.499687083;;1.71997426303766e+61;;28.2;1665621.0;;;;-7.5;55.15718;;0.37;0.0;0.09;>0 to < 10 tonnes;0.0;10.0;0;0;0;0;0;0;0;1;0;0;0;0;0;0;0;0;0;1;1;0;0;0;0;0;0;0;0;0;0;0;0;0;0;0;0;0;0;0;0;0;0;0;0;0;0;0;0;0;0;0;0;1;1;0;0;0;0;0;0;0;0;0;0;0;0;0.999999974653681;;1.0;;;;;0.150248794918206;False;0.0;0.0;0.0;0;411.5;low ;0.0;239.2;low ;0.0;1040.0;low ;0.0;0.149109558199495;0.084806667042351;0.0682193083272827;0.0466622687769966;0.262738005741969;;;P_score_freshwater_pred_Dashboard;1.0;0.99999998732684;;;M_score_pred_Dashboard;0.150248794918206;0.150248794918206;kemi_score;0.37;0.387619394404106;1.0;;;0.387619391947925;1.0;0.262738005741969;0.5;0.340495439017637;0.75;0.262738005741969;0.25;0.340495437579253;0.75;1.0;PM;;PM;3;Ar N, C O, C O Nocoo, Nh0, Nh1, Aniline, Benzene, Bicyclic, Ketone, Unbrch Alkane;['Aromatic amines', 'Cyclohexanes', 'Benzophenones']
152;4,4'-diaminostilbene-2,2'-disulphonic acid;81-11-8;201-325-2;REJHVSOVQBJEBF-UHFFFAOYSA-N;C1=CC(=C(C=C1N)S(=O)(=O)O)C=CC2=C(C=C(C=C2)N)S(=O)(=O)O;DTXSID5024926;5284378.0;PRO-153;NS00073857;REACH-B;False;vPvM & PMT;HQ;vPvM & PMT;False;False;;;False;False;False;False;False;False;False;False;False;False;False;False;False;False;False;False;False;True;;"Brightener; Intermediate; Intermediates";;True;True;True;False;False;False;True;False;False;False;False;False;False;False;False;False;False;False;False;False;False;False;False;False;False;P-PNEC;370.39;-1.7;-1.64;;9.42;;0.0119;1.840106094;-0.0584;37.7128166171817;50.2638686;2.34;1483.0;;;;-3.7;0.472886202;0.81;0.7;0.0;0.0;;;;1;0;0;0;0;0;0;0;0;0;0;0;0;0;0;0;0;0;1;0;0;0;0;0;0;0;0;0;0;0;0;0;0;0;0;0;0;0;0;0;0;0;0;0;0;0;0;0;0;0;1;1;0;0;0;0;0;0;0;0;0;0;0;0;0;0.995861272053715;0.424901792758888;0.311352831488591;;;;0.806398194319217;0.527679175717252;False;0.0;0.0;0.0;0;178.9;low ;0.203;152.6;low ;0.658;1450.0;moderate ;0.85;0.580601564421799;0.101237048875552;0.0951245399978995;0.0406456766981861;0.646618975327588;;;P_score_freshwater_pred_UBA;0.995861272053715;0.577371965433731;;;M_score_pred_Episuite;0.806398194319217;0.667038685018235;kemi_score;0.7;0.896136558553748;1.0;;;0.62058797651043;1.0;0.723713596677129;1.0;0.805323669033015;1.0;0.723713596677129;0.5;0.67017009522579;1.0;0.0;vPvM(T);(T);PM(T);4;Arn, Nh2, Aniline, Benzene;['Aromatic amines', 'Styrenes']
153;4,4'-Dihydroxybiphenyl;92-88-6;202-200-5;VCCBEIPGXKNHFW-UHFFFAOYSA-N;C1=CC(=CC=C1C2=CC=C(C=C2)O)O;DTXSID1029120;7112.0;PRO-154;NS00002875;;False;;;;False;False;;;False;False;False;False;False;False;False;False;False;True;False;False;False;False;True;True;False;False;"bleaching; skin protecting";"Intermediates; Other (specify)";Other (specify);True;True;True;False;False;False;True;False;False;False;True;False;False;False;True;False;False;False;False;False;False;False;False;False;False;;186.21;;2.65;;8.15;;0.00248;3.008600172;2.8076;5389698.47628301;18.76000453;49.0;;;;;;5.22899;0.36;0.62;0.35;0.46;>1000 to < 10000 tonnes;1000.0;10000.0;1;0;0;0;0;0;0;0;0;0;0;0;0;0;0;0;0;0;0;0;1;0;0;0;0;0;0;0;0;0;1;0;0;0;0;0;0;0;0;0;0;0;0;0;0;0;0;0;0;0;0;1;0;0;1;0;0;0;0;0;0;0;0;0;0;;0.120520802984416;0.999999996595258;;;;0.363597054610067;0.332009944308063;False;0.0;0.0;0.0;0;657.2;low ;0.683;1550.0;moderate ;0.85;529.8;;1.0;0.327741486778019;0.0395311835554747;0.0563752919915651;0.0615654687262207;0.399197322029525;;;P_score_freshwater_pred_Dashboard;0.999999996595258;0.560260399789837;;;M_score_pred_Episuite;0.363597054610067;0.347803499459065;kemi_score;0.62;0.602990093925359;1.0;;;0.441430093735396;1.0;0.379092384427106;1.0;0.478109770337408;1.0;0.379092384427106;0.5;0.409075527002083;1.0;1.0;PM;;PM;2;Ar Oh, Benzene, Phenol, Phenol Noorthohbond;['Alkylphenols', 'Phenols']
154;4,4'-methylenebis(N-sec-butylcyclohexanamine);154279-60-4;679-514-8;PICLBAFTFYTURY-UHFFFAOYSA-N;CCC(C)NC1CCC(CC1)CC2CCC(CC2)NC(C)CC;DTXSID80870021;21885336.0;PRO-155;;REACH-A;False;vPvM & PMT;MQ;vPvM & PMT;False;False;;;False;False;False;False;False;False;False;False;False;False;False;False;False;False;False;True;False;False;;Process regulators;;False;False;True;False;False;False;False;False;False;False;True;False;False;False;False;False;False;True;False;False;False;False;False;False;False;P-PNEC pred;322.581;;6.44;;9.21;;0.000733;4.630427875;;3243763283.57764;;427.0;88.0;;;;-6.0;0.1748;;0.5;0.12;0.23;>10 to < 100 tonnes;10.0;100.0;0;0;0;0;0;0;0;0;0;0;0;0;0;0;0;0;0;0;0;0;0;0;0;0;0;0;0;0;0;0;0;0;0;0;0;0;0;0;0;0;0;0;0;0;0;0;0;0;0;0;0;0;0;0;0;0;0;0;0;0;0;0;0;0;0;0.658075469804532;;0.999999999999939;;;;;0.139041522571673;False;0.0;0.0;0.0;0;35.7;low ;0.565;552.1;low ;0.7;139.5;low ;0.7;0.680801708068796;0.0605390440180669;0.174701228898729;0.104839332474059;0.751398504433175;;;P_score_freshwater_pred_Dashboard;0.999999999999939;0.829037734902236;;;M_score_pred_Dashboard;0.139041522571673;0.139041522571673;kemi_score;0.5;0.372882719593796;1.0;;;0.339515344174867;1.0;0.751398504433175;0.5;0.470982691343719;0.75;0.751398504433175;0.25;0.442448825497629;0.75;1.0;PM(T);(T);PM(T);2;Nh1;['Other']
155;4,4'-oxydianiline;101-80-4;202-977-0;HLBLWEWZXPIGSM-UHFFFAOYSA-N;c1cc(ccc1N)Oc1ccc(cc1)N;DTXSID0021094;7579.0;PRO-156;NS00002329;REACH-C;True;vPvM & PMT;MQ;vPvM & PMT;False;False;;;False;False;False;False;False;False;False;False;False;False;False;False;False;False;False;False;False;False;;"Intermediates; Monomers";;True;True;True;True;False;True;True;False;False;False;True;True;False;False;False;False;False;False;False;False;False;False;False;False;False;P-PNEC pred;200.241;1.36;1.31;;8.36;;0.0048;2.559906625;1.6901;5348061522.75056;47.09320763;33.1;107.0;;;1.7;;2.03654;0.55;0.59;0.11;0.22;>10 to < 100 tonnes;10.0;100.0;0;0;0;0;0;0;0;0;0;0;0;0;0;1;0;0;0;0;0;0;0;0;0;0;0;0;0;0;1;0;1;1;0;0;0;0;0;0;0;0;0;0;0;0;0;0;0;0;0;0;0;0;0;0;1;0;0;1;1;0;0;0;0;0;0;0.728875615548025;0.397936466506818;0.999999999999974;;;0.551799518660109;0.553496035764585;0.404175324815985;True;0.75;0.75;0.0;0;276.6;low ;0.7;142.9;low ;0.511;1780.0;;1.0;0.423384981519625;0.103861915791556;0.0800364292370059;0.0373117980854395;0.508446117271957;;;P_score_freshwater_pred_Dashboard;0.999999999999974;0.708937360684939;M_score_exp_UBA;0.551799518660109;M_score_pred_Episuite;0.553496035764585;0.503156959746893;kemi_score;0.59;0.743973141830114;1.0;0.551799518660109;0.5;0.597249334075158;1.0;0.528815056990226;1.0;0.627235362042104;1.0;0.536368149385855;0.75;0.561991495163699;1.0;0.0;vPvM;PM;PM;3;Arn, Nh2, Aniline, Benzene, Ether;['Aromatic amines', 'Ethylene Glycols', 'PBDE', 'PhenylEthers']
156;4,4'-Sulfonyldiphenol (Bisphenol S);80-09-1;201-250-5;VPWNQTHUCYMVMZ-UHFFFAOYSA-N;C1=CC(=CC=C1O)S(=O)(=O)C2=CC=C(C=C2)O;DTXSID3022409;6626.0;PRO-157;NS00010610;;False;;;;False;False;;;False;False;False;False;False;False;False;False;False;False;False;False;False;False;False;True;False;True;;"Dyes; Etching agent; Fixing agent (mordant); Monomers; Other; Other (specify); Polymerization promoter; Processing aids, not otherwise listed; Surfactant (surface active agent)";"Etching agent; Fixing agent (mordant); Intermediates; Other (specify); Polymerization promoter; Processing aids, not otherwise listed";True;True;True;False;False;True;True;False;False;False;True;True;False;False;True;False;False;False;False;False;False;False;True;True;False;;250.27;;1.3;;8.98;;0.00541;2.720159303;2.1953;5389698.47628301;24.72388128;3.16;;;;;;12.88093;0.47;0.68;0.48;0.6;>10000 to < 100000 tonnes;10000.0;100000.0;0;0;0;0;0;0;0;1;0;0;0;0;0;0;0;0;0;0;0;0;0;1;0;0;1;0;0;0;0;0;1;0;0;0;0;0;0;0;0;0;0;0;0;0;0;0;1;0;1;0;0;1;0;0;0;0;0;0;0;0;0;0;0;0;0;;0.180108900192157;0.999999996595258;;;;0.466208676679257;0.377734239617215;True;0.0;0.0;0.75;0;226.0;low ;0.397;1540.0;;1.0;490.8;low ;0.47;0.247880728494109;0.0396380503159483;0.0867397653592127;0.0635121956632046;0.343685825206503;;;P_score_freshwater_pred_Dashboard;0.999999996595258;0.590054448393707;;;M_score_pred_Episuite;0.466208676679257;0.421971458148236;kemi_score;0.68;0.682794753269192;1.0;;;0.498985105965645;1.0;0.401910858085542;1.0;0.523853629540473;1.0;0.401910858085542;0.5;0.447825336610779;1.0;0.0;PM;;PM;2;Ar Oh, Benzene, Phenol, Phenol Noorthohbond, Sulfone;['Alkylphenols', 'Phenols']
157;4,8-dioxa-3H-perfluorononanoic acid;958445-44-8;;;C(C(C(=O)[O-])(F)F)(OC(C(C(OC(F)(F)F)(F)F)(F)F)(F)F)F.[NH4+];DTXSID00874026;87490983.0;PRO-158;;;False;;;;True;True;x;<LOD;True;True;True;True;False;True;False;False;False;False;False;False;False;False;True;False;False;False;;;;False;False;False;False;False;False;False;False;False;False;False;False;False;False;False;False;False;False;False;False;False;False;False;False;False;;395.101;;5.55;;4.25;;0.00182;2.989894564;;87.3567230134409;;5.37;;;;;;24.0896486711551;;;;;;;;0;0;0;0;0;0;0;0;0;0;0;0;0;0;0;0;0;0;0;0;0;0;0;0;0;0;0;0;0;0;0;0;0;0;0;0;0;0;0;0;0;0;0;0;0;0;0;0;0;0;0;0;0;0;0;0;0;0;0;0;0;0;0;0;0;;;0.655247715497613;;;;;0.334891713915664;False;0.0;0.0;0.0;0;99.0;low ;0.199;112.0;low ;0.0;3610.0;low ;0.0;0.200715179746369;0.114131419587652;0.119661960832895;0.0277195270732156;0.33924830195374;;;P_score_freshwater_pred_Dashboard;0.655247715497613;0.655247715497613;;;M_score_pred_Dashboard;0.334891713915664;0.334891713915664;;;0.46844106404362;1.0;;;0.46844106404362;1.0;0.33924830195374;0.5;0.420670960766285;0.75;0.33924830195374;0.25;0.420670960766285;0.75;0.0;PM;;PM;2;Al Coo, Coo, Coo2, C O, C O Nocoo, Alkyl Halide, Ether, Halogen, Quatn;['Ethylene Glycols', 'Organotins', 'PFAS']
158;4:2 fluorotelomer sulfonic acid;757124-72-4;816-391-3;TXGIGTRUEITPSC-UHFFFAOYSA-N;C(CS(=O)(=O)O)C(C(C(C(F)(F)F)(F)F)(F)F)(F)F;DTXSID30891564;20734543.0;PRO-159;NS00011094;;False;;;;True;True;<1,6;<0.7;True;True;True;False;True;True;False;False;False;False;False;False;False;False;True;False;False;False;;;;False;False;False;False;False;False;False;False;False;False;False;False;False;False;False;False;False;False;False;False;False;False;False;False;False;;328.15;;2.04;;4.77;;0.0087;2.699837726;;87.3567230134409;;6.31;;;;;;2.97001;;0.02;;;;;;0;0;0;0;0;0;0;0;0;0;0;0;0;0;0;0;0;0;0;0;0;0;0;0;0;0;0;0;0;0;0;0;0;0;0;0;0;0;0;0;0;0;0;0;0;0;0;0;0;0;0;0;0;0;0;0;0;0;0;0;0;0;0;0;0;;;0.655247715497613;;;;;0.381050789449709;False;0.0;0.0;0.0;0;184.0;low ;0.16;539.0;low ;0.201;5100.0;low ;0.0;0.383963690991218;0.0611349081710152;0.0940789512428232;0.0239494229523263;0.458394329499313;;;P_score_freshwater_pred_Dashboard;0.655247715497613;0.655247715497613;;;M_score_pred_Dashboard;0.381050789449709;0.381050789449709;kemi_score;0.02;0.499682558506382;1.0;;;0.499682558506382;1.0;0.458394329499313;0.5;0.485522326967288;0.75;0.458394329499313;0.25;0.485522326967288;0.75;0.0;PM;;PM;;Alkyl Halide, Halogen;['PFAS']
159;4-[(2,4-dichloro-5-methoxyphenyl)amino]-6-methoxy-7-[3-(4-methylpiperazin-1-yl)propoxy]quinoline-3-carbonitrile;380843-75-4;700-455-1;UBPYILGKFZZVDX-UHFFFAOYSA-N;COc1cc(Nc2c(C#N)cnc3cc(OCCCN4CCN(C)CC4)c(OC)cc23)c(Cl)cc1Cl;DTXSID10861568;5328940.0;PRO-160;NS00002757;REACH-B;False;vPvM;HQ;PM;False;False;;;False;False;False;False;False;False;False;False;False;False;False;False;False;False;False;False;False;False;;;;True;False;True;False;False;False;False;False;False;False;False;False;False;False;False;False;False;False;False;False;False;False;False;False;False;P-PNEC pred;530.45;;4.53;;10.6;;9.49e-06;4.740362689;;540364.937246691;;23.4;3183.0;;;;0.3;0.00202;;0.41;0.02;0.06;>1 to < 10 tonnes;1.0;10.0;0;0;0;0;0;0;0;0;0;0;0;0;0;0;0;0;0;0;0;0;0;0;0;0;0;0;0;1;0;0;0;0;0;0;0;0;0;0;0;0;0;0;0;0;0;0;0;0;0;0;0;0;0;0;0;0;0;0;0;0;0;0;0;0;0;0.99887502723044;;0.999999826349462;;;;;0.130167942722609;False;0.0;0.0;0.0;0;143.3;low ;0.0;627.8;low ;0.0;143.3;low ;0.0;0.936710132405941;0.0574420217355289;0.103748981102243;0.103748981102243;0.947757721668803;;;P_score_freshwater_pred_Dashboard;0.999999826349462;0.999437426789951;;;M_score_pred_Dashboard;0.130167942722609;0.130167942722609;kemi_score;0.41;0.360787915705163;1.0;;;0.360686447936744;1.0;0.947757721668803;0.5;0.49781399187342;0.75;0.947757721668803;0.25;0.497720650900134;0.75;1.0;PM(T);(T);PM(T);4;Ar N, Nh0, Nh1, Ndealkylation1, Aniline, Benzene, Bicyclic, Ether, Halogen, Methoxy, Nitrile, Piperzine, Pyridine, Unbrch Alkane;['Aromatic amines', 'Chlorobenzenes', 'Cyclohexanes', 'Ethylene Glycols', 'HBCDDs', 'PBB', 'PBDE', 'PCB', 'PhenylEthers', 'Pyridin']
160;4-[[(2-aminophenyl)methyl]amino]cyclohexyl acetate;93839-71-5;298-842-9;VPLIJSLZFWAYSJ-UHFFFAOYSA-N;CC(=O)OC1CCC(CC1)NCc1ccccc1N;DTXSID70239744;3022550.0;PRO-161;NS00008566;REACH-B;False;vPvM & PMT;MQ;vPvM & PMT;False;False;;;False;False;False;False;False;False;False;False;False;False;False;False;False;False;False;False;False;False;;;;False;False;True;False;False;False;False;False;False;False;False;False;False;False;False;False;False;False;False;False;False;False;False;False;False;P-PNEC pred;262.353;;2.16;;9.04;;0.00905;3.220108088;1.7584;34.813317487602;30.62971952;6.46;48.0;;;;-3.0;3.94009;0.54;0.28;0.0;0.0;;;;0;0;0;0;0;0;0;0;0;0;0;0;0;0;0;0;0;0;1;0;0;0;0;0;0;0;0;0;0;0;0;0;0;0;0;0;0;0;0;0;0;0;0;0;0;0;0;0;0;0;0;0;0;0;0;0;0;0;0;0;0;0;0;0;0;0.405773263000451;0.240593101568433;0.282810472375868;;;;0.54176852118256;0.30033261489605;False;0.0;0.0;0.0;0;148.799999999999;low ;0.318;159.7;low ;0.468;563.9;low ;0.671;0.355372489306119;0.0994540988951172;0.102237875165937;0.0600187962764459;0.466566191539782;;;P_score_freshwater_pred_UBA;0.405773263000451;0.309725612314917;;;M_score_pred_Episuite;0.54176852118256;0.421050568039305;kemi_score;0.28;0.468865845025181;1.0;;;0.361123448423829;1.0;0.501941972175552;1.0;0.485122094876842;1.0;0.501941972175552;0.5;0.425749945273857;1.0;0.0;PM;;PM;3;Arn, C O, C O Nocoo, Nh1, Nh2, Aniline, Benzene, Ester, Ether, Para Hydroxylation;['Aromatic amines', 'Ethylene Glycols', 'PBDE', 'PhenylEthers', 'Phtalates']
161;4-[4-({[4-chloro-3-(trifluoromethyl)phenyl]carbamoyl}amino)-3-fluorophenoxy]-N-methylpyridine-2-carboxamide hydrochloride;835621-07-3;692-722-3;ACSWJKPZXNIVMY-UHFFFAOYSA-N;CNC(=O)c1nccc(Oc2cc(F)c(NC(=O)Nc3cc(c(Cl)cc3)C(F)(F)F)cc2)c1;DTXSID60735346;66577009.0;PRO-162;;REACH-B;False;PMT;HQ;Potential PMT/vPvM;False;False;;;False;False;False;False;False;False;False;False;False;False;False;False;False;False;False;False;False;False;;;;True;False;True;False;False;False;True;False;False;False;False;False;False;False;False;False;False;False;False;False;False;False;False;False;False;;519.28;;4.11;;9.44;;7.29e-08;5.178976947;;34.813317487602;;20.4;3305.0;;;;3.4;;;;0.0;0.0;;;;0;0;0;0;0;0;0;0;0;0;0;0;0;0;0;0;0;0;1;0;0;0;0;0;0;0;0;0;0;0;0;0;0;0;0;0;0;0;0;0;0;0;0;0;0;0;0;0;0;0;0;1;0;0;0;0;0;0;0;0;0;0;0;0;0;0.998945011151716;;0.282810472375868;;;;;0.0994367257665974;False;0.0;0.0;0.0;0;50.4;low ;0.194;1440.0;low ;0.195;619.7;low ;0.0;;0.0407630343102758;0.15414808958669;0.0577481383079105;0.0376158146059207;;;P_score_freshwater_pred_UBA;0.998945011151716;0.640877741763792;;;M_score_pred_Dashboard;0.0994367257665974;0.0994367257665974;E_score_min;0.0;0.315169511739006;1.0;;;0.252441645252288;1.0;0.0376158146059207;0.5;0.155174238582359;0.75;0.0376158146059207;0.25;0.133833291274939;0.75;1.0;;;;4;Ar N, C O, C O Nocoo, Nh0, Nh1, Alkyl Halide, Amide, Aniline, Benzene, Ether, Halogen, Pyridine, Urea;['Chlorobenzenes', 'Ethylene Glycols', 'PBB', 'PBDE', 'PCB', 'PhenylEthers', 'Phenylureas', 'Pyridin', 'PFAS']
162;4-amino-2,5-dimethoxy-N-methylbenzenesulphonamide;49701-24-8;256-435-3;CISVVDNATRQDNU-UHFFFAOYSA-N;CNS(=O)(=O)c1cc(OC)c(N)cc1OC;DTXSID2068507;170801.0;PRO-163;NS00006391;REACH-B;False;vPvM & PMT;MQ;vPvM & PMT;False;False;;;False;False;False;False;False;False;False;False;False;False;False;False;False;False;False;False;False;False;;;;True;True;True;False;False;False;True;False;False;False;False;False;False;False;False;False;False;False;False;False;False;False;False;False;False;P-PNEC pred;246.28;;0.71;;8.11;;0.0291;1.980003372;1.1992;71.5216356192192;49.43726272;1.78;57.0;;;;0.3;13.66213;0.64;0.34;0.0;0.0;;;;0;0;0;0;0;0;0;0;0;0;0;0;0;0;0;0;0;0;1;0;0;0;0;0;0;0;0;0;0;0;0;0;0;0;0;0;0;0;0;0;0;0;0;0;0;0;0;0;0;0;0;1;0;0;0;0;0;0;0;0;0;0;0;0;0;0.478092418849786;0.417990037864511;0.574512174772964;;;;0.63531159196973;0.503465096104752;False;0.0;0.0;0.0;0;226.6;low ;0.212;97.8;low ;0.396;1840.0;low ;0.682;0.243144135602197;0.120221017887582;0.086648594217595;0.0367980649362322;0.273311540979347;;;P_score_freshwater_pred_Dashboard;0.574512174772964;0.490198210495754;;;M_score_pred_Episuite;0.63531159196973;0.569388344037241;kemi_score;0.34;0.604147535260224;1.0;;;0.528311600595895;1.0;0.418233650280297;1.0;0.502667712290861;1.0;0.418233650280297;0.5;0.470061367485829;1.0;0.0;PM;;PM;;Arn, Nh1, Nh2, Aniline, Benzene, Ether, Methoxy, Sulfonamd;['Sulfonamides', 'Ethylene Glycols', 'PBDE', 'PhenylEthers']
163;4-amino-5-hydroxynaphthalene-2,7-disulphonic acid;90-20-0;201-975-7;APRRQJCCBSJQOQ-UHFFFAOYSA-N;Nc1cc(S(=O)(=O)O)cc2cc(S(=O)(=O)O)cc(O)c12;DTXSID0046981;7009.0;PRO-164;NS00006582;REACH-A;False;vPvM & PMT;MQ;vPvM & PMT;False;False;;;False;False;False;False;False;False;False;False;False;False;False;False;False;False;False;False;False;False;;;;False;False;True;False;False;False;False;False;False;False;False;False;False;False;False;False;False;False;False;False;False;False;False;False;False;;319.3;;-1.84;;9.4;;0.123;1.759667845;-0.1968;29.6659522703688;27.76688198;2.4;376.0;;;;-5.1;2.23548;0.82;;0.0;0.0;;;;0;0;0;0;0;0;0;0;0;0;0;0;0;0;0;0;0;0;1;0;0;0;0;0;0;0;0;0;0;0;0;0;0;0;0;0;0;0;0;0;0;0;0;0;0;0;0;0;0;0;0;1;0;0;0;0;0;0;0;0;0;0;0;0;0;0.958408223243464;0.211287952967228;0.230749318152645;;;;0.820936567036321;0.541550345559663;False;0.0;0.0;0.0;0;475.9;low ;0.202;3990.0;low ;0.667;1920.0;low ;0.0;0.413535011482533;0.026571817300476;0.0643132121803834;0.0361485193173239;0.423853053125753;;;P_score_freshwater_pred_UBA;0.958408223243464;0.466815164787779;;;M_score_pred_Episuite;0.820936567036321;0.681243456297992;E_score_min;0.0;0.887013165972675;1.0;;;0.5639279885875;1.0;0.58954177423073;1.0;0.723139900457407;1.0;0.58954177423073;0.5;0.576592669854761;1.0;0.0;vPvM;;PM;4;Arn, Ar Oh, Nh2, Aniline, Benzene, Bicyclic, Phenol, Phenol Noorthohbond;['Alkylphenols', 'Aromatic amines', 'Cyclohexanes', 'Phenols']
164;4-amino-N-(1,1-dimethylethyl)-4,5-dihydro-3-(1-methylethyl)-5-oxo-1H-1,2,4-triazole-1-carboxamide;129909-90-6;603-373-3;ORFPWVRKFLOQHK-UHFFFAOYSA-N;CC(C)c1nn(C(=O)NC(C)(C)C)c(=O)n1N;DTXSID3034329;153920.0;PRO-165;NS00001668;REACH-B;False;vPvM;HQ;vPvM;False;False;;;False;False;False;False;False;False;False;False;False;False;False;False;False;False;False;False;False;False;;;;True;False;True;False;False;False;True;False;False;False;True;False;False;False;False;False;False;False;False;False;False;False;False;False;False;P-PNEC pred;241.295;;0.508;;8.12;0.0191;0.0235;1.519827994;;71.5216356192192;;2.63;2500.0;;;1.4;;14.53302;;0.42;0.04;0.11;>1 to < 10 tonnes;1.0;10.0;0;0;0;0;0;0;0;0;0;0;0;0;0;0;0;0;0;0;0;0;0;0;0;0;0;1;0;0;0;0;0;0;0;0;0;0;0;0;0;0;0;0;0;0;0;0;0;0;0;0;0;0;0;0;0;0;0;0;0;0;0;0;0;0;0;0.99830091815794;;0.574512174772964;;;0.60249894073436;;0.582447768594732;False;0.0;0.0;0.0;0;134.4;low ;0.225;6590.0;low ;0.296;2120.0;low ;0.24;0.238239474663894;0.0214807050141708;0.106367050302578;0.034678682349207;0.257083533100549;;;P_score_freshwater_pred_UBA;0.99830091815794;0.786406546465452;M_score_exp_UBA;0.60249894073436;M_score_exp_UBA;0.60249894073436;0.592473354664546;kemi_score;0.42;0.775548351635343;1.0;0.60249894073436;0.5;0.682586935645963;1.0;0.257083533100549;0.5;0.536740054586325;0.75;0.393563916503187;0.5;0.49294303481466;0.75;0.0;vPvM;PM;PM;;Arn, Ar N, C O, C O Nocoo, Nh0, Nh1, Nh2, Amide;['Other']
165;4-aminophenol;123-30-8;204-616-2;PLIKAWJENQZMHA-UHFFFAOYSA-N;Nc1ccc(O)cc1;DTXSID3024499;403.0;PRO-166;NS00006730;REACH-A;True;PMT;HQ;PMT;False;False;;;False;False;False;False;False;False;False;False;False;False;False;False;False;False;False;True;True;False;"Personal care -> hair coloring; Personal care -> hair coloring -> hair color - permanent; Personal care -> hair styling and care -> hair conditioner; Personal care -> hair styling and care -> shampoo; hair colorant; hair dyeing";Not Known or Reasonably Ascertainable;;True;True;True;False;True;False;True;False;False;False;True;False;True;True;False;True;False;False;False;False;False;False;False;False;False;P-PNEC pred;109.128;0.04;0.039;;7.6;0.153;0.429;1.550228353;1.0925;361.405284372285;19.54451364;21.9;2500.0;;;0.5;;6.76746;0.65;0.68;0.11;0.21;>10 to < 100 tonnes;10.0;100.0;0;0;0;0;0;0;0;0;0;0;0;0;0;0;0;0;0;0;1;0;0;1;0;0;0;0;0;0;0;0;0;0;0;0;0;0;0;1;0;0;0;0;0;0;0;0;1;0;0;0;1;1;1;0;0;0;0;0;0;0;0;0;0;0;0;0.99830091815794;0.128143596797576;0.955625166119153;;;0.738796125036258;0.652269726982052;0.577314298445912;True;0.0;0.5;0.0;0;1770.0;;0.7;37.8;;1.0;37.1;;1.0;0.303555066204366;0.171150997695503;0.0373997834922668;0.172305664185988;0.331682981346517;;;P_score_freshwater_pred_UBA;0.99830091815794;0.69402322702489;M_score_exp_UBA;0.738796125036258;M_score_exp_UBA;0.738796125036258;0.656126716821407;kemi_score;0.68;0.858801985300002;1.0;0.738796125036258;0.5;0.674808996194952;1.0;0.464320942748909;1.0;0.63147426507272;1.0;0.542067934780992;0.75;0.559757044876333;1.0;0.0;vPvM;vPvM;PM;3;Arn, Ar Oh, Nh2, Aniline, Benzene, Phenol, Phenol Noorthohbond;['Alkylphenols', 'Aromatic amines', 'Phenols']
166;4-aminotoluene-3-sulphonic acid;88-44-8;201-831-3;LTPSRQRIPCVMKQ-UHFFFAOYSA-N;Cc1ccc(N)c(S(=O)(=O)O)c1;DTXSID7026526;6934.0;PRO-167;NS00001366;REACH-A;False;vPvM & PMT;MQ;vPvM & PMT;False;False;;;False;False;False;False;False;False;False;False;False;False;False;False;False;False;False;False;False;False;;Pigments;Pigments;True;True;True;False;False;False;True;False;False;False;False;False;False;False;False;False;False;False;False;False;False;False;False;False;False;P-PNEC pred;187.21;;-0.536;;7.95;;0.0472;1.6599162;0.0572;48.9108865237318;26.78263313;3.98;113.0;;;;-1.5;16.10362;0.79;0.54;0.09;0.16;>10 to < 100 tonnes;10.0;100.0;0;0;0;0;0;0;0;0;0;0;0;0;0;0;0;0;0;0;1;0;0;0;0;0;0;0;0;0;0;0;0;0;0;0;0;0;0;0;0;0;0;0;1;0;0;0;1;1;1;1;1;1;1;1;1;1;0;1;1;1;1;1;0;0;1;0.74690906533818;0.20118953876536;0.41354506468978;;;;0.793580805372827;0.558660646342139;False;0.0;0.0;0.0;0;1260.0;low ;0.217;3030.0;;1.0;11670.0;;1.0;0.230245852337348;0.0298448813578611;0.0430919729057154;0.0168390730162393;0.241123203858664;;;P_score_freshwater_pred_UBA;0.74690906533818;0.453881222931107;;;M_score_pred_Episuite;0.793580805372827;0.676120725857483;kemi_score;0.54;0.769891354420439;1.0;;;0.553966155916823;1.0;0.436448543414163;1.0;0.579670561805546;1.0;0.436448543414163;0.5;0.49170898085213;1.0;0.0;vPvM;;PM;2;Arn, Nh2, Aniline, Aryl Methyl, Benzene;['Aromatic amines', 'PAHs']
167;4-chloro-2,5-dimethoxyaniline;6358-64-1;228-782-0;YGUFQYGSBVXPMC-UHFFFAOYSA-N;COc1cc(c(cc1N)OC)Cl;DTXSID9040718;22833.0;PRO-168;NS00008793;REACH-B;False;vPvM & PMT;MQ;PMT;False;False;;;False;False;False;False;False;False;False;False;False;False;False;False;False;False;False;False;False;False;;;;True;True;True;False;False;False;True;False;False;False;False;False;False;False;False;False;False;False;False;False;False;False;False;False;False;P-PNEC pred;187.62;;1.83;;8.41;;0.00386;1.980003372;2.0552;34.813317487602;57.45019255;22.9;47.0;;;;1.9;6.94498;0.49;0.48;0.0;0.0;;;;0;0;0;0;0;0;0;0;0;0;0;0;0;0;0;0;0;0;1;0;0;0;0;0;0;0;0;0;0;0;0;0;0;0;0;0;0;0;0;0;0;0;0;0;0;0;0;0;0;0;0;1;0;0;0;0;0;0;0;0;0;0;0;0;0;0.397125317105212;0.481449121535842;0.282810472375868;;;;0.490435735687812;0.503465096104752;False;0.0;0.0;0.0;0;335.6;low ;0.695;15.5;low ;0.7;4630.0;moderate ;0.85;0.301182968965683;0.233199617066431;0.0740676746131533;0.024950825652542;0.342545692922744;;;P_score_freshwater_pred_RIVM;0.481449121535842;0.387128303672308;;;M_score_pred_Dashboard;0.503465096104752;0.496950415896282;kemi_score;0.48;0.492334061632538;1.0;;;0.43861551672869;1.0;0.40969182263275;1.0;0.449116064124207;1.0;0.40969182263275;0.5;0.423907054062069;1.0;0.0;PM;;PM;2;Arn, Nh2, Aniline, Benzene, Ether, Halogen, Methoxy;['Aromatic amines', 'Chlorobenzenes', 'Ethylene Glycols', 'PBB', 'PBDE', 'PhenylEthers']
168;4-chloro-2-nitroaniline;89-63-4;201-925-4;PBGKNXWGYQPUJK-UHFFFAOYSA-N;Nc1ccc(Cl)cc1N(=O)=O;DTXSID4030384;6979.0;PRO-169;NS00003462;REACH-B;False;PMT;MQ;Potential PMT/vPvM;False;False;;;False;False;False;False;False;False;False;False;False;False;False;False;False;False;False;False;False;False;;;;True;True;True;False;False;False;False;False;False;False;False;False;False;False;False;False;False;False;False;False;False;False;False;False;False;EQS water (=AA-EQS);172.57;2.72;2.66;;7.72;0.0029;0.00186;1.949877704;2.6271;96.5441097728446;59.7360061;11.0;270.0;;;;2.8;1.0;0.39;0.52;0.0;0.0;;;;0;0;0;0;0;0;0;0;0;0;0;0;0;0;0;0;0;0;1;0;0;0;0;0;0;0;0;0;0;0;0;0;0;0;0;0;0;0;0;0;0;0;0;0;0;0;0;0;0;0;1;1;0;0;0;0;0;0;0;0;0;0;0;0;0;0.928987363267318;0.4981154409531;0.692777862383848;;;;0.393011112300351;0.508684658513373;False;0.0;0.0;0.0;0;799.6;low ;0.7;19.2;moderate ;0.85;1070.0;;1.0;0.5;0.216988805409567;0.0520117336116434;0.0461159266130296;0.525988072679767;;;P_score_freshwater_pred_UBA;0.928987363267318;0.706626888868089;;;M_score_pred_Dashboard;0.508684658513373;0.450847885406862;kemi_score;0.52;0.687431174479943;1.0;;;0.564430012151912;1.0;0.452918699487125;1.0;0.557987843534573;1.0;0.452918699487125;0.5;0.505609441224495;1.0;0.0;PM;;PM;3;Arn, Nh0, Nh2, Aniline, Benzene, Halogen, Nitro, Nitro Arom;['Aromatic amines', 'Chlorobenzenes', 'Nitrobenzene derivatives', 'PBB']
169;4-chloroaniline;106-47-8;203-401-0;QSNSCYSYFYORTR-UHFFFAOYSA-N;C1=CC(=CC=C1N)Cl;DTXSID9020295;7812.0;PRO-170;NS00010861;REACH-B;False;vPvM & PMT;MQ;vPvM & PMT;False;False;;;False;False;False;False;False;False;False;False;False;False;False;True;True;False;True;False;False;False;Furniture and furnishings;"Intermediate; Pigments";Pigments;True;True;True;False;False;False;True;False;False;False;False;False;False;False;False;False;False;False;False;False;False;False;False;False;False;AA-QSwater_eco;127.57;1.83;1.77;;6.25;0.0278;0.0172;1.959994838;1.9157;9136.20161642468;35.34516776;6.92;78.0;;;1.5;;1.0;0.51;0.53;0.0;0.0;;;;1;0;0;0;0;0;0;0;0;0;0;0;0;0;0;0;0;0;1;0;0;0;0;0;0;0;0;0;0;0;0;0;0;0;0;0;0;0;0;0;0;0;1;0;0;0;0;0;0;0;1;1;0;0;0;0;0;0;0;0;0;0;0;0;0;0.610286026060949;0.288097068717011;0.999814341277204;;;0.585786437626905;0.51460392184384;0.50693192214139;True;0.75;0.0;0.0;0;4820.0;low ;0.7;18.8;;1.0;598.3;;1.0;0.5;0.218546327735215;0.0245294139942059;0.0585842481943274;0.523586220327107;;;P_score_freshwater_pred_Dashboard;0.999814341277204;0.632732478685055;M_score_exp_UBA;0.585786437626905;M_score_exp_UBA;0.585786437626905;0.535774093870712;kemi_score;0.53;0.765295812914891;1.0;0.585786437626905;0.5;0.582238499611675;1.0;0.516748461407312;1.0;0.628860424772642;1.0;0.53880617663505;0.75;0.54851695401914;1.0;0.0;vPvM;PM;PM;3;Arn, Nh2, Aniline, Benzene, Halogen;['Aromatic amines', 'Chlorobenzenes', 'PBB']
170;4-chloro-N-cyclopentylbenzylamine;66063-15-8;266-097-9;XIXHUNCZQIRQOG-UHFFFAOYSA-N;Clc1ccc(cc1)CNC1CCCC1;DTXSID30216258;834083.0;PRO-171;NS00003647;REACH-B;False;vPvM & PMT;MQ;vPvM & PMT;False;False;;;False;False;False;False;False;False;False;False;False;False;False;False;False;False;False;False;False;False;;;;True;False;True;False;False;False;False;False;False;False;False;False;False;False;False;False;False;False;False;False;False;False;False;False;False;P-PNEC pred;209.72;;3.49;;9.24;;0.000927;2.650307523;1.0159;13.0658244409345;38.87542061;44.7;59.0;;;;-7.3;4.11514;0.66;0.26;0.0;0.0;;;;0;0;0;0;0;0;0;0;0;0;0;0;0;0;0;0;0;0;1;0;0;0;0;0;0;0;0;0;0;0;0;0;0;0;0;0;0;0;0;0;0;0;0;0;0;0;0;0;0;0;0;1;0;0;0;0;0;0;0;0;0;0;0;0;0;0.492817504470034;0.32258929415229;0.068760679372889;;;;0.66421306458935;0.38918036350948;False;0.0;0.0;0.0;0;336.7;low ;0.377;299.3;low ;0.474;127.6;low ;0.671;0.351059657972061;0.0775502552008375;0.0739702677979526;0.108529465812811;0.370044747208666;;;P_score_freshwater_pred_UBA;0.492817504470034;0.294722492665071;;;M_score_pred_Episuite;0.66421306458935;0.526696714049415;kemi_score;0.26;0.57213269870487;1.0;;;0.393991584228833;1.0;0.494195844941779;1.0;0.531738283796901;1.0;0.494195844941779;0.5;0.441258432064384;1.0;1.0;PM;;PM;3;Nh1, Benzene, Halogen;['Chlorobenzenes', 'PBB']
171;4-chloro-o-cresol;1570-64-5;216-381-3;RHPUJHQBPORFGV-UHFFFAOYSA-N;Cc1cc(Cl)ccc1O;DTXSID5022510;14855.0;PRO-172;NS00007230;REACH-B;False;vPvM & PMT;MQ;PMT;False;False;;;False;False;False;False;False;False;False;False;False;False;False;False;False;False;False;False;False;False;"degradate (mcpa); herbicides and herbicide degradates";;;False;False;True;False;False;False;False;False;False;False;False;False;False;False;False;False;False;False;False;False;False;False;False;False;False;P-PNEC pred;142.58;2.78;2.8;;6.63;0.0282;0.0137;1.92992956;2.6296;34.813317487602;30.04383695;20.9;29.0;;;2.2;;2.57447;0.39;0.45;0.0;0.0;;;;0;0;0;0;0;0;0;0;0;0;0;0;0;0;0;0;0;0;0;0;0;0;0;0;0;0;0;0;0;0;0;0;0;0;0;0;0;0;0;0;0;0;0;0;0;0;0;0;0;0;1;0;0;0;0;0;0;0;0;0;0;0;0;0;0;0.223931946778095;0.234612546965873;0.282810472375868;;;0.465398038619236;0.392597807526218;0.512139895614599;True;0.0;0.0;0.0;0;2850.0;low ;0.7;132.5;good ;1.0;1640.0;good ;1.0;0.398747202597282;0.106956232923658;0.0306247032804379;0.038610927828483;0.414784866745616;;;P_score_freshwater_pred_Dashboard;0.282810472375868;0.247118322039945;M_score_exp_UBA;0.465398038619236;M_score_pred_Dashboard;0.512139895614599;0.456711913920018;kemi_score;0.45;0.380576570221148;1.0;0.465398038619236;0.5;0.335949225067668;1.0;0.402201563933795;1.0;0.391239685793128;1.0;0.422250999460705;0.75;0.367585777369803;1.0;0.0;PM;PM;PM;4;Ar Oh, Aryl Methyl, Benzene, Halogen, Phenol, Phenol Noorthohbond;['Alkylphenols', 'Chlorobenzenes', 'Phenols', 'PAHs', 'PBB']
172;4-chlorophenyl isocyanate;104-12-1;203-176-9;ADAKRBAJFHTIEW-UHFFFAOYSA-N;c1cc(ccc1N=C=O)Cl;DTXSID7040732;7693.0;PRO-173;NS00006206;REACH-B;False;PMT;MQ;Potential PMT/vPvM;False;False;;;False;False;False;False;False;False;False;False;False;False;False;False;False;False;False;False;False;False;;;;True;False;True;False;False;False;False;False;False;False;False;False;False;False;False;False;False;False;False;False;False;False;False;False;False;P-PNEC pred;153.57;;2.97;;3.97;;0.0008;1.740362689;2.8116;107.7700725714;30.38570784;6.31;46.0;;;;3.1;1.63912;0.36;0.46;0.0;0.0;;;;0;0;0;0;0;0;0;0;0;0;0;0;0;0;0;0;0;0;1;0;0;0;0;0;0;0;0;0;0;0;0;0;0;0;0;0;0;0;0;0;0;0;0;0;0;0;0;0;0;0;1;1;0;0;0;0;0;0;0;0;0;0;0;0;0;0.388357284407598;0.238103736980637;0.731291418168485;;;;0.36295573651004;0.544870676610771;True;0.0;0.0;0.0;0;1660.0;low ;0.441;549.5;low ;0.344;2420.0;low ;0.344;0.446552295530917;0.0606557438191366;0.0384159925080994;0.0328051212344438;0.457174297980202;;;P_score_freshwater_pred_Dashboard;0.731291418168485;0.452584146518907;;;M_score_pred_Dashboard;0.544870676610771;0.453913206560406;kemi_score;0.46;0.631236286834901;1.0;;;0.453248189389435;1.0;0.405687992517492;1.0;0.50604839888122;1.0;0.405687992517492;0.5;0.428809221059422;1.0;0.0;PM;;PM;3;C O Nocoo, Imine, Nh0, Benzene, Halogen, Isocyan;['Chlorobenzenes', 'PBB']
173;4-fluoroaniline;371-40-4;206-735-5;KRZCOLNOCZKSDF-UHFFFAOYSA-N;c1cc(ccc1N)F;DTXSID9022027;9731.0;PRO-174;NS00010860;REACH-B;False;vPvM;HQ;vPvM;False;False;;;False;False;False;False;False;False;False;False;False;False;False;False;False;False;False;False;False;False;;;;True;False;True;False;False;False;False;False;False;False;True;False;False;False;False;False;False;False;False;False;False;False;False;False;False;P-PNEC pred;111.119;1.15;1.19;;4.94;;0.0598;1.489958479;1.5396;214.862867704335;48.67170261;5.37;;;211.0;1.7;;9.89895;0.58;0.48;0.0;0.07;>0 to < 10 tonnes;0.0;10.0;0;0;0;0;0;0;0;0;0;0;0;0;0;0;0;0;0;0;1;0;0;0;0;0;0;0;0;0;0;0;0;0;0;0;0;0;0;0;0;0;0;0;0;0;0;0;0;0;0;0;1;1;0;0;0;0;0;0;0;0;0;0;0;0;0;;0.411514097650018;0.898507246983325;;0.567496346273326;0.551799518660109;0.579110983875892;0.587474263340781;False;0.0;0.0;0.0;0;2540.0;low ;0.3;32.7;low ;0.358;130.7;moderate ;0.85;0.269809534272774;0.180265794141359;0.0321447401702428;0.107524955454447;0.299870526383613;P_score_sediment_exp_UBA;0.567496346273326;P_score_freshwater_pred_Dashboard;0.898507246983325;0.625839230302223;M_score_exp_UBA;0.551799518660109;M_score_pred_Dashboard;0.587474263340781;0.572794921958927;kemi_score;0.48;0.72653278179851;1.0;0.559592897305703;1.0;0.598729933342068;1.0;0.417043049699303;1.0;0.550450222116196;1.0;0.483088323686714;1.0;0.499696064970734;1.0;0.0;vPvM;PM;PM;3;Arn, Nh2, Aniline, Benzene, Halogen;['Aromatic amines', 'Chlorobenzenes', 'PBB']
174;4-isopropylaniline;99-88-7;202-797-2;LRTFPLFDLJYEKT-UHFFFAOYSA-N;CC(C)c1ccc(cc1)N;DTXSID20243932;7464.0;PRO-175;;REACH-B;False;vPvM & PMT;MQ;vPvM & PMT;False;False;;;False;False;False;False;False;False;False;False;False;False;False;False;False;False;False;False;False;False;;;;True;False;True;False;False;False;True;False;False;False;False;False;False;False;False;False;False;False;False;False;False;False;False;False;False;P-PNEC pred;135.21;2.49;2.38;;7.34;;0.0362;2.640481437;2.2808;13.0658244409345;28.24767968;40.7;65.0;;;1.7;;2.30573;0.45;0.24;0.0;0.0;;;;0;0;0;0;0;0;0;0;0;0;0;0;0;0;0;0;0;0;1;0;0;0;0;0;0;0;0;0;0;0;0;0;0;0;0;0;0;0;0;0;0;0;0;0;0;0;0;0;0;0;1;1;0;0;0;0;0;0;0;0;0;0;0;0;0;0.534155202628529;0.216220046675091;0.068760679372889;;;0.551799518660109;0.451494100680058;0.390800666276679;False;0.0;0.0;0.0;0;872.6;low ;0.7;15.8;;1.0;972.0;;1.0;0.410279889744464;0.231714199408682;0.0501724100593432;0.0479861906799452;0.442406613391662;;;P_score_freshwater_pred_UBA;0.534155202628529;0.273045309558836;M_score_exp_UBA;0.551799518660109;M_score_exp_UBA;0.551799518660109;0.464698095205615;kemi_score;0.24;0.542905685824173;1.0;0.551799518660109;0.5;0.356207292537391;1.0;0.4461871535872;1.0;0.492176332856624;1.0;0.478929748465557;0.75;0.398666675236672;1.0;0.0;PM;PM;PM;3;Arn, Nh2, Aniline, Benzene;['Aromatic amines']
175;4-mesyl-2-nitrotoluene;1671-49-4;430-550-0;OXBDLEXAVKAJFD-UHFFFAOYSA-N;c1(C)c(N(=O)=O)cc(S(=O)(=O)C)cc1;DTXSID30350742;687125.0;PRO-176;NS00019649;REACH-B;False;vPvM & PMT;HQ;PMT;False;False;;;False;False;False;False;False;False;False;False;False;False;False;False;False;False;False;False;False;False;;;;True;False;True;False;False;False;True;False;False;False;False;False;False;False;False;False;False;False;False;False;False;False;False;False;False;EQS water (=AA-EQS);215.22;;1.09;;6.1;;0.0153;2.290034611;;34.813317487602;;6.76;2500.0;;;2.3;;1000.0;;0.41;0.0;0.09;>0 to < 10 tonnes;0.0;10.0;0;0;0;0;0;0;0;0;0;0;0;0;0;0;0;0;0;0;1;0;0;0;0;0;0;0;0;0;0;0;0;0;0;0;0;0;0;0;0;0;0;0;0;0;0;0;0;0;0;0;0;1;0;0;0;0;0;0;0;0;0;0;0;0;0;0.99830091815794;;0.282810472375868;;;0.44820048133989;;0.4499094222477;True;0.0;0.0;0.0;0;396.5;low ;0.358;923.1;low ;0.535;2310.0;low ;0.535;0.0474258731775667;0.0490207413450466;0.0692515711599123;0.0334522394503138;0.0692068858785899;;;P_score_freshwater_pred_UBA;0.99830091815794;0.640555695266904;M_score_exp_UBA;0.44820048133989;M_score_pred_Dashboard;0.4499094222477;0.449054951793795;kemi_score;0.41;0.670182802911106;1.0;0.44820048133989;0.5;0.536325187604797;1.0;0.0692068858785899;0.5;0.314421297506332;0.75;0.176120866347003;0.5;0.27102034769216;0.75;0.0;PM;PM;PM;4;Nh0, Aryl Methyl, Benzene, Nitro, Nitro Arom, Sulfone;['Nitrobenzene derivatives', 'PAHs']
176;4-methanesulfonyl-2-nitrobenzoic acid;110964-79-9;601-017-1;QNOUABMNRMROSL-UHFFFAOYSA-N;O=S(=O)(C)c1cc(c(cc1)C(=O)O)N(=O)=O;DTXSID0074639;184292.0;PRO-177;NS00002292;REACH-B;False;vPvM;MQ;vPvM;False;False;;;False;False;False;False;False;False;False;False;False;False;False;False;False;False;False;False;False;False;;;;True;True;True;False;False;False;True;False;False;False;False;False;False;False;False;False;False;False;False;False;False;False;False;False;False;EQS water (=AA-EQS);245.21;;0.421;;9.13;;0.241;1.309630167;;34.813317487602;;3.98;62.0;;;;-8.0;1000.0;;0.29;0.0;0.0;;;;0;0;0;0;0;0;0;0;0;0;0;0;0;0;0;0;0;0;1;0;0;0;0;0;0;0;0;0;0;0;0;0;0;0;0;0;0;0;0;0;0;0;0;0;0;0;0;0;0;0;0;1;0;0;0;0;0;0;0;0;0;0;0;0;0;0.514009974868646;;0.282810472375868;;;;;0.61740020036551;False;0.0;0.0;0.0;0;245.2;low ;0.346;966.7;low ;0.507;984.7;low ;0.507;0.0474258731775667;0.0480947848118642;0.0839753119651291;0.0477292972779406;0.0717326183136767;;;P_score_freshwater_pred_UBA;0.514009974868646;0.398410223622257;;;M_score_pred_Dashboard;0.61740020036551;0.61740020036551;kemi_score;0.29;0.563338141327012;1.0;;;0.495962248454506;1.0;0.0717326183136767;0.5;0.283412063487518;0.75;0.0717326183136767;0.25;0.260338246042524;0.75;0.0;PM;;PM;3;Ar Coo, Coo, Coo2, C O, Nh0, Benzene, Nitro, Nitro Arom, Sulfone;['Alkylphenols', 'Nitrobenzene derivatives']
177;4-Methyl-1H-benzotriazole;29878-31-7;249-921-1;CMGDVUCDZOBDNL-UHFFFAOYSA-N;CC1=CC=CC2=NNN=C12;DTXSID50274037;122499.0;PRO-178;NS00010509;;False;;;;False;False;;;False;False;False;False;False;False;False;False;False;True;False;False;False;False;True;False;False;False;;;;False;False;False;False;False;False;False;False;False;False;False;False;False;False;False;False;False;False;False;False;False;False;False;False;False;;133.154;;1.58;;6.05;;0.0338;1.829946696;1.9439;12.3049300605104;21.51758556;3.24;;;;;;8.0;0.51;;;;;;;0;0;0;0;0;0;0;0;0;0;0;0;0;0;0;0;0;0;0;0;0;0;0;0;0;0;0;0;0;0;0;0;0;0;0;0;0;0;0;0;0;0;0;0;0;0;0;0;0;0;0;0;0;0;0;0;0;0;0;0;0;0;0;0;0;;0.147661729793896;0.0624762902878465;;;;0.50972016442741;0.529433920855667;False;0.0;0.0;0.0;0;1470.0;low ;0.293;2860.0;low ;0.31;1250.0;low ;0.397;0.288415918241872;0.0305795767004752;0.0404143237079807;0.0432348939730977;0.2982049270882;;;P_score_freshwater_pred_RIVM;0.147661729793896;0.105069010040871;;;M_score_pred_Dashboard;0.529433920855667;0.519577042641539;;;0.279601732049557;1.0;;;0.233648123275814;1.0;0.389980144129136;1.0;0.330210726299802;1.0;0.389980144129136;0.5;0.301857795643253;1.0;0.0;;;;4;Ar N, Ar Nh, Nh0, Nh1, Nhpyrrole, Aryl Methyl, Benzene, Bicyclic, Para Hydroxylation;['Aromatic amines', 'Cyclohexanes', 'PAHs']
178;4-methylpent-1-ene;691-37-2;211-720-1;WSSSPWUEQFSQQG-UHFFFAOYSA-N;CC(C)CC=C;DTXSID3061001;12724.0;PRO-179;NS00003382;REACH-B;True;vPvM & PMT;MQ;PMT;False;False;;;False;False;False;False;False;False;False;False;False;False;False;False;False;False;False;False;False;False;;;;False;False;True;False;False;False;False;False;False;False;False;False;False;False;False;False;False;False;False;False;False;False;False;False;False;P-PNEC pred;84.162;;3.15;;2.85;0.000574;0.00123;2.089905111;2.6727;53.5170342274911;15.05444898;51.3;22.0;;;2.3;;4.02979;0.39;0.45;0.0;0.0;Tonnage data confidential;;;0;0;0;0;0;0;0;0;0;0;0;0;0;0;0;0;0;0;0;0;0;0;0;0;0;0;0;0;0;0;0;0;0;0;0;0;0;0;0;0;0;0;0;0;0;0;0;0;0;0;0;1;0;0;0;0;0;0;0;0;0;0;0;0;0;0.152496117489493;0.0859836192428092;0.451286681843632;;;0.44820048133989;0.385497069118891;0.484425671321968;False;0.0;0.0;0.0;0;2320.0;low ;0.624;834.9;moderate ;0.85;36.9;;0.85;0.353136092468537;0.0510943979304991;0.0333916352909577;0.172640720031597;0.363729680552192;;;P_score_freshwater_pred_Dashboard;0.451286681843632;0.229922139525311;M_score_exp_UBA;0.44820048133989;M_score_pred_Dashboard;0.484425671321968;0.43937440726025;kemi_score;0.45;0.467562673671418;1.0;0.44820048133989;0.5;0.317839430797914;1.0;0.376635865811203;1.0;0.419643744644473;1.0;0.399121591117944;0.75;0.345990938042476;1.0;0.0;PM;PM;;;Allylic Oxid;['Other']
179;4-methylthiosemicarbazide;6610-29-3;229-563-2;PTVZQOAHCSKAAS-UHFFFAOYSA-N;CNC(=S)NN;DTXSID7044390;2723853.0;PRO-180;NS00007927;REACH-B;False;vPvM & PMT;MQ;vPvM & PMT;False;False;;;False;False;False;False;False;False;False;False;False;False;False;False;False;False;False;False;False;False;;;;True;True;True;False;False;False;True;False;False;False;False;False;False;False;False;False;False;False;False;False;False;False;False;False;False;P-PNEC pred;105.16;;-0.875;;6.19;;2.14;0.820201459;0.5345;53.5170342274911;18.31878542;1.58;52.0;;;;-0.8;35.46546;0.73;0.36;0.0;0.0;;;;1;0;0;0;0;0;0;0;0;0;0;0;0;0;0;0;0;0;0;0;0;0;0;0;0;0;0;1;0;0;0;0;0;0;0;0;0;0;0;0;0;0;0;0;0;0;0;0;0;0;0;1;0;0;0;0;0;0;0;0;0;0;0;0;0;0.439145059706879;0.116274356257627;0.451286681843632;;;;0.734155087300714;0.693763624763914;False;0.0;0.0;0.0;0;12810.0;low ;0.22;2240.0;low ;0.417;1370.0;low ;0.7;0.175114347744339;0.0338870434196848;0.0161818770566025;0.0416177252958402;0.183137609019785;;;P_score_freshwater_pred_Dashboard;0.451286681843632;0.33556869926938;;;M_score_pred_Episuite;0.734155087300714;0.713959356032314;kemi_score;0.36;0.575599177645835;1.0;;;0.489471564480479;1.0;0.365637053079202;1.0;0.458759617958289;1.0;0.365637053079202;0.5;0.423047208243606;1.0;2.0;PM;;PM;Priority group;C S, Nh1, Nh2, Hdrzine;['Thiocarbamates']
180;4-nitrotoluene;99-99-0;202-808-0;ZPTVNYMJQHSSEA-UHFFFAOYSA-N;CC1=CC=C(C=C1)[N+](=O)[O-];DTXSID5023792;7473.0;PRO-181;NS00001022;REACH-A;False;vPvM & PMT;MQ;PMT;False;False;;;False;False;False;False;False;False;False;False;False;False;False;False;False;False;False;True;False;False;;;;True;False;True;False;False;False;True;False;False;False;False;False;True;False;False;False;False;False;False;False;False;False;False;False;False;P-PNEC pred;137.138;2.37;2.4;;4.55;0.00323;0.00335;1.899820502;2.4551;58.5569625918923;30.47475408;9.77;66.0;;;;2.4;11.30252;0.42;0.53;0.0;0.1;>0 to < 10 tonnes;0.0;10.0;0;0;0;0;0;0;0;0;0;0;0;0;0;0;0;0;0;0;1;0;1;0;0;0;0;0;0;0;0;0;0;0;0;0;0;0;0;0;0;0;0;0;0;0;0;0;0;0;0;0;1;1;0;0;0;0;0;0;0;0;0;0;0;0;1;0.540643581669199;0.239012421482958;0.489597175430576;;;;0.421784703541118;0.517352812067454;True;0.0;0.0;0.0;0;2620.0;moderate ;0.85;598.4;;1.0;1590.0;;1.0;0.258615825417252;0.0585802452695922;0.0317283740787406;0.0391131803747419;0.271596082928019;;;P_score_freshwater_pred_UBA;0.540643581669199;0.423084392860911;;;M_score_pred_Dashboard;0.517352812067454;0.469568757804286;kemi_score;0.53;0.528870000380793;1.0;;;0.445721003321672;1.0;0.337743030764171;1.0;0.422637145562074;1.0;0.337743030764171;0.5;0.387993766105989;1.0;0.0;PM;;PM;3;Nh0, Aryl Methyl, Benzene, Nitro, Nitro Arom, Nitro Arom Nonortho;['Nitrobenzene derivatives', 'PAHs']
181;4-nitrotoluene-2-sulphonic acid;121-03-9;204-445-3;ZDTXQHVBLWYPHS-UHFFFAOYSA-N;CC1=C(C=C(C=C1)[N+](=O)[O-])S(=O)(=O)O;DTXSID4026975;8458.0;PRO-182;NS00003565;REACH-A;True;vPvM;HQ;vPvM;False;False;;;False;False;False;False;False;False;False;False;False;False;False;False;False;False;False;True;True;True;;"Intermediate; Intermediates";;True;True;True;True;False;True;True;False;False;False;True;True;False;False;True;False;False;False;False;False;False;False;True;False;False;P-PNEC pred;217.2;;0.369;;8.6;3.07;1.4;1.670245853;0.7017;87.3567230134409;32.60913314;5.01;2500.0;;;;-1.5;40.02791;0.71;0.66;0.33;0.44;>1000 to < 10000 tonnes;1000.0;10000.0;1;0;0;0;0;0;0;0;0;0;0;0;0;0;0;0;0;1;1;0;0;1;0;0;1;0;0;0;0;0;1;0;1;0;0;0;0;0;0;0;0;0;0;0;0;0;1;1;1;1;1;1;0;0;1;0;0;0;0;0;0;0;0;0;0;0.99830091815794;0.260691380384232;0.655247715497613;;;;0.710931620589092;0.55689455761925;False;0.0;0.0;0.0;0;637.9;low ;0.287;1180.0;;0.85;20480.0;;0.85;0.167651623998641;0.04428211042487;0.0570678939028337;0.0132380972081984;0.183974461125153;;;P_score_freshwater_pred_UBA;0.99830091815794;0.638080004679928;;;M_score_pred_Episuite;0.710931620589092;0.633913089104171;kemi_score;0.66;0.842451001294201;1.0;;;0.635993134288616;1.0;0.361416473613003;1.0;0.551793140660061;1.0;0.361416473613003;0.5;0.479435497055311;1.0;2.0;vPvM;;PM;4;Nh0, Aryl Methyl, Benzene, Nitro, Nitro Arom, Nitro Arom Nonortho;['Nitrobenzene derivatives', 'PAHs']
182;4-vinylcyclohexene;100-40-3;202-848-9;BBDKZWKEPDTENS-UHFFFAOYSA-N;C=CC1CCC=CC1;DTXSID3021437;7499.0;PRO-183;NS00008744;REACH-B;False;vPvM & PMT;MQ;PMT;False;False;;;False;False;False;False;False;False;False;False;False;False;False;False;False;False;False;False;False;False;monomer;"Adhesives and sealant chemicals; Fuels and fuel additives; Functional fluids (closed systems); Intermediates; Solvent";"Adhesives and sealant chemicals; Fuels and fuel additives; Intermediates; Solvents (which become part of product formulation or mixture)";True;False;True;False;False;False;False;False;False;False;False;False;False;False;False;False;False;False;False;False;False;False;False;False;False;P-PNEC pred;108.184;3.93;3.58;;3.48;0.000465;0.000663;2.480006943;3.4104;48.9108865237318;16.69756055;166.0;22.0;;;2.4;;4.84965;0.27;0.76;0.0;0.0;;;;0;0;0;0;0;0;0;0;0;0;0;0;0;0;0;0;0;0;0;0;0;0;0;0;0;0;0;0;0;0;0;0;0;0;0;0;0;0;0;0;0;0;0;0;0;0;0;0;0;0;0;1;0;0;0;0;0;0;0;0;0;0;0;0;0;0.152496117489493;0.100959830224384;0.41354506468978;;;0.431125927769216;0.273365319046981;0.417580057168544;True;0.5;0.0;0.0;0;1260.0;low ;0.589;711.0;;1.0;472.9;;0.85;0.334987995251726;0.0545847556006495;0.0430919729057154;0.0644786796903182;0.34756662263477;;;P_score_freshwater_pred_Dashboard;0.41354506468978;0.222333670801219;M_score_exp_UBA;0.431125927769216;M_score_exp_UBA;0.431125927769216;0.374023767994914;kemi_score;0.76;0.42224400491749;1.0;0.431125927769216;0.5;0.288371422483596;1.0;0.306338029162864;1.0;0.359651770873242;1.0;0.343295931607394;0.75;0.297218998771136;1.0;0.0;PM;PM;;3;Allylic Oxid;['Other']
183;5,5'-(1H-isoindole-1,3(2H)-diylidene)dibarbituric acid;36888-99-0;253-256-2;JSBMGPVJAADXIZ-UHFFFAOYSA-N;C1=CC=C2C(=C1)C(=C3C(=O)NC(=O)NC3=O)N=C2C4=C(NC(=O)NC4=O)O;DTXSID7068007;160357.0;PRO-184;NS00005431;REACH-A;True;vPvM;HQ;vPvM;False;False;;;False;False;False;False;False;False;False;False;False;False;False;False;False;False;False;True;True;True;"Batteries; Cleaning and safety; Electronics/small appliances -> computers and accessories/supplies -> printer toner; Home maintenance -> paint/stain and related products; Home maintenance -> surface sealers; pigments agents";"Paint additives and coating additives not described by other categories; Pigment; Pigments";"Paint additives and coating additives not described by other categories; Pigment; Pigments";True;True;True;True;True;True;True;False;False;True;True;True;True;False;True;True;False;True;False;False;False;True;True;True;True;P-PNEC pred;367.277;;-1.44;;9.48;;0.0633;1.710117365;-0.203;742.483018716623;48.64322588;3.31;2500.0;;;;-5.7;0.0813;;0.78;0.39;0.52;>1000 to < 10000 tonnes;1000.0;10000.0;1;0;0;0;0;0;0;1;0;0;0;0;0;0;0;0;0;1;0;0;0;0;0;0;0;0;0;0;0;0;1;0;0;0;0;0;0;0;0;0;0;0;0;0;0;0;0;1;1;1;1;1;1;1;1;0;0;0;0;1;0;1;0;1;0;0.99830091815794;0.411271830276842;0.986620230625643;;;;0.82156742909899;0.550064506490143;False;0.0;0.0;0.0;0;241.2;low ;0.183;581.0;low ;0.0;721.3;low ;0.0;0.748364670897853;0.0592910106005732;0.0845264241373347;0.0542633074231298;0.755352655039099;;;P_score_freshwater_pred_UBA;0.99830091815794;0.798730993020142;;;M_score_pred_Episuite;0.82156742909899;0.685815967794567;kemi_score;0.78;0.905633214275062;1.0;;;0.740123279586329;1.0;0.755352655039099;0.5;0.852481208868674;0.75;0.755352655039099;0.25;0.745165311622429;0.75;0.0;vPvM(T);(T);vPvM(T);2;Ar N, Ar Nh, Ar Oh, C O, C O Nocoo, Imine, Nh0, Nh1, Nhpyrrole, Amide, Barbitur, Benzene, Bicyclic, Imide, Urea;['Alkylphenols', 'Cyclohexanes', 'Phenylureas', 'Terpenoid', 'Triazines']
184;5,5-dimethylhydantoin;77-71-4;201-051-3;YIROYDNZEPTFOL-UHFFFAOYSA-N;CC1(C(=O)NC(=O)N1)C;DTXSID5021754;6491.0;PRO-185;NS00005012;REACH-A;False;vPvM;HQ;vPvM;False;False;;;False;False;False;False;False;False;False;False;False;False;False;False;False;False;False;False;False;False;"Cleaning products and household care -> bathroom -> bathroom cleaner; hair conditioning; surfactant; surfactant; viscosity controlling";Ion exchange agents;Ion exchange agents;True;True;True;False;False;False;True;False;False;False;True;False;False;False;False;False;False;False;False;False;False;False;False;False;False;P-PNEC pred;128.131;-0.48;-0.523;;7.93;;0.168;1.309630167;0.6238;87.3567230134409;27.5241907;3.47;;;1170.0;1.8;;41.32284;;0.83;0.22;0.33;>100 to < 1000 tonnes;100.0;1000.0;0;0;0;0;0;0;0;0;0;0;0;0;0;0;0;0;0;0;1;0;0;0;0;0;0;0;0;0;0;0;0;0;0;0;0;1;0;0;0;0;0;0;0;0;0;0;0;0;0;0;1;1;0;0;0;0;0;0;0;0;0;0;0;0;0;;0.208797884078439;0.655247715497613;;0.960829270237376;0.534601961380763;0.721900659694426;0.61740020036551;False;0.0;0.0;0.0;0;13590.0;low ;0.3;10080.0;low ;0.628;13940.0;low ;0.428;0.165730963858743;0.017925189444694;0.0157782400803139;0.0156076591388763;0.171191831293843;P_score_sediment_exp_UBA;0.960829270237376;P_score_sediment_exp_UBA;0.960829270237376;0.608291623271142;M_score_exp_UBA;0.534601961380763;M_score_pred_Episuite;0.721900659694426;0.624634273813566;kemi_score;0.83;0.832840491353582;1.0;0.716701620216495;1.0;0.616408789983437;1.0;0.171191831293843;0.5;0.491513631634058;0.75;0.444685808801866;0.75;0.40216742891389;0.75;0.0;vPvM;vPvM;PM;1;C O, C O Nocoo, Nh1, Amide, Imide, Urea;['Other']
185;5,6-Dimethyl-1H-benzotriazole;4184-79-6;224-058-3;MVPKIPGHRNIOPT-UHFFFAOYSA-N;CC1=CC2=NNN=C2C=C1C;DTXSID70881186;77849.0;PRO-186;;;False;;;;False;False;;;False;False;False;False;False;False;False;False;False;False;False;False;False;False;False;False;False;False;;;;False;False;False;False;False;False;False;False;False;False;False;False;False;False;False;False;False;False;False;False;False;False;False;False;False;;147.181;;1.9;;6.92;;0.0122;1.459392488;2.2481;6063.24248803609;26.45548293;4.9;;;;;;4.94039;0.46;0.17;;;;;;0;0;0;0;0;0;0;0;0;0;0;0;0;0;0;0;0;0;0;0;0;0;0;0;0;0;0;0;0;0;0;0;0;0;0;0;0;0;0;0;0;0;0;0;0;0;0;0;0;0;0;0;0;0;0;0;0;0;0;0;0;0;0;0;0;;0.197834116421118;0.999625863290749;;;;0.457113187249727;0.592599140860373;False;0.0;0.0;0.0;0;307.2;low ;0.288;3080.0;low ;0.307;918.5;low ;0.393;0.333196890986584;0.02963975897225;0.0767447180140758;0.0491219816917977;0.346921150323442;;;P_score_freshwater_pred_Dashboard;0.999625863290749;0.598729989855934;;;M_score_pred_Dashboard;0.592599140860373;0.52485616405505;kemi_score;0.17;0.769660592578252;1.0;;;0.560577493109119;1.0;0.399479322554727;1.0;0.554493906296751;1.0;0.399479322554727;0.5;0.473222059065992;1.0;0.0;vPvM;;PM;1;Ar N, Ar Nh, Nh0, Nh1, Nhpyrrole, Aryl Methyl, Benzene, Bicyclic;['Aromatic amines', 'Cyclohexanes', 'PAHs']
186;5:3 fluorotelomer carboxylate;914637-49-3;811-572-3;;C(CC(C(C(C(C(F)(F)F)(F)F)(F)F)(F)F)(F)F)C(=O)O;DTXSID20874028;14632790.0;PRO-187;;;False;;;;False;False;;;False;False;False;False;False;True;False;False;False;False;False;False;False;False;True;False;False;False;;;;False;False;False;False;False;False;False;False;False;False;False;False;False;False;False;False;False;False;False;False;False;False;False;False;False;;342.108;;3.83;;4.25;;0.000427;2.940018155;;120.301368663215;;5.89;;;;;;0.90758;;0.02;;;;;;0;0;0;0;0;0;0;0;0;0;0;0;0;0;0;0;0;0;0;0;0;0;0;0;0;0;0;0;0;0;0;0;0;0;0;0;0;0;0;0;0;0;0;0;0;0;0;0;0;0;0;0;0;0;0;0;0;0;0;0;0;0;0;0;0;;;0.766603469805997;;;;;0.342635618349821;False;0.0;0.0;0.0;0;446.299999999999;low ;0.2;552.5;low ;0.218;1060.0;low ;0.0;0.510527214819827;0.0605211575932091;0.0660120098436656;0.0462956433019934;0.522498162684417;;;P_score_freshwater_pred_Dashboard;0.766603469805997;0.766603469805997;;;M_score_pred_Dashboard;0.342635618349821;0.342635618349821;kemi_score;0.02;0.512509174460415;1.0;;;0.512509174460415;1.0;0.522498162684417;0.5;0.515817436324767;0.75;0.522498162684417;0.25;0.515817436324767;0.75;0.0;PM;;PM;1;Al Coo, Coo, Coo2, C O, Alkyl Halide, Halogen;['Alkylphenols', 'PFAS']
187;5-aminonaphthalene-2-sulphonic acid;119-79-9;204-351-2;UWPJYQYRSWYIGZ-UHFFFAOYSA-N;Nc1cccc2cc(S(=O)(=O)O)ccc12;DTXSID6059497;8408.0;PRO-188;NS00004034;REACH-B;False;vPvM & PMT;MQ;vPvM & PMT;False;False;;;False;False;False;False;False;False;False;False;False;False;False;False;False;False;False;False;False;False;;;;True;True;True;False;False;False;False;False;False;False;True;False;False;False;False;False;False;False;False;False;False;False;False;False;False;P-PNEC pred;223.25;;-0.235;;8.38;0.00447;0.00567;3.06069784;0.4218;96.5441097728446;27.03460316;5.75;171.0;;;;-1.1;5.48279;;0.47;0.02;0.07;>1 to < 10 tonnes;1.0;10.0;0;0;0;0;0;0;0;0;0;0;0;0;0;0;0;0;0;1;1;0;1;0;0;0;0;0;0;0;0;0;0;0;0;0;0;0;0;0;0;0;0;0;0;0;0;0;0;0;0;0;1;1;0;0;0;0;0;0;0;0;0;0;0;0;0;0.856976757613639;0.203774504604852;0.692777862383848;;;;0.749120081418872;0.324050343175777;False;0.0;0.0;0.0;0;163.6;low ;0.214;4980.0;moderate ;0.85;2200.0;moderate ;0.85;0.323222502296636;0.0241923423708416;0.0985195545608144;0.034144171448609;0.339289291872705;;;P_score_freshwater_pred_UBA;0.856976757613639;0.58450970820078;;;M_score_pred_Episuite;0.749120081418872;0.536585212297325;kemi_score;0.47;0.8012356073201;1.0;;;0.560035057710464;1.0;0.339289291872705;0.5;0.601677187122763;0.75;0.339289291872705;0.25;0.47387834240435;0.75;0.0;vPvM;;PM;4;Arn, Nh2, Aniline, Benzene, Bicyclic;['Aromatic amines', 'Cyclohexanes']
188;5-Chlorobenzotriazole;94-97-3;202-378-4;PZBQVZFITSVHAW-UHFFFAOYSA-N;C1=CC2=NNN=C2C=C1Cl;DTXSID0047450;66760.0;PRO-189;NS00009697;;False;;;;False;False;;;False;False;False;False;False;False;False;False;False;False;False;False;False;False;False;False;False;False;;;;False;False;False;False;False;False;False;False;False;False;False;False;False;False;False;False;False;False;False;False;False;False;False;False;False;;153.57;;1.85;;6.58;;0.0276;1.680335513;1.9992;12.3049300605104;30.38570784;10.2;;;;;;3.57026;;0.3;;;;;;0;0;0;0;0;0;0;0;0;0;0;0;0;0;0;0;0;0;0;0;0;0;0;0;0;0;0;0;0;0;0;0;0;0;0;0;0;0;0;0;0;0;0;0;0;0;0;0;0;0;0;0;0;0;0;0;0;0;0;0;0;0;0;0;0;;0.238103736980637;0.0624762902878465;;;;0.500138629432559;0.555168111140285;False;0.0;0.0;0.0;0;542.5;low ;0.307;1160.0;low ;0.308;984.199999999999;low ;0.394;0.365238251627805;0.0445973689697885;0.0609737641927025;0.0477393237800835;0.378201690724117;;;P_score_freshwater_pred_RIVM;0.238103736980637;0.150290013634242;;;M_score_pred_Dashboard;0.555168111140285;0.527653370286422;kemi_score;0.3;0.36357612946257;1.0;;;0.281604389551193;1.0;0.378201690724117;0.5;0.368387368115962;0.75;0.378201690724117;0.25;0.310694884012597;0.75;0.0;PM;;;4;Ar N, Ar Nh, Nh0, Nh1, Nhpyrrole, Benzene, Bicyclic, Halogen;['Aromatic amines', 'Chlorobenzenes', 'Cyclohexanes', 'HBCDDs', 'PBB']
189;5-Methyl-1H-benzotriazole;136-85-6;205-265-8;LRUDIIUSNGCQKF-UHFFFAOYSA-N;CC1=CC2=NNN=C2C=C1;DTXSID1038743;8705.0;PRO-190;NS00008943;;False;;;;False;False;;;False;False;False;False;False;False;True;True;False;True;False;False;False;False;True;False;False;False;;;;True;False;False;False;False;True;True;False;False;False;False;False;False;False;False;False;False;False;False;False;False;False;False;False;False;;133.154;;1.56;;6.05;;0.0398;1.800029359;1.9439;12.3049300605104;21.51758556;3.24;;;;;;150.0;0.51;0.62;0.0;0.09;>0 to < 10 tonnes;0.0;10.0;0;0;0;0;0;0;0;0;0;0;0;0;0;0;0;0;0;0;0;0;1;0;0;0;0;0;0;0;0;0;0;1;0;0;0;0;0;0;0;0;0;0;0;0;0;0;0;0;0;0;0;1;0;0;0;0;0;0;1;0;0;0;0;0;0;;0.147661729793896;0.0624762902878465;;;;0.50972016442741;0.534596898215277;False;0.0;0.0;0.0;0;1840.0;low ;0.293;3500.0;low ;0.309;1320.0;low ;0.398;0.101918141937822;0.0280840359606831;0.0367980649362322;0.0422665329604457;0.11321252414036;;;P_score_freshwater_pred_RIVM;0.147661729793896;0.105069010040871;;;M_score_pred_Dashboard;0.534596898215277;0.522158531321344;kemi_score;0.62;0.280961746031233;1.0;;;0.234227837735673;1.0;0.240288133938369;1.0;0.259830278570283;1.0;0.240288133938369;0.5;0.237238635230276;1.0;0.0;;;;3;Ar N, Ar Nh, Nh0, Nh1, Nhpyrrole, Aryl Methyl, Benzene, Bicyclic;['Aromatic amines', 'Cyclohexanes', 'PAHs']
190;6:2 fluorotelomer carboxylic acid;53826-12-3 ;;;C(C(=O)O)C(C(C(C(C(C(F)(F)F)(F)F)(F)F)(F)F)(F)F)(F)F;DTXSID50472556;11783764.0;PRO-191;;;False;;;;False;False;;;False;False;False;False;False;True;False;False;False;False;False;False;False;False;True;False;False;False;;;;False;False;False;False;False;False;False;False;False;False;False;False;False;False;False;False;False;False;False;False;False;False;False;False;False;;378.089;;4.74;;4.19;;0.00476;3.380211242;;134.289779684935;;5.89;;;;;;;;;;;;;;0;0;0;0;0;0;0;0;0;0;0;0;0;0;0;0;0;0;0;0;0;0;0;0;0;0;0;0;0;0;0;0;0;0;0;0;0;0;0;0;0;0;0;0;0;0;0;0;0;0;0;0;0;0;0;0;0;0;0;0;0;0;0;0;0;;;0.798553329358552;;;;;0.277541495261185;False;0.0;0.0;0.0;0;262.299999999999;low ;0.193;4.8;low ;0.0;942.1;low ;0.0;;0.335984327601479;0.0817504191996848;0.0486098981763268;0.0157778309055391;;;P_score_freshwater_pred_Dashboard;0.798553329358552;0.798553329358552;;;M_score_pred_Dashboard;0.277541495261185;0.277541495261185;;;0.470777744881775;1.0;;;0.470777744881775;1.0;0.0157778309055391;0.5;0.151784135677517;0.75;0.0157778309055391;0.25;0.151784135677517;0.75;0.0;PM;;PM;4;Al Coo, Coo, Coo2, C O, Alkyl Halide, Halogen;['Alkylphenols', 'PFAS']
191;6:2 fluorotelomer phosphate diester;57677-95-9;;;C(COP(=O)(O)OCCC(C(C(C(C(C(F)(F)F)(F)F)(F)F)(F)F)(F)F)(F)F)C(C(C(C(C(C(F)(F)F)(F)F)(F)F)(F)F)(F)F)(F)F;DTXSID50561590;14550408.0;PRO-192;;;False;;;;False;False;;<LOD;False;False;False;False;False;True;False;False;False;False;False;False;False;False;True;False;False;False;;;;False;False;False;False;False;False;False;False;False;False;False;False;False;False;False;False;False;False;False;False;False;False;False;False;False;;790.176;;9.14;;9.08;;4.79e-06;5.178976947;;41.2643941086108;;57.5;;;;;;;;;;;;;;0;0;0;0;0;0;0;0;0;0;0;0;0;0;0;0;0;0;0;0;0;0;0;0;0;0;0;0;0;0;0;0;0;0;0;0;0;0;0;0;0;0;0;0;0;0;0;0;0;0;0;0;0;0;0;0;0;0;0;0;0;0;0;0;0;;;0.345258688405079;;;;;0.0994367257665974;False;0.0;0.0;0.0;0;33.2;low ;0.0;0.2;low ;0.0;955.4;low ;0.0;;0.667959369323381;0.179293991929686;0.0483291083290073;0.0;;;P_score_freshwater_pred_Dashboard;0.345258688405079;0.345258688405079;;;M_score_pred_Dashboard;0.0994367257665974;0.0994367257665974;;;0.185287326920841;1.0;;;0.185287326920841;1.0;0.0;0.5;0.0;0.75;0.0;0.25;0.0;0.75;1.0;;;;2;Alkyl Halide, Halogen, Phos Acid, Phos Ester;['Organophosphates', 'PFAS']
192;6-amino-4-hydroxynaphthalene-2-sulphonic acid;90-51-7;202-000-8;HBZVNWNSRNTWPS-UHFFFAOYSA-N;Nc1ccc2cc(S(=O)(=O)O)cc(O)c2c1;DTXSID0026547;7022.0;PRO-193;NS00009937;REACH-B;False;vPvM & PMT;MQ;vPvM & PMT;False;False;;;False;False;False;False;False;False;False;False;False;False;False;False;False;False;False;False;False;False;;;;True;True;True;False;False;False;False;False;False;False;True;False;False;False;False;False;False;False;False;False;False;False;False;False;False;P-PNEC pred;239.25;;-0.758;;9.21;;0.0234;3.049218023;0.3231;25.5337217473515;25.94944479;3.16;147.0;;;;-1.9;3.61656;0.76;0.46;0.02;0.07;>1 to < 10 tonnes;1.0;10.0;0;0;0;0;0;0;0;0;0;0;0;0;0;0;0;0;0;0;1;0;1;0;0;0;0;0;0;1;0;0;0;0;0;0;0;0;0;0;0;0;0;0;0;0;0;0;0;0;0;0;1;1;0;0;0;0;0;0;0;0;0;0;0;0;0;0.822280132170059;0.192646812409027;0.188389078205377;;;;0.761757374053349;0.32579573700584;False;0.0;0.0;0.0;0;176.3;low ;0.212;648.7;moderate ;0.85;1220.0;low ;0.7;0.363941899367104;0.0566768056676285;0.0956732233385606;0.0436734181562833;0.363941899367104;;;P_score_freshwater_pred_UBA;0.822280132170059;0.401105340928154;;;M_score_pred_Episuite;0.761757374053349;0.543776555529594;kemi_score;0.46;0.791440429987061;1.0;;;0.467024282767433;1.0;0.525923800107011;1.0;0.645164597988081;1.0;0.525923800107011;0.5;0.495599823986348;1.0;0.0;vPvM;;PM;;Arn, Ar Oh, Nh2, Aniline, Benzene, Bicyclic, Phenol, Phenol Noorthohbond;['Alkylphenols', 'Aromatic amines', 'Cyclohexanes', 'Phenols']
193;6-methoxy-m-toluidine;120-71-8;204-419-1;WXWCDTXEKCVRRO-UHFFFAOYSA-N;COc1ccc(C)cc1N;DTXSID1020350;8445.0;PRO-194;NS00011442;REACH-C;False;PMT;MQ;Potential PMT/vPvM;False;False;;;False;False;False;False;False;False;False;False;False;True;False;False;False;False;True;False;False;False;;Dye;Intermediate;True;True;True;False;False;False;False;False;False;False;False;False;False;False;False;False;False;False;False;False;False;False;False;False;False;P-PNEC pred;137.182;1.74;1.64;;7.28;;0.025;1.729974286;1.9219;32.1367424447531;31.91059843;3.55;29.0;;;;0.9;22.98684;0.51;0.67;0.0;0.0;;;;0;0;0;0;0;0;0;0;0;0;0;0;0;0;0;0;0;0;1;0;0;0;0;0;0;0;0;0;0;0;0;0;0;0;0;0;0;0;0;0;0;0;0;0;0;0;0;0;0;0;0;1;0;0;0;0;0;0;0;0;0;0;0;0;0;0.223931946778095;0.253620275205344;0.255912303381209;;;;0.513530394541012;0.546655767484832;True;0.75;0.0;0.0;0;6430.0;low ;0.7;56.0999999999999;good ;1.0;3490.0;moderate ;0.85;0.203999986858772;0.148178059293617;0.0217062239312929;0.0281179735005746;0.203999986858772;;;P_score_freshwater_pred_Dashboard;0.255912303381209;0.244488175121549;;;M_score_pred_Dashboard;0.546655767484832;0.530093081012922;kemi_score;0.67;0.374026652277168;1.0;;;0.360002069468231;1.0;0.322552310948122;1.0;0.347337243969302;1.0;0.322552310948122;0.5;0.340763113398566;1.0;0.0;PM;;PM;;Arn, Nh2, Aniline, Aryl Methyl, Benzene, Ether, Methoxy;['Aromatic amines', 'Ethylene Glycols', 'PAHs', 'PBDE', 'PhenylEthers']
194;6-methyl-1,3,5-triazine-2,4-diyldiamine;542-02-9;208-796-3;NJYZCEFQAIUHSD-UHFFFAOYSA-N;Cc1nc(nc(n1)N)N;DTXSID5029186;10949.0;PRO-195;NS00003170;REACH-B;False;vPvM;HQ;vPvM;False;False;;;False;False;False;False;False;False;False;False;False;False;False;False;False;False;False;False;False;False;;;;False;False;True;False;False;False;False;False;False;False;False;False;False;False;False;False;False;False;False;False;False;False;False;False;False;P-PNEC pred;125.135;;-0.151;;7.94;;0.215;1.439332694;0.8852;244.69193226422;56.85925233;2.04;2500.0;;;;-2.2;1.84143;0.68;0.48;0.0;0.0;;;;0;1;0;0;0;0;0;0;0;0;0;0;0;0;0;0;0;0;0;0;0;0;0;0;0;0;0;0;0;0;0;0;0;0;0;0;0;0;0;0;0;0;0;0;0;0;0;0;0;0;0;0;0;0;0;0;0;0;0;0;0;0;0;0;0;0.99830091815794;0.477037935605746;0.917054553612804;;;;0.684109093488726;0.595951643207368;False;0.0;0.0;0.0;0;15330.0;low ;0.501;144.2;low ;0.403;13860.0;low ;0.485;0.434096867279054;0.103496420299314;0.0149859596640687;0.0156461088085514;0.434096867279054;;;P_score_freshwater_pred_UBA;0.99830091815794;0.797464469125497;;;M_score_pred_Episuite;0.684109093488726;0.640030368348047;kemi_score;0.48;0.826405914880811;1.0;;;0.714423878323556;1.0;0.543310104590147;1.0;0.670070656011595;1.0;0.543310104590147;0.5;0.623019832793202;1.0;0.0;vPvM;;vPvM;3;Arn, Ar N, Nh0, Nh2, Aniline, Aryl Methyl;['Aromatic amines']
195;6-methyl-2-pyridinemethanol;1122-71-0;214-358-2;JLVBSBMJQUMAMW-UHFFFAOYSA-N;CC1=NC(=CC=C1)CO;DTXSID90149952;70736.0;PRO-196;NS00015806;;False;;;;False;False;;;False;False;False;False;False;False;False;False;False;True;False;False;False;False;True;False;False;False;;;;False;False;False;False;False;False;False;False;False;False;False;False;False;False;False;False;False;False;False;False;False;False;False;False;False;;123.155;;0.25;;6.05;;2.24;1.540329475;0.9279;34.813317487602;22.90813704;4.9;;;;;;45.96988;;0.13;;;;;;0;0;0;0;0;0;0;0;0;0;0;0;0;0;0;0;0;0;0;0;0;0;0;0;0;0;0;0;0;0;0;0;0;0;0;0;0;0;0;0;0;0;0;0;0;0;0;0;0;0;0;0;0;0;0;0;0;0;0;0;0;0;0;0;0;;0.161649342090681;0.282810472375868;;;;0.677678412676791;0.578987735095199;False;0.0;0.0;0.0;0;3810.0;low ;0.532;5240.0;low ;0.692;4900.0;low ;0.692;0.159430255782825;0.0236760308527864;0.027095323095052;0.024358933925776;0.159430255782825;;;P_score_freshwater_pred_Dashboard;0.282810472375868;0.222229907233275;;;M_score_pred_Episuite;0.677678412676791;0.628333073885995;kemi_score;0.13;0.437783681751675;1.0;;;0.373676866719473;1.0;0.159430255782825;0.5;0.312629503226954;0.75;0.159430255782825;0.25;0.281311653070116;0.75;2.0;PM;;PM;2;Al Oh, Al Oh Notert, Ar N, Nh0, Aryl Methyl, Pyridine;['Alkylphenols', 'Aromatic amines', 'Pyridin']
196;6-phenyl-1,3,5-triazine-2,4-diyldiamine;91-76-9;202-095-6;GZVHEAJQGPRDLQ-UHFFFAOYSA-N;C1=CC=C(C=C1)C2=NC(=NC(=N2)N)N;DTXSID1020142;7064.0;PRO-197;NS00005541;REACH-A;False;vPvM;HQ;vPvM;False;False;;;False;False;False;False;False;False;False;False;False;False;False;False;False;False;False;True;False;True;"antioxidant; antioxidant; fragrance; fragrance component; masking";"Monomers; Paint additives and coating additives not described by other categories; Processing aids, not otherwise listed";Processing aids, not otherwise listed;True;True;True;True;True;True;True;False;False;False;True;True;False;True;True;False;False;False;True;False;False;False;False;False;False;P-PNEC pred;187.206;1.36;1.39;;9.03;0.0032;0.00671;2.170261715;1.5102;729416.369847701;61.509855;20.4;2500.0;;;1.4;;0.07293;0.58;0.73;0.36;0.48;>1000 to < 10000 tonnes;1000.0;10000.0;1;0;0;0;0;0;0;1;0;0;0;0;0;0;0;0;0;0;0;0;0;0;0;0;0;0;0;0;0;0;1;0;0;0;0;0;0;0;0;0;0;1;0;0;0;1;0;0;0;0;0;1;0;0;1;0;0;0;0;0;0;0;0;0;0;0.99830091815794;0.510619956772637;0.999999896020729;;;0.60249894073436;0.584069909447242;0.470530089576469;True;0.0;0.0;0.0;0;311.2;low ;0.304;207.8;;0.85;13830.0;;0.85;0.757145655185771;0.0896720703812882;0.0763475735614752;0.0156606088201455;0.757145655185771;;;P_score_freshwater_pred_Dashboard;0.999999896020729;0.836306923650435;M_score_exp_UBA;0.60249894073436;M_score_exp_UBA;0.60249894073436;0.55236631325269;kemi_score;0.73;0.776208012124946;1.0;0.60249894073436;0.5;0.679667398191564;1.0;0.662679771841382;1.0;0.717201051572299;1.0;0.641979615908346;0.75;0.671119837556313;1.0;0.0;vPvM(T);PM(T);PM(T);3;Arn, Ar N, Nh0, Nh2, Aniline, Benzene;['Aromatic amines']
197;7:3 fluorotelomer carboxylate;812-70-4;696-430-7;HLBRGVKRZQSQHB-UHFFFAOYSA-N;C(CC(C(C(C(C(C(C(F)(F)F)(F)F)(F)F)(F)F)(F)F)(F)F)(F)F)C(=O)O;DTXSID90382620;2783376.0;PRO-198;NS00008860;;False;;;;False;False;;;False;False;False;False;False;True;False;False;False;False;False;False;False;False;True;False;False;False;;;;False;False;False;False;False;False;False;False;False;False;False;False;False;False;False;False;False;False;False;False;False;False;False;False;False;;442.124;;5.29;;4.78;;0.00102;3.650307523;;149.904736149046;;30.2;;;;;;0.23376;;0.02;;;;;;0;0;0;0;0;0;0;0;0;0;0;0;0;0;0;0;0;0;0;0;0;0;0;0;0;0;0;0;0;0;0;0;0;0;0;0;0;0;0;0;0;0;0;0;0;0;0;0;0;0;0;0;0;0;0;0;0;0;0;0;0;0;0;0;0;;;0.827115886751682;;;;;0.24160393547063;False;0.0;0.0;0.0;0;63.3;low ;0.192;1.3;low ;0.0;610.4;low ;0.0;0.652768263609378;0.47154494147332;0.141680278095052;0.0581065083319685;0.652768263609378;;;P_score_freshwater_pred_Dashboard;0.827115886751682;0.827115886751682;;;M_score_pred_Dashboard;0.24160393547063;0.24160393547063;kemi_score;0.02;0.44702847037911;1.0;;;0.44702847037911;1.0;0.652768263609378;0.5;0.507157827519135;0.75;0.652768263609378;0.25;0.507157827519135;0.75;1.0;PM(T);(T);PM(T);4;Al Coo, Coo, Coo2, C O, Alkyl Halide, Halogen;['Alkylphenols', 'PFAS']
198;7-[[2-[(aminocarbonyl)amino]-4-[(4-amino-6-chloro-1,3,5-triazin-2-yl)amino]phenyl]azo]naphthalene-1,3,6-trisulphonic acid;35642-64-9;252-652-2;GFPPLTJOYVDEIS-UHFFFAOYSA-N;NC(=O)Nc1cc(Nc2nc(N)nc(Cl)n2)ccc1N=Nc1cc2c(cc(cc2cc1S(=O)(=O)O)S(=O)(=O)O)S(=O)(=O)O;DTXSID70867869;94656.0;PRO-199;NS00089269;REACH-B;False;vPvM;HQ;vPvM;False;False;;;False;False;False;False;False;False;False;False;False;False;False;False;False;False;False;False;False;False;;;;True;True;True;False;False;False;False;False;False;False;False;True;False;False;False;False;False;False;False;False;False;False;False;False;False;P-PNEC;674.03;;-0.307;;9.58;;0.0588;1.650307523;;2807.36050830059;;3.8;3760.0;;;1.0;;0.009314852;;;0.0;0.0;;;;0;0;0;0;0;0;0;0;0;0;0;0;0;0;0;0;0;0;0;0;0;1;0;0;0;0;0;0;0;0;0;0;1;0;0;0;0;0;0;0;0;0;0;0;0;0;1;0;0;0;0;1;0;0;0;0;0;0;0;0;0;0;0;0;0;0.999153595611911;;0.998606011692401;;;0.666666666666666;;0.560302137479535;False;0.0;0.0;0.0;0;405.7;low ;0.0;3440.0;low ;0.0;1440.0;low ;0.0;0.883995607918503;0.0282897409975368;0.0686122231789268;0.0407630343102758;0.883995607918503;;;P_score_freshwater_pred_UBA;0.999153595611911;0.998879803652156;M_score_exp_UBA;0.666666666666666;M_score_exp_UBA;0.666666666666666;0.613484402073101;E_score_min;0.0;0.816150964634979;1.0;0.666666666666666;0.5;0.782813629854795;1.0;0.883995607918503;0.5;0.838166633263257;0.75;0.767678582011379;0.5;0.815183952283259;0.75;0.0;vPvM(T);PM(T);vPvM(T);1;Arn, Ar N, C O, C O Nocoo, Nh0, Nh1, Nh2, Amide, Aniline, Azo, Benzene, Bicyclic, Halogen, Priamide, Urea;['Chlorobenzenes', 'Cyclohexanes', 'HBCDDs', 'PBB', 'Phenylureas']
199;7-amino-4-hydroxynaphthalene-2-sulphonic acid;87-02-5;201-718-9;KYARBIJYVGJZLB-UHFFFAOYSA-N;Nc1ccc2c(c1)cc(S(=O)(=O)O)cc2O;DTXSID7026520;6868.0;PRO-200;NS00007596;REACH-B;False;vPvM & PMT;MQ;vPvM & PMT;False;False;;;False;False;False;False;False;False;False;False;False;False;False;False;False;False;False;False;False;False;;Intermediate;Intermediate;True;True;True;False;False;False;True;False;False;False;True;False;False;False;False;False;False;False;False;False;False;False;False;False;False;P-PNEC pred;239.25;;-0.758;;9.21;;0.0233;3.079181246;0.3231;25.5337217473515;25.94944479;3.16;147.0;;;;-1.7;3.61656;0.76;0.49;0.03;0.09;>1 to < 10 tonnes;1.0;10.0;0;0;0;0;0;0;0;0;0;0;0;0;0;0;0;0;0;0;1;0;0;0;0;0;0;0;0;0;0;0;0;0;0;0;0;0;0;0;0;0;0;0;0;0;0;0;1;0;0;0;1;1;1;0;0;0;0;0;0;0;0;0;0;0;0;0.822280132170059;0.192646812409027;0.188389078205377;;;;0.761757374053349;0.321250391846392;False;0.0;0.0;0.0;0;194.6;low ;0.213;137.8;low ;0.7;1390.0;low ;0.7;0.363941899367104;0.105340124986153;0.0920261472345518;0.0413673985246762;0.363941899367104;;;P_score_freshwater_pred_UBA;0.822280132170059;0.401105340928154;;;M_score_pred_Episuite;0.761757374053349;0.54150388294987;kemi_score;0.49;0.791440429987061;1.0;;;0.466047314748757;1.0;0.525923800107011;1.0;0.645164597988081;1.0;0.525923800107011;0.5;0.495081180012263;1.0;0.0;vPvM;;PM;4;Arn, Ar Oh, Nh2, Aniline, Benzene, Bicyclic, Phenol, Phenol Noorthohbond;['Alkylphenols', 'Aromatic amines', 'Cyclohexanes', 'Phenols']
200;7H-perfluoroheptanoic acid;1546-95-8;216-283-0;JZHDEEOTEUVLHR-UHFFFAOYSA-N;C(C(C(C(C(C(C(=O)O)(F)F)(F)F)(F)F)(F)F)(F)F)(F)F;DTXSID70165670;15243.0;PRO-201;NS00009073;;False;;;;True;True;;;False;False;False;True;False;True;False;False;False;False;False;False;False;False;True;False;False;False;;;;False;False;False;False;False;False;False;False;False;False;False;False;False;False;False;False;False;False;False;False;False;False;False;False;False;;346.072;;4.44;;4.24;;0.000479;2.980003372;2.1138;87.3567230134409;181.0171259;5.89;;;;;;0.83625;;0.2;;;;;;0;0;0;0;0;0;0;0;0;0;0;0;0;0;0;0;0;0;0;0;0;0;0;0;0;0;0;0;0;0;0;0;0;0;0;0;0;0;0;0;0;0;0;0;0;0;0;0;0;0;0;0;0;0;0;0;0;0;0;0;0;0;0;0;0;;0.868495674026972;0.655247715497613;;;;0.480290181322416;0.336420550429069;False;0.0;0.0;0.0;0;495.599999999999;low ;0.193;7.4;low ;0.0;1430.0;low ;0.0;0.519406213952617;0.295414190287906;0.0632612590599067;0.0408815375640938;0.519406213952617;;;P_score_freshwater_pred_RIVM;0.868495674026972;0.761871694762292;;;M_score_pred_Episuite;0.480290181322416;0.408355365875742;kemi_score;0.2;0.645855978338939;1.0;;;0.557776294463136;1.0;0.519406213952617;0.5;0.60061038377926;0.75;0.519406213952617;0.25;0.544681237538892;0.75;0.0;PM;;PM;;Al Coo, Coo, Coo2, C O, Alkyl Halide, Halogen;['Alkylphenols', 'PFAS']
201;8:2 chlorinated perfluoroalkylether sulfonate;83329-89-9;;BDKYEEMJFNONPU-UHFFFAOYSA-M;C(C(C(C(C(F)(F)Cl)(F)F)(F)F)(F)F)(C(C(C(OC(C(F)(F)S(=O)(=O)[O-])(F)F)(F)F)(F)F)(F)F)(F)F.[K+];DTXSID00892447;50851128.0;PRO-202;NS00117956;;False;;;;True;True;;;False;False;False;False;False;True;False;False;False;False;False;False;False;False;True;False;False;False;;;;False;False;False;False;False;False;False;False;False;False;False;False;False;False;False;False;False;False;False;False;False;False;False;False;False;;670.68;;6.64;;7.64;;2.16e-05;4.920123326;;87.3567230134409;;33.1;;;;;;;;;;;;;;0;0;0;0;0;0;0;0;0;0;0;0;0;0;0;0;0;0;0;0;0;0;0;0;0;0;0;0;0;0;0;0;0;0;0;0;0;0;0;0;0;0;0;0;0;0;0;0;0;0;0;0;0;0;0;0;0;0;0;0;0;0;0;0;0;;;0.655247715497613;;;;;0.116698258368754;False;0.0;0.0;0.0;0;30.5;low ;0.173;1.1;low ;0.0;416.8;low ;0.0;;0.489653305964392;0.184778832251011;0.067866866550135;0.031966737979425;;;P_score_freshwater_pred_Dashboard;0.655247715497613;0.655247715497613;;;M_score_pred_Dashboard;0.116698258368754;0.116698258368754;;;0.276525346394642;1.0;;;0.276525346394642;1.0;0.031966737979425;0.5;0.134706764118336;0.75;0.031966737979425;0.25;0.134706764118336;0.75;1.0;;;;3;Alkyl Halide, Ether, Halogen;['Ethylene Glycols', 'PFAS']
202;8:2 fluorotelomer carboxylic acid;27854-31-5;;XTBXSCIWOVSSGB-UHFFFAOYSA-N;C(C(=O)O)C(C(C(C(C(C(C(C(F)(F)F)(F)F)(F)F)(F)F)(F)F)(F)F)(F)F)(F)F;DTXSID50451109;10994425.0;PRO-203;NS00011081;;False;;;;False;False;;;False;False;False;False;False;True;False;False;False;False;False;False;False;False;True;False;False;False;;;;False;False;False;False;False;False;False;False;False;False;False;False;False;False;False;False;False;False;False;False;False;False;False;False;False;;478.105;;6.08;;4.65;;7.38e-05;2.920123326;;134.289779684935;;33.1;;;;;;0.18798;;0.02;;;;;;0;0;0;0;0;0;0;0;0;0;0;0;0;0;0;0;0;0;0;0;0;0;0;0;0;0;0;0;0;0;0;0;0;0;0;0;0;0;0;0;0;0;0;0;0;0;0;0;0;0;0;0;0;0;0;0;0;0;0;0;0;0;0;0;0;;;0.798553329358552;;;;;0.345748344547351;False;0.0;0.0;0.0;0;118.6;low ;0.187;0.8;low ;0.0;504.099999999999;low ;0.0;0.673902352640433;0.524208559890634;0.111641286181678;0.0628250147317126;0.680200583853996;;;P_score_freshwater_pred_Dashboard;0.798553329358552;0.798553329358552;;;M_score_pred_Dashboard;0.345748344547351;0.345748344547351;kemi_score;0.02;0.525450750935323;1.0;;;0.525450750935323;1.0;0.680200583853996;0.5;0.57266460968568;0.75;0.680200583853996;0.25;0.57266460968568;0.75;1.0;PM(T);(T);PM(T);4;Al Coo, Coo, Coo2, C O, Alkyl Halide, Halogen;['Alkylphenols', 'PFAS']
203;8:2 fluorotelomer phosphate diester;678-41-1;211-649-6;;C(COP(=O)(O)OCCC(C(C(C(C(C(C(C(F)(F)F)(F)F)(F)F)(F)F)(F)F)(F)F)(F)F)(F)F)C(C(C(C(C(C(C(C(F)(F)F)(F)F)(F)F)(F)F)(F)F)(F)F)(F)F)(F)F;DTXSID90218051;3022253.0;PRO-204;;;False;;;;False;False;;<LOD;False;False;False;False;False;True;False;False;False;False;False;False;False;False;True;False;False;False;;;;False;False;False;False;False;False;False;False;False;False;False;False;False;False;False;False;False;False;False;False;False;False;False;False;False;;990.207;;11.7;;9.79;;1.91e-06;5.120573931;7.7213;41.2643941086108;1816744.676;115.0;;;;;;0.07339;;0.17;;;;;;0;0;0;0;0;0;0;0;0;0;0;0;0;0;0;0;0;0;0;0;0;0;0;0;0;0;0;0;0;0;0;0;0;0;0;0;0;0;0;0;0;0;0;0;0;0;0;0;0;0;0;0;0;0;0;0;0;0;0;0;0;0;0;0;0;;0.999999978150774;0.345258688405079;;;;0.0186021098974122;0.103121081466612;False;0.0;0.0;0.0;0;362.0;low ;0.0;0.1;low ;0.0;908.9;low ;0.0;0.756643196937925;0.731058578630004;0.0718436098981888;0.0493355566236374;0.759667865139895;;;P_score_freshwater_pred_RIVM;0.999999978150774;0.672629333277927;;;M_score_pred_Dashboard;0.103121081466612;0.0608615956820121;kemi_score;0.17;0.321124709752295;1.0;;;0.202329667932862;1.0;0.759667865139895;0.5;0.427881722086288;0.75;0.759667865139895;0.25;0.314471262610567;0.75;1.0;(T);(T);(T);;Alkyl Halide, Halogen, Phos Acid, Phos Ester;['Organophosphates', 'PFAS']
204;8:2 fluorotelomer sulfonic acid;39108-34-4;254-295-8;ALVYVCQIFHTIRD-UHFFFAOYSA-N;C(CS(=O)(=O)O)C(C(C(C(C(C(C(C(F)(F)F)(F)F)(F)F)(F)F)(F)F)(F)F)(F)F)(F)F;DTXSID00192353;3016044.0;PRO-205;NS00011092;;False;;;;True;True;< 0,3;<1.5;True;True;True;False;True;True;False;False;False;False;False;False;False;False;True;False;False;False;;;;False;False;False;False;False;False;False;False;False;False;False;False;False;False;False;False;False;False;False;False;False;False;False;False;False;;528.18;;5.22;;6.22;;0.000226;3.230448921;3.1376;134.289779684935;3455.288918;31.6;;;;;;0.25269;0.31;0.28;;;;;;0;0;0;0;0;0;0;0;0;0;0;0;0;0;0;0;0;0;0;0;0;0;0;0;0;0;0;0;0;0;0;0;0;0;0;0;0;0;0;0;0;0;0;0;0;0;0;0;0;0;0;0;0;0;0;0;0;0;0;0;0;0;0;0;0;;0.999022164536688;0.798553329358552;;;;0.312485633097177;0.298828599937746;False;0.0;0.0;0.0;0;22.5999999999999;low ;0.146;0.8;low ;0.0;450.1;low ;0.0;0.645063976976566;0.524208559890634;0.205199503909766;0.0657853529320194;0.657664033357597;;;P_score_freshwater_pred_RIVM;0.999022164536688;0.89878774694762;;;M_score_pred_Episuite;0.312485633097177;0.305657116517462;kemi_score;0.28;0.558730770195592;1.0;;;0.524138217546894;1.0;0.45152613472628;1.0;0.502276363189682;1.0;0.45152613472628;0.5;0.48647929393888;1.0;1.0;PM;;PM;4;Alkyl Halide, Halogen;['PFAS']
205;8:2 Fluorotelomerically unsaturated carboxylic acid;70887-84-2;;WHZXTVOEGZRRJM-UHFFFAOYSA-N;C(=C(C(C(C(C(C(C(C(F)(F)F)(F)F)(F)F)(F)F)(F)F)(F)F)(F)F)F)C(=O)O;DTXSID60825615;71404795.0;PRO-206;NS00117957;;False;;;;False;False;;;False;False;False;False;False;True;False;False;False;False;False;False;False;False;True;False;False;False;;;;False;False;False;False;False;False;False;False;False;False;False;False;False;False;False;False;False;False;False;False;False;False;False;False;False;;458.098;;5.93;;4.81;0.00014;9.75e-05;3.230448921;;71.5216356192192;;5.01;;;;;;;;0.02;;;;;;0;0;0;0;0;0;0;0;0;0;0;0;0;0;0;0;0;0;0;0;0;0;0;0;0;0;0;0;0;0;0;0;0;0;0;0;0;0;0;0;0;0;0;0;0;0;0;0;0;0;0;0;0;0;0;0;0;0;0;0;0;0;0;0;0;;;0.574512174772964;;;;;0.298828599937746;False;0.0;0.0;0.0;0;92.8;low ;0.196;1.5;low ;0.0;494.0;low ;0.0;;0.456090589040871;0.122652502275204;0.0633445308061611;0.02403989044594;;;P_score_freshwater_pred_Dashboard;0.574512174772964;0.574512174772964;;;M_score_pred_Dashboard;0.298828599937746;0.298828599937746;kemi_score;0.02;0.414343660304577;1.0;;;0.414343660304577;1.0;0.02403989044594;0.5;0.160405021661541;0.75;0.02403989044594;0.25;0.160405021661541;0.75;0.0;PM;;PM;4;Al Coo, Coo, Coo2, C O, Alkyl Halide, Allylic Oxid, Halogen;['Alkylphenols', 'Acrylics/Acrylates', 'PFAS']
206;Acenaphthene;83-32-9;201-469-6;CWRYPZZKDGJXCA-UHFFFAOYSA-N;C1Cc2cccc3c2c1ccc3;DTXSID3021774;6734.0;PRO-207;NS00006748;REACH-B;False;PMT;HQ;Not PMT/vPvM;False;False;;;False;False;False;False;False;False;False;False;False;False;False;False;False;False;False;True;False;False;;;;True;True;True;False;False;False;True;False;False;False;False;False;False;False;False;False;False;False;False;False;False;False;False;False;False;AA-QSwater_eco;154.212;3.92;4.06;6.31;6.33;4.64e-05;2.71e-05;3.589949601;3.4018;7.83529488586003e+16;27.26765758;759.0;;134.0;;3.4;;3.7;0.27;0.44;0.0;0.0;;;;0;0;0;0;0;0;0;0;0;0;0;0;0;0;0;0;0;0;1;0;0;0;0;0;0;0;0;0;0;0;0;0;0;0;0;0;0;0;0;0;0;0;0;0;0;0;0;0;0;0;0;1;0;0;0;0;0;0;0;0;0;0;0;0;0;;0.206165694465268;1.0;0.376482344088313;;0.274799574675995;0.274551003934659;0.249352411321832;False;0.0;0.0;0.0;0;511.1;moderate ;0.85;82.6999999999999;;1.0;78.5;;1.0;0.361651871094397;0.128139992715538;0.0624733053309211;0.130690230648404;0.369468295737047;P_score_soil_exp_UBA;0.376482344088313;P_score_freshwater_pred_Dashboard;1.0;0.527549346184527;M_score_exp_UBA;0.274799574675995;M_score_exp_UBA;0.274799574675995;0.266234329977495;kemi_score;0.44;0.524213291205016;1.0;0.321647614678688;1.0;0.374768924420773;1.0;0.315842428829634;1.0;0.406901461190505;1.0;0.318731805515821;1.0;0.34404640288619;1.0;1.0;PM;;PM;4;Aryl Methyl, Benzene;['PAHs']
207;Acetic acid, 2,2-difluoro-2-[[2,2,4,5-tetrafluoro-5-(trifluoromethoxy)-1,3-dioxolan-4-yl]oxy]-, ammonium salt (1:1);1190931-41-9;682-238-0;;C(=O)(C(OC1(C(OC(O1)(F)F)(OC(F)(F)F)F)F)(F)F)[O-].[NH4+];DTXSID00882626;154735201.0;PRO-208;;REACH-A;False;vPvM;HQ;vPvM;False;False;;;True;True;True;False;False;False;False;False;False;False;False;False;False;False;True;False;False;False;;;;True;False;True;False;False;False;False;False;False;False;False;False;False;False;False;False;False;False;False;False;False;False;False;False;False;P-PNEC;357.085;;1.3;;4.29;;7.46;2.670245853;;41.2643941086108;;4.9;18579.0;;;1.0;;4.357843275;;;0.0;0.0;;;;0;0;0;0;0;0;0;0;0;0;0;0;0;0;0;0;0;0;1;0;0;0;0;0;0;0;0;0;0;0;0;0;0;0;0;0;0;0;0;0;0;0;0;0;0;0;0;0;0;0;1;0;0;0;0;0;0;0;0;0;0;0;0;0;0;0.999944817192787;;0.345258688405079;;;0.666666666666666;;0.38590011600297;False;0.0;0.0;0.0;0;53.3;low ;0.193;8140.0;low ;0.194;3510.0;low ;0.0;0.345411212120045;0.0196347470324796;0.15100668447773;0.0280502348563234;0.364785279500639;;;P_score_freshwater_pred_UBA;0.999944817192787;0.672601752798933;M_score_exp_UBA;0.666666666666666;M_score_exp_UBA;0.666666666666666;0.526283391334818;E_score_min;0.0;0.816474052330216;1.0;0.666666666666666;0.5;0.594961453777272;1.0;0.364785279500639;0.5;0.624176422571193;0.75;0.493143170219115;0.5;0.505442381257715;0.75;2.0;vPvM;PM;PM;4;Al Coo, Coo, Coo2, C O, C O Nocoo, Alkyl Halide, Ether, Halogen, Quatn;['Ethylene Glycols', 'Organotins', 'PFAS']
208;Allyl 2,3-epoxypropyl ether;106-92-3;203-442-4;LSWYGACWGAICNM-UHFFFAOYSA-N;C=CCOCC1CO1;DTXSID9039232;7838.0;PRO-209;NS00002883;REACH-A;True;vPvM & PMT;MQ;vPvM & PMT;False;False;;;False;False;False;False;False;False;False;False;False;False;False;False;False;False;False;False;False;False;"Home maintenance -> adhesives and adhesive removers -> multipurpose adhesive; Home maintenance -> caulk/sealant";"Chemical reaction regulator; Intermediates; Monomers; Not Known or Reasonably Ascertainable";"Intermediate; Monomers; Not Known or Reasonably Ascertainable";True;True;True;False;False;False;True;False;False;False;False;False;False;False;False;False;False;False;False;False;False;False;False;False;False;P-PNEC pred;114.144;;0.595;;4.01;;0.626;1.389166084;0.9928;71.5216356192192;17.72122279;2.95;95.0;;;0.3;;65.32961;0.67;0.76;0.16;0.24;>100 to < 1000 tonnes;100.0;1000.0;0;0;0;0;0;0;0;0;0;0;0;0;0;0;0;0;0;0;1;0;0;0;0;0;0;0;0;0;0;0;1;0;0;0;0;0;0;0;0;0;0;0;0;0;0;0;0;0;0;0;1;1;1;0;0;0;0;0;0;0;0;0;0;0;0;0.68688056026913;0.110574274609909;0.574512174772964;;;0.764651036931;0.66777477815439;0.604296028588872;True;0.5;0.5;0.0;0;14630.0;low ;0.594;10770.0;moderate ;0.85;5780.0;low ;0.7;0.140021661490532;0.0174259419873351;0.0152885521942106;0.0227111150768493;0.142598634938514;;;P_score_freshwater_pred_UBA;0.68688056026913;0.457322336550668;M_score_exp_UBA;0.764651036931;M_score_exp_UBA;0.764651036931;0.678907281224754;kemi_score;0.76;0.724723349049509;1.0;0.764651036931;0.5;0.557206841443073;1.0;0.309097210289585;1.0;0.473296910430365;1.0;0.418039979287274;0.75;0.415007325530918;1.0;0.0;vPvM;vPvM;PM;3;Epoxide, Ether, Unbrch Alkane;['Ethylene Glycols']
209;Ametryn;834-12-8;212-634-7;RQVYBGPQFYCBGX-UHFFFAOYSA-N;CCNC1=NC(=NC(=N1)SC)NC(C)C;DTXSID1023869;13263.0;PRO-210;NS00000481;REACH-A;True;vPvM & PMT;HQ;PMT;False;False;;;False;False;False;False;False;False;False;False;False;False;False;False;False;False;False;False;False;False;herbicide;;;False;False;True;False;False;False;False;False;False;False;True;False;False;False;False;False;False;False;False;False;False;False;False;False;False;JD-UQN;227.33;2.98;3.11;;9.07;0.000905;0.000751;2.589949601;2.3627;29.6659522703688;76.33673574;6.46;;150.0;1780.0;2.1;;0.5;0.44;0.42;0.27;0.35;>1000 to < 10000 tonnes;1000.0;10000.0;0;0;0;0;0;0;0;0;0;0;0;0;0;0;0;0;0;0;0;0;0;0;0;0;0;0;0;0;0;0;0;0;0;0;0;0;0;0;0;0;0;0;0;0;0;0;0;0;0;0;0;0;0;0;0;0;0;0;0;0;0;0;0;0;0;;0.601487513174448;0.230749318152645;0.422704537523528;0.980491320650361;0.482678255167814;0.437477838371562;0.399170656833349;True;0.0;0.0;0.0;0;175.7;low ;0.208;707.5;low ;0.555;180.299999999999;low ;0.674;0.574694288485754;0.0546954593857613;0.0958013970881734;0.0948335391079225;0.582680285230873;P_score_sediment_exp_UBA;0.980491320650361;P_score_sediment_exp_UBA;0.980491320650361;0.558858172375245;M_score_exp_UBA;0.482678255167814;M_score_exp_UBA;0.482678255167814;0.439775583457575;kemi_score;0.42;0.687940288003764;1.0;0.687940288003764;1.0;0.495754151597702;1.0;0.506339140795558;1.0;0.590195810173602;1.0;0.590195810173602;1.0;0.501018693429508;1.0;0.0;PM;PM;PM;;Ar N, Nh0, Nh1, Aniline, Sulfide;['Aromatic amines']
210;Ammonium 2,3,3,3-tetrafluoro-2-(heptafluoropropoxy)propanoate;62037-80-3;700-242-3;RJWVKMAIYPNUSL-UHFFFAOYSA-N;C(=O)(C(C(F)(F)F)(OC(C(C(F)(F)F)(F)F)(F)F)F)O;DTXSID40108559;51342034.0;PRO-211;;REACH-C;False;vPvM & PMT;HQ;vPvM & PMT;False;False;;;False;False;False;False;False;False;False;False;False;False;False;False;False;False;False;False;False;False;;Processing aids, not otherwise listed;;True;False;True;False;False;False;True;False;False;False;False;False;False;False;False;False;False;False;False;False;False;False;False;False;False;P-PNEC;347.084;;5.12;;3.74;;0.0141;2.609594409;;87.3567230134409;;6.31;;;;1.1;;1.085511913;;;0.09;0.16;>10 to < 100 tonnes;10.0;100.0;0;0;0;0;0;0;0;0;0;0;0;0;0;0;0;0;0;0;0;1;0;0;0;0;0;0;0;0;0;0;1;0;0;0;0;0;0;0;0;0;0;0;0;0;0;0;0;0;0;0;0;0;0;0;1;0;0;0;0;0;0;0;0;0;0;;;0.655247715497613;;;0.651089679754133;;0.395909434344768;False;0.0;0.0;0.0;0;271.6;low ;0.201;3490.0;low ;0.199;3430.0;low ;0.0;0.491092294081531;0.0281179735005746;0.0806217052693257;0.0283245172408577;0.499133979468398;;;P_score_freshwater_pred_Dashboard;0.655247715497613;0.655247715497613;M_score_exp_UBA;0.651089679754133;M_score_exp_UBA;0.651089679754133;0.523499557049451;E_score_max;0.16;0.653165388889344;1.0;0.651089679754133;0.5;0.585680705521929;1.0;0.499133979468398;0.5;0.597156028593343;0.75;0.570071033158575;0.5;0.555281225775146;0.75;0.0;PM;PM;PM;1;Al Coo, Coo, Coo2, C O, Alkyl Halide, Ether, Halogen;['Alkylphenols', 'Ethylene Glycols', 'PFAS']
211;Ammonium difluoro[1,1,2,2-tetrafluoro-2-(pentafluoroethoxy)ethoxy]acetate;908020-52-0;700-323-3;UEVSRUAUNBKSPD-UHFFFAOYSA-N;C(=O)(C(OC(C(OC(C(F)(F)F)(F)F)(F)F)(F)F)(F)F)O;DTXSID50893409;46221768.0;PRO-212;NS00078489;REACH-A;False;vPvM & PMT;MQ;PMT;False;False;;;False;False;False;False;False;False;False;False;False;False;False;False;False;False;False;False;False;False;;;;True;True;False;False;False;False;True;False;False;False;False;False;False;False;False;False;False;False;False;False;False;False;False;False;False;P-PNEC;363.083;;5.5;;3.95;;0.003;2.829946696;;41.2643941086108;;5.01;4214.0;;;;0.7;3.196729694;;;0.09;0.16;>10 to < 100 tonnes;10.0;100.0;0;0;0;0;0;0;0;0;0;0;0;0;0;0;0;0;0;0;0;0;0;0;0;0;0;0;0;0;0;0;0;0;0;0;0;0;0;0;0;0;0;0;0;0;0;0;0;0;0;0;0;0;0;0;1;0;0;0;0;0;0;0;0;0;0;0.999303356230398;;0.345258688405079;;;;;0.360020490316032;False;0.0;0.0;0.0;0;166.7;low ;0.194;4950.0;low ;0.203;3080.0;low ;0.0;0.376435400251729;0.0242543681345686;0.0977978866211173;0.02963975897225;0.388388127057046;;;P_score_freshwater_pred_UBA;0.999303356230398;0.672281022317738;;;M_score_pred_Dashboard;0.360020490316032;0.360020490316032;E_score_max;0.16;0.599808039529752;1.0;;;0.49197046993188;1.0;0.388388127057046;0.5;0.518915731175073;0.75;0.388388127057046;0.25;0.454689234810531;0.75;0.0;PM;;PM;3;Al Coo, Coo, Coo2, C O, Alkyl Halide, Ether, Halogen;['Alkylphenols', 'Ethylene Glycols', 'PFAS']
212;Ammonium undecafluorohexanoate;21615-47-4;244-479-6;OWCNWICUDXNCTI-UHFFFAOYSA-N;C(=O)(C(C(C(C(C(F)(F)F)(F)F)(F)F)(F)F)(F)F)O.N;DTXSID90880232;73555621.0;PRO-213;;REACH-A;False;vPvM & PMT;HQ;vPvM & PMT;False;False;;;False;False;False;False;False;False;False;False;False;False;False;False;False;False;False;False;False;False;;;;True;False;True;False;False;False;False;False;False;False;False;False;False;False;False;False;False;False;False;False;False;False;False;False;False;P-PNEC pred;331.085;;3.97;;3.83;;0.00335;3.029383778;1.0277;87.3567230134409;621.4785853;5.5;1048.0;;;1.8;;1.15978;0.66;0.46;0.02;0.06;>1 to < 10 tonnes;1.0;10.0;1;0;0;0;0;0;0;0;0;0;0;0;0;0;0;0;0;0;0;0;0;0;0;0;0;0;0;0;0;0;0;0;0;0;0;0;0;0;0;0;0;0;0;0;0;0;0;0;0;0;0;0;0;0;1;0;0;0;0;0;0;0;0;0;0;0.992532543880869;0.981950480265297;0.655247715497613;;;0.534601961380763;0.662386395185169;0.328822737826374;False;0.0;0.0;0.0;0;354.1;low ;0.195;1630.0;low ;0.209;1440.0;low ;0.0;0.48391165194874;0.0387096488527976;0.0724852283297685;0.0407630343102758;0.491243773171119;;;P_score_freshwater_pred_UBA;0.992532543880869;0.876576913214593;M_score_exp_UBA;0.534601961380763;M_score_pred_Episuite;0.662386395185169;0.508603698130769;kemi_score;0.46;0.81082677178619;1.0;0.534601961380763;0.5;0.667705219207545;1.0;0.569403978114781;1.0;0.679476261113678;1.0;0.557558593581458;0.75;0.616598741504374;1.0;0.0;vPvM;PM;PM;;Al Coo, Coo, Coo2, C O, Alkyl Halide, Halogen;['Alkylphenols', 'PFAS']
213;Amoxicillin;26787-78-0;248-003-8;MQXQVCLAUDMCEF-CWLIKTDRSA-N;CC1(C(N2C(S1)C(C2=O)NC(=O)C(C3=CC=C(C=C3)O)N)C(=O)O)C;DTXSID3037044;33613.0;PRO-214;;REACH-A;True;vPvM & PMT;MQ;vPvM & PMT;False;False;;;False;False;False;False;False;False;False;False;False;False;False;False;False;False;False;False;False;False;antibiotic;;;True;False;True;False;False;False;True;False;False;False;True;False;False;False;False;False;False;False;False;False;False;False;False;False;False;EQS water (=AA-EQS);365.4;0.87;0.733;;9.43;0.00933;0.00627;1.949877704;0.7091;2614894114445690.0;39.66446659;3.24;48.0;;;;-3.6;0.078;0.71;0.43;0.22;0.33;>100 to < 1000 tonnes;100.0;1000.0;1;0;0;0;0;0;0;0;0;0;0;0;0;0;0;0;0;0;1;0;0;0;0;0;0;0;0;0;0;0;0;0;0;0;0;0;0;0;0;0;0;0;0;0;0;0;0;0;0;0;0;1;0;0;0;0;0;0;0;0;0;0;0;0;0;0.405773263000451;0.330140953452411;1.0;;;;0.709876372008601;0.508684658513373;False;0.0;0.0;0.0;0;300.0;low ;0.197;1430.0;low ;0.0;391.6;low ;0.285;0.751738406559025;0.0408815375640938;0.077477710101293;0.0696004760043947;0.755508415553142;;;P_score_freshwater_pred_Dashboard;1.0;0.578638072150954;;;M_score_pred_Episuite;0.709876372008601;0.609280515260987;kemi_score;0.43;0.842541614407621;1.0;;;0.593761654832777;1.0;0.732400829493475;1.0;0.78554323704995;1.0;0.732400829493475;0.5;0.659447896744651;1.0;0.0;vPvM(T);(T);PM(T);;Al Coo, Ar Oh, Coo, Coo2, C O, C O Nocoo, Nh0, Nh1, Nh2, Amide, Benzene, Bicyclic, Lactam, Phenol, Phenol Noorthohbond, Sulfide;['Alkylphenols', 'Cyclohexanes', 'Phenols']
214;Anthracene;120-12-7;204-371-1;MWPLVEDNUUSJAV-UHFFFAOYSA-N;c1ccc2cc3ccccc3cc2c1;DTXSID0023878;8418.0;PRO-215;NS00010699;REACH-C;False;PMT;HQ;Not PMT/vPvM;False;False;;;False;False;False;False;False;False;False;False;False;False;False;False;False;False;False;False;False;False;;Other;;True;True;True;False;False;False;True;False;False;False;False;False;False;False;False;False;False;False;False;False;False;False;False;False;False;EQS chronic water (=AA-EQS);178.234;4.45;4.54;7.55;7.55;3.38e-07;2.79e-06;4.309630167;3.8618;2.61951731874906e+53;70.82715093;1820.0;;;;3.9;;0.1;0.22;0.7;0.0;0.0;;;;0;0;0;0;0;0;0;0;0;0;0;0;0;0;0;0;0;0;1;0;1;0;0;0;0;0;0;1;0;0;0;0;0;0;0;0;0;0;0;0;0;0;0;0;0;0;0;0;0;0;1;1;0;0;0;0;0;0;0;0;0;0;0;0;0;;0.57042963203097;1.0;;;0.211321241071426;0.2157679522478;0.167853960032222;False;0.0;0.0;0.0;0;69.0;low ;0.7;82.0;;1.0;58.7;;1.0;0.731058578630004;0.128552991640232;0.137187465450748;0.145711776110141;0.738290075452689;;;P_score_freshwater_pred_Dashboard;1.0;0.785214816015485;M_score_exp_UBA;0.211321241071426;M_score_pred_Episuite;0.2157679522478;0.198314384450482;kemi_score;0.7;0.464508290827839;1.0;0.211321241071426;0.5;0.39461296595463;1.0;0.403018382458656;1.0;0.432672370285035;1.0;0.324985727194528;0.75;0.398793529581722;1.0;1.0;PM;;PM;3;Benzene, Bicyclic;['Cyclohexanes']
215;Atrazine;1912-24-9;217-617-8;MXWJVTOOROXGIU-UHFFFAOYSA-N;CCNc1nc(nc(n1)Cl)NC(C)C;DTXSID9020112;2256.0;PRO-216;NS00000262;REACH-C;False;vPvM & PMT;MQ;vPvM & PMT;False;False;;;False;False;False;False;False;False;False;False;False;False;False;False;False;False;False;False;False;False;"Laboratory supplies; Landscape/yard -> herbicide; Landscape/yard -> lawn fertilizer; biocide; herbicide; herbicide or degradate; herbicides and degradates; herbicides and herbicide degradates; pesticide; pesticide and pesticide degradates; pesticide or degradate";;;False;True;True;False;False;False;False;False;False;False;False;False;False;False;False;False;False;False;False;False;False;False;False;False;False;AA-EQS;215.69;2.61;2.68;;8.38;0.000212;0.000488;2.240549248;2.1581;134.289779684935;108.6209557;7.94;248.0;;;1.4;;0.6;0.47;0.58;0.0;0.0;;;;0;0;0;0;0;0;0;0;0;0;0;0;0;0;0;0;0;0;1;0;0;0;0;0;0;0;0;0;0;0;0;0;0;0;0;0;0;0;0;0;0;0;0;0;0;0;0;0;0;0;0;1;0;0;0;0;0;0;0;0;0;0;0;0;0;0.918784123218029;0.733925031469511;0.798553329358552;;;0.60249894073436;0.47263074248514;0.458412295112656;True;0.0;0.0;0.0;0;103.2;low ;0.512;3200.0;low ;0.403;2140.0;low ;0.474;0.555235828478233;0.0291660529579411;0.117774106806042;0.0345424285978073;0.565502642274132;;;P_score_freshwater_pred_UBA;0.918784123218029;0.817087494682031;M_score_exp_UBA;0.60249894073436;M_score_exp_UBA;0.60249894073436;0.511180659444052;kemi_score;0.58;0.744020470822148;1.0;0.60249894073436;0.5;0.646281149620696;1.0;0.515544607060186;1.0;0.61933491850108;1.0;0.543037216712499;0.75;0.577223320155733;1.0;0.0;vPvM;PM;PM;3;Ar N, Nh0, Nh1, Aniline, Halogen;['Aromatic amines']
216;Benzamide, 4-[(4-methyl-1-piperazinyl)methyl]-N-[4-methyl-3-[[4-(3-pyridinyl)-2-pyrimidinyl]amino]phenyl]-;152459-95-5;604-855-6;KTUFNOKKBVMGRW-UHFFFAOYSA-N;CN1CCN(CC1)Cc1ccc(cc1)C(=O)Nc1ccc(C)c(Nc2nccc(n2)c2cccnc2)c1;DTXSID3037125;5291.0;PRO-217;NS00009172;REACH-B;False;PMT;MQ;Potential PMT/vPvM;False;False;;;False;False;False;False;False;False;False;False;False;False;False;False;False;False;False;False;False;False;;;;True;False;True;False;False;False;False;False;False;False;False;False;False;False;False;False;False;False;False;False;False;False;False;False;False;;493.615;;3.14;;9.74;;1.67e-05;4.670245853;;120.301368663215;;26.9;3664.0;;;;0.7;96.0;;;0.0;0.0;;;;0;0;0;0;0;0;0;0;0;0;0;0;0;0;0;0;0;0;0;0;0;0;0;0;0;0;0;1;0;0;0;0;0;0;0;0;0;0;0;0;0;0;0;0;0;0;0;0;0;0;0;1;0;0;0;0;0;0;0;0;0;0;0;0;0;0.999115366931564;;0.766603469805997;;;;;0.135770384284654;False;0.0;0.0;0.0;0;149.299999999999;low ;0.0;1070.0;low ;0.182;752.6;low ;0.0;0.121076931299521;0.0461159266130296;0.102104232797609;0.0533243117868251;0.138666317360606;;;P_score_freshwater_pred_UBA;0.999115366931564;0.88285941836878;;;M_score_pred_Dashboard;0.135770384284654;0.135770384284654;E_score_min;0.0;0.368307313683834;1.0;;;0.346216929830498;1.0;0.138666317360606;0.5;0.265948302482314;0.75;0.138666317360606;0.25;0.255205009199387;0.75;1.0;PM;;PM;2;Ar N, C O, C O Nocoo, Nh0, Nh1, Ndealkylation1, Amide, Aniline, Aryl Methyl, Benzene, Piperzine, Pyridine;['PAHs', 'Pyridin', 'Triazines']
217;Benzidine-2,2'-disulphonic acid;117-61-3;204-200-0;MBJAPGAZEWPEFB-UHFFFAOYSA-N;Nc1ccc(c2ccc(N)cc2S(=O)(=O)O)c(S(=O)(=O)O)c1;DTXSID3024572;8337.0;PRO-218;NS00002417;REACH-B;True;PMT;HQ;PMT;False;False;;;False;False;False;False;False;False;False;False;False;False;False;False;False;False;False;False;False;False;;;;True;True;True;False;False;False;False;False;False;False;False;False;False;False;False;False;False;False;False;False;False;False;False;False;False;P-PNEC pred;344.36;;-1.75;;9.42;0.0024;0.0108;1.599883072;-0.3239;48.9108865237318;44.93036181;2.4;;;;;-4.4;0.93139;0.83;0.42;0.0;0.0;;;;0;0;0;0;0;0;0;0;0;0;0;0;0;0;0;0;0;0;1;0;0;0;0;0;0;1;0;0;0;0;0;0;0;0;0;0;0;0;0;0;0;0;0;0;0;0;0;0;0;0;1;1;0;0;0;0;0;0;0;0;0;0;0;0;0;;0.378847400884382;0.41354506468978;;;;0.833523083028808;0.56889394973435;False;0.0;0.0;0.0;0;126.3;low ;0.199;165.399999999999;low ;0.668;1290.0;low ;0.7;0.507716494592068;0.0980982992654529;0.108960497758548;0.0426725471104937;0.518229827926432;;;P_score_freshwater_pred_Dashboard;0.41354506468978;0.396196232787081;;;M_score_pred_Episuite;0.833523083028808;0.701208516381579;kemi_score;0.42;0.587111026375398;1.0;;;0.527082699951914;1.0;0.655843546266134;1.0;0.620526371389638;1.0;0.655843546266134;0.5;0.587948796335184;1.0;0.0;PM(T);(T);PM(T);2;Arn, Nh2, Aniline, Benzene;['Aromatic amines']
218;Benzoic acid;65-85-0;200-618-2;WPYMKLBDIGXBTP-UHFFFAOYSA-N;C1=CC=C(C=C1)C(=O)O;DTXSID6020143;20144841.0;PRO-219;;;False;;;;False;False;;;False;False;False;False;False;False;False;False;False;False;False;False;False;False;False;True;True;True;;;;True;True;True;True;True;True;True;True;True;True;True;True;True;True;True;True;False;True;False;False;False;False;True;False;False;;122.123;1.87;1.88;;5.91;0.0292;0.109;1.499687083;1.1901;742.483018716623;14.30990537;3.72;;;;;;44.6;;0.95;0.65;0.78;>100000 to < 1000000 tonnes;100000.0;1000000.0;1;0;0;0;1;0;1;1;1;0;0;0;0;0;0;0;0;0;1;1;1;0;1;0;0;0;1;1;0;0;1;0;0;1;0;0;0;1;0;0;0;1;0;0;0;0;0;0;0;0;0;1;1;0;0;0;0;0;0;1;0;0;1;0;1;;0.0794092441706018;0.986620230625643;;;;0.63677176271326;0.585839064814713;True;0.0;0.0;0.0;0;5260.0;moderate ;0.85;2590.0;good ;1.0;5800.0;low ;0.7;0.161198865585936;0.0318823898149451;0.0236378174102026;0.0226778424825834;0.165085041485451;;;P_score_freshwater_pred_Dashboard;0.986620230625643;0.533014737398122;;;M_score_pred_Episuite;0.63677176271326;0.611305413763987;kemi_score;0.95;0.792623431008732;1.0;;;0.57081940628141;1.0;0.165085041485451;0.5;0.469836961004356;0.75;0.165085041485451;0.25;0.377486763173422;0.75;0.0;vPvM;;PM;;Ar Coo, Coo, Coo2, C O, Benzene;['Alkylphenols']
219;Benzophenone;119-61-9;204-337-6;RWCCWEUUXYIKHB-UHFFFAOYSA-N;C1=CC=C(C=C1)C(=O)C2=CC=CC=C2;DTXSID0021961;3102.0;PRO-220;NS00010632;REACH-A;True;vPvM & PMT;MQ;PMT;False;False;;;False;False;False;False;False;False;False;False;False;False;False;False;False;False;False;True;True;True;"Cleaning products and household care -> air freshener; Personal care -> facial cleansing and moisturizing -> face mask; Personal care -> fragrance; Personal care -> general moisturizing; Personal care -> general moisturizing -> hand/body lotion; Personal care -> hair styling and care -> hair styling; Personal care -> hair styling and care -> shampoo; Personal care -> make-up and related -> lip balm; Personal care -> make-up and related -> lip gloss; Personal care -> nails -> nail polish; Personal care -> specialized bath products -> bath salts; Personal care -> sunscreen; UV stabilizer; finish; flavouring; fragrance; fragrance; fragrance component; fragrance ingredient; masking; other chemicals (function unknown); personal care; stabilizer; stabilizing agent; ultraviolet light absorber; uv absorber; uv acrylic layer; uv acrylic layer: photoinitiator; uv layer photoinitiator";"Anti-stain agent; Intermediates; Not Known or Reasonably Ascertainable; Paint additives and coating additives not described by other categories; Photosensitive agent; Process regulators; Semiconductor and photovoltaic agent";"Intermediates; Not Known or Reasonably Ascertainable; Paint additives and coating additives not described by other categories; Photosensitive agent; Process regulators; Semiconductor and photovoltaic agent";True;True;True;True;True;True;True;False;False;True;True;True;True;False;True;True;False;True;False;False;False;False;True;True;False;PNEC chronic;182.222;3.18;3.12;;7.25;0.000757;0.000577;2.630427875;2.8796;190.56626845863;22.03155132;12.0;35.0;;;2.7;;5.4;0.35;0.94;0.33;0.44;>1000 to < 10000 tonnes;1000.0;10000.0;1;1;0;1;1;0;1;1;1;1;0;0;0;0;0;0;0;1;1;0;1;0;0;0;1;0;1;1;0;1;1;0;0;1;0;0;0;1;0;0;0;0;0;0;0;0;0;1;1;1;1;1;1;0;1;0;0;1;1;1;1;1;1;0;0;0.284668524889841;0.152813020055822;0.878211981357631;;;0.38102426132988;0.35212940076462;0.392460975525574;True;0.75;0.0;0.0;0;1230.0;;0.85;546.1;;1.0;501.7;;1.0;0.324669653265277;0.0608095074661729;0.0435255851001376;0.0629471557567263;0.330430906366868;;;P_score_freshwater_pred_Dashboard;0.878211981357631;0.438564508767765;M_score_exp_UBA;0.38102426132988;M_score_pred_Dashboard;0.392460975525574;0.375204879206691;kemi_score;0.94;0.587080855523209;1.0;0.38102426132988;0.5;0.405649532893298;1.0;0.340074723007171;1.0;0.446823633355341;1.0;0.353210640777588;0.75;0.371417760125545;1.0;0.0;PM;PM;PM;3;C O, C O Nocoo, Benzene, Ketone;['Benzophenones']
220;Benzothiazole;95-16-9;202-396-2;IOJUPLGTWVMSFF-UHFFFAOYSA-N;C1=CC=C2C(=C1)N=CS2;DTXSID7024586;7222.0;PRO-221;NS00000291;;False;;;;False;False;;;False;False;False;False;False;False;True;True;False;False;False;False;False;False;True;False;False;False;"flavouring; fragrance; fragrance component; odorant; perfuming";Intermediate;;True;True;True;False;False;False;True;False;False;False;False;False;False;False;False;False;False;False;False;False;False;False;False;False;False;;135.18;2.01;2.07;;5.08;0.0317;0.079;2.729974286;1.7441;4964.1630883242;18.76000453;7.59;;;;;;240.0;0.54;0.74;0.09;0.16;>10 to < 100 tonnes;10.0;100.0;0;0;0;0;0;0;0;0;0;0;0;0;0;0;0;0;0;0;1;0;0;0;0;0;0;0;0;0;0;0;0;0;0;0;0;0;0;0;1;0;0;0;0;0;0;0;0;0;0;0;1;1;0;0;0;0;0;0;0;0;0;0;0;0;0;;0.120520802984416;0.999473436976765;;;;0.544228191311344;0.376136468742016;False;0.0;0.0;0.0;0;1180.0;low ;0.205;644.3;;1.0;5490.0;;1.0;0.0846941886077696;0.0568350416150811;0.04428211042487;0.0232126327479163;0.0926383965182385;;;P_score_freshwater_pred_Dashboard;0.999473436976765;0.559997119980591;;;M_score_pred_Episuite;0.544228191311344;0.46018233002668;kemi_score;0.74;0.737523979860722;1.0;;;0.507642373606557;1.0;0.223662098085144;1.0;0.406147954228203;1.0;0.223662098085144;0.5;0.336957502302242;1.0;0.0;vPvM;;PM;1;Ar N, Nh0, Benzene, Bicyclic, Para Hydroxylation, Thiazole;['Aromatic amines', 'Cyclohexanes']
221;Benzothiazole-2-sulfonic acid;941-57-1;825-261-5;ZCXGMSGCBDSEOY-UHFFFAOYSA-N;C1=CC=C2C(=C1)N=C(S2)S(=O)(=O)O;DTXSID80240528;30647.0;PRO-222;;;False;;;;False;False;;;False;False;False;False;False;False;False;False;False;False;False;False;False;False;False;False;False;False;;;;False;False;False;False;False;False;False;False;False;False;False;False;False;False;False;False;False;False;False;False;False;False;False;False;False;;215.24;;0.776;;8.76;;0.401;1.530199698;;73130.4418334154;;5.37;;;;;;9.97271;;0.02;;;;;;0;0;0;0;0;0;0;0;0;0;0;0;0;0;0;0;0;0;0;0;0;0;0;0;0;0;0;0;0;0;0;0;0;0;0;0;0;0;0;0;0;0;0;0;0;0;0;0;0;0;0;0;0;0;0;0;0;0;0;0;0;0;0;0;0;;;0.999994696817821;;;;;0.580698328836239;False;0.0;0.0;0.0;0;177.3;low ;0.202;419.9;low ;0.578;1200.0;low ;0.7;0.269174826312863;0.0676635653018237;0.0954609049250424;0.0439742233654184;0.282848811867609;;;P_score_freshwater_pred_Dashboard;0.999994696817821;0.999994696817821;;;M_score_pred_Dashboard;0.580698328836239;0.580698328836239;kemi_score;0.02;0.762033627399218;1.0;;;0.762033627399218;1.0;0.282848811867609;0.5;0.54764720721358;0.75;0.282848811867609;0.25;0.54764720721358;0.75;0.0;vPvM;;vPvM;1;Ar N, Nh0, Benzene, Bicyclic, Para Hydroxylation, Thiazole;['Aromatic amines', 'Cyclohexanes']
222;Benzotriazole;95-14-7;202-394-1;QRUDEWIWKLJBPS-UHFFFAOYSA-N;C1=CC2=NNN=C2C=C1;DTXSID6020147;7220.0;PRO-223;NS00010261;REACH-A;False;vPvM & PMT;MQ;vPvM & PMT;False;False;;;False;False;False;False;False;False;False;False;False;True;False;False;False;False;True;True;True;True;"Arts and crafts/office supplies -> home office -> pens and markers; Cleaning products and household care; Cleaning products and household care -> dishwasher and dishes -> automatic dishwashing detergent; Raw materials; Specialty occupational products -> Firefighting foam; antimicrobial; biocide; corrosion inhibitor; corrosion inhibitor; preservative; preservative; stabilizer; stabilizing agent";"Anti-scaling agent; Cleaning agent; Corrosion inhibitor; Corrosion inhibitors and anti-scaling agents; Functional fluids (closed systems); Intermediate; Intermediates; Lubricants and lubricant additives; Lubricating agent; Plating agents and surface treating agents; Processing aids not otherwise specified";"Corrosion inhibitor; Corrosion inhibitors and anti-scaling agents; Functional fluids (closed systems); Lubricants and lubricant additives";True;True;True;True;True;True;True;True;True;True;True;True;True;False;False;True;False;False;True;True;True;True;True;True;False;;119.127;1.44;1.37;;5.03;0.166;0.0981;1.69019608;1.7945;53.5170342274911;17.50475783;4.37;95.0;;;1.5;;19.0;0.54;0.89;0.33;0.44;>1000 to < 10000 tonnes;1000.0;10000.0;0;0;0;0;1;0;1;1;0;0;0;0;0;1;1;1;0;0;0;1;0;0;1;0;1;0;0;0;0;0;1;1;0;1;0;0;0;0;0;0;0;0;0;0;0;0;0;0;0;0;1;1;0;0;1;0;0;1;1;1;0;0;0;0;0;0.68688056026913;0.108524807403814;0.451286681843632;;;0.585786437626905;0.535550348038624;0.553479576901355;False;0.0;0.0;0.0;1;5310.0;low ;0.293;3130.0;low ;0.305;619.9;low ;0.389;0.217762462960162;0.0294392740498515;0.0235431760272722;0.057740513290938;0.221372068741977;;;P_score_freshwater_pred_UBA;0.68688056026913;0.415564016505525;M_score_exp_UBA;0.585786437626905;M_score_exp_UBA;0.585786437626905;0.558272120855628;kemi_score;0.89;0.634322722654033;1.0;0.585786437626905;0.5;0.481661504425901;1.0;0.345746897485238;1.0;0.468310915271064;1.0;0.412178466039698;0.75;0.408084514277775;1.0;0.0;PM;PM;PM;1;Ar N, Ar Nh, Nh0, Nh1, Nhpyrrole, Benzene, Bicyclic, Para Hydroxylation;['Aromatic amines', 'Cyclohexanes']
223;"benzovindiflupyr (ISO); N-[9-(dichloromethylene)-1,2,3,4-tetrahydro-1,4-methanonaphthalen-5-yl]-3-(difluoromethyl)-1-methyl-1H-pyrazole-4-carboxamide";1072957-71-1;691-719-4;CCCGEKHKTPTUHJ-UHFFFAOYSA-N;Cn1cc(C(=O)Nc2cccc3c2[C@@H]2CC[C@H]3C2=C(Cl)Cl)c(n1)C(F)F;DTXSID8057930;53491464.0;PRO-224;NS00007313;REACH-B;False;PMT;HQ;Not PMT/vPvM;False;False;;;False;False;False;False;False;False;False;False;False;False;False;False;False;False;False;False;False;False;"biocide; fungicide";;;False;False;True;False;False;False;False;False;False;False;True;False;False;False;False;False;False;False;False;False;False;False;False;False;False;P-PNEC pred;398.23;;4.09;;10.5;;2.37e-05;3.161368002;;1652.42634686448;;282.0;;1000.0;;3.7;;0.00063;;0.29;0.0;0.0;;;;0;0;0;0;0;0;0;0;0;0;0;0;0;0;0;0;0;0;0;0;0;0;0;0;0;0;0;0;0;0;0;0;0;0;0;0;0;0;0;0;0;0;0;0;0;0;0;0;0;0;0;0;0;0;0;0;0;0;0;0;0;0;0;0;0;;;0.99655764244032;0.949380235019144;;0.235348963068999;;0.308957210442819;True;0.0;0.0;0.0;0;50.9;low ;0.195;197.9;low ;0.194;53.5;low ;0.195;0.960859085953621;0.0914177468819493;0.153589919271865;0.150798270212292;0.962037369320028;P_score_soil_exp_UBA;0.949380235019144;P_score_freshwater_pred_Dashboard;0.99655764244032;0.972968938729732;M_score_exp_UBA;0.235348963068999;M_score_pred_Dashboard;0.308957210442819;0.272153086755909;kemi_score;0.29;0.554881671398357;1.0;0.472689807241449;1.0;0.51458381240855;1.0;0.962037369320028;0.5;0.666598349143195;0.75;0.599029401727691;0.75;0.63392039941958;0.75;1.0;PM(T);PM(T);PM(T);4;Ar N, C O, C O Nocoo, Nh0, Nh1, Alkyl Halide, Allylic Oxid, Amide, Aniline, Aryl Methyl, Benzene, Bicyclic, Halogen;['Chlorobenzenes', 'Cyclohexanes', 'HBCDDs', 'PAHs', 'PBB', 'PCB', 'Terpenoid', 'PFAS']
224;Benzyl butyl phthalate;85-68-7;201-622-7;IRIAEXORFWYRCZ-UHFFFAOYSA-N;CCCCOC(=O)C1=CC=CC=C1C(=O)OCC2=CC=CC=C2;DTXSID3020205;2347.0;PRO-225;NS00009734;;False;;;;False;False;;;False;False;False;False;False;False;False;False;False;True;False;False;False;False;True;True;True;True;"Home maintenance -> adhesives and adhesive removers -> multipurpose adhesive; Home maintenance -> adhesives and adhesive removers -> wood adhesive; Home maintenance -> caulk/sealant; Home maintenance -> paint/stain and related products; Home maintenance -> paint/stain and related products -> paint; Home maintenance -> paint/stain and related products -> water-based paint; Home maintenance -> surface sealers; Personal care -> make-up and related -> eye shadow; Vehicle -> auto body work -> auto paint; Vehicle -> engine maintenance -> motor oil; plasticiser; plasticizer; plasticizer; plastisizer; primary component of backing";"Plasticizer; Viscosity modifiers";"Plasticizer; Sealant (barrier); Viscosity modifiers";True;True;True;True;False;True;False;False;False;False;True;True;True;True;True;False;False;True;False;False;False;False;True;False;False;;312.365;4.82;4.83;;9.83;6.54e-06;1.3e-05;3.720159303;3.4102;29.6659522703688;12.47358925;16.2;;;;;;5.2;0.27;0.82;0.04;0.14;>1 to < 10 tonnes;1.0;10.0;1;1;0;0;0;0;0;1;0;0;0;0;0;0;0;0;0;0;0;0;0;0;0;0;0;0;0;0;0;0;0;0;0;0;0;0;0;0;0;0;0;0;0;0;0;0;0;0;0;0;0;0;0;0;0;0;0;0;0;0;0;0;0;0;0;;0.0638533913098264;0.230749318152645;;;;0.273392856808803;0.232843624541571;True;0.0;0.0;0.75;0;79.0;;1.0;152.799999999999;;1.0;479.6;moderate ;0.85;0.32827368028929;0.101185304701258;0.130377276592598;0.0641111049538486;0.345438938532462;;;P_score_freshwater_pred_Dashboard;0.230749318152645;0.147301354731235;;;M_score_pred_Episuite;0.273392856808803;0.253118240675187;kemi_score;0.82;0.251167703529803;1.0;;;0.193092360694673;1.0;0.305398941392672;1.0;0.276959113895951;1.0;0.305398941392672;0.5;0.242837811197444;1.0;1.0;;;;1;C O, C O Nocoo, Benzene, Ester, Ether, Unbrch Alkane;['Ethylene Glycols', 'PBDE', 'PhenylEthers', 'Phtalates']
225;Benzyl(3-hydroxyphenacyl)methylammonium chloride;71786-67-9;276-017-4;XZXKMYOWHGSGAD-UHFFFAOYSA-N;C(=O)(c1cc(O)ccc1)CN(C)Cc1ccccc1;DTXSID6072421;172900.0;PRO-226;NS00076492;REACH-B;False;vPvM & PMT;MQ;PMT;False;False;;;False;False;False;False;False;False;False;False;False;False;False;False;False;False;False;False;False;False;;;;False;False;True;False;False;False;False;False;False;False;False;False;False;False;False;False;False;False;False;False;False;False;False;False;False;P-PNEC;291.78;;2.27;;10.6;;0.000676;2.959994838;1.2775;34.813317487602;33.03815045;19.5;56.0;;;;-0.4;1.186302598;0.62;0.27;0.0;0.0;;;;0;0;0;0;0;0;0;0;0;0;0;0;0;0;0;0;0;0;1;0;0;0;0;0;0;0;0;0;0;0;0;0;0;0;0;0;0;0;0;0;0;0;0;0;0;0;0;0;0;0;0;0;0;0;0;0;0;0;0;0;0;0;0;0;0;0.470548110513759;0.265020792852277;0.282810472375868;;;;0.622647042713732;0.339523649094717;False;0.0;0.0;0.0;0;102.3;low ;0.411;1540.0;low ;0.413;402.5;low ;0.696;0.481459634188698;0.0396380503159483;0.118169936882746;0.0688323252360149;0.493469707119318;;;P_score_freshwater_pred_UBA;0.470548110513759;0.339459791913968;;;M_score_pred_Episuite;0.622647042713732;0.481085345904224;kemi_score;0.27;0.54128124802724;1.0;;;0.404115245212931;1.0;0.553128573131037;1.0;0.547172846899308;1.0;0.553128573131037;0.5;0.472787149746191;1.0;1.0;PM;;PM;4;Ar Oh, C O, C O Nocoo, Nh0, Ndealkylation1, Benzene, Ketone, Ketone Topliss, Phenol, Phenol Noorthohbond;['Alkylphenols', 'Benzophenones', 'Phenols']
226;Benzyltrimethylammonium chloride;56-93-9;200-300-3;KXHPPCXNWTUNSB-UHFFFAOYSA-M;C[N+](C)(C)CC1=CC=CC=C1.[Cl-];DTXSID8024600;5963.0;PRO-227;NS00077217;REACH-A;False;vPvM;MQ;vPvM;False;False;;;False;False;False;False;False;False;False;False;False;False;False;False;False;False;False;False;False;False;;"Etching agent; Surface modifier";"Etching agent; Surface modifier";True;True;True;False;False;True;False;False;False;False;True;False;False;False;False;False;False;False;False;False;False;False;False;False;False;P-PNEC;185.7;-2.17;-2.21;;4.42;;0.75;3.829946696;0.578;219695.988672137;19.26063527;24.0;2500.0;;;;-2.2;31.26007904;;0.56;0.22;0.33;>100 to < 1000 tonnes;100.0;1000.0;0;0;0;0;0;0;0;0;0;0;0;0;0;0;1;0;0;0;1;1;0;0;0;0;0;0;0;0;0;0;0;0;0;0;0;0;0;0;0;0;0;0;0;0;0;0;0;0;0;0;0;0;0;0;0;0;0;0;1;0;0;0;0;0;0;0.99830091815794;0.125375052882707;0.999999191157345;;;;0.728228907280082;0.219527432013714;False;0.0;0.0;0.0;0;1800.0;low ;0.323;6790.0;low ;0.423;2960.0;moderate ;0.85;0.183173925986545;0.0212094721190922;0.0371378887927841;0.030140199562496;0.189119624382897;;;P_score_freshwater_pred_Dashboard;0.999999191157345;0.707891720732664;;;M_score_pred_Episuite;0.728228907280082;0.473878169646898;kemi_score;0.56;0.853362946381831;1.0;;;0.579184282356651;1.0;0.189119624382897;0.5;0.516418018053657;0.75;0.189119624382897;0.25;0.398832043750378;0.75;0.0;vPvM;;PM;1;Nh0, Benzene, Halogen, Quatn;['Chlorobenzenes', 'Organotins', 'PBB']
227;Bis(2-(2-methoxyethoxy)ethyl) ether;143-24-8;205-594-7;ZUHZGEOKBKGPSW-UHFFFAOYSA-N;COCCOCCOCCOCCOC;DTXSID7044396;8925.0;PRO-228;NS00010103;REACH-A;True;vPvM & PMT;HQ;vPvM & PMT;False;False;;;False;False;False;False;False;False;False;False;False;False;False;False;False;False;False;True;False;True;Vehicle -> engine maintenance -> auto fluids and additives;"Absorbent; Processing aids, not otherwise listed; Solids separation (precipitating) agent, not otherwise specified; Solvent";Solvent;True;True;True;False;False;False;True;True;True;False;True;False;True;False;True;False;False;False;False;False;False;False;True;False;False;PNEC aqua (freshwater);222.281;;-0.791;;6.35;;1.79;2.320146286;-0.0976;1978.3135137461;29.71740493;3.63;1289.0;;;1.5;;32000.0;0.81;0.71;0.24;0.0;>100 tonnes;100.0;;1;0;0;0;0;0;0;0;0;0;0;0;0;0;0;0;0;1;0;0;0;0;0;0;0;1;0;0;0;0;0;0;0;0;0;0;1;0;1;0;0;1;0;0;0;0;0;0;0;1;1;1;0;0;0;0;0;0;0;0;0;0;0;0;0;0.994746249197483;0.231275577355488;0.9974671206341;;;0.585786437626905;0.810604911684263;0.444749417382161;True;0.0;0.0;0.75;0;637.0;low ;0.681;7600.0;low ;0.7;2580.0;low ;0.7;0.0109311224843049;0.0202168750430832;0.0571008982380541;0.0319342871291118;0.0220005598640931;;;P_score_freshwater_pred_Dashboard;0.9974671206341;0.74116298239569;M_score_exp_UBA;0.585786437626905;M_score_pred_Episuite;0.810604911684263;0.613713588897776;kemi_score;0.71;0.899195055162983;1.0;0.585786437626905;0.5;0.67443442519213;1.0;0.133493271328241;1.0;0.346462825532386;1.0;0.218550944675926;0.75;0.300054091315681;1.0;2.0;vPvM;PM;PM;4;Ether, Methoxy, Unbrch Alkane;['Ethylene Glycols']
228;Bis(2-chloroethyl) ether;111-44-4;203-870-1;ZNSMNVMLTJELDZ-UHFFFAOYSA-N;C(CCl)OCCCl;DTXSID9020168;8115.0;PRO-229;NS00003159;REACH-A;False;vPvM & PMT;MQ;vPvM & PMT;False;False;;;False;False;False;False;False;False;False;False;False;False;False;False;False;False;False;False;False;False;;"Intermediate; Intermediates; Paint additives and coating additives not described by other categories; Surface active agents";Paint additives and coating additives not described by other categories;True;True;True;False;False;False;True;False;False;False;True;False;False;False;False;False;False;False;False;False;False;False;False;False;False;P-PNEC pred;143.01;1.29;1.39;;3.8;0.0985;0.0766;1.880241776;1.548;34.813317487602;38.78451984;10.0;88.0;;;1.9;;17.81606;0.58;0.64;0.18;0.27;>100 to < 1000 tonnes;100.0;1000.0;0;0;0;0;0;0;0;0;0;0;0;0;0;0;0;0;0;0;1;0;0;0;0;0;0;0;0;0;0;0;1;0;0;0;0;0;0;0;0;0;0;0;0;0;0;0;0;0;0;0;1;1;0;0;0;0;0;0;0;0;0;0;0;0;0;0.658075469804532;0.321715385844396;0.282810472375868;;;0.517321744832185;0.577691164808454;0.520740610466465;True;0.5;0.0;0.0;0;4570.0;low ;0.654;1470.0;;1.0;29700.0;;1.0;0.222559667071856;0.0404143237079807;0.0250890117807639;0.0112869556641513;0.226382688167505;;;P_score_freshwater_pred_UBA;0.658075469804532;0.420867109341599;M_score_exp_UBA;0.517321744832185;M_score_pred_Episuite;0.577691164808454;0.538584506702368;kemi_score;0.64;0.616574719464925;1.0;0.517321744832185;0.5;0.476101359451952;1.0;0.36235612198106;1.0;0.472672851195063;1.0;0.408016112158303;0.75;0.415353153690832;1.0;0.0;PM;PM;PM;2;Alkyl Halide, Ether, Halogen, Unbrch Alkane;['Chlorinated alkane', 'Ethylene Glycols']
229;Bis(2-dimethylaminoethyl)(methyl)amine;3030-47-5;221-201-1;UKODFQOELJFMII-UHFFFAOYSA-N;CN(C)CCN(C)CCN(C)C;DTXSID7029249;18196.0;PRO-230;NS00004531;REACH-A;True;vPvM;HQ;vPvM;False;False;;;False;False;False;False;False;False;False;False;False;False;False;False;False;False;False;True;False;False;catalyst;"Catalyst; Intermediates; Other (specify); Process regulators; Propellants and blowing agents";"Catalyst; Not Known or Reasonably Ascertainable";True;True;True;True;True;True;True;False;False;True;True;True;False;False;True;False;False;True;False;False;False;False;False;False;False;P-PNEC pred;173.304;;0.114;;4.61;;2.14;2.369215857;0.4137;17500.7672183642;98.21918107;2.63;2500.0;;;;-7.2;22.2327;0.75;0.69;0.35;0.46;>1000 to < 10000 tonnes;1000.0;10000.0;0;1;0;0;0;0;0;1;0;0;0;0;0;0;0;0;0;0;1;0;1;0;0;0;0;0;0;0;0;0;1;0;0;0;0;0;0;0;0;0;0;0;0;1;0;0;0;0;0;0;1;1;0;0;1;0;0;0;0;1;1;1;0;0;0;0.99830091815794;0.699000854588583;0.999938879191149;;;;0.750173787931206;0.436366696933558;True;0.0;0.0;0.0;0;2009.99999999999;low ;0.608;8310.0;moderate ;0.85;3330.0;;1.0;0.206362544057811;0.0194626971310154;0.0354617083113318;0.028680326544669;0.211878717091455;;;P_score_freshwater_pred_Dashboard;0.999938879191149;0.899080217312557;;;M_score_pred_Episuite;0.750173787931206;0.593270242432382;kemi_score;0.69;0.866099264924355;1.0;;;0.730340700283901;1.0;0.398633964707714;1.0;0.587585384269582;1.0;0.398633964707714;0.5;0.539572616930826;1.0;2.0;vPvM;;vPvM;1;Nh0, Ndealkylation1;['Other']
230;Bis(2-ethylhexyl) amine;106-20-7;203-372-4;SAIKULLUBZKPDA-UHFFFAOYSA-N;CCCCC(CC)CNCC(CC)CCCC;DTXSID7025053;7791.0;PRO-231;NS00010732;;True;;;;False;False;;;False;False;False;False;False;False;False;False;False;True;False;False;False;False;True;True;False;False;;"Corrosion inhibitors and anti-scaling agents; Intermediate; Intermediates";;True;True;True;False;False;False;True;True;True;False;True;False;True;False;False;True;False;False;False;False;False;False;False;False;False;;241.463;;6.5;;8.51;;0.00011;3.670245853;2.7898;149.904736149046;9.301807321;661.0;;;;;;0.520775557029891;0.37;0.59;0.23;0.35;>100 to < 1000 tonnes;100.0;1000.0;0;0;0;0;0;0;0;0;0;0;0;0;0;0;0;0;1;0;0;0;1;0;1;1;0;0;0;0;0;0;0;0;0;0;0;0;0;0;0;0;0;0;0;0;0;0;0;0;0;0;0;0;0;0;0;0;0;0;0;0;0;0;0;0;0;;0.0396669701081179;0.827115886751682;;;;0.366456777756491;0.239080691244062;False;0.0;0.0;0.0;0;33.9;low ;0.555;141.3;moderate ;0.85;136.1;low ;0.7;0.570367183903719;0.104317939378986;0.177964469434843;0.105849282923124;0.58535322163272;;;P_score_freshwater_pred_Dashboard;0.827115886751682;0.4333914284299;;;M_score_pred_Episuite;0.366456777756491;0.302768734500276;kemi_score;0.59;0.550547202962856;1.0;;;0.362239388152349;1.0;0.465382307360417;1.0;0.506176775075346;1.0;0.465382307360417;0.5;0.410584707795073;1.0;1.0;PM;;PM;2;Nh1;['Other']
231;Bis(2-methoxyethyl) ether;111-96-6;203-924-4;SBZXBUIDTXKZTM-UHFFFAOYSA-N;COCCOCCOC;DTXSID1024621;8150.0;PRO-232;NS00000296;REACH-C;True;vPvM & PMT;MQ;vPvM & PMT;False;False;;;False;False;False;False;False;False;False;False;False;False;False;False;False;False;False;False;False;True;"solvent; solvent";"Monomers; Not Known or Reasonably Ascertainable; Processing aids, not otherwise listed; Solvent; Solvents (which become part of product formulation or mixture)";"Monomers; Not Known or Reasonably Ascertainable";True;True;True;False;False;False;True;False;False;False;True;True;False;False;False;False;False;False;False;False;False;False;True;False;False;P-PNEC pred;134.175;-0.36;-0.455;;3.96;7.45;3.88;1.42975228;0.4542;478.18610608926;19.65156421;2.0;38.0;;;1.2;;436.29729;0.74;0.83;0.23;0.34;>100 to < 1000 tonnes;100.0;1000.0;1;0;0;0;0;0;0;0;0;0;0;0;0;0;0;0;0;0;0;0;1;0;0;0;0;0;0;1;0;0;1;0;0;0;0;0;0;0;0;0;0;1;0;0;0;0;0;0;0;0;1;1;0;0;1;0;0;0;1;0;0;0;0;0;1;0.314140243974905;0.129190481315317;0.972032779720889;;;0.635183105687455;0.744875781765034;0.597549639890934;True;0.0;0.0;0.75;0;3000.0;low ;0.7;12180.0;low ;0.7;5180.0;low ;0.7;0.0666215581706107;0.0165342749969679;0.0299702576587885;0.0237919193828566;0.0721043822799886;;;P_score_freshwater_pred_Dashboard;0.972032779720889;0.471787835003703;M_score_exp_UBA;0.635183105687455;M_score_pred_Episuite;0.744875781765034;0.659202842447808;kemi_score;0.83;0.850907560605637;1.0;0.635183105687455;0.5;0.557677220143282;1.0;0.230991867578041;1.0;0.443342673967408;1.0;0.323616586695274;0.75;0.358913502931594;1.0;2.0;vPvM;PM;PM;2;Ether, Methoxy, Unbrch Alkane;['Ethylene Glycols']
232;Bis(4-chlorophenyl) sulphone;80-07-9;201-247-9;GPAPPPVRLPGFEQ-UHFFFAOYSA-N;c1cc(ccc1S(=O)(=O)c1ccc(cc1)Cl)Cl;DTXSID9024986;6625.0;PRO-233;NS00003990;REACH-A;False;PMT;HQ;Not PMT/vPvM;False;False;;;False;False;False;False;False;False;False;False;False;False;False;False;False;False;False;False;False;True;;"Intermediates; Monomers; Process regulators; Processing aids, not otherwise listed";;True;True;True;False;False;False;True;False;False;True;False;True;False;False;False;False;False;False;False;False;False;False;True;False;False;P-PNEC pred;287.15;;3.8;;8.95;;6.07e-05;3.380211242;3.1062;73130.4418334154;80.87452301;363.0;;;1287.0;3.5;;2.18921;0.32;0.57;0.34;0.45;>1000 to < 10000 tonnes;1000.0;10000.0;1;0;0;0;0;0;0;0;0;0;0;0;0;0;0;0;0;0;1;0;0;0;0;0;0;0;0;0;0;0;1;0;0;0;0;0;0;0;0;0;0;0;0;0;0;0;0;0;0;0;1;1;0;1;1;0;0;0;0;0;0;0;0;0;0;;0.624896004556861;0.999994696817821;;0.966521522109364;0.261203874963741;0.31718052724347;0.277541495261185;False;0.0;0.0;0.0;0;48.2;low ;0.409;21.9;low ;0.7;378.5;low ;0.476;0.415739660205744;0.207437033523743;0.156692412242542;0.0705634731792896;0.433683295961666;P_score_sediment_exp_UBA;0.966521522109364;P_score_freshwater_pred_Dashboard;0.999994696817821;0.863804074494682;M_score_exp_UBA;0.261203874963741;M_score_pred_Episuite;0.31718052724347;0.285308632489465;kemi_score;0.57;0.563186332555532;1.0;0.502453148871434;1.0;0.496438071901124;1.0;0.372530072219322;1.0;0.458043496995479;1.0;0.432641777728297;1.0;0.430044312574584;1.0;1.0;PM;PM;PM;2;Benzene, Halogen, Sulfone;['Chlorobenzenes', 'PBB', 'PCB']
233;Bis(4-fluorophenyl) ketone;345-92-6;206-466-3;LSQARZALBDFYQZ-UHFFFAOYSA-N;c1cc(ccc1C(=O)c1ccc(cc1)F)F;DTXSID30188062;9582.0;PRO-234;NS00011109;REACH-A;True;PMT;HQ;Potential PMT/vPvM;False;False;;;False;False;False;False;False;False;False;False;False;False;False;False;False;False;False;False;False;True;;;;False;False;True;False;False;False;False;False;False;False;False;False;False;False;False;False;False;False;False;False;False;False;False;False;False;P-PNEC pred;218.203;;3.41;;7.25;;6.57e-05;2.640481437;3.0843;87.3567230134409;137.1648681;38.9;1369.0;;;;3.4;5.04998;0.32;0.33;0.19;0.26;>1000 to < 10000 tonnes;1000.0;10000.0;0;0;0;0;0;0;0;0;0;0;0;0;0;0;0;0;0;0;1;0;0;0;0;0;0;0;0;0;0;0;1;0;0;0;0;0;0;0;0;0;0;0;0;0;0;0;0;0;0;0;0;0;0;0;1;0;0;0;0;0;0;0;0;0;0;0.995257710285883;0.80431593552096;0.655247715497613;;;;0.32047723576818;0.390800666276679;False;0.0;0.0;0.0;0;128.399999999999;low ;0.334;133.7;low ;0.281;296.599999999999;moderate ;0.85;0.331083272248235;0.106582810083753;0.10826712920206;0.0778322594765268;0.345277924230863;;;P_score_freshwater_pred_UBA;0.995257710285883;0.818273787101485;;;M_score_pred_Dashboard;0.390800666276679;0.355638951022429;kemi_score;0.33;0.62365645695104;1.0;;;0.539453456096004;1.0;0.332398760156948;1.0;0.455304989050637;1.0;0.332398760156948;0.5;0.423454436709184;1.0;0.0;PM;;PM;1;C O, C O Nocoo, Benzene, Halogen, Ketone;['Chlorobenzenes', 'Benzophenones', 'PBB', 'PCB']
234;Bis(?,?-dimethylbenzyl) peroxide;80-43-3;201-279-3;XMNIXWIUMCBBBL-UHFFFAOYSA-N;CC(C)c1ccccc1OOc1ccccc1C(C)C;DTXSID1025017;6641.0;PRO-235;NS00005939;REACH-A;False;PMT;MQ;Not PMT/vPvM;False;False;;;False;False;False;False;False;False;False;False;False;False;False;False;False;False;False;False;False;True;"Construction and building materials; additive - non-reactive, ethylene/propylene/diene terpolymer (epdm)";"Chemical reaction regulator; Hardener; Intermediate; Intermediates; Monomers; Polymerization promoter; Processing aids not otherwise specified; Viscosity adjustors";;True;True;True;True;False;True;True;False;False;False;True;True;False;False;False;False;False;False;False;False;False;False;True;False;False;P-PNEC pred;270.372;5.5;5.63;;8.61;1.7e-06;1.6e-06;3.589949601;4.7731;73130.4418334154;70.53758384;417.0;139.0;;;4.0;;0.04311;0.13;0.79;0.45;0.56;>1000 to < 10000 tonnes;1000.0;10000.0;0;0;0;0;0;0;0;0;0;0;0;0;0;0;0;0;0;0;0;0;0;0;0;0;0;0;0;0;0;0;1;0;0;0;0;0;0;0;0;0;0;1;0;0;0;0;0;0;0;0;1;1;1;1;1;0;0;0;0;0;0;0;0;0;0;0.807867162249491;0.568712674387781;0.999994696817821;;;0.2;0.127620174119565;0.249352411321832;True;0.0;0.0;0.75;0;14.3;low ;0.468;61.0;low ;0.523;71.1;low ;0.503;0.796639498059272;0.143646254322727;0.239515784110437;0.135653533871374;0.806186275874839;;;P_score_freshwater_pred_Dashboard;0.999994696817821;0.792191511151698;M_score_exp_UBA;0.2;M_score_pred_Dashboard;0.249352411321832;0.192324195147132;kemi_score;0.79;0.499350667327649;1.0;0.2;0.5;0.390330110015408;1.0;0.323734792482564;1.0;0.402066144637106;1.0;0.275720833618897;0.75;0.355476352470224;1.0;1.0;PM;;PM;2;Benzene, Para Hydroxylation;['Other']
235;Bis[hydrogen [4-[4-(diethylamino)-5'-hydroxy-2',4'-disulphonatobenzhydrylidene]cyclohexa-2,5-dien-1-ylidene]diethylammonium], calcium salt;3536-49-0;222-573-8;;CCN(CC)C1=CC=C(C=C1)C(=C2C=CC(=[N+](CC)CC)C=C2)C3=CC(=C(C=C3S(=O)(=O)O)S(=O)(=O)O)O;DTXSID00873918;77073.0;PRO-236;;REACH-B;False;vPvM;HQ;vPvM;False;False;;;False;False;False;False;False;False;False;False;False;False;False;False;False;False;False;True;True;True;"colourant; cosmetic colorant; dye; dye; hair dyeing";;;True;True;True;True;True;True;True;False;False;True;True;True;True;False;True;True;False;True;False;False;False;False;True;False;False;P-PNEC pred;1159.42;;2.03;;9.49;;0.0162;4.710117365;0.0201;5389698.47628301;99.74461605;3.89;684.0;;;;-2.4;0.05679;;0.71;0.04;0.14;>1 to < 10 tonnes;1.0;10.0;1;1;1;1;1;1;1;1;1;1;1;1;1;1;1;1;1;1;0;1;1;1;1;1;1;1;1;1;1;1;1;1;1;1;1;1;1;1;1;1;1;1;1;0;0;1;1;1;1;1;0;1;0;1;1;1;0;1;0;1;0;1;0;0;0;0.98463667454964;0.704514837894763;0.999999996595258;;;;0.797761518746368;0.132560087564341;False;0.0;0.0;0.0;0;355.6;low ;0.0;320.5;low ;0.188;1870.0;low ;0.248;0.776559504363837;0.0754506217899048;0.072361900550103;0.0365499225163742;0.779728545832958;;;P_score_freshwater_pred_Dashboard;0.999999996595258;0.896383836346553;;;M_score_pred_Episuite;0.797761518746368;0.465160803155354;kemi_score;0.71;0.893174963839782;1.0;;;0.645726432206736;1.0;0.779728545832958;0.5;0.853634918832673;0.75;0.779728545832958;0.25;0.687617394091033;0.75;1.0;vPvM(T);(T);PM(T);4;Ar Oh, Nh0, Allylic Oxid, Aniline, Benzene, Phenol, Phenol Noorthohbond;['Alkylphenols', 'Aromatic amines', 'Phenols', 'Styrenes', 'Terpenoid']
236;Bisphenol A;80-05-7;201-245-8;IISBACLAFKSPIT-UHFFFAOYSA-N;CC(C)(C1=CC=C(C=C1)O)C2=CC=C(C=C2)O;DTXSID7020182;6623.0;PRO-237;NS00008865;;False;;;;False;False;;;False;False;False;False;False;False;False;False;False;False;False;False;False;False;False;True;True;True;"Construction and building materials; Furniture and furnishings; Home maintenance -> adhesives and adhesive removers; Home maintenance -> adhesives and adhesive removers -> multipurpose adhesive; Home maintenance -> caulk/sealant; Home maintenance -> surface sealers; binder; binder; catalyst; epoxy hardener, curing agent; fire retardant; hardener; monom er, epichlorohydrin-bisphenol a resin; monomer, bisphenol a-epichlorohydrin acrylate; monomer, epichlorohydrin bisphenol a resin; monomer, epichlorohydrin-bisphenol a resin; monomer, polycarbonate; not reported; plastic component; resin amide";;;True;True;True;True;True;True;True;False;False;False;True;True;False;False;True;False;False;True;False;False;False;False;True;False;False;;228.291;3.32;3.5;;8.38;0.000855;0.000781;3.161368002;3.0952;3612822.93074024;34.0192118;43.7;;;;;;0.24;0.32;0.84;0.78;0.01;>1000000 tonnes;1000000.0;;1;0;0;0;0;0;0;0;0;0;0;0;0;0;0;0;0;0;1;0;0;0;0;0;1;0;0;0;0;0;1;0;0;0;0;0;0;0;0;0;0;0;0;0;0;0;0;0;1;0;1;0;1;1;1;0;0;0;1;1;0;1;0;0;1;;0.274878621814005;0.999999993253839;;;;0.318834141667293;0.308957210442819;True;0.0;0.0;0.75;0;44.2;low ;0.505;640.5;;0.85;252.9;;1.0;0.650170503420088;0.0569729091351209;0.161728603166495;0.0829481097292058;0.661259680842436;;;P_score_freshwater_pred_Dashboard;0.999999993253839;0.637439307533922;;;M_score_pred_Episuite;0.318834141667293;0.313895676055056;kemi_score;0.84;0.564653999823243;1.0;;;0.44731358394579;1.0;0.460003367237218;1.0;0.509649625961459;1.0;0.460003367237218;0.5;0.453614103424939;1.0;1.0;PM;;PM;1;Ar Oh, Benzene, Phenol, Phenol Noorthohbond;['Alkylphenols', 'Phenols']
237;Butanamide, 2,2'-[(3,3'-dichloro[1,1'-biphenyl]-4,4'-diyl)bis(azo)]bis[3-oxo-, N,N'-bis(4-chloro-2,5-dimethoxyphenyl and 2,4-xylyl) derivs.;90268-24-9;290-824-9;CTCGHGAGCLXAHB-UHFFFAOYSA-N;CC1=CC(=C(C=C1)NC(=O)C(C(=O)C)N=NC2=C(C=C(C=C2)C3=CC(=C(C=C3)N=NC(C(=O)C)C(=O)NC4=CC(=C(C=C4OC)Cl)OC)Cl)Cl)C;DTXSID70894655;44153097.0;PRO-238;NS00076477;REACH-A;False;vPvM;HQ;vPvM;False;False;;;False;False;False;False;False;False;False;False;False;False;False;False;False;False;False;True;True;True;;Pigment;;False;False;True;True;True;True;True;False;False;True;True;True;True;False;True;True;False;True;False;False;False;False;True;False;False;P-PNEC;;;1.9;;6.92;;0.0122;1.459392488;6.7148;6063.24248803609;6568.689832;4.9;12894.0;;;;1.3;0.001085801;;;0.14;0.26;>10 to < 100 tonnes;10.0;100.0;0;0;0;0;0;0;0;1;1;0;0;0;0;0;0;0;0;1;0;0;0;0;0;0;0;0;0;0;0;0;1;0;0;0;0;0;0;0;0;0;0;0;0;0;0;0;0;1;1;1;0;0;0;1;1;0;0;0;0;1;1;1;0;0;0;0.999896968323824;0.99967370916591;0.999625863290749;;;;0.0366836635667485;0.592599140860373;False;0.0;0.0;0.0;0;277.4;low ;0.0;1030.0;low ;0.0;620.0;low ;0.0;0.950932667124865;0.046849288005404;0.0799441244119045;0.0577367020592415;0.951701505537796;;;P_score_freshwater_pred_UBA;0.999896968323824;0.999732180260161;;;M_score_pred_Dashboard;0.592599140860373;0.31464140221356;E_score_max;0.26;0.769764953981142;1.0;;;0.560853933778731;1.0;0.951701505537796;0.5;0.826175556819027;0.75;0.951701505537796;0.25;0.668959921118183;0.75;0.0;vPvM(T);(T);PM(T);1;C O, C O Nocoo, Nh0, Nh1, Amide, Aniline, Aryl Methyl, Azo, Benzene, Ether, Halogen, Ketone, Ketone Topliss, Methoxy;['Chlorobenzenes', 'Ethylene Glycols', 'Benzophenones', 'PAHs', 'PBB', 'PBDE', 'PCB', 'PhenylEthers']
238;caprolactam;105-60-2;203-313-2;JBKVHLHDHHXQEQ-UHFFFAOYSA-N;C1CCC(=O)NCC1;DTXSID4020240;7768.0;PRO-239;NS00008125;;True;;;;False;False;;;False;False;False;False;False;False;False;False;False;True;False;False;False;False;True;True;True;True;"Arts and crafts/office supplies -> general arts and crafts supplies -> arts and crafts adhesive; Construction and building materials; Electronics/small appliances -> computers and accessories/supplies -> printer ink; Furniture and furnishings; filler; filler; flavouring; impurity; monomer; not reported; residual";"Catalyst; Dye; Finishing agents; Intermediate; Intermediates; Monomers; Not Known or Reasonably Ascertainable; Other (specify); Paint additives and coating additives not described by other categories; Terminator/Blocker";"Agricultural chemicals (non-pesticidal); Catalyst; Dye; Finishing agents; Intermediate; Intermediates; Monomers; Not Known or Reasonably Ascertainable; Paint additives and coating additives not described by other categories";True;True;False;True;False;True;True;False;False;False;True;True;True;True;True;True;True;True;False;False;False;False;True;False;False;;113.16;;-0.218;;6.29;;0.37;1.399673721;1.2646;96.5441097728446;18.96237495;2.14;;;;;;67.44056;;0.81;0.78;0.9;>1000000 to < 10000000 tonnes;1000000.0;10000000.0;1;1;0;0;0;0;0;1;1;0;0;0;0;0;0;0;0;1;1;0;1;1;0;0;1;0;0;0;0;0;1;0;1;0;0;0;0;0;0;0;0;0;0;0;0;0;1;0;1;0;1;0;0;0;1;0;0;0;0;0;0;0;0;0;1;;0.122478578547091;0.692777862383848;;;;0.624745624773541;0.602553103283054;True;0.0;0.0;0.0;0;9430.0;low ;0.585;7900.0;moderate ;0.85;2640.0;moderate ;0.85;0.138366842944175;0.0198865035168796;0.018441977197801;0.0316270683163596;0.141481325875093;;;P_score_freshwater_pred_Dashboard;0.692777862383848;0.407628220465469;;;M_score_pred_Episuite;0.624745624773541;0.613649364028298;E_score_max;0.9;0.657882921547805;1.0;;;0.500140778430056;1.0;0.141481325875093;0.5;0.394153555600211;0.75;0.141481325875093;0.25;0.328317892130875;0.75;0.0;PM;;PM;1;C O, C O Nocoo, Nh1, Amide;['Other']
239;Carbon tetrachloride;56-23-5;200-262-8;VZGDMQKNWNREIO-UHFFFAOYSA-N;ClC(Cl)(Cl)Cl;DTXSID8020250;5943.0;PRO-240;NS00005620;REACH-C;False;vPvM & PMT;MQ;vPvM & PMT;False;False;;;False;False;False;False;False;False;False;False;False;False;False;False;False;False;False;False;False;False;"Home maintenance -> adhesives and adhesive removers -> multipurpose adhesive; Home maintenance -> caulk/sealant; Manufactured formulations -> Flame retardants; solvent; solvents";"Intermediate; Intermediates; Process regulators; Processing aids, not otherwise listed";;True;True;True;False;False;False;True;False;False;False;False;False;False;False;False;False;False;False;False;False;False;False;False;False;False;EQS chronic water (=AA-EQS);153.81;2.83;2.73;2.79;2.78;0.00504;0.00391;1.850033258;2.4558;485165195.40979;118.7727929;7.41;172.0;;;1.9;;12.0;0.42;0.67;0.24;0.33;>1000 to < 10000 tonnes;1000.0;10000.0;0;0;0;0;0;0;0;0;0;0;0;0;0;0;0;0;0;0;1;0;0;0;0;0;0;0;0;0;0;0;0;0;0;0;0;0;0;0;0;0;0;0;0;0;0;0;0;0;0;0;1;1;0;1;0;0;0;0;0;0;0;0;0;0;0;0.858194172279619;0.762669341522933;0.999999999998447;;;0.517321744832185;0.421666375571275;0.52596388113198;True;0.5;0.0;0.0;0;777.5;low ;0.514;840.8;;0.6;3930.0;low ;0.501;0.253660989514301;0.0509463262570315;0.0526151948841938;0.0267425541896628;0.261357668921631;;;P_score_freshwater_pred_Dashboard;0.999999999998447;0.873621171267;M_score_exp_UBA;0.517321744832185;M_score_pred_Dashboard;0.52596388113198;0.488317333845147;kemi_score;0.67;0.725233673467499;1.0;0.517321744832185;0.5;0.653149570269916;1.0;0.33131589298898;1.0;0.490185110086549;1.0;0.384369062116621;0.75;0.465186879790634;1.0;0.0;vPvM;PM;PM;;Alkyl Halide, Halogen;['Other']
240;Carboxymethyldimethyl-3-[[(3,3,4,4,5,5,6,6,7,7,8,8,8-tridecafluorooctyl)sulphonyl]amino]propylammonium hydroxide;34455-29-3;252-046-8;OKOCIUJVPQKDLL-UHFFFAOYSA-N;C[N+](C)(CCCNS(=O)(=O)CCC(C(C(C(C(C(F)(F)F)(F)F)(F)F)(F)F)(F)F)(F)F)CC(=O)[O-];DTXSID4041284;118691.0;PRO-241;NS00011051;REACH-A;False;vPvM;HQ;vPvM;False;False;;;False;False;False;False;False;False;False;False;False;False;False;False;False;False;False;True;True;True;;"Fire extinguishing agent; Surface active agents";;True;True;True;False;True;False;False;False;False;False;True;False;True;False;True;True;False;False;False;False;False;False;True;False;False;P-PNEC;570.37;;2.22;;8.76;;0.0273;4.720159303;1.8123;275.889383234782;1306.330732;10.5;4052.0;;;1.3;;1.88476801;0.53;0.56;0.26;0.39;>100 to < 1000 tonnes;100.0;1000.0;1;0;0;0;0;0;0;0;0;0;0;0;0;0;0;0;0;1;0;0;0;0;0;0;1;0;0;0;0;1;1;1;1;1;0;0;0;0;0;0;0;0;0;0;0;0;0;0;0;0;0;1;0;0;1;0;0;0;0;0;1;1;0;0;0;0.999255106166658;0.994864231689314;0.931382676413354;;;0.618975738670119;0.532480128495635;0.13176175451998;False;0.0;0.0;0.0;0;285.6;low ;0.154;55.4;low ;0.0;4480.0;low ;0.0;0.431616745943179;0.148867677683643;0.0790184813566337;0.0253011669728959;0.440419651129744;;;P_score_freshwater_pred_UBA;0.999255106166658;0.975167338089775;M_score_exp_UBA;0.618975738670119;M_score_exp_UBA;0.618975738670119;0.427739207228578;kemi_score;0.56;0.78645703471925;1.0;0.618975738670119;0.5;0.645846192301018;1.0;0.483138091127955;1.0;0.616414917493412;1.0;0.524733423918904;0.75;0.558599048075247;1.0;1.0;vPvM;PM;PM;1;Al Coo, Coo, Coo2, C O, C O Nocoo, Nh0, Nh1, Ndealkylation1, Alkyl Halide, Halogen, Quatn, Sulfonamd, Unbrch Alkane;['Sulfonamides', 'Organotins', 'PFAS']
241;Chlorhexidine;55-56-1;200-238-7;GHXZTYHSJHQHIJ-UHFFFAOYSA-N;N=C(NCCCCCCNC(=N)NC(=N)Nc1ccc(Cl)cc1)NC(=N)Nc1ccc(Cl)cc1;DTXSID2033314;88536661.0;PRO-242;;REACH-B;False;PMT;HQ;Not PMT/vPvM;False;False;;;False;False;False;False;False;False;False;False;False;False;False;False;False;False;False;False;False;False;;;;True;False;True;False;False;False;False;False;False;False;False;False;False;False;False;False;False;False;False;False;False;False;False;False;False;P-PNEC pred;505.45;0.08;3.26;;9.6;0.00158;0.000696;4.309630167;2.5115;2614894114445690.0;209.0885783;27.5;2360.0;;;3.9;;0.0068;;0.63;0.0;0.0;;;;0;0;0;0;0;0;0;0;0;0;0;0;0;0;0;0;0;0;1;0;0;0;0;0;0;0;0;1;0;0;0;0;0;0;0;0;0;0;0;0;0;0;0;0;0;0;0;0;0;0;0;0;0;0;0;0;0;0;0;0;0;0;1;0;0;0.998125335454501;0.894180877836856;1.0;;;0.211321241071426;0.412280758653612;0.167853960032222;False;0.0;0.0;0.0;0;42.2;low ;0.229;261.6;low ;0.0;482.599999999999;low ;0.0;0.897291977822173;0.0818375809098879;0.164473520764702;0.0639488056911032;0.900602956825773;;;P_score_freshwater_pred_Dashboard;1.0;0.964102071097119;M_score_exp_UBA;0.211321241071426;M_score_pred_Episuite;0.412280758653612;0.26381865325242;kemi_score;0.63;0.642090927091804;1.0;0.211321241071426;0.5;0.504329366579729;1.0;0.900602956825773;0.5;0.718746062217037;0.75;0.436252833284803;0.5;0.611862675060278;0.75;1.0;PM(T);(T);PM(T);2;Nh1, Aniline, Benzene, Guanido, Halogen, Unbrch Alkane;['Aromatic amines', 'Chlorobenzenes', 'PBB', 'PCB']
242;Chlorobenzene;108-90-7;203-628-5;MVPPADPHJFYWMZ-UHFFFAOYSA-N;C1=CC=C(C=C1)Cl;DTXSID4020298;7964.0;PRO-243;NS00010206;REACH-A;True;vPvM;MQ;PM;False;False;;;False;False;False;False;False;False;False;False;False;False;False;False;False;False;False;True;False;False;"Home maintenance -> caulk/sealant; Raw materials; impurity; residual; solvent; solvents; unknown";"Functional fluids (closed systems); Intermediate; Intermediates; Laboratory chemicals; Monomers; Not Known or Reasonably Ascertainable; Paint additives and coating additives not described by other categories; Solvent";"Not Known or Reasonably Ascertainable; Paint additives and coating additives not described by other categories; Solvent";True;True;True;False;False;False;True;False;False;False;False;False;True;False;False;False;False;False;True;False;False;False;False;False;False;JG-MKN (opgelost);112.56;2.87;2.74;3.31;3.39;0.00431;0.00399;2.149219113;2.4644;149.904736149046;24.39330972;17.8;28.0;;;2.5;;32.0;0.42;0.88;0.38;0.48;>10000 to < 100000 tonnes;10000.0;100000.0;1;0;0;0;0;0;0;0;0;0;0;0;0;0;0;1;0;0;1;1;1;0;0;0;0;0;0;0;0;0;0;0;0;0;0;0;0;0;0;0;0;0;0;0;0;0;0;0;0;0;1;1;0;0;0;0;0;0;0;0;0;0;0;0;1;0.213679536412558;0.176735812439917;0.827115886751682;;;0.414213562373095;0.420213369953065;0.474165325494938;True;0.0;0.0;0.0;0;562.4;;1.0;184.799999999999;;1.0;706.4;moderate ;0.85;0.181658678683053;0.0939184920050546;0.0600840911727556;0.0547304089763709;0.191295860416899;;;P_score_freshwater_pred_Dashboard;0.827115886751682;0.405843745201386;M_score_exp_UBA;0.414213562373095;M_score_pred_Dashboard;0.474165325494938;0.436197419273699;kemi_score;0.88;0.626250487954817;1.0;0.414213562373095;0.5;0.420746948040288;1.0;0.283450633047622;1.0;0.421320658474249;1.0;0.321657038493008;0.75;0.345341843359409;1.0;0.0;PM;PM;PM;2;Benzene, Halogen;['Chlorobenzenes', 'PBB']
243;Chloroethane;75-00-3;200-830-5;HRYZWHHZPQKTII-UHFFFAOYSA-N;CCCl;DTXSID1020302;6337.0;PRO-244;NS00019447;REACH-A;False;vPvM & PMT;MQ;vPvM & PMT;False;False;;;False;False;False;False;False;False;False;False;False;False;False;False;False;False;False;True;True;False;Construction and building materials;Intermediate;;True;True;True;False;False;False;False;False;False;False;True;False;True;False;False;False;False;False;False;False;False;False;False;False;False;P-PNEC pred;64.51;1.43;1.53;;2.19;0.093;0.0931;1.340444115;1.2407;639.061056569552;19.39259505;8.51;24.0;;;0.8;;16.25598;0.63;0.7;0.21;0.32;>100 to < 1000 tonnes;100.0;1000.0;1;0;0;0;0;0;0;0;0;0;0;0;1;0;0;0;0;0;1;0;0;0;0;0;0;0;0;0;0;0;0;0;0;0;0;0;0;0;0;0;0;0;0;0;0;0;0;0;0;0;1;1;0;1;0;0;0;0;0;0;0;0;0;0;0;0.172728869564759;0.126660608037749;0.982776630059013;;;0.696730454977072;0.628621286528372;0.61234244147223;True;0.5;0.0;0.0;0;580.9;low ;0.633;1450.0;good ;1.0;5280.0;low ;0.7;0.229521833717177;0.0406456766981861;0.0592951802929099;0.0235998088346225;0.238476219506349;;;P_score_freshwater_pred_Dashboard;0.982776630059013;0.42738870255384;M_score_exp_UBA;0.696730454977072;M_score_exp_UBA;0.696730454977072;0.645898060992558;kemi_score;0.7;0.82748438571483;1.0;0.696730454977072;0.5;0.525404162782948;1.0;0.387608073044151;1.0;0.566338792791954;1.0;0.471284844594932;0.75;0.45127696053053;1.0;0.0;vPvM;PM;PM;2;Alkyl Halide, Halogen;['Chlorinated alkane']
244;Chloroethylene;75-01-4;200-831-0;BZHJMEDXRYGGRV-UHFFFAOYSA-N;C=CCl;DTXSID8021434;6338.0;PRO-245;NS00008276;REACH-C;False;vPvM & PMT;MQ;vPvM & PMT;False;False;;;False;False;False;False;False;False;False;False;False;False;False;False;False;False;False;True;False;True;"Home maintenance -> caulk/sealant; Home maintenance -> paint/stain and related products; Home maintenance -> paint/stain and related products -> paint; impurity; monomer; not reported; residual; vinyl residual";"Binder; Intermediate; Intermediates; Monomers; Other (specify)";"Binder; Intermediate; Intermediates; Other (specify)";True;True;True;True;True;False;True;False;False;False;True;True;False;False;True;False;False;True;True;False;False;False;True;False;False;EQS water (=AA-EQS);62.5;;1.56;;1.96;0.0923;0.0849;1.309630167;1.4056;1394.09397086645;19.22309767;8.51;24.0;;;0.9;;0.05;0.6;0.81;0.71;0.83;>1000000 to < 10000000 tonnes;1000000.0;10000000.0;0;1;0;0;0;0;0;1;0;0;0;0;0;0;0;0;0;0;1;0;0;0;0;0;0;0;0;0;0;0;1;0;0;0;0;0;0;0;0;0;0;0;0;0;0;0;0;0;0;0;1;1;1;1;1;0;0;0;0;0;0;0;0;0;0;0.172728869564759;0.125009810007607;0.995402037714342;;;0.681887999818259;0.601568946310957;0.61740020036551;True;1.0;0.0;0.0;0;645.4;low ;0.0;1530.0;moderate ;0.85;7920.0;low ;0.698;0.786008278591102;0.0397458929390408;0.0567953426068474;0.019865111885363;0.788390410285062;;;P_score_freshwater_pred_Dashboard;0.995402037714342;0.431046905762236;M_score_exp_UBA;0.681887999818259;M_score_exp_UBA;0.681887999818259;0.633619048831575;E_score_max;0.83;0.823864494023169;1.0;0.681887999818259;0.5;0.522608391083478;1.0;0.687774851365646;1.0;0.752750476534036;1.0;0.685806942168309;0.75;0.599530573448827;1.0;0.0;vPvM(T);PM(T);PM(T);1;Halogen;['Other']
245;Chloroform;67-66-3;200-663-8;HEDRZPFGACZZDS-UHFFFAOYSA-N;ClC(Cl)Cl;DTXSID1020306;6212.0;PRO-246;NS00007346;REACH-C;False;vPvM & PMT;MQ;PMT;False;False;;;False;False;False;False;False;False;False;False;False;False;False;False;False;False;False;True;False;False;"Cleaning products and household care -> laundry and fabric treatment -> laundry starch; disinfection by-products; solvent; solvent";"Intermediate; Intermediates; Laboratory chemicals; Solvent";;True;True;True;False;False;False;True;False;False;False;True;False;True;True;False;False;False;False;False;False;False;False;False;False;False;EQS chronic water (=AA-EQS);119.37;1.97;1.8;2.8;2.75;0.067;0.0346;1.599883072;1.7094;481417156296.705;48.28395944;12.9;55.0;;;2.0;;2.5;0.55;0.74;0.58;0.69;>100000 to < 1000000 tonnes;100000.0;1000000.0;1;0;0;0;0;0;0;0;0;0;0;0;0;0;0;0;0;0;1;1;1;0;0;0;0;0;0;0;0;0;0;0;0;0;0;0;0;0;0;0;0;0;0;0;0;0;0;0;0;0;1;1;1;0;0;0;0;0;0;0;0;0;1;0;1;0.462881680826101;0.408206869521462;1.0;;;0.5;0.550187566997524;0.56889394973435;True;0.5;0.0;0.0;0;1620.0;;1.0;1750.0;low ;0.555;40020.0;low ;0.534;0.401807375403769;0.0375778626587921;0.0388092218588599;0.00992939131100841;0.406357591899098;;;P_score_freshwater_pred_Dashboard;1.0;0.623696183449187;M_score_exp_UBA;0.5;M_score_pred_Dashboard;0.56889394973435;0.539693838910625;kemi_score;0.74;0.75425058815645;1.0;0.5;0.5;0.580176686501274;1.0;0.472754350106378;1.0;0.597139218793453;1.0;0.481667145313653;0.75;0.523718485804904;1.0;0.0;vPvM;PM;PM;2;Alkyl Halide, Halogen;['Chlorinated alkane']
246;Chromate(2-), [2,4-dihydro-4-[(2-hydroxy-4-nitrophenyl)azo]-5-methyl-3H-pyrazol-3-onato(2-)][3-[[4,5-dihydro-3-methyl-1-(4-methylphenyl)-5-oxo-1H-pyrazol-4-yl]azo]-4-hydroxy-5-nitrobenzenesulfonato(3-)]-, disodium;75199-08-5;278-113-1;;CC1=CC=C(C=C1)N2C(=O)C(=C(N2)C)N=NC3=C(C(=CC(=C3)S(=O)(=O)O)[N+](=O)[O-])O;DTXSID20904930;136192459.0;PRO-247;;REACH-B;False;vPvM;HQ;vPvM;False;False;;;False;False;False;False;False;False;False;False;False;False;False;False;False;False;False;True;True;True;;;;False;False;False;True;False;True;False;False;False;False;True;True;False;False;True;False;False;False;False;False;False;False;True;False;False;;789.54;;3.18;;9.48;;0.211;3.969881644;;29.6659522703688;;4.68;6950.0;;;;-1.5;;;;0.05;0.15;>1 to < 10 tonnes;1.0;10.0;0;0;0;0;0;0;0;0;0;0;0;0;0;0;0;0;0;0;0;0;0;0;0;0;0;0;0;0;0;0;0;0;1;0;0;0;0;0;0;0;0;0;0;0;0;0;1;0;0;0;0;0;0;0;0;0;0;0;0;0;0;0;0;0;0;0.99970370485372;;0.230749318152645;;;;;0.203361161232361;False;0.0;0.0;0.0;0;168.2;low ;0.189;393.4;low ;0.202;1350.0;low ;0.506;;0.0694716132713189;0.097455160610321;0.0418732142686965;0.0526995410284045;;;P_score_freshwater_pred_UBA;0.99970370485372;0.615226511503182;;;M_score_pred_Dashboard;0.203361161232361;0.203361161232361;E_score_max;0.15;0.450889017727585;1.0;;;0.35371341195977;1.0;0.0526995410284045;0.5;0.220452679846586;0.75;0.0526995410284045;0.25;0.187515265570035;0.75;1.0;PM;;PM;1;Ar N, Ar Nh, Ar Oh, Nh0, Nh1, Nhpyrrole, Aryl Methyl, Azo, Benzene, Nitro, Nitro Arom, Phenol, Phenol Noorthohbond;['Alkylphenols', 'Aromatic amines', 'Phenols', 'Nitrobenzene derivatives', 'PAHs']
247;cis1,2-Dichloroethylene;156-59-2;205-859-7;KFUSEUYYWQURPO-UPHRSURJSA-N;C(=CCl)Cl;DTXSID2024030;643833.0;PRO-248;NS00079283;;False;;;;False;False;;;False;False;False;False;False;False;False;False;False;False;False;False;False;True;True;False;False;False;"solvent; solvent; solvents";;;False;False;False;False;False;False;False;False;False;False;False;False;False;False;False;False;False;False;False;False;False;False;False;False;False;;96.94;1.86;1.88;2.56;2.7;0.0493;0.0312;1.740362689;1.7354;6063.24248803609;31.26359992;10.2;;;;;;43.5236177926915;0.55;;;;;;;0;0;0;0;0;0;0;0;0;0;0;0;0;0;0;0;0;0;0;0;0;0;0;0;0;0;0;0;0;0;0;0;0;0;0;0;0;0;0;0;0;0;0;0;0;0;0;0;0;0;0;0;0;0;0;0;0;0;0;0;0;0;0;0;0;;0.247048999451298;0.999625863290749;;;;0.545723586830496;0.544870676610771;False;0.0;0.0;0.0;0;4250.0;low ;0.0;1710.0;;1.0;36800.0;;1.0;0.162638628369265;0.0379427282875813;0.0258718104506358;0.0102939888891744;0.177426671137922;;;P_score_freshwater_pred_Dashboard;0.999625863290749;0.623337431371024;;;M_score_pred_Episuite;0.545723586830496;0.545297131720634;;;0.738592859160958;1.0;;;0.583012961623261;1.0;0.312385449606503;1.0;0.480339111862805;1.0;0.312385449606503;0.5;0.426760783276886;1.0;0.0;vPvM;;PM;1;Halogen;['Other']
248;cis-2-(2,4-dichlorophenyl)-2-(1H-1,2,4-triazol-1-ylmethyl)-1,3-dioxolan-4-ylmethyl methanesulphonate;67914-86-7;267-749-5;QIMASXGTWQEFGS-UHFFFAOYSA-N;CS(=O)(=O)OCC1COC(Cn2cncn2)(O1)c1ccc(Cl)cc1Cl;DTXSID90987295;3114841.0;PRO-249;NS00056349;REACH-B;False;vPvM;HQ;vPvM;False;False;;;False;False;False;False;False;False;False;False;False;False;False;False;False;False;False;False;False;False;;;;False;False;False;False;False;False;False;False;False;False;False;False;False;False;False;False;False;False;False;False;False;False;False;False;False;P-PNEC pred;408.25;;1.87;;10.8;;5.61e-05;1.800029359;1.8909;4105.16000827419;213.2907904;5.5;1028.0;;;;1.0;3.861097628;0.52;0.24;0.0;0.0;;;;0;0;0;0;0;0;0;0;0;0;0;0;0;0;0;0;0;0;0;0;0;0;0;0;0;0;0;0;0;0;0;0;0;0;0;0;0;0;0;0;0;0;0;0;0;0;0;0;0;0;0;0;0;0;0;0;0;0;0;0;0;0;0;0;0;0.992284402457516;0.897356692490547;0.999271508384264;;;;0.518896584818547;0.534596898215277;False;0.0;0.0;0.0;0;125.1;low ;0.196;488.599999999999;low ;0.277;701.0;low ;0.234;0.357389908811688;0.0636283423293301;0.109363682111657;0.0549030808389978;0.396019798956664;;;P_score_freshwater_pred_Dashboard;0.999271508384264;0.962970867777442;;;M_score_pred_Dashboard;0.534596898215277;0.526746741516912;kemi_score;0.24;0.730894964312334;1.0;;;0.712209075186129;1.0;0.453795433491199;1.0;0.575913879991314;1.0;0.453795433491199;0.5;0.56850437642155;1.0;0.0;vPvM;;vPvM;;Ar N, Nh0, Benzene, Ether, Halogen;['Aromatic amines', 'Chlorobenzenes', 'Ethylene Glycols', 'PBB', 'PBDE', 'PCB', 'PhenylEthers']
249;Climbazole;38083-17-9;253-775-4;OWEGWHBOCFMBLP-UHFFFAOYSA-N;CC(C)(C)C(=O)C(Oc1ccc(Cl)cc1)n1ccnc1;DTXSID6046555;37907.0;PRO-250;NS00008150;REACH-A;True;PMT;MQ;Not PMT/vPvM;False;False;;;False;False;False;False;False;False;False;False;False;False;False;False;False;False;False;False;True;False;"Personal care -> child specific -> baby shampoo; Personal care -> foot care; Personal care -> hair styling and care; Personal care -> hair styling and care -> shampoo - dandruff; antidandruff; antidandruff agent; antimicrobial; biocide; cleaning agent, humectant; cosmetic biocide; preservative; preservative";;;True;False;True;False;False;False;True;False;False;False;True;False;True;False;False;False;False;False;False;False;False;False;False;False;False;PNEC aqua (freshwater);292.76;;3.46;;9.46;;0.000435;3.068185862;3.6548;134.289779684935;98.00863724;110.0;95.0;;;3.8;;0.52;0.24;0.59;0.12;0.24;>10 to < 100 tonnes;10.0;100.0;0;0;0;0;0;0;0;0;0;0;0;0;0;0;0;0;0;0;0;0;0;0;0;0;0;0;0;0;0;0;0;0;0;0;0;0;0;1;0;0;0;0;0;0;0;0;0;0;0;0;0;0;0;0;0;0;0;0;0;0;0;0;0;0;0;0.68688056026913;0.698228451993929;0.798553329358552;;;0.223104613204262;0.241033821424569;0.322914490499187;False;0.0;0.0;0.0;0;52.6999999999999;low ;0.255;352.3;low ;0.249;446.5;low ;0.251;0.570525783918651;0.0726341707337302;0.151638091961456;0.0660000143616881;0.602682300636986;;;P_score_freshwater_pred_Dashboard;0.798553329358552;0.727887447207203;M_score_exp_UBA;0.223104613204262;M_score_pred_Dashboard;0.322914490499187;0.262350975042673;kemi_score;0.59;0.507803546153674;1.0;0.223104613204262;0.5;0.436991969601424;1.0;0.380320591281719;1.0;0.439463473940803;1.0;0.318372887661037;0.75;0.407672717095683;1.0;1.0;PM;;PM;;Ar N, C O, C O Nocoo, Nh0, Benzene, Ether, Halogen, Imidazole, Ketone, Ketone Topliss;['Benzimidazole', 'Aromatic amines', 'Chlorobenzenes', 'Ethylene Glycols', 'Benzophenones', 'Imidazoles', 'PBB', 'PBDE', 'PhenylEthers', 'Pyrimidines']
250;Cyanoguanidine;461-58-5;207-312-8;QGBSISYHAICWAH-UHFFFAOYSA-N;C(#N)N=C(N)N;DTXSID1020354;10005.0;PRO-251;NS00003801;REACH-A;True;vPvM;HQ;vPvM;False;False;;;False;False;False;False;False;False;False;False;False;False;False;False;False;False;False;True;False;True;;"Adhesives and sealant chemicals; Agricultural chemicals (non-pesticidal); Bleaching agent; Catalyst; Dye; Hardener; Intermediate; Intermediates; Not Known or Reasonably Ascertainable; Other (specify); Paint additives and coating additives not described by other categories; Plasticizers; Process regulators; Processing aids, not otherwise listed; Viscosity adjustors";"Adhesives and sealant chemicals; Hardener; Intermediate; Intermediates; Not Known or Reasonably Ascertainable; Other (specify); Paint additives and coating additives not described by other categories";True;True;True;True;True;True;True;False;False;True;True;True;True;True;True;True;True;True;False;False;False;False;True;False;False;P-PNEC pred;84.082;-1.15;-1.31;;6.24;0.491;1.3;0.820201459;-1.9566;58.5569625918923;15.11624969;3.09;2500.0;;;1.1;;38.35784;0.94;0.78;0.39;0.49;>10000 to < 100000 tonnes;10000.0;100000.0;1;1;0;0;1;0;0;1;1;0;0;1;0;0;1;0;0;0;1;0;1;1;0;0;0;0;0;0;0;0;1;0;1;0;0;0;0;1;0;0;0;1;1;0;0;0;1;0;0;0;0;1;0;0;1;0;0;1;1;1;0;1;0;0;0;0.99830091815794;0.0865356200020929;0.489597175430576;;;0.651089679754133;0.939488726602932;0.693763624763914;False;0.0;0.0;0.0;0;11630.0;low ;0.217;4260.0;low ;0.273;41580.0;low ;0.569;0.170250333710202;0.0258460995242657;0.016863777428094;0.00976744903880941;0.181279682572083;;;P_score_freshwater_pred_UBA;0.99830091815794;0.524811237863536;M_score_exp_UBA;0.651089679754133;M_score_pred_Episuite;0.939488726602932;0.761447343706993;kemi_score;0.78;0.96844847997544;1.0;0.651089679754133;0.5;0.632151977786013;1.0;0.412798863392037;1.0;0.632277179556251;1.0;0.48051387478426;0.75;0.510834237224851;1.0;2.0;vPvM;PM;PM;4;Imine, Nh0, Nh2, Guanido, Nitrile;['Other']
251;Cyanuric acid;108-80-5;203-618-0;ZFSLODLOARCGLH-UHFFFAOYSA-N;C1(=O)NC(=O)NC(=O)N1;DTXSID7024873;7956.0;PRO-252;NS00009566;REACH-A;True;vPvM & PMT;HQ;vPvM & PMT;False;False;;;False;False;False;False;False;False;False;False;False;False;False;False;False;False;False;True;True;True;"Landscape/yard -> pool chemicals; Landscape/yard -> pool chemicals -> chlorine and bromine; Landscape/yard -> pool chemicals -> pH control; Personal care -> hair styling and care -> hair conditioner; flame retardant; flame retardants";"Intermediate; Intermediates; Not Known or Reasonably Ascertainable; Other (specify); Process regulators; Stabilizing agent; UV stabilizer";"Bleaching agent; Intermediate; Not Known or Reasonably Ascertainable; Other (specify); Processing aids, not otherwise listed; Stabilizing agent; UV stabilizer";True;True;True;False;False;False;True;False;False;False;True;True;True;True;False;True;True;False;False;False;False;False;True;False;False;P-PNEC pred;129.075;;-0.72;;7.89;0.0155;0.362;1.57054294;1.9832;478.18610608926;18.27238639;0.501;;;;1.7;;92.99201;;0.72;0.52;0.65;>10000 to < 100000 tonnes;10000.0;100000.0;1;0;0;0;0;0;1;0;0;0;0;0;0;0;0;0;0;0;1;0;1;0;0;0;0;0;0;0;0;0;1;0;0;0;0;1;0;0;0;0;0;0;0;0;0;0;0;0;0;0;1;1;0;1;1;0;0;0;0;0;0;0;1;1;0;;0.115829608666223;0.972032779720889;;;0.551799518660109;0.50291118526129;0.573874530038002;False;0.0;0.0;0.0;0;13720.0;low ;0.552;13800.0;;1.0;20310.0;low ;0.424;0.122555938948751;0.0156751535862964;0.0157141602257887;0.0132854685235584;0.133794428662875;;;P_score_freshwater_pred_Dashboard;0.972032779720889;0.543931194193556;M_score_exp_UBA;0.551799518660109;M_score_pred_Dashboard;0.573874530038002;0.542861744653134;kemi_score;0.72;0.746876733232371;1.0;0.551799518660109;0.5;0.543396206327553;1.0;0.133794428662875;0.5;0.42102895429042;0.75;0.271712534373331;0.5;0.34058361004809;0.75;0.0;vPvM;PM;PM;2;Ar N, Ar Nh, Nh1, Nhpyrrole;['Aromatic amines']
252;Cyclohexene;110-83-8;203-807-8;HGCIXCUEYOPUTN-UHFFFAOYSA-N;C1CCC=CC1;DTXSID9038717;8079.0;PRO-253;NS00008978;REACH-B;False;vPvM;MQ;vPvM;False;False;;;False;False;False;False;False;False;False;False;False;False;False;False;False;False;False;False;False;False;;;;True;True;True;False;False;False;True;False;False;False;False;False;False;False;False;False;False;False;False;False;False;False;False;False;False;P-PNEC pred;82.146;2.86;2.88;2.83;2.93;0.00258;0.00264;1.949877704;2.4818;1652.42634686448;14.92577985;12.9;19.0;;;2.0;;11.82448;0.42;0.47;0.0;0.0;;;;0;0;0;0;0;0;0;0;0;0;0;0;0;0;0;0;0;0;1;0;0;0;0;0;0;0;0;0;0;0;0;0;0;0;0;0;0;0;0;0;0;0;0;0;0;0;0;0;0;0;1;1;0;0;0;0;0;0;0;0;0;0;0;0;0;0.122843247855527;0.084837379236171;0.99655764244032;;;0.5;0.417277817821318;0.508684658513373;False;0.0;0.0;0.0;0;2570.0;low ;0.7;702.9;;1.0;1590.0;;1.0;0.254874375107347;0.0548421162235954;0.0319864681493527;0.0391131803747419;0.282079117207269;;;P_score_freshwater_pred_Dashboard;0.99655764244032;0.401412756510673;M_score_exp_UBA;0.5;M_score_pred_Dashboard;0.508684658513373;0.475320825444897;kemi_score;0.47;0.711992685379313;1.0;0.5;0.5;0.436806413378701;1.0;0.344199403292703;1.0;0.49504288446187;1.0;0.389819365425524;0.75;0.387747993984978;1.0;0.0;vPvM;PM;PM;1;Allylic Oxid;['Other']
253;Dapsone;80-08-0;201-248-4;MQJKPEGWNLWLTK-UHFFFAOYSA-N;C1=CC(=CC=C1N)S(=O)(=O)C2=CC=C(C=C2)N;DTXSID4020371;2955.0;PRO-254;NS00000683;REACH-A;False;vPvM & PMT;HQ;vPvM & PMT;False;False;;;False;False;False;False;False;False;False;False;False;False;False;False;False;False;False;True;False;True;;"Hardener; Intermediate; Not Known or Reasonably Ascertainable";Not Known or Reasonably Ascertainable;True;True;True;True;True;True;True;False;False;False;True;True;False;False;True;False;False;False;False;False;False;False;True;False;False;P-PNEC pred;248.3;0.97;0.938;;9.08;0.00104;0.00416;2.029383778;1.4423;53757835.9788836;51.71607279;2.75;2500.0;;;1.8;;1.37603;0.6;0.8;0.0;0.0;>100 tonnes;100.0;;1;1;0;0;0;0;0;0;0;0;0;0;0;0;0;0;0;0;1;0;0;0;0;0;0;0;0;0;0;0;1;0;0;0;0;0;0;0;0;0;0;0;0;0;0;0;0;0;0;0;0;1;1;1;1;0;0;0;0;0;0;0;0;0;0;0.99830091815794;0.436841114800465;0.999999999933243;;;0.534601961380763;0.595456286866942;0.494908355292365;True;0.0;0.0;0.0;0;242.1;low ;0.325;176.9;low ;0.7;425.599999999999;low ;0.492;0.465398420204486;0.0955456376451674;0.084401344394113;0.0672950883453891;0.501647410395711;;;P_score_freshwater_pred_Dashboard;0.999999999933243;0.811714010963883;M_score_exp_UBA;0.534601961380763;M_score_pred_Episuite;0.595456286866942;0.541655534513357;kemi_score;0.8;0.771658141165627;1.0;0.534601961380763;0.5;0.663075701922957;1.0;0.548624139313452;1.0;0.65065373551622;1.0;0.543909683625189;0.75;0.60314122414833;1.0;0.0;vPvM;PM;PM;1;Arn, Nh2, Aniline, Benzene, Sulfone;['Aromatic amines']
254;Decahydronaphthalene;91-17-8;202-046-9;NNBZCPXTIHJBJL-UHFFFAOYSA-N;C1CCC2CCCCC2C1;DTXSID1024912;7044.0;PRO-255;NS00003533;REACH-A;False;PMT;HQ;Not PMT/vPvM;False;False;;;False;False;False;False;False;False;False;False;False;False;False;False;False;False;False;False;False;False;;"Fuels and fuel additives; Solvents (which become part of product formulation or mixture)";Solvents (which become part of product formulation or mixture);True;True;True;False;False;False;True;False;False;False;True;False;False;False;False;False;False;False;False;False;False;False;False;False;False;P-PNEC pred;138.254;;4.6;;4.84;1.92e-05;3.78e-05;3.670245853;3.6448;3.50246962252247e+18;19.01052606;1740.0;73.0;;;3.3;;0.53763;0.24;0.55;0.22;0.33;>100 to < 1000 tonnes;100.0;1000.0;0;0;0;0;0;0;0;0;0;0;0;0;0;0;0;1;0;0;0;0;0;0;0;0;0;0;0;0;0;0;0;0;0;0;0;0;0;0;0;0;0;0;0;0;0;0;0;0;0;1;0;1;0;0;1;0;0;0;0;1;0;0;0;0;0;0.583038808601323;0.122945305965866;1.0;;;0.28882627939393;0.24230411585759;0.239080691244062;False;0.0;0.0;0.0;0;130.899999999999;moderate ;0.85;61.5;good ;1.0;42.9;;0.85;0.566974203909406;0.143210692950313;0.107461246744625;0.163494014844848;0.622121922100002;;;P_score_freshwater_pred_Dashboard;1.0;0.568661371522396;M_score_exp_UBA;0.28882627939393;M_score_exp_UBA;0.28882627939393;0.256737028831861;kemi_score;0.55;0.537425603589864;1.0;0.28882627939393;0.5;0.382094793128761;1.0;0.38640556582948;1.0;0.45570192499746;1.0;0.350677431975027;0.75;0.384244134294093;1.0;1.0;PM;;PM;3;Bicyclic;['Cyclohexanes']
255;Diammonio(ethyl)[4-[[4-[ethyl(3-sulphonatobenzyl)amino]phenyl](2-sulphonatophenyl)methylene]cyclohexa-2,5-dien-1-ylidene](3-sulphonatobenzyl)ammonium;2650-18-2;220-168-0;ZESJVAFJNMXDFZ-UHFFFAOYSA-N;CCN(CC1=CC(=CC=C1)S(=O)(=O)[O-])C2=CC=C(C=C2)C(=C3C=CC(=[N+](CC)CC4=CC(=CC=C4)S(=O)(=O)[O-])C=C3)C5=CC=CC=C5S(=O)(=O)[O-].[NH4+].[NH4+];DTXSID4034310;17559.0;PRO-256;;REACH-A;False;vPvM;HQ;PM;False;False;;;False;False;False;False;False;False;False;False;False;False;False;False;False;False;False;True;True;True;"Home maintenance -> paint/stain and related products; Personal care -> body hygiene -> body wash; Personal care -> fragrance; Personal care -> general moisturizing -> hand/body lotion; Personal care -> make-up and related -> lip gloss; Personal care -> nails -> nail polish; colorant; cosmetic colorant; dye; dye; hair dyeing";;"Not Known or Reasonably Ascertainable; Pigment";True;True;True;True;True;True;True;True;True;True;True;True;True;False;True;True;False;True;False;False;False;False;True;False;False;P-PNEC pred;782.94;;4.64;;9.61;;0.000114;5.139879086;0.3531;5389698.47628301;410.4914071;4.79;837.0;;;2.1;;39746.25526;;0.81;0.14;0.26;>10 to < 100 tonnes;10.0;100.0;1;1;1;1;1;1;1;1;1;1;1;1;1;1;1;1;1;1;0;1;1;1;1;1;1;1;1;1;1;1;1;1;1;1;1;1;1;1;1;1;1;0;1;0;0;1;1;1;1;1;0;1;0;1;1;1;0;1;0;1;0;1;0;0;0;0.98907138552121;0.963994297476619;0.999999996595258;;;0.482678255167814;0.757963023282262;0.101890038386529;False;0.0;0.0;0.0;0;458.9;low ;0.0;0.7;low ;0.172;1260.0;low ;0.0;0.00995873846290857;0.538648241736332;0.0652704360502618;0.0430919729057154;0.147567681782547;;;P_score_freshwater_pred_Dashboard;0.999999996595258;0.984355226531029;M_score_exp_UBA;0.482678255167814;M_score_pred_Episuite;0.757963023282262;0.447510438945535;kemi_score;0.81;0.870610717084044;1.0;0.482678255167814;0.5;0.663708700789158;1.0;0.147567681782547;0.5;0.481814379955844;0.75;0.266885202216157;0.5;0.402082735207689;0.75;1.0;vPvM;PM;PM;1;Nh0, Allylic Oxid, Aniline, Benzene, Quatn;['Aromatic amines', 'Organotins', 'Styrenes', 'Terpenoid']
256;dibutyl adipate;105-99-7;203-350-4;XTJFFFGAUHQWII-UHFFFAOYSA-N;CCCCOC(=O)CCCCC(=O)OCCCC;DTXSID2021866;7784.0;PRO-257;NS00011516;;True;;;;False;False;;;False;False;False;False;False;False;False;False;False;True;False;False;False;False;True;True;True;True;"Personal care -> make-up and related -> mascara; emollient; film forming; plasticiser; plasticisers; plasticizer; plasticizer; skin conditioning; skin-conditioning agent - emollient; softener and conditioner; solvent; solvent";Processing aids not otherwise specified;;True;True;True;True;True;True;True;True;True;True;True;True;True;True;True;True;True;True;True;True;True;True;True;True;False;;258.358;;4.04;;7.38;;0.000596;3.089905111;3.189;275.889383234782;5.764221571;63.1;;;;;;6.95943541973122;0.3;0.74;0.39;0.01;>1000 tonnes;1000.0;;1;1;1;1;1;0;1;1;1;1;0;1;1;1;1;1;1;1;0;1;1;1;1;1;0;1;1;0;0;1;1;0;1;1;0;0;0;1;0;0;0;0;1;0;0;0;0;0;0;0;0;0;0;0;0;0;0;0;0;0;0;0;0;0;0;;0.0179011252827065;0.931382676413354;;;;0.304883017501138;0.319631747619076;False;0.0;0.0;0.0;0;109.899999999999;moderate ;0.85;1030.0;low ;0.7;1070.0;low ;0.7;0.300992945019341;0.046849288005404;0.114965179647603;0.0461159266130296;0.338458290234083;;;P_score_freshwater_pred_Dashboard;0.931382676413354;0.47464190084803;;;M_score_pred_Dashboard;0.319631747619076;0.312257382560107;kemi_score;0.74;0.545618431290708;1.0;;;0.384981087343469;1.0;0.318649473670089;1.0;0.416966456631086;1.0;0.318649473670089;0.5;0.350248512994609;1.0;1.0;PM;;PM;2;C O, C O Nocoo, Ester, Ether, Unbrch Alkane;['Ethylene Glycols']
257;dibutyl hydrogen phosphate;16980-89-5;241-059-4;JYFHYPJRHGVZDY-UHFFFAOYSA-N;CCCC(=O)NC1=C2C(=NC=N1)N(C=N2)C3C(C4C(O3)COP(=O)(O4)[O-])OC(=O)CCC.[Na+];DTXSID60937686;6604694.0;PRO-258;;;False;;;;False;False;;;False;False;False;False;False;False;False;False;False;True;False;False;False;False;True;False;False;False;;;;False;False;False;False;False;False;False;False;False;False;False;False;False;False;False;False;False;False;False;False;False;False;False;False;False;;491.373;;0.18;;9.46;;0.00117;1.729974286;;275.889383234782;;3.16;;;;;;;;;;;;;;0;0;0;0;0;0;0;0;0;0;0;0;0;0;0;0;0;0;0;0;0;0;0;0;0;0;0;0;0;0;0;0;0;0;0;0;0;0;0;0;0;0;0;0;0;0;0;0;0;0;0;0;0;0;0;0;0;0;0;0;0;0;0;0;0;;;0.931382676413354;;;;;0.546655767484832;False;0.0;0.0;0.0;0;343.3;low ;0.176;8020.0;low ;0.223;1080.0;low ;0.181;;0.0197592906811851;0.0733948471316929;0.0459385365460646;0.0254381993139767;;;P_score_freshwater_pred_Dashboard;0.931382676413354;0.931382676413354;;;M_score_pred_Dashboard;0.546655767484832;0.546655767484832;;;0.713544470791287;1.0;;;0.713544470791287;1.0;0.0254381993139767;0.5;0.234842206408973;0.75;0.0254381993139767;0.25;0.234842206408973;0.75;0.0;vPvM;;vPvM;1;Ar N, C O, C O Nocoo, Nh0, Nh1, Amide, Aniline, Bicyclic, Ester, Ether, Imidazole, Phos Acid, Phos Ester;['Cyclohexanes', 'Ethylene Glycols', 'Imidazoles', 'Organophosphates', 'Pyrimidines', 'Triazines']
258;Dibutyl hydrogen phosphate;107-66-4;203-509-8;JYFHYPJRHGVZDY-UHFFFAOYSA-N;CCCCOP(=O)(O)OCCCC;DTXSID3040728;7881.0;PRO-259;NS00009170;REACH-A;True;vPvM;MQ;vPvM;False;False;;;False;False;False;False;False;False;False;False;False;False;False;False;False;False;False;True;False;True;;"Anti-static agent; Chemical reaction regulator; Finishing agents; Intermediate; Intermediates; Lubricants and lubricant additives; Lubricating agent; Paint additives and coating additives not described by other categories; Plasticizer; Processing aids not otherwise specified";"Chemical reaction regulator; Lubricants and lubricant additives; Lubricating agent; Paint additives and coating additives not described by other categories; Plasticizer; Processing aids not otherwise specified";True;True;True;True;True;True;True;False;False;False;True;True;True;True;False;False;False;False;False;False;False;False;True;False;False;P-PNEC pred;210.21;;1.8;;9.22;0.0815;0.0754;1.301029996;2.2951;41.2643941086108;8.093931132;6.76;25.0;;;0.5;;50.81144;0.45;0.79;0.24;0.36;>100 to < 1000 tonnes;100.0;1000.0;0;0;0;0;0;0;0;0;0;0;0;0;0;0;0;0;0;0;0;1;1;0;0;0;0;0;0;0;0;0;1;0;0;0;0;0;0;0;0;0;0;0;0;0;0;0;0;0;0;0;0;1;0;0;1;0;0;0;0;0;0;0;1;0;1;0.182929628242355;0.0315371366239998;0.345258688405079;;;0.738796125036258;0.449040620392803;0.61880734563356;False;0.0;0.0;0.0;0;757.6;low ;0.293;3040.0;low ;0.424;13260.0;low ;0.0;0.153688261384271;0.0298034771110752;0.0531793277756974;0.0159448896201118;0.169584994643993;;;P_score_freshwater_pred_Dashboard;0.345258688405079;0.186575151090478;M_score_exp_UBA;0.738796125036258;M_score_exp_UBA;0.738796125036258;0.602214697020874;kemi_score;0.79;0.505050275842686;1.0;0.738796125036258;0.5;0.335198893323913;1.0;0.276248525045468;1.0;0.373522949462746;1.0;0.383449505090031;0.75;0.304299523295065;1.0;0.0;PM;vPvM;PM;1;Phos Acid, Phos Ester, Unbrch Alkane;['Organophosphates']
259;Dibutylphthalate;84-74-2;201-557-4;DOIRQSBPFJWKBE-UHFFFAOYSA-N;CCCCOC(=O)C1=CC=CC=C1C(=O)OCCCC;DTXSID2021781;3026.0;PRO-260;NS00010095;;False;;;;False;False;;;False;False;False;False;False;False;False;False;False;True;False;False;False;False;True;True;False;True;"Home maintenance -> caulk/sealant; Home maintenance -> paint/stain and related products; Home maintenance -> paint/stain and related products -> paint; Home maintenance -> patch and repair -> putty or filler; Home maintenance -> surface sealers; Manufactured formulations -> Flame retardants; Personal care -> nails -> nail polish; Personal care -> nails -> nail polish remover; chemical added to raw material by supplier; fragrance; fragrance component; fragrance ingredient; impurites; masking; perfuming; plasticiser; plasticisers; plasticizer; plasticizer; solvent; solvent";"Absorbent; Not Known or Reasonably Ascertainable; Other; Plasticizer; Solvent";"Not Known or Reasonably Ascertainable; Plasticizer";True;True;True;True;False;True;True;True;True;True;True;True;True;False;False;False;False;False;False;False;False;False;True;False;False;;278.348;4.61;4.68;;8.84;4.02e-05;4.45e-05;3.139879086;3.283;79.0436316995644;6.282083675;166.0;;;;;;10.0;0.29;0.81;0.36;0.48;>1000 to < 10000 tonnes;1000.0;10000.0;1;0;1;0;0;0;0;0;0;0;1;0;0;0;0;0;0;0;1;0;1;0;0;1;0;0;0;0;0;0;1;0;0;1;0;0;0;0;0;0;0;1;0;1;1;0;0;0;0;0;1;1;1;1;1;0;0;1;0;1;0;0;0;0;1;;0.0206786833499301;0.615676278997465;;;;0.291252687125151;0.31214634448174;True;0.0;0.0;0.75;0;59.0;;1.0;547.3;;1.0;538.0;;1.0;0.268941421369995;0.0607550872814977;0.145436404969785;0.0611812149850803;0.305086822125697;;;P_score_freshwater_pred_Dashboard;0.615676278997465;0.318177481173697;;;M_score_pred_Dashboard;0.31214634448174;0.301699515803446;kemi_score;0.81;0.438384648309198;1.0;;;0.309828972192183;1.0;0.297447774267101;1.0;0.361104607991142;1.0;0.297447774267101;0.5;0.30357525950253;1.0;1.0;PM;;;;C O, C O Nocoo, Benzene, Ester, Ether, Unbrch Alkane;['Ethylene Glycols', 'PBDE', 'PhenylEthers', 'Phtalates']
260;Dibutyltin bis(2-ethylhexanoate);2781-10-04 00:00:00;220-481-2;GPDWNEFHGANACG-UHFFFAOYSA-L;CCCCC(CC)C(=O)O[Sn](CCCC)(CCCC)OC(=O)C(CC)CCCC;DTXSID9051953;16682803.0;PRO-261;;REACH-A;False;PMT;MQ;Potential PMT/vPvM;False;False;;;False;False;False;False;False;False;False;False;False;False;False;False;False;False;False;False;False;True;;Heat stabilizer;;False;False;True;False;False;False;False;False;False;False;False;False;False;False;False;False;False;False;False;False;False;False;False;False;False;;519.354;;9.52;;9.72;;1.34e-09;4.630427875;;4.96178952117108e+38;;224.0;109.0;;;;2.6;;;;0.09;0.17;;;;0;0;0;0;0;0;0;0;0;0;0;0;0;0;0;0;0;0;0;0;0;0;0;0;0;0;0;0;0;0;0;0;0;0;0;0;0;0;0;0;0;0;0;0;0;0;0;0;0;0;0;0;0;0;0;0;0;0;0;0;0;0;0;0;0;0.735086323720625;;1.0;;;;;0.139041522571673;True;0.0;0.5;0.75;0;241.6;low ;0.0;125.7;low ;0.298;3050.0;low ;0.0;;0.109161445474427;0.084470754858013;0.0297622642437458;0.0325301107513793;;;P_score_freshwater_pred_Dashboard;1.0;0.867543161860312;;;M_score_pred_Dashboard;0.139041522571673;0.139041522571673;E_score_max;0.17;0.372882719593807;1.0;;;0.347310411766912;1.0;0.0325301107513793;0.5;0.165377600200938;0.75;0.0325301107513793;0.25;0.157727365432651;0.75;1.0;PM;;PM;1;C O, C O Nocoo;['Other']
261;Dibutyltin oxide;818-08-6;212-449-1;JGFBRKRYDCGYKD-UHFFFAOYSA-N;CCCC[Sn](=O)CCCC;DTXSID4027315;61221.0;PRO-262;;REACH-A;False;vPvM & PMT;MQ;PMT;False;False;;;False;False;False;False;False;False;False;False;False;False;False;False;False;False;False;True;True;True;Home maintenance -> caulk/sealant;"Catalyst; Intermediate; Paint additives and coating additives not described by other categories; Processing aids, not otherwise listed; Sealant (barrier)";"Catalyst; Paint additives and coating additives not described by other categories; Sealant (barrier)";True;True;True;True;True;True;True;False;False;False;True;True;True;False;True;True;False;True;False;False;False;False;True;False;False;P-PNEC pred;248.941;;5.33;;2.7;;2.7e-06;0.840106094;;639.061056569552;;1.15;24.0;;;;1.5;64.20877526;;0.74;0.26;0.39;>100 to < 1000 tonnes;100.0;1000.0;1;1;0;0;0;0;0;1;0;0;0;0;0;0;0;0;0;0;1;0;1;1;0;0;1;0;0;0;0;0;1;0;1;0;0;0;0;0;0;0;0;0;0;0;0;0;1;1;1;0;1;1;0;1;0;0;0;1;1;1;1;1;1;1;0;0.172728869564759;;0.982776630059013;;;;;0.690824597343228;False;0.0;0.0;0.0;0;81.6;low ;0.279;3050.0;low ;0.3;2080.0;low ;0.306;0.140929117344705;0.0297622642437458;0.12879109065376;0.0349566825624078;0.148548349939586;;;P_score_freshwater_pred_Dashboard;0.982776630059013;0.577752749811886;;;M_score_pred_Dashboard;0.690824597343228;0.690824597343228;kemi_score;0.74;0.823969823318094;1.0;;;0.631764046739555;1.0;0.148548349939586;0.5;0.465475487108485;0.75;0.148548349939586;0.25;0.389935296312966;0.75;0.0;vPvM;;PM;1;Unknown;['Other']
262;Dichlobenil;1194-65-6;214-787-5;YOYAIZYFCNQIRF-UHFFFAOYSA-N;N#Cc1c(Cl)cccc1Cl;DTXSID5032365;3031.0;PRO-263;NS00002192;REACH-A;True;vPvM;HQ;PM;False;False;;;False;False;False;False;False;False;False;False;False;False;False;False;False;False;False;False;False;False;"Landscape/yard; Landscape/yard -> herbicide; herbicide";;;False;True;True;False;False;False;False;False;False;False;True;False;False;False;False;False;False;False;False;False;False;False;False;False;False;JG-MKN (opgelost);172.01;2.74;2.84;;5.87;0.000114;0.000803;2.499687083;2.8328;214.862867704335;57.80995611;32.4;1040.0;324.0;;2.4;;0.63;0.36;0.57;0.18;0.27;>100 to < 1000 tonnes;100.0;1000.0;0;0;0;0;0;0;0;0;0;0;0;0;0;0;0;0;0;0;1;0;0;0;0;0;0;1;0;0;0;0;0;0;0;0;0;0;0;0;0;0;0;0;0;0;0;0;0;0;0;0;0;1;0;0;0;0;0;0;0;0;0;0;0;0;0;0.992434823321399;0.484113923954522;0.898507246983325;0.732006749794453;;0.431125927769216;0.359564929421399;0.414266191519394;True;0.0;0.0;0.0;0;269.6;low ;0.7;522.0;moderate ;0.85;231.2;low ;0.7;0.549997216881791;0.0619386773057777;0.0808599478393463;0.0859603482778351;0.558303244878529;P_score_soil_exp_UBA;0.732006749794453;P_score_freshwater_pred_UBA;0.992434823321399;0.776765686013425;M_score_exp_UBA;0.431125927769216;M_score_exp_UBA;0.431125927769216;0.401652349570003;kemi_score;0.57;0.654113433553322;1.0;0.561771385118948;1.0;0.558560437958729;1.0;0.448318155059853;1.0;0.541526479251468;1.0;0.501848892538327;1.0;0.500412614784121;1.0;0.0;PM;PM;PM;;Nh0, Benzene, Halogen, Nitrile;['Chlorobenzenes', 'PBB', 'PCB']
263;Dichlorodifluoromethane;75-71-8;200-893-9;PXBRQCKWGAHEHS-UHFFFAOYSA-N;C(F)(F)(Cl)Cl;DTXSID6020436;6391.0;PRO-264;NS00002142;REACH-A;False;vPvM;MQ;vPvM;False;False;;;False;False;False;False;False;False;False;False;False;False;False;False;False;False;False;False;False;False;"Cleaning products and household care -> air freshener; Cleaning products and household care -> laundry and fabric treatment -> anti-static spray; Construction and building materials; Home maintenance -> caulk/sealant; Home maintenance -> degreaser; Home maintenance -> insulation; Home maintenance -> insulation -> spray foam; Home maintenance -> paint/stain and related products; Home maintenance -> paint/stain and related products -> stripper; Manufactured formulations; Personal care; Personal care -> sexual wellness; Pesticides -> insect repellent; Pesticides -> insecticide; refrigerant";;;True;False;False;False;False;False;False;False;False;False;False;False;False;False;False;False;False;False;False;False;False;False;False;False;False;PNEC aqua (freshwater);120.91;2.16;2.05;;1.31;0.00495;0.00627;1.780317312;1.8743;4105.16000827419;52.43737036;6.17;70.0;;;1.2;;19.0;0.52;0.63;0.0;0.06;>0 to < 10 tonnes;0.0;10.0;0;0;0;0;0;0;0;0;0;0;0;0;0;0;0;0;0;0;0;1;0;0;0;0;0;0;0;0;0;0;0;0;0;0;0;0;0;0;0;0;0;0;0;0;0;0;0;0;0;0;0;1;0;0;0;0;0;0;0;0;0;0;0;0;0;0.56550195999702;0.442674677186711;0.999271508384264;;;0.635183105687455;0.521768380863218;0.537994722337837;False;0.0;0.0;0.0;0;684.0;low ;0.371;1770.0;low ;0.415;2220.0;low ;0.365;0.217762462960162;0.0373997834922668;0.0554589468036725;0.0340147939118697;0.226480606288557;;;P_score_freshwater_pred_Dashboard;0.999271508384264;0.669149381855998;M_score_exp_UBA;0.635183105687455;M_score_exp_UBA;0.635183105687455;0.564982069629503;kemi_score;0.63;0.796693404089995;1.0;0.635183105687455;0.5;0.614863726895891;1.0;0.343176216061151;1.0;0.522882613763818;1.0;0.421351392629652;0.75;0.459354554989268;1.0;0.0;vPvM;PM;PM;1;Alkyl Halide, Halogen;['PFAS']
264;"dichloromethane; methylene chloride";75-09-2;200-838-9;YMWUJEATGCHHMB-UHFFFAOYSA-N;ClCCl;DTXSID0020868;6344.0;PRO-265;NS00004151;REACH-C;False;vPvM & PMT;HQ;vPvM & PMT;False;False;;;False;False;False;False;False;False;False;False;False;False;False;False;False;False;False;True;True;False;"Arts and crafts/office supplies -> general arts and crafts supplies -> arts and crafts adhesive; Arts and crafts/office supplies -> general arts and crafts supplies -> arts and crafts cleaner; Arts and crafts/office supplies -> pottery making -> glaze; Cleaning and safety; Cleaning products and household care -> general household cleaning; Cleaning products and household care -> general household cleaning -> glass cleaner; Cleaning products and household care -> laundry and fabric treatment -> anti-static spray; Electronics/small appliances -> computers and accessories/supplies; Furniture and furnishings; Home maintenance; Home maintenance -> adhesives and adhesive removers -> multipurpose adhesive; Home maintenance -> caulk/sealant; Home maintenance -> degreaser; Home maintenance -> finish -> wood finish; Home maintenance -> insulation; Home maintenance -> paint/stain and related products; Home maintenance -> paint/stain and related products -> paint; Home maintenance -> paint/stain and related products -> paint thinner; Home maintenance -> paint/stain and related products -> stripper; Home maintenance -> surface sealers; Home maintenance -> welding; Laboratory supplies; Manufactured formulations; Personal care -> fragrance; Pesticides; Pesticides -> animal repellent; Pesticides -> insecticide; Sports equipment -> bicycling; Sports equipment -> gun cleaner; Vehicle -> car interior -> auto air freshener; Vehicle -> engine maintenance -> auto fluids and additives; Vehicle -> engine maintenance -> auto refrigerant; Vehicle -> engine maintenance -> motor oil; solvent; solvent; solvents; upholstry: foam: adhesive";"Adhesives and sealant chemicals; Cleaning agent; Intermediate; Intermediates; Laboratory chemicals; Not Known or Reasonably Ascertainable; Other; Other (specify); Plasticizers; Processing aids not otherwise specified; Refrigerants; Solvent; Solvents (for cleaning or degreasing)";"Adhesives and sealant chemicals; Cleaning agent; Laboratory chemicals; Not Known or Reasonably Ascertainable; Plasticizers; Solvent; Solvents (for cleaning or degreasing)";True;True;True;True;True;True;True;False;False;True;True;False;True;True;False;True;False;False;False;False;False;False;False;False;False;EQS chronic water (=AA-EQS);84.93;1.25;1.27;2.27;2.29;0.181;0.114;1.439332694;1.0845;3612822.93074024;29.68843226;22.9;;191.0;;;1.3;20.0;0.65;0.81;0.53;0.63;>100000 to < 1000000 tonnes;100000.0;1000000.0;1;1;0;0;0;0;1;1;0;0;0;0;0;0;0;1;0;0;1;1;1;0;0;0;0;1;0;0;0;0;0;0;0;1;0;0;0;1;1;0;0;1;1;0;0;0;1;0;0;1;1;1;1;1;1;1;0;0;0;1;1;1;1;0;1;;0.230979253105255;0.999999993253839;0.525328889759657;;;0.653526386175963;0.595951643207368;True;0.5;0.0;0.0;0;1090.0;low ;0.507;1910.0;low ;0.508;51240.0;low ;0.5;0.213991721408897;0.0362276188763183;0.0457634221024151;0.00892787310635332;0.222477333497325;P_score_soil_exp_UBA;0.525328889759657;P_score_freshwater_pred_Dashboard;0.999999993253839;0.585436045372917;;;M_score_pred_Episuite;0.653526386175963;0.624739014691665;kemi_score;0.81;0.808409785793794;1.0;0.525328889759657;0.5;0.604768334282857;1.0;0.380276566163708;1.0;0.554454053456914;1.0;0.423522808664466;0.75;0.479561492913714;1.0;0.0;vPvM;PM;PM;2;Alkyl Halide, Halogen;['Chlorinated alkane']
265;diethyl phthalate;84-66-2;201-550-6;FLKPEMZONWLCSK-UHFFFAOYSA-N;CCOC(=O)C1=CC=CC=C1C(=O)OCC;DTXSID7021780;6781.0;PRO-266;NS00009893;;False;;;;False;False;;;False;False;False;False;False;False;False;False;False;True;False;False;False;False;True;True;True;True;"Cleaning products and household care -> air freshener; Cleaning products and household care -> laundry and fabric treatment -> dry cleaner; Home maintenance -> paint/stain and related products -> paint; Personal care; Personal care -> body hygiene -> body wash; Personal care -> fragrance; Personal care -> general moisturizing -> hand/body lotion; Personal care -> hair styling and care; Personal care -> hair styling and care -> hair styling; Personal care -> hair styling and care -> shampoo; denaturant; film forming; flavoring and nutrient; fragrance; fragrance; fragrance component; hair conditioning; masking; plasticiser; solvent; solvent";"Adhesives and sealant chemicals; Fragrance; Odor agents; Plasticizer; Plasticizers; Surface active agents";"Fragrance; Not Known or Reasonably Ascertainable; Odor agents; Plasticizer; Plasticizers; Surface active agents";True;True;True;True;True;True;True;False;False;True;True;True;True;True;True;True;True;True;True;False;False;True;True;False;False;;222.24;2.45;2.63;;6.75;0.00467;0.00253;1.840106094;2.1325;169.017118044887;15.79761631;8.51;;;;;;73.0;0.48;0.87;0.39;0.52;>1000 to < 10000 tonnes;1000.0;10000.0;1;1;0;1;1;1;1;1;1;0;0;0;1;1;0;0;0;0;1;1;1;0;0;1;0;1;1;1;1;1;1;0;1;1;1;1;0;1;1;0;0;1;1;1;1;1;0;1;1;0;1;1;1;0;1;1;1;0;1;1;0;0;1;1;1;;0.0926820576587164;0.854515447152619;;;;0.477055625271075;0.527679175717252;False;0.0;0.0;0.0;0;158.1;moderate ;0.85;1380.0;good ;1.0;1480.0;moderate ;0.85;0.134316215467668;0.0414919278109759;0.0998464485665493;0.0403002920534842;0.145020044417963;;;P_score_freshwater_pred_Dashboard;0.854515447152619;0.473598752405667;;;M_score_pred_Dashboard;0.527679175717252;0.502367400494164;kemi_score;0.87;0.671498329700941;1.0;;;0.4877710263262;1.0;0.263836353296171;1.0;0.420910525590376;1.0;0.263836353296171;0.5;0.358736294273991;1.0;0.0;PM;;PM;2;C O, C O Nocoo, Benzene, Ester, Ether;['Ethylene Glycols', 'PBDE', 'PhenylEthers', 'Phtalates']
266;Diethylmethylbenzenediamine;68479-98-1;270-877-4;HQCMWRZLSGSQND-UHFFFAOYSA-N;CCC1=C(C(=C(C=C1C)N)CC)N;DTXSID0028618;22419268.0;PRO-267;;REACH-A;True;vPvM & PMT;MQ;vPvM & PMT;False;False;;;False;False;False;False;False;False;False;False;False;False;False;False;False;False;False;True;True;False;;;;True;True;True;True;True;True;True;False;False;False;True;False;False;False;True;False;False;True;False;False;False;False;False;False;False;P-PNEC pred;;;-6.95;;9.6;;1.06;1.770115295;2.32;58.5569625918923;44.26048909;3.09;146.0;;;;0.6;1.055598543;;0.7;0.38;0.5;>1000 to < 10000 tonnes;1000.0;10000.0;0;1;0;0;0;0;0;1;0;0;0;0;0;0;0;0;0;0;0;0;0;0;0;0;0;0;0;0;0;0;1;0;0;0;0;0;0;0;0;0;0;1;0;0;0;0;1;0;0;0;0;0;0;0;1;1;0;0;0;0;1;1;0;0;0;0.820568449709088;0.372823581943144;0.489597175430576;;;;0.444774457425103;0.539751909316023;False;0.0;0.0;0.0;0;448.299999999999;low ;0.645;49.2;low ;0.7;1700.0;low ;0.7;0.494125574788108;0.155517584770083;0.0658923869234419;0.0380358180373528;0.517569940692268;;;P_score_freshwater_pred_UBA;0.820568449709088;0.560996402360936;;;M_score_pred_Dashboard;0.539751909316023;0.492263183370563;kemi_score;0.7;0.665509870291169;1.0;;;0.525507254836342;1.0;0.517569940692268;0.5;0.612011170693223;0.75;0.517569940692268;0.25;0.522848049875729;0.75;2.0;PM;;PM;1;Arn, Nh2, Aniline, Aryl Methyl, Benzene;['Aromatic amines', 'PAHs']
267;Diisopropyl ether;108-20-3;203-560-6;ZAFNJMIOTHYJRJ-UHFFFAOYSA-N;CC(C)OC(C)C;DTXSID4021890;7914.0;PRO-268;NS00003939;REACH-A;True;vPvM;MQ;PM;False;False;;;False;False;False;False;False;False;False;False;False;False;False;False;False;False;False;True;True;False;;"Fuels and fuel additives; Intermediates; Solvents (which become part of product formulation or mixture)";"Fuels and fuel additives; Solvents (which become part of product formulation or mixture)";True;True;True;True;True;True;True;False;False;True;True;True;True;True;False;True;False;False;True;True;True;False;False;False;False;P-PNEC pred;102.177;1.52;1.74;2.66;2.69;0.0794;0.0904;1.530199698;1.6753;7405.66109828121;16.54839;6.61;59.0;;;;1.6;10.53091;0.56;0.72;0.38;0.5;>1000 to < 10000 tonnes;1000.0;10000.0;1;1;0;0;1;0;0;1;1;1;0;0;1;0;1;1;1;1;0;1;1;1;1;0;0;0;0;0;0;1;0;0;1;0;0;0;0;0;1;0;0;1;0;0;0;0;0;0;0;0;1;1;0;0;0;0;0;0;0;0;0;0;1;0;1;0.492817504470034;0.0995758879201806;0.999734177882369;;;;0.556029909273821;0.580698328836239;False;0.0;0.0;0.0;0;20940.0;low ;0.666;1540.0;low ;0.7;30540.0;;0.85;0.264547351268405;0.0396380503159483;0.0131126734060761;0.0111525816396593;0.27323462017884;;;P_score_freshwater_pred_Dashboard;0.999734177882369;0.530709190090861;;;M_score_pred_Dashboard;0.580698328836239;0.56836411905503;kemi_score;0.72;0.761934358312291;1.0;;;0.549214039606054;1.0;0.391166700142216;1.0;0.545933465420463;1.0;0.391166700142216;0.5;0.463502150528427;1.0;0.0;vPvM;;PM;1;Ether;['Ethylene Glycols']
268;dimethyl(phenyl)sulfanium nonafluorobutane-1-sulfonate;220133-51-7;452-310-4;MLBXQNFRDRQIOL-UHFFFAOYSA-M;C[S+](C)c1ccccc1;DTXSID90881840;22625545.0;PRO-269;;REACH-C;False;PMT;HQ;Potential PMT/vPvM;False;False;;;False;False;False;False;False;False;False;False;False;False;False;False;False;False;False;False;False;False;;;;False;False;False;False;False;False;False;False;False;False;False;False;False;False;False;False;False;False;False;False;False;False;False;False;False;P-PNEC;438.32;;3.52;;7.58;;0.00178;3.178976947;;87.3567230134409;;3.55;;;;;1.3;0.312366289;;;0.0;0.0;;;;0;0;0;0;0;0;0;0;0;0;0;0;0;0;0;0;0;0;0;0;0;0;0;0;0;0;0;0;0;0;0;0;0;0;0;0;0;0;0;0;0;0;0;0;0;0;0;0;0;0;0;0;0;0;0;0;0;0;0;0;0;0;0;0;0;;;0.655247715497613;;;;;0.30635737901525;False;0.0;0.0;0.0;0;1740.0;low ;0.391;49.3;low ;0.466;1490.0;low ;0.5;0.623712452069831;0.155401809339364;0.0376679756964991;0.0401873334627801;0.641138230272337;;;P_score_freshwater_pred_Dashboard;0.655247715497613;0.655247715497613;;;M_score_pred_Dashboard;0.30635737901525;0.30635737901525;E_score_min;0.0;0.448040146332423;1.0;;;0.448040146332423;1.0;0.641138230272337;0.5;0.504888150712735;0.75;0.641138230272337;0.25;0.504888150712735;0.75;0.0;PM(T);(T);PM(T);2;Benzene;['Other']
269;Dinitrotoluene;25321-14-6;246-836-1;DYSXLQBUUOPLBB-UHFFFAOYSA-N;Cc1cccc(c1N(=O)=O)N(=O)=O;DTXSID5027859;11761.0;PRO-270;NS00075459;REACH-B;False;vPvM & PMT;MQ;vPvM & PMT;False;False;;;False;False;False;False;False;False;False;False;False;False;False;False;False;False;False;False;False;False;;;;True;False;True;False;False;False;False;False;False;False;True;False;False;False;False;False;False;False;False;False;False;False;False;False;False;;182.135;;1.36;;3.49;;0.00589;2.068185862;2.5691;7.38905609893065;51.51468738;8.32;;;;1.0;;;;;0.0;0.07;>0 to < 10 tonnes;0.0;10.0;0;0;0;0;0;0;0;0;0;0;1;0;0;0;0;0;0;0;1;0;0;0;0;0;0;0;0;0;0;0;0;0;0;0;0;0;0;0;0;0;0;0;0;0;0;0;0;0;0;0;1;1;0;0;0;1;0;0;0;0;0;0;0;0;0;;0.435200935519382;0.0271116533100711;;;0.666666666666666;0.402641689373412;0.488186489479511;False;0.0;0.0;0.0;0;215.6;good ;1.0;1290.0;good ;1.0;475.6;low ;0.7;;0.0426725471104937;0.0883742620748306;0.0643296941572749;0.166575117492261;;;P_score_freshwater_pred_RIVM;0.435200935519382;0.231156294414726;M_score_exp_UBA;0.666666666666666;M_score_exp_UBA;0.666666666666666;0.51916494850653;E_score_max;0.07;0.538640842317885;1.0;0.666666666666666;0.5;0.346422062933038;1.0;0.166575117492261;0.5;0.364252798010264;0.75;0.333241771583597;0.5;0.271398268025494;0.75;0.0;PM;PM;PM;Priority group;Nh0, Aryl Methyl, Benzene, Nitro, Nitro Arom, Para Hydroxylation;['Nitrobenzene derivatives', 'PAHs']
270;Dinoseb;88-85-7;201-861-7;OWZPCEFYPSAJFR-UHFFFAOYSA-N;CCC(C)c1cc(N(=O)=O)cc(N(=O)=O)c1O;DTXSID3020207;6950.0;PRO-271;NS00000239;REACH-C;False;vPvM & PMT;HQ;PMT;False;False;;;False;False;False;False;False;False;False;False;False;False;False;False;False;False;False;False;False;False;"Landscape/yard -> herbicide; herbicide; herbicides and herbicide degradates";"Chemical reaction regulator; Process regulators";;True;True;True;False;False;False;False;False;False;False;False;False;False;False;False;False;False;False;False;False;False;False;False;False;False;MTR (totaal);240.215;3.56;3.54;;8.76;0.000298;0.000282;2.699837726;3.4993;96.5441097728446;59.27168093;61.7;;340.0;;2.9;;0.03;0.26;0.7;0.18;0.24;>1000 to < 10000 tonnes;1000.0;10000.0;0;0;0;0;0;0;0;0;0;0;0;0;0;0;0;0;0;0;0;0;0;0;0;0;0;0;0;0;0;0;1;0;0;0;0;0;0;0;0;0;0;0;0;0;0;0;0;0;0;0;1;0;0;0;1;0;0;0;0;0;0;0;0;0;0;;0.49478065574957;0.692777862383848;0.747859749585466;;0.348910320245866;0.261297518550359;0.381050789449709;True;0.0;0.0;0.75;0;109.1;;1.0;405.5;;0.85;275.9;;1.0;0.82096199937245;0.0686259095564723;0.115288415350797;0.0801174953496465;0.860746781997473;P_score_soil_exp_UBA;0.747859749585466;P_score_soil_exp_UBA;0.747859749585466;0.645139422572961;M_score_exp_UBA;0.348910320245866;M_score_pred_Dashboard;0.381050789449709;0.330419542748645;kemi_score;0.7;0.533828200807342;1.0;0.510818935364439;1.0;0.461699765015841;1.0;0.473068877986433;1.0;0.502531101518548;1.0;0.491581672366942;1.0;0.467349751045877;1.0;1.0;PM;PM;PM;1;Ar Oh, Nh0, Benzene, Nitro, Nitro Arom, Nitro Arom Nonortho, Phenol, Phenol Noorthohbond;['Alkylphenols', 'Phenols', 'Nitrobenzene derivatives']
271;Diphenylamine;122-39-4;204-539-4;DMBHHRLKUKUOEG-UHFFFAOYSA-N;c1ccccc1Nc1ccccc1;DTXSID4021975;11487.0;PRO-272;NS00010366;REACH-A;False;PMT;MQ;Not PMT/vPvM;False;False;;;False;False;False;False;False;False;False;False;False;False;False;False;False;False;False;True;True;True;"Specialty occupational products -> Firefighting foam; Vehicle -> engine maintenance -> auto fluids and additives; Vehicle -> engine maintenance -> motor oil; biocide; fungicide";"Antioxidant; Chemical reaction regulator; Dyes; Intermediate; Intermediates";"Antioxidant; Dyes";True;True;True;True;True;True;True;False;False;False;True;True;True;False;False;True;False;False;True;True;True;False;True;False;False;AA-QSwater_eco;169.227;3.5;3.22;7.64;7.66;0.000271;0.000573;2.780317312;2.8178;742.483018716623;25.93932217;151.0;67.0;;;3.4;;1.2;0.36;0.96;0.11;0.22;>1 to <110 tonnes;1.0;110.0;1;0;0;0;0;0;0;0;0;0;1;0;0;0;0;0;1;0;1;0;0;0;1;1;0;0;0;0;0;0;1;0;1;0;0;0;0;0;0;0;0;0;0;0;0;0;1;0;0;0;1;1;0;0;0;0;0;0;0;0;0;0;0;0;0;0.54702095628792;0.192543093506827;0.986620230625643;;;0.274799574675995;0.361962656924209;0.367984117812573;True;0.0;0.0;0.0;0;804.2;low ;0.681;176.6;;1.0;76.0;;0.85;0.480215024513237;0.0956093572755003;0.0518890341219073;0.13229545060354;0.595578286562144;;;P_score_freshwater_pred_Dashboard;0.986620230625643;0.57539476014013;M_score_exp_UBA;0.274799574675995;M_score_pred_Dashboard;0.367984117812573;0.334915449804259;kemi_score;0.96;0.602545081452678;1.0;0.274799574675995;0.5;0.438985870965508;1.0;0.463042312496786;1.0;0.528208167202489;1.0;0.389122016912858;0.75;0.450853671211941;1.0;1.0;PM;;PM;;Nh1, Aniline, Benzene, Para Hydroxylation;['Aromatic amines']
272;Disodium [(9,10-dihydro-9,10-dioxo-1,4-anthrylene)diimino]bis[ethyltoluenesulphonate];83027-61-6;280-163-4;;CCc1cc(Nc2c3C(=O)c4c(cccc4)C(=O)c3c(Nc3c(C)c(cc(CC)c3)S(=O)(=O)O)cc2)c(C)c(c1)S(=O)(=O)O;DTXSID601003085;44145069.0;PRO-273;;REACH-B;False;vPvM;HQ;vPvM;False;False;;;False;False;False;False;False;False;False;False;False;False;False;False;False;False;False;True;True;True;;;;False;False;False;True;False;True;False;False;False;False;True;True;False;False;True;False;False;False;False;False;False;False;True;False;False;;678.68;;-2.77;;9.56;;32.5;5.120573931;3.5299;2.98622840228252e+41;307.5483024;5.62;721.0;;;;-1.4;;0.26;;0.05;0.15;>1 to < 10 tonnes;1.0;10.0;0;0;0;0;0;0;0;0;0;0;0;0;0;0;0;0;0;0;0;0;0;0;0;0;0;0;0;0;0;0;0;0;1;0;0;0;0;0;0;0;0;0;0;0;0;0;1;0;0;0;0;0;0;0;0;0;0;0;0;0;0;0;0;0;0;0.985941206459205;0.942341664988733;1.0;;;;0.257224257287512;0.103121081466612;False;0.0;0.0;0.0;0;183.4;low ;0.0;680.9;low ;0.452;429.9;low ;0.0;;0.0555623774556679;0.0941999162271075;0.0670215780422059;0.0251141946099618;;;P_score_freshwater_pred_Dashboard;1.0;0.976094290482646;;;M_score_pred_Episuite;0.257224257287512;0.180172669377062;E_score_max;0.15;0.50717280811131;1.0;;;0.419363224281729;1.0;0.0808065009673732;1.0;0.202442238698528;1.0;0.0808065009673732;0.5;0.184084966221042;1.0;2.0;PM;;PM;;C O, C O Nocoo, Nh1, Aniline, Aryl Methyl, Benzene, Bicyclic, Ketone;['Aromatic amines', 'Cyclohexanes', 'Benzophenones', 'PAHs']
273;Disodium [3-[(4,5-dihydro-3-methyl-5-oxo-1-phenyl-1H-pyrazol-4-yl)azo]-4-hydroxy-5-nitrobenzenesulphonato(3-)][2-[(2-hydroxybenzylidene)amino]-4-nitrophenolato(2-)-N2,O1,O2]chromate(2-);83733-23-7;280-676-3;;CC1=NN(C(=O)C1N=NC2=C(C(=CC(=C2)S(=O)(=O)O)[N+](=O)[O-])O)C3=CC=CC=C3;DTXSID701335877;91844481.0;PRO-274;;REACH-B;False;vPvM;HQ;vPvM;False;False;;;False;False;False;False;False;False;False;False;False;False;False;False;False;False;False;True;False;True;;;;False;False;False;True;False;True;False;False;False;False;True;True;False;False;True;False;False;False;False;False;False;False;True;False;False;;770.54;;4.81;;9.56;;0.126;4.6599162;;5389698.47628301;;4.79;9184.0;;;;-1.6;;;;0.04;0.14;>1 to < 10 tonnes;1.0;10.0;0;0;0;0;0;0;0;0;0;0;0;0;0;0;0;0;0;0;0;0;0;0;0;0;0;0;0;0;0;0;0;0;0;0;0;0;0;0;0;0;0;0;0;0;0;0;1;0;0;0;0;0;0;0;0;0;0;0;0;0;0;0;0;0;0;0.999815989765033;;0.999999996595258;;;;;0.136612705210074;False;0.0;0.0;0.0;0;142.9;low ;0.193;602.8;low ;0.501;723.3;low ;0.501;;0.0584050274733562;0.103861915791556;0.054201627944746;0.0745517539191813;;;P_score_freshwater_pred_Dashboard;0.999999996595258;0.999907993180146;;;M_score_pred_Dashboard;0.136612705210074;0.136612705210074;E_score_max;0.14;0.36961155926857;1.0;;;0.369594556114557;1.0;0.0745517539191813;0.5;0.216761917922741;0.75;0.0745517539191813;0.25;0.216755270106602;0.75;1.0;PM;;PM;2;Ar Oh, C O, C O Nocoo, Nh0, Amide, Aniline, Azo, Benzene, Hdrzone, Nitro, Nitro Arom, Para Hydroxylation, Phenol, Phenol Noorthohbond;['Alkylphenols', 'Phenols', 'Nitrobenzene derivatives']
274;Disodium [?-[[7,7'-iminobis[4-hydroxy-3-[[2-hydroxy-5-sulphamoylphenyl]azo]naphthalene-2-sulphonato]](6-)]]dicuprate(2-);6798-03-04 00:00:00;229-872-2;;NS(=O)(=O)c1ccc(O)c(c1)N=Nc1c(O)c2ccc(Nc3cc4cc(c(N=Nc5cc(ccc5O)S(=O)(=O)N)c(O)c4cc3)S(=O)(=O)O)cc2cc1S(=O)(=O)O;DTXSID80904411;81253.0;PRO-275;;REACH-B;False;vPvM;HQ;vPvM;False;False;;;False;False;False;False;False;False;False;False;False;False;False;False;False;False;False;False;False;False;;;;True;True;True;True;False;False;False;False;False;False;False;False;False;False;False;False;False;False;False;False;False;False;False;False;False;;1026.85;;-0.227;;9.6;;0.0411;4.51054501;;4.37503944726134e+48;;3.98;934.0;;;;-4.0;;;;0.0;0.0;;;;0;0;0;0;0;0;0;0;0;0;0;0;0;0;0;0;0;0;0;0;0;0;0;0;0;0;0;0;0;0;0;0;0;0;0;0;0;0;0;0;0;0;0;0;0;0;0;0;0;0;0;0;0;0;0;0;0;0;0;0;0;0;0;0;0;0.990922467933776;;1.0;;;;;0.149290428827252;False;0.0;0.0;0.0;0;304.2;low ;0.0;308.599999999999;low ;0.0;1700.0;low ;0.0;;0.0766049168697281;0.0770472472757413;0.0380358180373528;0.0;;;P_score_freshwater_pred_Dashboard;1.0;0.995461233966888;;;M_score_pred_Dashboard;0.149290428827252;0.149290428827252;E_score_min;0.0;0.386381196265103;1.0;;;0.385503352125273;1.0;0.0;0.5;0.0;0.75;0.0;0.25;0.0;0.75;0.0;PM;;PM;1;Ar Oh, Nh0, Nh1, Nh2, Aniline, Azo, Benzene, Bicyclic, Phenol, Phenol Noorthohbond, Sulfonamd;['Sulfonamides', 'Alkylphenols', 'Cyclohexanes', 'Phenols']
275;disodium 2-({2-hydroxy-3-[2-(4-nonylphenoxy)ethoxy]propyl}(methyl)amino)acetate 2-{[3-({1-chloro-3-[2-(4-nonylphenoxy)ethoxy]propan-2-yl}oxy)-2-hydroxypropyl](methyl)amino}acetate;75627-31-5;616-248-3;WNNQRXXRRYDBEF-UHFFFAOYSA-L;CCCCCCCCCc1ccc(OCCOCC(O)CN(C)CC(=O)OC(=O)CN(C)CC(O)COC(CCl)COCCOc2ccc(CCCCCCCCC)cc2)cc1;DTXSID701013108;;PRO-276;NS00101325;REACH-A;False;vPvM;HQ;PM;False;False;;;False;False;False;False;False;False;False;False;False;False;False;False;False;False;False;False;False;False;;;;False;False;False;False;False;False;True;False;False;False;False;False;False;False;False;False;False;False;False;False;False;False;False;False;False;;;;0.18;;9.46;;0.00117;1.729974286;;275.889383234782;;3.16;831.0;;;2.5;;;;;0.0;0.0;;;;0;0;0;0;0;0;0;0;0;0;0;0;0;0;0;0;0;0;0;0;0;0;0;0;0;0;0;0;0;0;0;0;0;0;0;0;0;0;0;0;0;0;0;0;0;0;0;0;0;0;0;0;0;0;0;0;0;0;0;0;0;0;0;0;0;0.988937643948463;;0.931382676413354;;;0.414213562373095;;0.546655767484832;False;0.0;0.0;0.0;0;285.3;low ;0.0;12.0;low ;0.0;1200.0;low ;0.0;;0.253660989514301;0.0790517043379948;0.0439742233654184;0.0;;;P_score_freshwater_pred_UBA;0.988937643948463;0.960160160180908;M_score_exp_UBA;0.414213562373095;M_score_pred_Dashboard;0.546655767484832;0.480434664928963;E_score_min;0.0;0.735260815457541;1.0;0.414213562373095;0.5;0.679186443353115;1.0;0.0;0.5;0.0;0.75;0.0;0.5;0.0;0.75;0.0;vPvM;PM;PM;;Al Oh, Al Oh Notert, C O, C O Nocoo, Nh0, Ndealkylation1, Alkyl Halide, Aryl Methyl, Benzene, Ester, Ether, Halogen, Unbrch Alkane;['Alkylphenols', 'Chlorinated alkane', 'Chlorobenzenes', 'Ethylene Glycols', 'PAHs', 'PBB', 'PBDE', 'PhenylEthers', 'Phtalates']
276;Disodium 2-(2,4,5,7-tetraiodo-6-oxido-3-oxoxanthen-9-yl)benzoate;16423-68-0;240-474-8;IINNWAYUJNWZRM-UHFFFAOYSA-L;C1=CC=C2C(=C1)C(=O)OC23C4=CC(=C(C(=C4OC5=C(C(=C(C=C35)I)[O-])I)I)[O-])I.[Na+].[Na+];DTXSID7021233;12961638.0;PRO-277;;REACH-A;False;vPvM;HQ;vPvM;False;False;;;False;False;False;False;False;False;False;False;False;False;False;False;False;False;False;True;True;True;"Arts and crafts/office supplies -> general arts and crafts supplies -> arts and crafts adhesive; Personal care -> fragrance; Personal care -> general moisturizing; Personal care -> specialized bath products -> bath salts; Toys and children's products; color additive; colorant; cosmetic colorant; dye; hair dyeing";Dyes;"Dyes; Not Known or Reasonably Ascertainable";True;True;True;True;True;True;True;True;True;True;True;True;True;False;True;True;True;True;True;True;True;True;True;False;False;P-PNEC;879.86;;7.15;;9.71;0.000855;0.000781;4.810232518;0.4137;3.78849542727469e+65;404.9239153;43.7;3003903.0;;;1.3;;0.016516841;;0.74;0.14;0.26;>10 to < 100 tonnes;10.0;100.0;1;1;1;1;1;1;1;1;1;1;1;1;1;1;1;1;1;1;0;1;1;1;1;1;1;1;1;1;1;1;1;1;1;1;1;1;1;1;1;1;1;1;1;0;0;1;1;1;1;1;0;1;1;1;1;1;0;1;0;1;0;1;1;0;0;0.999999990751049;0.963175182019853;1.0;;;0.618975738670119;0.750173787931206;0.124782004024487;False;0.0;0.0;0.0;0;295.099999999999;low ;0.0;121.5;low ;0.0;118.5;low ;0.0;0.85595265218563;0.110604988425211;0.0779904491819963;0.11167762390916;0.85595265218563;;;P_score_freshwater_pred_Dashboard;1.0;0.987725057590301;M_score_exp_UBA;0.618975738670119;M_score_pred_Episuite;0.750173787931206;0.497977176875271;kemi_score;0.74;0.866125734481551;1.0;0.618975738670119;0.5;0.701330546680937;1.0;0.85595265218563;0.5;0.862721343292027;0.75;0.727883180979783;0.5;0.749488690818;0.75;1.0;vPvM(T);PM(T);vPvM(T);;C O, C O Nocoo, Benzene, Bicyclic, Ester, Ether, Halogen;['Chlorobenzenes', 'Cyclohexanes', 'Ethylene Glycols', 'HBCDDs', 'PBB', 'PBDE', 'PCB', 'PhenylEthers', 'Phtalates']
277;Disodium 4,4'-diamino-9,9',10,10'-tetrahydro-9,9',10,10'-tetraoxo[1,1'-bianthracene]-3,3'-disulphonate;6022-22-6;227-877-4;OKHQKAVALRCESS-UHFFFAOYSA-L;C1=CC=C2C(=C1)C(=O)C3=C(C2=O)C(=C(C=C3C4=CC(=C(C5=C4C(=O)C6=CC=CC=C6C5=O)N)S(=O)(=O)O)S(=O)(=O)O)N;DTXSID1064085;80119.0;PRO-278;NS00078375;REACH-B;False;vPvM;HQ;vPvM;False;False;;;False;False;False;False;False;False;False;False;False;False;False;False;False;False;False;False;False;False;;;;True;False;True;False;False;False;False;False;False;False;False;False;False;False;False;False;False;False;False;False;False;False;False;False;False;P-PNEC;648.52;;1.87;;9.54;;0.274;4.42975228;3.2862;1.30418087839363e+52;164.3865461;3.8;2937.0;;;;-1.2;0.015087726;0.29;0.34;0.0;0.0;;;;0;0;0;0;0;0;0;0;0;0;0;0;0;0;0;0;0;0;0;0;0;0;0;0;0;0;0;0;0;0;0;0;0;0;0;0;0;0;0;0;0;0;0;0;0;0;0;0;0;0;0;1;0;0;0;0;0;0;0;0;0;0;0;0;0;0.998709411387333;0.848511707818456;1.0;;;;0.290795034889016;0.156543296774376;False;0.0;0.0;0.0;0;382.7;low ;0.0;461.0;low ;0.448;553.6;low ;0.0;0.860731179577216;0.0651495651149716;0.070249801597438;0.0604720620454315;0.860731179577216;;;P_score_freshwater_pred_Dashboard;1.0;0.949073706401929;;;M_score_pred_Episuite;0.290795034889016;0.223669165831696;kemi_score;0.34;0.539254146844525;1.0;;;0.460736936031523;1.0;0.499611891449145;1.0;0.519054702586142;1.0;0.499611891449145;0.5;0.479780837540635;1.0;1.0;PM;;PM;;Arn, C O, C O Nocoo, Nh2, Aniline, Benzene, Bicyclic, Ketone;['Aromatic amines', 'Cyclohexanes', 'Benzophenones']
278;Disodium 4-[4-[[5-[(2-bromo-1-oxoallyl)amino]-2-sulphonatophenyl]azo]-4,5-dihydro-3-methyl-5-oxo-1H-pyrazol-1-yl]-2,5-dichlorobenzenesulphonate;70247-70-0;274-499-0;JVURCOFLRNSPQI-UHFFFAOYSA-L;CC1=NN(C(=O)C1N=NC2=C(C=CC(=C2)NC(=O)C(=C)Br)S(=O)(=O)[O-])C3=CC(=C(C=C3Cl)S(=O)(=O)[O-])Cl.[Na+].[Na+];DTXSID10890075;153115.0;PRO-279;;REACH-A;True;vPvM & PMT;HQ;vPvM & PMT;False;False;;;False;False;False;False;False;False;False;False;False;False;False;False;False;False;False;True;True;True;;;;False;True;True;True;False;True;True;False;False;False;True;True;False;False;True;False;False;False;False;False;False;False;True;False;False;P-PNEC pred;745.21;;1.16;;9.49;;0.0221;3.149219113;2.1848;4105.16000827419;428.492509;5.5;4777.0;;;;-4.7;0.016706478;0.47;0.52;0.14;0.26;>10 to < 100 tonnes;10.0;100.0;0;0;0;0;0;0;0;0;0;0;0;0;0;0;0;0;0;1;0;0;0;1;0;0;1;0;0;0;0;0;1;0;1;0;0;0;0;0;0;0;0;0;0;0;0;0;1;1;1;1;0;0;0;0;1;0;0;0;0;0;0;0;0;0;0;0.999437700185467;0.966455984999918;0.999271508384264;;;;0.468020315114438;0.310757995881005;False;0.0;0.0;0.0;0;393.2;low ;0.0;42.8;low ;0.0;1180.0;low ;0.0;0.855340273151337;0.163632675325281;0.069485891313925;0.04428211042487;0.855340273151337;;;P_score_freshwater_pred_UBA;0.999437700185467;0.98838839785655;;;M_score_pred_Episuite;0.468020315114438;0.389389155497721;kemi_score;0.52;0.683927735494074;1.0;;;0.620377081737477;1.0;0.634042528842607;1.0;0.658512923911338;1.0;0.634042528842607;0.5;0.62717258688564;1.0;0.0;PM(T);(T);PM(T);;C O, C O Nocoo, Nh0, Nh1, Amide, Aniline, Azo, Benzene, Halogen, Hdrzone;['Chlorobenzenes', 'PBB', 'PCB', 'Styrenes']
279;Disodium 6-hydroxy-5-[(2-methoxy-4-sulphonato-m-tolyl)azo]naphthalene-2-sulphonate;25956-17-6;247-368-0;CEZCCHQBSQPRMU-UHFFFAOYSA-L;CC1=CC(=C(C=C1S(=O)(=O)[O-])OC)N=NC2=C(C=CC3=C2C=CC(=C3)S(=O)(=O)[O-])O.[Na+].[Na+];DTXSID4024436;33258.0;PRO-280;NS00100125;REACH-A;True;vPvM & PMT;HQ;vPvM & PMT;False;False;;;False;False;False;False;False;False;False;False;False;False;False;False;False;False;False;True;True;True;"Arts and crafts/office supplies -> children's art and toys; Arts and crafts/office supplies -> children's art and toys -> crayons; Arts and crafts/office supplies -> home office -> pens and markers; Cleaning and safety; Personal care; Personal care -> acne treatment -> face wash; Personal care -> body care set; Personal care -> body hygiene -> body scrub; Personal care -> body hygiene -> body wash; Personal care -> body hygiene -> feminine hygiene; Personal care -> body hygiene -> hand sanitizer; Personal care -> body hygiene -> hand soap; Personal care -> child specific; Personal care -> child specific -> baby oil; Personal care -> child specific -> bath paints/crayons; Personal care -> dental care; Personal care -> dental care -> mouthwash; Personal care -> dental care -> toothpaste; Personal care -> eye care and contacts -> eye cream; Personal care -> facial cleansing and moisturizing -> face cream/moisturizer; Personal care -> fragrance; Personal care -> general moisturizing; Personal care -> general moisturizing -> hand/body lotion; Personal care -> glitter; Personal care -> hair styling and care -> hair conditioner; Personal care -> hair styling and care -> hair conditioner - leave-in; Personal care -> hair styling and care -> hair styling; Personal care -> hair styling and care -> shampoo; Personal care -> hair styling and care -> shampoo - dandruff; Personal care -> make-up and related -> eye liner; Personal care -> make-up and related -> eye shadow; Personal care -> make-up and related -> foundation/concealer; Personal care -> make-up and related -> lip balm; Personal care -> make-up and related -> lip color; Personal care -> make-up and related -> lip gloss; Personal care -> make-up and related -> makeup remover; Personal care -> nails -> nail polish; Personal care -> specialized bath products -> bath salts; Personal care -> specialized bath products -> bubble bath; Pesticides -> fungicide; color; color additive; colorant; cosmetic colorant; dye; dye; fragrance; fragrance component; hair dyeing";"Dye; Dyes";"Dye; Dyes";True;True;True;True;True;True;True;True;True;True;True;True;True;False;True;True;True;True;False;False;False;False;True;True;False;P-PNEC;496.42;;1.64;;9.37;;0.0951;1.980003372;2.7018;2344.90460527589;88.22636779;2.34;2500.0;;;1.3;;0.331751041;0.38;0.82;0.14;0.26;>10 to < 100 tonnes;10.0;100.0;1;1;1;1;1;1;1;1;1;1;1;1;1;1;1;1;1;1;0;1;1;1;1;1;1;1;1;1;1;1;1;1;1;1;1;1;1;1;1;1;1;0;1;0;0;1;1;1;1;1;0;1;0;1;1;1;0;1;0;1;0;1;0;0;0;0.99830091815794;0.659062998700414;0.998104696817779;;;0.618975738670119;0.380730049789576;0.503465096104752;False;0.0;0.0;0.0;0;223.1;low ;0.0;214.799999999999;low ;0.51;1390.0;low ;0.642;0.617556044959583;0.088504417875125;0.0871851084976652;0.0413673985246762;0.617556044959583;;;P_score_freshwater_pred_UBA;0.99830091815794;0.885156204558711;M_score_exp_UBA;0.618975738670119;M_score_exp_UBA;0.618975738670119;0.501056961521482;kemi_score;0.82;0.786081451397926;1.0;0.618975738670119;0.5;0.665968226215092;1.0;0.48442883593428;1.0;0.617090368139243;1.0;0.525667588478272;0.75;0.567991384260883;1.0;0.0;vPvM;PM;PM;1;Ar Oh, Nh0, Aryl Methyl, Azo, Benzene, Bicyclic, Ether, Methoxy, Phenol, Phenol Noorthohbond;['Alkylphenols', 'Cyclohexanes', 'Ethylene Glycols', 'Phenols', 'PAHs', 'PBDE', 'PhenylEthers']
280;Disodium 7-[(4-amino-3-methoxyphenyl)azo]naphthalene-1,3-disulphonate;65151-26-0;265-529-3;QRSFZPZKWSGHRQ-UHFFFAOYSA-L;COc1cc(ccc1N)N=Nc1cc2c(cc(cc2cc1)S(=O)(=O)O)S(=O)(=O)O;DTXSID30889840;103260.0;PRO-281;;REACH-B;False;vPvM;HQ;vPvM;False;False;;;False;False;False;False;False;False;False;False;False;False;False;False;False;False;False;False;False;False;;;;False;True;True;False;False;False;False;False;False;False;False;False;False;False;False;False;False;False;False;False;False;False;False;False;False;P-PNEC pred;481.4;;1.27;;9.37;;0.0137;1.630427875;1.584;71.5216356192192;103.7941916;2.34;947.0;;;;-2.0;0.103407353;0.57;0.3;0.0;0.0;;;;0;0;0;0;0;0;0;0;0;0;0;0;0;0;0;0;0;0;0;0;0;0;0;0;0;0;0;0;0;0;0;0;0;0;0;0;0;0;0;0;0;0;0;0;0;0;0;0;0;0;0;0;0;0;0;0;0;0;0;0;0;0;0;0;0;0.99113257560109;0.718477916182294;0.574512174772964;;;;0.571591948451935;0.56369403871795;False;0.0;0.0;0.0;0;172.7;low ;0.0;722.199999999999;low ;0.527;1130.0;low ;0.648;0.728187994645364;0.0542355223366723;0.0964512524831228;0.0450847542082969;0.728187994645364;;;P_score_freshwater_pred_UBA;0.99113257560109;0.76137422218545;;;M_score_pred_Episuite;0.571591948451935;0.567642993584943;kemi_score;0.3;0.752677487415435;1.0;;;0.657410634778413;1.0;0.644257058128087;1.0;0.696360383538228;1.0;0.644257058128087;0.5;0.650800615814443;1.0;0.0;vPvM(T);(T);PM(T);4;Arn, Nh0, Nh2, Aniline, Azo, Benzene, Bicyclic, Ether, Methoxy;['Aromatic amines', 'Cyclohexanes', 'Ethylene Glycols', 'PBDE', 'PhenylEthers']
281;Disodium oxybis[methylbenzenesulphonate];73037-34-0;277-242-0;KIJXFUZOQIQMKG-UHFFFAOYSA-L;CC1=C(C(=CC=C1)S(=O)(=O)[O-])OC2=C(C=CC=C2S(=O)(=O)[O-])C.[Na+].[Na+];DTXSID00890327;175398.0;PRO-282;;REACH-A;True;vPvM;HQ;vPvM;False;False;;;False;False;False;False;False;False;False;False;False;False;False;False;False;False;False;False;False;False;;;;True;False;True;False;False;True;False;False;False;False;True;False;False;False;False;False;False;False;False;False;False;False;False;False;False;P-PNEC pred;402.34;;1.2;;9.36;;1.23;2.51054501;1.0916;59874.1417151978;42.2854461;2.4;2500.0;;;;-1.9;10.56777;;0.41;0.22;0.33;>100 to < 1000 tonnes;100.0;1000.0;0;0;0;0;0;0;0;0;0;0;0;0;0;0;0;0;0;0;0;1;0;1;0;0;0;0;0;0;0;0;0;0;0;0;0;0;0;0;0;0;0;0;0;0;0;0;1;0;0;0;0;0;0;0;0;0;0;0;0;0;0;0;0;0;0;0.99830091815794;0.354764601331636;0.999992535136481;;;;0.652411207430757;0.412441161645023;False;0.0;0.0;0.0;0;95.1;low ;0.209;73.8999999999999;low ;0.404;3300.0;low ;0.7;0.264252218314488;0.133698650234815;0.121512929513245;0.0287900187980152;0.264252218314488;;;P_score_freshwater_pred_Dashboard;0.999992535136481;0.784352684875352;;;M_score_pred_Episuite;0.652411207430757;0.53242618453789;kemi_score;0.41;0.807716743215179;1.0;;;0.646227442422738;1.0;0.264252218314488;0.5;0.556560359554143;0.75;0.264252218314488;0.25;0.479655922982274;0.75;0.0;vPvM;;PM;3;Aryl Methyl, Benzene, Ether, Para Hydroxylation;['Ethylene Glycols', 'PAHs', 'PBDE', 'PhenylEthers']
282;Ditolyl ether;28299-41-4;248-948-6;CYXMOAZSOPXQOD-UHFFFAOYSA-N;Cc1cc(ccc1)Oc1cc(C)ccc1;DTXSID8051962;78462.0;PRO-283;NS00008768;REACH-A;True;PMT;MQ;Not PMT/vPvM;False;False;;;False;False;False;False;False;False;False;False;False;False;False;False;False;False;False;False;False;False;;;;True;True;True;False;False;False;True;False;False;False;False;False;False;False;False;False;False;False;False;False;False;False;False;False;False;P-PNEC pred;;4.0;7.9;;4.7;1.41e-05;0.0;4.220108088;3.8241;134.289779684935;36.93114972;33.9;32.0;;;3.7;;0.77881;0.22;0.71;0.24;0.33;>1000 to < 10000 tonnes;1000.0;10000.0;0;0;0;0;0;0;0;0;0;0;0;0;0;0;0;1;0;0;1;0;0;1;0;0;0;1;0;1;0;0;0;0;0;0;0;0;0;0;0;0;0;0;0;0;0;0;1;0;0;0;1;1;0;0;0;0;0;0;0;0;0;0;0;1;0;0.254526695345824;0.303728096248604;0.798553329358552;;;0.235348963068999;0.220222577553486;0.17670081659988;False;0.0;0.0;0.0;0;62.9;low ;0.688;113.0;low ;0.502;98.5;moderate ;0.85;0.527115490962714;0.113741691077432;0.142015400333681;0.119893800060464;0.527115490962714;;;P_score_freshwater_pred_Dashboard;0.798553329358552;0.452269373650993;M_score_exp_UBA;0.235348963068999;M_score_exp_UBA;0.235348963068999;0.210757452407455;kemi_score;0.71;0.433518970772713;1.0;0.235348963068999;0.5;0.3087379811306;1.0;0.340536940744755;1.0;0.384225485960724;1.0;0.301078850905209;0.75;0.324247879848005;1.0;1.0;PM;;;1;Aryl Methyl, Benzene, Ether;['Ethylene Glycols', 'PAHs', 'PBDE', 'PhenylEthers']
283;"diuron (ISO); 3-(3,4-dichlorophenyl)-1,1-dimethylurea";330-54-1;206-354-4;XMTQQYYKAHVGBJ-UHFFFAOYSA-N;CN(C)C(=O)Nc1cc(c(cc1)Cl)Cl;DTXSID0020446;3120.0;PRO-284;NS00000265;REACH-C;False;vPvM & PMT;HQ;PMT;False;False;;;False;False;False;False;False;False;False;False;False;False;False;False;False;False;False;False;False;True;"Home maintenance -> adhesives and adhesive removers -> multipurpose adhesive; Landscape/yard -> herbicide; herbicide; herbicides and herbicide degradates; pesticide or degradate";"Adhesives and sealant chemicals; Hardener; Other; Paint additives and coating additives not described by other categories; Processing aids, not otherwise listed";"Hardener; Other";True;False;True;True;False;True;False;False;False;True;True;True;False;False;False;False;False;False;False;False;False;True;True;False;False;AA-EQS;233.09;2.68;2.72;;9.96;0.000173;0.000326;2.399673721;2.3321;87.3567230134409;64.05708698;14.1;;1920.0;232.0;2.6;;0.07;0.44;0.81;0.23;0.34;>100 to < 1000 tonnes;100.0;1000.0;0;0;0;0;0;0;0;0;0;0;0;0;0;0;0;0;0;0;0;0;0;0;0;0;0;0;0;0;0;0;1;0;0;0;0;0;0;0;0;0;0;0;0;0;0;0;0;0;0;0;0;0;0;1;0;0;0;0;0;0;0;0;0;0;0;;0.527934258738392;0.655247715497613;0.982819062401124;0.606790410062117;0.397501059265639;0.442704237653171;0.43118139565707;True;0.5;0.0;0.0;0;276.6;low ;0.654;312.0;low ;0.686;1400.0;low ;0.508;0.760405140616635;0.0762689820292168;0.0800364292370059;0.0412441157611641;0.760405140616635;P_score_soil_exp_UBA;0.982819062401124;P_score_soil_exp_UBA;0.982819062401124;0.693197861674811;M_score_exp_UBA;0.397501059265639;M_score_pred_Episuite;0.442704237653171;0.42379556419196;kemi_score;0.81;0.659619711478738;1.0;0.625037293584078;1.0;0.5420093900341;1.0;0.578427404149664;1.0;0.61769095625288;1.0;0.601280882137932;1.0;0.559922391499186;1.0;0.0;PM;PM;PM;4;C O, C O Nocoo, Nh0, Nh1, Amide, Aniline, Benzene, Halogen, Urea;['Chlorobenzenes', 'PBB', 'PCB', 'Phenylureas']
284;erucamide;112-84-5;204-009-2;UAUDZVJPLUQNMU-KTKRTIGZSA-N;CCCCCCCCC=CCCCCCCCCCCCC(=O)N;DTXSID4026929;5365371.0;PRO-285;NS00010726;;True;;;;False;False;;;False;False;False;False;False;False;False;False;False;True;False;False;False;False;True;True;True;True;"Construction and building materials; Furniture and furnishings; additive; lubricant; lubricating agent; opacifying; processing aid not otherwise specified; slip promoter; viscosity controlling";"Adhesives and sealant chemicals; Adsorbents and absorbents; Anti-adhesive agents; Anti-adhesive/cohesive; Antioxidant; Corrosion inhibitor; Lubricants and lubricant additives; Lubricating agent; Not Known or Reasonably Ascertainable; Other (specify); Processing aids not otherwise specified; Processing aids, not otherwise listed";"Anti-adhesive agents; Anti-adhesive/cohesive; Antioxidant; Lubricants and lubricant additives; Lubricating agent; Not Known or Reasonably Ascertainable; Processing aids, not otherwise listed";True;True;True;True;True;True;True;False;False;True;True;True;True;False;True;True;True;True;False;False;False;True;True;False;False;;337.592;;8.5;;10.4;;1.35e-05;4.139879086;5.5897;214.862867704335;27.88086909;295.0;;;;;;0.00708;0.08;0.8;0.52;0.65;>10000 to < 100000 tonnes;10000.0;100000.0;0;1;0;0;0;0;0;1;1;1;0;0;0;0;0;0;0;1;1;0;0;0;0;0;0;0;0;0;0;0;1;0;0;0;0;0;0;0;0;0;0;0;0;0;0;0;0;0;1;0;1;0;1;1;1;1;0;1;1;1;1;1;0;0;0;;0.212457401610633;0.898507246983325;;;;0.0766902325078014;0.184936853655061;False;0.0;0.0;0.0;0;50.5;low ;0.0;50.6;good ;1.0;10.6;moderate ;0.85;0.895665669034741;0.15392396081874;0.154035880905815;0.263995171635664;0.895665669034741;;;P_score_freshwater_pred_Dashboard;0.898507246983325;0.555482324296979;;;M_score_pred_Dashboard;0.184936853655061;0.130813543081431;kemi_score;0.8;0.407635993557202;1.0;;;0.269563741924607;1.0;0.267681253588627;1.0;0.330327888261402;1.0;0.267681253588627;0.5;0.268620848707654;1.0;1.0;PM;;;3;C O, C O Nocoo, Nh2, Allylic Oxid, Amide, Priamide, Unbrch Alkane;['Other']
285;Erythromycin;114-07-8;204-040-1;ULGZDMOVFRHVEP-RWJQBGPGSA-N;CCC1C(C)(O)C(O)C(C)C(=O)C(C)CC(C)(O)C(OC2C(O)C(N(C)C)CC(C)O2)C(C)C(OC2CC(C)(OC)C(O)C(C)O2)C(C)C(=O)O1;DTXSID4022991;12560.0;PRO-286;;REACH-B;False;vPvM & PMT;MQ;vPvM & PMT;False;False;;;False;False;False;False;False;False;False;False;False;False;False;False;False;False;False;False;False;False;antibiotic;;;True;True;True;False;False;False;True;False;False;False;False;False;False;False;False;False;False;False;False;False;False;False;False;False;False;EQS-proposal;733.937;3.06;2.7;;9.53;0.000355;0.00939;4.650307523;1.4064;5389698.47628301;478.236311;3.39;6161.0;;;;-0.9;0.2;0.6;0.49;0.0;0.0;;;;1;0;0;0;0;0;0;0;0;0;0;0;0;0;0;0;0;0;0;0;0;0;0;0;0;0;0;0;0;0;0;0;0;0;0;0;0;0;0;0;0;0;0;0;0;0;0;0;0;0;0;1;0;0;0;0;0;0;0;0;0;0;0;0;0;0.999635950888674;0.972037658283066;0.999999996595258;;;;0.601436029936319;0.137400179825411;False;0.0;0.0;0.0;0;415.1;low ;0.0;355.5;low ;0.0;4600.0;low ;0.0;0.667959369323381;0.07237010019149;0.0679792394481755;0.0250196004598044;0.667959369323381;;;P_score_freshwater_pred_Dashboard;0.999999996595258;0.990557868588999;;;M_score_pred_Episuite;0.601436029936319;0.369418104880865;kemi_score;0.49;0.775523067283356;1.0;;;0.604921491260624;1.0;0.633068417782809;1.0;0.700684780168047;1.0;0.633068417782809;0.5;0.618834946779172;1.0;1.0;vPvM(T);(T);PM(T);1;Al Oh, Al Oh Notert, C O, C O Nocoo, Nh0, Ndealkylation1, Ester, Ether, Ketone, Ketone Topliss, Lactone, Methoxy;['Alkylphenols', 'Ethylene Glycols']
286;"ethametsulfuron-methyl (ISO); methyl 2-[(4-ethoxy-6-methylamino-1,3,5-triazin-2-yl)carbamoylsulfamoyl]benzoate";97780-06-8;619-290-0;ZINJLDJMHCUBIP-UHFFFAOYSA-N;CCOc1nc(NC)nc(NC(=O)NS(=O)(=O)c2ccccc2C(=O)OC)n1;DTXSID9034573;91756.0;PRO-287;NS00005321;REACH-B;False;vPvM;HQ;vPvM;False;False;;;False;False;False;False;False;False;False;False;False;False;False;False;False;False;False;False;False;False;;;;False;False;True;False;False;False;True;False;False;False;True;False;False;False;False;False;False;False;False;False;False;False;False;False;False;P-PNEC pred;410.41;1.59;1.36;;9.41;4.38e-05;0.000289;1.92992956;1.7572;71.5216356192192;110.0500114;2.75;2422.0;1092.0;;1.6;;0.02562;0.54;0.46;0.04;0.11;>1 to < 10 tonnes;1.0;10.0;0;0;0;0;0;0;0;0;0;0;0;0;0;0;0;0;0;0;0;0;0;0;0;0;0;1;0;0;0;0;0;0;0;0;0;0;0;0;0;0;0;0;0;0;0;0;0;0;0;0;0;0;0;0;0;0;0;0;0;0;0;0;0;0;0;0.998206480416653;0.738265532193384;0.574512174772964;0.956140891595064;;0.568874072230784;0.541975007025804;0.512139895614599;True;0.0;0.0;0.0;0;259.4;low ;0.188;683.3;low ;0.202;1450.0;low ;0.245;0.830815916265383;0.0554822452456585;0.0821136007201253;0.0406456766981861;0.830815916265383;P_score_soil_exp_UBA;0.956140891595064;P_score_freshwater_pred_UBA;0.998206480416653;0.816781269744516;M_score_exp_UBA;0.568874072230784;M_score_exp_UBA;0.568874072230784;0.540996324957062;kemi_score;0.46;0.753560737725752;1.0;0.737511872872604;1.0;0.66473729038286;1.0;0.669806386042494;1.0;0.710450416566562;1.0;0.702844337127525;1.0;0.667267024615351;1.0;0.0;vPvM(T);vPvM(T);PM(T);1;Ar N, C O, C O Nocoo, Nh0, Nh1, Amide, Aniline, Benzene, Ester, Ether, Methoxy, Sulfonamd, Urea;['Sulfonamides', 'Ethylene Glycols', 'PBDE', 'PhenylEthers', 'Phenylureas', 'Phtalates']
287;Ethisterone;434-03-7;207-096-5;CHNXZKVNWQUJIB-CEGNMAFCSA-N;C[C@]12CCC(=O)C=C1CC[C@@H]1[C@@H]2CC[C@@]2(C)[C@H]1CC[C@@]2(O)C#C;DTXSID2023016;5284557.0;PRO-288;NS00007266;REACH-B;False;PMT;MQ;Potential PMT/vPvM;False;False;;;False;False;False;False;False;False;False;False;False;False;False;False;False;False;False;False;False;False;;;;True;False;True;False;False;False;True;False;False;False;False;False;False;False;False;False;False;False;False;False;False;False;False;False;False;P-PNEC pred;312.453;3.11;3.43;;11.4;2.19e-06;6.94e-05;5.720159303;2.4295;2.69507516429934e+42;145.6591325;60.3;228.0;;;;2.7;4.34194;0.43;0.28;0.0;0.0;;;;0;0;0;0;0;0;0;0;0;0;0;0;0;0;0;0;0;0;1;0;0;0;0;0;0;0;0;0;0;0;0;0;0;0;0;0;0;0;0;0;0;0;0;0;0;0;0;0;0;0;0;1;0;0;0;0;0;0;0;0;0;0;0;0;0;0.907392031743974;0.819979359376947;1.0;;;;0.426118191477028;0.0705272760788202;False;0.0;0.0;0.0;0;65.8;low ;0.293;527.3;low ;0.556;79.5;low ;0.693;0.345770303053606;0.0616842564013257;0.139646887861889;0.130066928288807;0.345770303053606;;;P_score_freshwater_pred_Dashboard;1.0;0.909123797040307;;;M_score_pred_Episuite;0.426118191477028;0.248322733777924;kemi_score;0.28;0.652777290871111;1.0;;;0.475137986929708;1.0;0.385592051672555;1.0;0.501702835224443;1.0;0.385592051672555;0.5;0.428029708323843;1.0;1.0;PM;;PM;1;Al Oh, C O, C O Nocoo, Allylic Oxid, Bicyclic, Ketone, Term Acetylene;['Alkylphenols', 'Cyclohexanes', 'Terpenoid', 'Acrylics/Acrylates']
288;Ethyl 2-(4-chloro-6-methoxypyrimidin-2-ylcarbamoylsulfamoyl)benzoate;90982-32-4;618-690-2;NSWAMPCUPHPTTC-UHFFFAOYSA-N;CCOC(=O)c1ccccc1S(=O)(=O)NC(=O)Nc1nc(Cl)cc(OC)n1;DTXSID0023955;56160.0;PRO-289;NS00000106;REACH-B;False;vPvM;HQ;PM;False;False;;;False;False;False;False;False;False;False;False;False;False;False;False;False;False;False;False;False;False;"herbicide; herbicides and herbicide degradates";;;False;False;True;False;False;False;True;False;False;False;True;False;False;False;False;False;False;False;False;False;False;False;False;False;False;;414.82;2.5;2.71;;9.58;0.00288;0.000791;2.041392685;3.2688;71.5216356192192;79.83989979;7.24;210.0;53.0;;;1.3;0.12954;0.29;;0.04;0.11;>1 to < 10 tonnes;1.0;10.0;0;0;0;0;0;0;0;0;0;0;0;0;0;0;0;0;0;0;0;0;0;0;0;0;0;1;0;0;0;0;0;0;0;0;0;0;0;0;0;0;0;0;0;0;0;0;0;0;0;0;0;0;0;0;0;0;0;0;0;0;0;0;0;0;0;0.894882385933249;0.619722644110463;0.574512174772964;0.110056949696879;;;0.293288626740362;0.492827686279876;False;0.0;0.0;0.0;0;209.6;low ;0.196;1150.0;low ;0.204;742.6;low ;0.247;0.708393844503959;0.0447578576900292;0.089366771911432;0.0536183306204357;0.708393844503959;P_score_soil_exp_UBA;0.110056949696879;P_score_freshwater_pred_UBA;0.894882385933249;0.549793538628389;;;M_score_pred_Dashboard;0.492827686279876;0.393058156510119;E_score_max;0.11;0.664095486923453;1.0;0.110056949696879;0.5;0.464866469810901;1.0;0.453248513407543;1.0;0.54863493527911;1.0;0.282767884588385;0.75;0.459020736323321;1.0;0.0;PM;;PM;3;Ar N, C O, C O Nocoo, Nh0, Nh1, Amide, Aniline, Benzene, Ester, Ether, Halogen, Methoxy, Sulfonamd, Urea;['Sulfonamides', 'Chlorobenzenes', 'Ethylene Glycols', 'PBB', 'PBDE', 'PhenylEthers', 'Phenylureas', 'Phtalates', 'Triazines']
289;Ethylenediamine, ethoxylated and propoxylated;26316-40-5;500-047-1;BFKFABWTAFNFID-UHFFFAOYSA-N;CC1CO1.C1CO1.C(CN)N;DTXSID101015544;21961114.0;PRO-290;NS00114707;REACH-A;False;vPvM;HQ;vPvM;False;False;;;False;False;False;False;False;False;False;False;False;False;False;False;False;False;False;True;True;False;;;;True;True;True;True;True;True;True;False;False;False;True;True;True;False;True;False;False;True;False;False;False;False;False;False;False;;;;2.49;;9.73;;6.62e-05;4.92992956;;1.88618080849065e+64;;5.01;29565.0;;;;-4.0;;;;0.25;0.38;>100 to < 1000 tonnes;100.0;1000.0;1;1;0;0;0;0;0;1;0;0;0;0;0;0;0;0;0;0;0;0;0;0;0;0;0;0;0;0;0;0;0;0;0;0;0;0;0;0;0;0;0;0;0;0;0;0;0;0;0;0;1;1;1;0;1;0;0;0;1;0;0;0;1;0;0;0.999975059018759;;1.0;;;;;0.1159994316796;False;0.0;0.0;0.0;0;;;;;;;;;;;;;;;;;P_score_freshwater_pred_Dashboard;1.0;0.999987529509379;;;M_score_pred_Dashboard;0.1159994316796;0.1159994316796;E_score_max;0.38;0.340586892994431;1.0;;;0.340584769344983;1.0;;;0.340586892994431;0.5;;;0.340584769344983;0.5;1.0;PM;;PM;3;Nh2, Epoxide, Ether;['Ethylene Glycols']
290;F-53B (9-Chlorohexadecafluoro-3-oxanonane-1-sulfonic acid);73606-19-6;;;C(C(C(C(F)(F)Cl)(F)F)(F)F)(C(C(OC(C(F)(F)S(=O)(=O)[O-])(F)F)(F)F)(F)F)(F)F.[K+];DTXSID60881236;25210512.0;PRO-291;;;False;;;;True;True;< 0,5;;False;False;False;True;False;True;False;False;False;False;False;False;False;False;True;False;False;False;;;;False;False;False;False;False;False;False;False;False;False;False;False;False;False;False;False;False;False;False;False;False;False;False;False;False;;570.67;;5.13;;6.33;;0.000441;2.519827994;;107.7700725714;;5.5;;;;;;0.3263;;0.06;;;;;;0;0;0;0;0;0;0;0;0;0;0;0;0;0;0;0;0;0;0;0;0;0;0;0;0;0;0;0;0;0;0;0;0;0;0;0;0;0;0;0;0;0;0;0;0;0;0;0;0;0;0;0;0;0;0;0;0;0;0;0;0;0;0;0;0;;;0.731291418168485;;;;;0.410882756692028;False;0.0;0.0;0.0;0;25.1;low ;0.177;1.8;low ;0.0;546.3;low ;0.0;0.619253972785454;0.436526184205691;0.197867892019659;0.0608004259688848;0.619253972785454;;;P_score_freshwater_pred_Dashboard;0.731291418168485;0.731291418168485;;;M_score_pred_Dashboard;0.410882756692028;0.410882756692028;kemi_score;0.06;0.548156030562731;1.0;;;0.548156030562731;1.0;0.619253972785454;0.5;0.570898714024016;0.75;0.619253972785454;0.25;0.570898714024016;0.75;0.0;PM(T);(T);PM(T);4;Alkyl Halide, Ether, Halogen;['Ethylene Glycols', 'PFAS']
291;Fluocortolone;152-97-6;205-811-5;GAKMQHDJQHZUTJ-ULHLPKEOSA-N;C[C@@H]1C[C@H]2[C@@H]3C[C@H](F)C4=CC(=O)C=C[C@]4(C)[C@H]3[C@@H](O)C[C@]2(C)[C@H]1C(=O)CO;DTXSID00861835;9053.0;PRO-292;;REACH-B;False;vPvM & PMT;MQ;PMT;False;False;;;False;False;False;False;False;False;False;False;False;False;False;False;False;False;False;False;False;False;;;;False;True;True;False;False;False;True;False;False;False;False;False;False;False;False;False;False;False;False;False;False;False;False;False;False;P-PNEC pred;376.468;;2.1;;9.38;;0.000208;4.829946696;1.6329;2.69507516429934e+42;71.02085575;8.13;76.0;;;;2.3;3.23867;0.56;0.43;0.03;0.09;>1 to < 10 tonnes;1.0;10.0;0;0;0;0;0;0;0;0;0;0;0;0;0;0;0;0;0;0;0;0;0;0;0;0;0;0;0;0;0;0;0;0;0;0;0;0;0;0;0;0;0;0;0;0;0;0;0;0;0;0;0;1;0;0;0;0;0;0;0;0;0;0;0;0;0;0.599674558439681;0.571573332364207;1.0;;;;0.563272557940167;0.123297284081158;False;0.0;0.0;0.0;0;352.3;low ;0.361;4710.0;low ;0.31;312.7;low ;0.368;0.375107566800899;0.0247704635660646;0.0726341707337302;0.076200440246783;0.375107566800899;;;P_score_freshwater_pred_Dashboard;1.0;0.723749296934629;;;M_score_pred_Episuite;0.563272557940167;0.343284921010662;kemi_score;0.43;0.750514861904924;1.0;;;0.498449817162898;1.0;0.458323289184068;1.0;0.586496751985714;1.0;0.458323289184068;0.5;0.477965646982393;1.0;1.0;vPvM;;PM;;Al Oh, Al Oh Notert, C O, C O Nocoo, Alkyl Halide, Allylic Oxid, Bicyclic, Halogen, Ketone, Ketone Topliss;['Alkylphenols', 'Cyclohexanes', 'HBCDDs', 'Unsaturated ketones', 'Terpenoid', 'Acrylics/Acrylates', 'PFAS']
292;Galaxolidone;507442-49-1;;;CC1COC(=O)C2=CC3=C(C=C12)C(C(C3(C)C)C)(C)C;DTXSID10881089;69131857.0;PRO-293;;;False;;;;False;False;;;False;False;False;False;False;False;False;False;False;True;False;False;False;False;True;False;False;False;;;;False;False;False;False;False;False;False;False;False;False;False;False;False;False;False;False;False;False;False;False;False;False;False;False;False;;272.388;;5.34;;8.63;;1.53e-05;3.810232518;;478.18610608926;;617.0;;;;;;;;;;;;;;0;0;0;0;0;0;0;0;0;0;0;0;0;0;0;0;0;0;0;0;0;0;0;0;0;0;0;0;0;0;0;0;0;0;0;0;0;0;0;0;0;0;0;0;0;0;0;0;0;0;0;0;0;0;0;0;0;0;0;0;0;0;0;0;0;;;0.972032779720889;;;;;0.221877667989024;False;0.0;0.0;0.0;0;45.6;low ;0.659;127.4;low ;0.667;195.899999999999;moderate ;0.85;;0.108595394539691;0.159901003444575;0.0917848177020538;0.234915780997346;;;P_score_freshwater_pred_Dashboard;0.972032779720889;0.972032779720889;;;M_score_pred_Dashboard;0.221877667989024;0.221877667989024;;;0.464405390120916;1.0;;;0.464405390120916;1.0;0.234915780997346;0.5;0.370028832391938;0.75;0.234915780997346;0.25;0.370028832391938;0.75;1.0;PM;;PM;;C O, C O Nocoo, Benzene, Bicyclic, Ester, Ether, Lactone;['Cyclohexanes', 'Ethylene Glycols', 'PBDE', 'PhenylEthers', 'Phtalates']
293;Guanidinium chloride;50-01-1;200-002-3;PJJJBBJSCAKJQF-UHFFFAOYSA-N;C(=N)(N)N.Cl;DTXSID7058757;5742.0;PRO-294;NS00078832;REACH-A;False;vPvM;HQ;vPvM;False;False;;;False;False;False;False;False;False;False;False;False;False;False;False;False;False;False;True;True;False;"buffering; not reported";"Flame retardants; Other (specify); Plating agents and surface treating agents";Laboratory chemicals;True;True;True;True;False;True;True;False;False;False;True;False;True;True;False;False;False;False;False;False;False;False;False;False;False;P-PNEC;95.53;;-1.48;;5.9;;5.66;0.559906625;-3.5767;314.190660285694;13.6287459;2.75;70.0;70.0;;;-1.4;64.43829431;;;0.25;0.38;>100 to < 1000 tonnes;100.0;1000.0;1;0;0;0;0;0;0;0;0;0;0;0;0;0;0;0;0;0;0;1;1;0;0;0;0;0;0;1;1;0;1;0;0;0;0;0;0;0;1;0;0;0;0;0;0;0;0;0;0;0;0;1;0;0;0;0;0;1;0;0;0;0;1;0;1;0.56550195999702;0.0735240890929557;0.944294629557608;0.165955402218431;;;0.979477026826542;0.730703873281;True;0.0;0.0;0.0;0;854.199999999999;low ;0.0;3300.0;moderate ;0.85;16440.0;low ;0.7;0.140741608541137;0.0287900187980152;0.0506153298567993;0.0145443458117703;0.195423755419103;P_score_soil_exp_UBA;0.165955402218431;P_score_freshwater_pred_Dashboard;0.944294629557608;0.437319020216503;;;M_score_pred_Episuite;0.979477026826542;0.855090450053771;E_score_max;0.38;0.961724958710835;1.0;0.165955402218431;0.5;0.61151232024711;1.0;0.195423755419103;0.5;0.565405084454644;0.75;0.180087833941145;0.5;0.418083080591771;0.75;2.0;vPvM;;PM;4;Nh1, Nh2, Guanido, Halogen;['Other']
294;hexafluoropropylene oxide dimer acid /perfluoro-2-propoxypropanoic acid ;13252-13-6;236-236-8;;C(=O)(C(C(F)(F)F)(OC(C(C(F)(F)F)(F)F)(F)F)F)O;DTXSID70880215;114481.0;PRO-295;;;False;;;;True;True;x;<LOD;True;True;True;True;False;True;False;False;False;False;False;False;False;False;True;False;False;False;;"Intermediates; Processing aids, not otherwise listed";;False;False;False;False;False;False;False;False;False;False;False;False;False;False;False;False;False;False;False;False;False;False;False;False;False;;330.053;;5.41;;3.74;;0.0141;2.609594409;1.9236;87.3567230134409;555.7501901;6.31;;;;;;1.35122;;0.2;;;;;;0;0;0;0;0;0;0;0;0;0;0;0;0;0;0;0;0;0;0;0;0;0;0;0;0;0;0;0;0;0;0;0;0;0;0;0;0;0;0;0;0;0;0;0;0;0;0;0;0;0;0;0;0;0;0;0;0;0;0;0;0;0;0;0;0;;0.978232476914596;0.655247715497613;;;;0.513236018052362;0.395909434344768;False;0.0;0.0;0.0;0;271.6;low ;0.201;3490.0;low ;0.199;3430.0;low ;0.0;0.467364946432296;0.0281179735005746;0.0806217052693257;0.0283245172408577;0.517036954094549;;;P_score_freshwater_pred_RIVM;0.978232476914596;0.816740096206104;;;M_score_pred_Episuite;0.513236018052362;0.454572726198565;kemi_score;0.2;0.708564846136997;1.0;;;0.609317464158124;1.0;0.517036954094549;0.5;0.637911252216883;0.75;0.517036954094549;0.25;0.576858919473374;0.75;0.0;vPvM;;PM;3;Al Coo, Coo, Coo2, C O, Alkyl Halide, Ether, Halogen;['Alkylphenols', 'Ethylene Glycols', 'PFAS']
295;Hexahydro-4-methylphthalic anhydride;19438-60-9;243-072-0;FKBMTBAXDISZGN-UHFFFAOYSA-N;CC1CCC2C(C1)C(=O)OC2=O;DTXSID8044333;86876.0;PRO-296;NS00009296;REACH-C;True;vPvM & PMT;MQ;PMT;False;False;;;False;False;False;False;False;False;False;False;False;False;False;False;False;False;False;False;False;False;;"Adhesives and sealant chemicals; Intermediate; Paint additives and coating additives not described by other categories";"Adhesives and sealant chemicals; Paint additives and coating additives not described by other categories";True;True;True;True;False;True;True;False;False;False;True;True;False;False;False;False;False;False;False;False;False;False;False;False;False;P-PNEC pred;168.192;;0.86;;6.65;;0.0468;1.969881644;1.8991;34.813317487602;21.62700341;4.37;37.0;;;;1.9;88.81663;0.52;0.56;0.33;0.44;>1000 to < 10000 tonnes;1000.0;10000.0;0;0;0;0;0;0;0;0;0;0;0;0;0;0;0;0;0;0;0;0;0;0;0;0;0;0;0;0;0;0;1;0;0;0;0;0;0;0;0;0;0;1;0;0;0;0;0;0;0;0;1;0;0;0;0;0;0;0;0;0;0;0;0;0;0;0.304401871896156;0.148756368482975;0.282810472375868;;;;0.517477514083071;0.50521892384214;False;0.0;0.0;0.0;0;662.4;low ;0.7;3550.0;low ;0.7;7020.0;moderate ;0.85;0.124717633307809;0.0279163762872178;0.0561934867779867;0.0209112067663259;0.18752771617962;;;P_score_freshwater_pred_UBA;0.304401871896156;0.245322904251666;;;M_score_pred_Episuite;0.517477514083071;0.511348218962606;kemi_score;0.56;0.396889309444152;1.0;;;0.354182763781389;1.0;0.312272977398625;1.0;0.352048017119554;1.0;0.312272977398625;0.5;0.332568348147097;1.0;0.0;PM;;PM;;C O, C O Nocoo, Bicyclic, Ester, Ether, Lactone;['Cyclohexanes', 'Ethylene Glycols']
296;Hexahydromethylphthalic anhydride;25550-51-0;247-094-1;VYKXQOYUCMREIS-UHFFFAOYSA-N;CC12CCCCC1C(=O)OC2=O;DTXSID1029330;3016472.0;PRO-297;;REACH-C;True;vPvM & PMT;MQ;PMT;False;False;;;False;False;False;False;False;False;False;False;False;False;False;False;False;False;False;True;True;False;;Intermediate;;True;True;True;True;False;True;True;False;False;False;True;True;True;True;True;True;True;True;True;True;True;False;False;False;False;P-PNEC pred;;;2.65;;8.15;;0.00248;3.008600172;1.9213;5389698.47628301;32.71107596;49.0;39.0;;;;2.1;98.69844;;0.78;0.38;0.5;>1000 to < 10000 tonnes;1000.0;10000.0;1;0;0;0;0;0;0;0;0;0;0;0;0;0;0;0;0;0;0;0;0;0;0;0;0;0;0;0;0;0;0;0;0;0;0;0;0;0;0;0;0;0;0;0;0;0;0;0;0;0;0;0;0;0;0;0;0;0;0;0;0;0;0;0;0;0.32378567837962;0.261721097021523;0.999999996595258;;;;0.513634289894637;0.332009944308063;False;0.0;0.0;0.0;0;1800.0;low ;0.7;3430.0;low ;0.672;6270.0;moderate ;0.85;0.11980160074187;0.0283245172408577;0.0371378887927841;0.0219398288072664;0.173276025860202;;;P_score_freshwater_pred_Dashboard;0.999999996595258;0.528502257332134;;;M_score_pred_Episuite;0.513634289894637;0.42282211710135;kemi_score;0.78;0.716682836508483;1.0;;;0.472718143652235;1.0;0.173276025860202;0.5;0.44647535935576;0.75;0.173276025860202;0.25;0.33830961473571;0.75;1.0;vPvM;;PM;;C O, C O Nocoo, Bicyclic, Ester, Ether, Lactone;['Cyclohexanes', 'Ethylene Glycols']
297;Hexamethyldisiloxane;107-46-0;203-492-7;UQEAIHBTYFGYIE-UHFFFAOYSA-N;C[Si](C)(C)O[Si](C)(C)C;DTXSID4026769;24764.0;PRO-298;;REACH-A;True;vPvM & PMT;HQ;PMT;False;False;;;False;False;False;False;False;False;False;False;False;False;False;False;False;False;False;True;True;True;"Personal care -> hair styling and care; Personal care -> make-up and related -> blush/bronzer; Personal care -> make-up and related -> makeup primer";"Adhesives and sealant chemicals; Anti-adhesive agents; Cleaning agent; Diluent; Insulators; Intermediate; Intermediates; Other; Paint additives and coating additives not described by other categories; Solvent; Surface active agents; Terminator/Blocker; Viscosity modifiers";"Diluent; Insulators; Intermediate; Lubricating agent; Other; Solvent";True;True;True;True;True;True;True;True;True;True;True;True;True;False;True;True;False;True;True;False;False;False;True;False;False;P-PNEC pred;162.379;;4.33;;2.82;5.73e-06;0.000311;2.710117365;4.5561;1.13611823633843e+28;21.09365043;42.7;;408.0;192.0;2.9;;26.32526466;;0.81;0.52;0.65;>10000 to < 100000 tonnes;10000.0;100000.0;1;1;0;0;0;0;0;1;0;0;0;0;0;0;1;1;0;1;1;1;1;1;1;0;0;0;0;1;0;1;1;1;1;1;0;1;0;1;0;0;0;1;0;0;1;1;1;0;0;1;1;1;1;1;1;1;0;0;1;1;1;1;0;1;1;;0.143431578489342;1.0;0.802010982213859;0.527554387699284;0.348910320245866;0.145324398584663;0.379371709260391;False;0.0;0.0;0.0;0;1140.0;low ;0.241;2180.0;low ;0.0;1200.0;low ;0.0;0.194603155422424;0.0342752116944966;0.0449203056962404;0.0439742233654184;0.264857655185554;P_score_soil_exp_UBA;0.802010982213859;P_score_freshwater_pred_Dashboard;1.0;0.618249237100621;M_score_exp_UBA;0.348910320245866;M_score_pred_Dashboard;0.379371709260391;0.291202142696974;kemi_score;0.81;0.615931578391943;1.0;0.528989516573759;1.0;0.424305906822507;1.0;0.264857655185554;0.5;0.46489958344779;0.75;0.420051190764417;0.75;0.362624293002152;0.75;0.0;PM;PM;PM;4;Unknown;['Siloxanes']
298;Hydrogen [4-[[4-(diethylamino)phenyl][4-[ethyl[(3-sulphonatobenzyl)amino]-o-tolyl]methylene]-3-methylcyclohexa-2,5-dien-1-ylidene](ethyl)(3-sulphonatobenzyl)ammonium, sodium salt;6505-30-2;229-390-2;;CCN(CC1=CC(=CC=C1)S(=O)(=O)O)C2=CC(=C(C=C2)C(=C3C=CC(=[N+](CC)CC)C=C3)C4=C(C=C(C=C4)N(CC)CC5=CC(=CC=C5)S(=O)(=O)O)C)C;DTXSID70904405;23679261.0;PRO-299;;REACH-B;False;vPvM;HQ;vPvM;False;False;;;False;False;False;False;False;False;False;False;False;False;False;False;False;False;False;True;True;True;"cosmetic colorant; dye";;;False;False;True;False;False;True;True;False;False;False;True;True;True;False;True;False;False;False;False;False;False;False;True;False;False;P-PNEC pred;790.99;;4.53;;11.7;;5.75e-08;5.130333768;1.4862;3612822.93074024;519.9827261;12.0;7947.0;;;;-2.5;0.00308;0.59;0.69;0.04;0.14;>1 to < 10 tonnes;1.0;10.0;0;0;0;0;0;0;0;0;0;0;0;0;0;0;0;0;0;1;0;0;1;0;0;0;0;0;0;0;0;0;1;0;0;0;0;0;0;0;0;0;0;0;0;0;0;0;0;0;1;0;0;0;0;0;0;0;0;0;0;0;0;0;0;0;1;0.999764372559754;0.975674549239363;0.999999993253839;;;;0.588105479747955;0.102497083492955;False;0.0;0.0;0.0;0;222.2;low ;0.0;1.5;low ;0.171;1050.0;low ;0.0;0.924940569753747;0.456090589040871;0.0873249205073669;0.0464777392452345;0.952724492525898;;;P_score_freshwater_pred_Dashboard;0.999999993253839;0.991812971684319;;;M_score_pred_Episuite;0.588105479747955;0.345301281620455;kemi_score;0.69;0.766880352975939;1.0;;;0.5852130298023;1.0;0.749738254719792;1.0;0.758260863700006;1.0;0.749738254719792;0.5;0.662387043655941;1.0;1.0;vPvM(T);(T);PM(T);2;Nh0, Allylic Oxid, Aniline, Aryl Methyl, Benzene;['Aromatic amines', 'PAHs', 'Styrenes', 'Terpenoid']
299;Hydrogen [4-[4-(diethylamino)-2',4'-disulphonatobenzhydrylidene]cyclohexa-2,5-dien-1-ylidene]diethylammonium, sodium salt;129-17-9;204-934-1;SJEYSFABYSGQBG-UHFFFAOYSA-M;CCN(CC)C1=CC=C(C=C1)C(=C2C=CC(=[N+](CC)CC)C=C2)C3=C(C=C(C=C3)S(=O)(=O)[O-])S(=O)(=O)[O-].[Na+];DTXSID3026065;8507.0;PRO-300;NS00079128;REACH-A;False;vPvM & PMT;HQ;vPvM & PMT;False;False;;;False;False;False;False;False;False;False;False;False;False;False;False;False;False;False;True;False;False;"cosmetic colorant; dye; hair dyeing";;;False;False;True;False;False;False;False;False;False;False;False;True;False;False;True;False;False;False;False;False;False;False;False;False;False;P-PNEC;566.66;;1.04;;9.7;;0.000876;4.710117365;-2.0938;5389698.47628301;103.9157537;3.98;2154.0;;;1.0;;0.168824694;0.94;0.72;0.12;0.23;;;;1;0;0;0;0;0;0;0;0;0;0;0;0;0;0;0;0;0;0;0;0;1;0;0;0;0;0;0;0;0;0;0;0;0;0;0;0;0;0;0;0;0;0;0;0;1;0;0;0;0;0;0;0;0;0;0;0;0;0;0;0;0;0;0;0;0.997809233962027;0.718882472371619;0.999999996595258;;;0.666666666666666;0.944674470076609;0.132560087564341;False;0.0;0.0;0.0;0;327.299999999999;low ;0.0;12.1;low ;0.19;1210.0;low ;0.251;0.684075283477582;0.252979273179356;0.0748170289745443;0.0438229529990927;0.759631703673909;;;P_score_freshwater_pred_Dashboard;0.999999996595258;0.905563900976301;M_score_exp_UBA;0.666666666666666;M_score_pred_Episuite;0.944674470076609;0.581300408102539;kemi_score;0.72;0.971943654159147;1.0;0.666666666666666;0.5;0.725537500891891;1.0;0.845017042108308;1.0;0.906260973303774;1.0;0.780812143157435;0.75;0.783001630229669;1.0;1.0;vPvM(T);PM(T);vPvM(T);1;Nh0, Allylic Oxid, Aniline, Benzene;['Aromatic amines', 'Styrenes', 'Terpenoid']
300;Ibuprofen;15687-27-1;239-784-6;HEFNNWSXXWATRW-UHFFFAOYSA-N;CC(C)Cc1ccc(cc1)C(C)C(=O)O;DTXSID5020732;3672.0;PRO-301;NS00000214;REACH-B;False;PMT;HQ;PMT;False;False;;;False;False;False;False;False;False;False;False;False;False;False;False;False;False;False;False;False;False;"Personal care -> body hygiene; Personal care -> deodorant; Personal care -> general moisturizing -> hand/body lotion; Personal care -> make-up and related -> lip balm; analgesic; antipyretic; skin conditioning";;;True;False;True;False;False;False;True;False;False;False;False;False;False;False;False;False;False;False;False;False;False;False;False;False;False;P-PNEC pred;206.285;3.74;3.66;;8.76;0.000194;0.000441;2.139879086;2.3517;34.813317487602;16.75956619;72.4;;;;2.8;;1.00477;0.44;;0.0;0.0;;;;0;0;0;0;0;0;0;0;0;0;0;0;0;0;0;0;0;0;1;0;0;0;0;0;0;0;0;0;0;0;0;0;0;0;0;0;0;0;0;0;0;0;0;0;0;0;0;0;0;0;0;1;0;0;0;0;0;0;0;0;0;0;0;0;0;;0.101536425091543;0.282810472375868;;;0.364816894312544;0.439355074122972;0.475779772270797;False;0.0;0.0;0.0;0;157.299999999999;;0.85;1140.0;low ;0.7;370.2;moderate ;0.85;0.499483335282706;0.0449203056962404;0.100044635776393;0.071197632400205;0.573935328699563;;;P_score_freshwater_pred_Dashboard;0.282810472375868;0.192173448733706;M_score_exp_UBA;0.364816894312544;M_score_pred_Dashboard;0.475779772270797;0.426650580235438;E_score_min;0.0;0.366818077720806;1.0;0.364816894312544;0.5;0.286340554948265;1.0;0.502525168153603;1.0;0.429342888829464;1.0;0.451644638437111;0.75;0.379332750398082;1.0;1.0;PM;PM;;1;Al Coo, Coo, Coo2, C O, Benzene;['Alkylphenols']
301;Iohexol;66108-95-0;266-164-2;NTHXOOBQLCIOLC-UHFFFAOYSA-N;CC(=O)N(CC(O)CO)c1c(I)c(C(=O)NCC(O)CO)c(I)c(C(=O)NCC(O)CO)c1I;DTXSID6023157;3730.0;PRO-302;NS00000223;REACH-B;False;vPvM;MQ;vPvM;False;False;;;False;False;False;False;False;False;False;False;False;False;False;False;False;False;False;False;False;False;x-ray contrast medium;;;True;False;True;False;False;False;True;False;False;False;True;False;False;False;False;False;False;False;False;False;False;False;False;False;False;P-PNEC pred;821.142;-3.05;-3.3;;9.58;;0.017;1.680335513;-2.1342;3.30883538564209e+40;99.16256657;3.24;2500.0;;;;-0.5;0.13884;0.95;0.46;0.0;0.0;;;;0;0;0;0;0;0;0;0;0;0;0;0;0;0;0;0;0;0;1;0;0;0;0;0;0;0;0;0;0;0;0;0;0;0;0;0;0;0;0;0;0;0;0;0;0;0;0;0;0;0;0;1;0;0;0;0;0;0;0;0;0;0;0;0;0;0.99830091815794;0.702427828604555;1.0;;;;0.946119949762794;0.555168111140285;False;0.0;0.0;0.0;0;570.8;low ;0.0;731.1;low ;0.216;1060.0;low ;0.0;0.702135013698307;0.0539633200855742;0.0597215030304927;0.0462956433019934;0.735011964953746;;;P_score_freshwater_pred_Dashboard;1.0;0.900242915587498;;;M_score_pred_Episuite;0.946119949762794;0.750644030451539;kemi_score;0.46;0.972686974192002;1.0;;;0.82204742596887;1.0;0.835620348427477;1.0;0.901552565458715;1.0;0.835620348427477;0.5;0.828806103085648;1.0;0.0;vPvM(T);(T);vPvM(T);2;Al Oh, Al Oh Notert, C O, C O Nocoo, Nh0, Nh1, Amide, Aniline, Benzene, Halogen;['Alkylphenols', 'Chlorobenzenes', 'PBB', 'PCB']
302;Ioxitalamic acid;28179-44-4;248-887-5;OLAOYPRJVHUHCF-UHFFFAOYSA-N;CC(=O)Nc1c(I)c(C(=O)O)c(I)c(C(=O)NCCO)c1I;DTXSID60182457;34536.0;PRO-303;NS00000290;REACH-B;False;vPvM;HQ;vPvM;False;False;;;False;False;False;False;False;False;False;False;False;False;False;False;False;False;False;False;False;False;;;;True;False;True;False;False;False;True;False;False;False;False;False;False;False;False;False;False;False;False;False;False;False;False;False;False;P-PNEC pred;643.942;;0.452;;9.46;;-0.759;2.029383778;-0.2556;1174947663720100.0;166.6792882;3.16;28561.0;;;;-1.5;0.09404;0.83;0.31;0.0;0.0;;;;0;0;0;0;0;0;0;0;0;0;0;0;0;0;0;0;0;0;0;0;1;0;0;0;0;0;0;1;0;0;0;0;0;0;0;0;0;0;0;0;0;0;0;0;0;0;0;0;0;0;0;1;0;0;0;0;0;0;0;0;0;0;0;0;0;0.999973541623349;0.851530250919595;1.0;;;;0.826849678044468;0.494908355292365;False;0.0;0.0;0.0;0;280.7;low ;0.0;6380.0;low ;0.235;529.3;low ;0.0;0.736273171432624;0.0217783339062444;0.0795671731913472;0.0615891642670842;0.766624027850151;;;P_score_freshwater_pred_Dashboard;1.0;0.950501264180981;;;M_score_pred_Episuite;0.826849678044468;0.660879016668417;kemi_score;0.31;0.90931275040245;1.0;;;0.792569454883302;1.0;0.797682858732482;1.0;0.851670825039183;1.0;0.797682858732482;0.5;0.795122046301923;1.0;0.0;vPvM(T);(T);vPvM(T);1;Al Oh, Al Oh Notert, Ar Coo, Coo, Coo2, C O, C O Nocoo, Nh1, Amide, Aniline, Benzene, Halogen;['Alkylphenols', 'Chlorobenzenes', 'PBB', 'PCB']
303;kresoxim-methyl (ISO);143390-89-0;604-351-6;ZOTBXTZVPHCKPN-HTXNQAPBSA-N;CON=C(C(=O)OC)c1ccccc1COc1ccccc1C;DTXSID2032558;6112114.0;PRO-304;NS00008540;REACH-B;False;vPvM & PMT;HQ;PMT;False;False;;;False;False;False;False;False;False;False;False;False;False;False;False;False;False;False;False;False;False;"biocide; fungicide";;;False;False;False;False;False;False;False;False;False;False;False;False;False;False;False;False;False;False;False;False;False;False;False;False;False;AA-EQS;313.353;3.4;4.41;;9.43;6.42e-06;4.11e-05;3.100370545;2.7961;87.3567230134409;39.87394009;339.0;2.0;511.0;;2.5;;0.63;0.37;0.64;0.0;0.0;;;;0;0;0;0;0;0;0;0;0;0;0;0;0;0;0;0;0;0;0;0;0;0;0;0;0;0;0;0;0;0;0;0;0;0;0;0;0;0;0;0;0;0;0;0;0;0;0;0;0;0;0;0;0;0;0;0;0;0;0;0;0;0;0;0;0;0.0029754345066945;0.332135296292373;0.655247715497613;0.856156324616115;;0.414213562373095;0.365443540526406;0.318056289403178;True;0.5;0.0;0.0;0;116.4;low ;0.277;500.8;low ;0.27;322.1;low ;0.27;0.549997216881791;0.062993166660031;0.11245031928373;0.0752998956219106;0.626398444179262;P_score_soil_exp_UBA;0.856156324616115;P_score_soil_exp_UBA;0.856156324616115;0.461628692728198;M_score_exp_UBA;0.414213562373095;M_score_exp_UBA;0.414213562373095;0.365904464100893;kemi_score;0.64;0.595509497126197;1.0;0.595509497126197;1.0;0.410989050251107;1.0;0.481422293154697;1.0;0.535435848353371;1.0;0.535435848353371;1.0;0.444813771182232;1.0;1.0;PM;PM;PM;;C O, C O Nocoo, Nh0, Aryl Methyl, Benzene, Ester, Ether, Methoxy, Oxime, Para Hydroxylation;['Ethylene Glycols', 'PAHs', 'PBDE', 'PhenylEthers', 'Phtalates']
304;Loperamide;53179-11-6;258-416-5;RDOIQAHITMMDAJ-UHFFFAOYSA-N;CN(C)C(=O)C(CCN1CCC(O)(CC1)c1ccc(Cl)cc1)(c1ccccc1)c1ccccc1;DTXSID6045165;3955.0;PRO-305;NS00002516;REACH-B;False;vPvM;HQ;PM;False;False;;;False;False;False;False;False;False;False;False;False;False;False;False;False;False;False;False;False;False;;;;False;False;True;False;False;False;True;False;False;False;False;False;False;False;False;False;False;False;False;False;False;False;False;False;False;P-PNEC pred;477.05;;4.74;;10.2;;3.8e-05;4.459392488;3.2496;2.9478783914555e+46;470.1880701;275.0;892.0;;;2.7;;0.0399;0.3;0.46;0.03;0.09;>1 to < 10 tonnes;1.0;10.0;0;0;0;0;0;0;0;0;0;0;0;0;0;0;0;0;0;0;1;0;0;0;0;0;0;0;0;0;0;0;0;0;0;0;0;0;0;0;0;0;0;0;0;0;0;0;0;0;0;0;0;1;0;0;0;0;0;0;0;0;0;0;0;0;0;0.99018693221896;0.971238145321639;1.0;;;0.38102426132988;0.296054638082392;0.153849684721908;False;0.0;0.0;0.0;0;139.6;low ;0.0;277.8;low ;0.371;166.1;low ;0.0;0.802029459317259;0.0798981081316253;0.104810129551376;0.0979361443923762;0.840049122181384;;;P_score_freshwater_pred_Dashboard;1.0;0.987141692513533;M_score_exp_UBA;0.38102426132988;M_score_exp_UBA;0.38102426132988;0.276976194711394;kemi_score;0.46;0.617271626862826;1.0;0.38102426132988;0.5;0.522890762620036;1.0;0.502010693764998;1.0;0.556665930018046;1.0;0.457923420003153;0.75;0.512344371010547;1.0;1.0;PM;PM;PM;3;Al Oh, C O, C O Nocoo, Nh0, Ndealkylation1, Ndealkylation2, Amide, Benzene, Halogen, Piperdine;['Alkylphenols', 'Chlorobenzenes', 'PBB']
305;Melamine;108-78-1;203-615-4;JDSHMPZPIAZGSV-UHFFFAOYSA-N;C1(=NC(=NC(=N1)N)N)N;DTXSID6020802;7955.0;PRO-306;NS00010262;REACH-A;True;vPvM & PMT;HQ;vPvM & PMT;False;False;;;False;False;False;False;False;False;True;True;False;True;False;False;False;False;True;True;False;True;"Cleaning products and household care -> general household cleaning -> bleach; Construction and building materials; Furniture and furnishings; Manufactured formulations -> Flame retardants; flame retardant; flame retardants; impurity; melamine; monomer; not reported; residual; sound absorber";"Adhesives and sealant chemicals; Fire extinguishing agent; Flame retardant; Flame retardants; Foamant; Intermediate; Intermediates; Not Known or Reasonably Ascertainable; Paint additives and coating additives not described by other categories; Pigment; Processing aids not otherwise specified";"Adhesion/cohesion promoter; Flame retardant; Flame retardants; Foamant; Hardener; Intermediates; Not Known or Reasonably Ascertainable; Pigment; Plasticizer; Processing aids, not otherwise listed";True;True;True;True;True;True;True;False;False;True;True;True;True;True;True;True;True;True;False;False;False;True;True;False;False;AA-QSwater_eco;126.123;-1.37;-1.07;;8.32;0.0283;0.0375;1.6599162;0.0002;87.3567230134409;64.20722003;3.8;;913.0;;1.1;;360.0;0.8;0.84;0.49;0.59;>100000 to < 1000000 tonnes;100000.0;1000000.0;1;1;0;0;0;0;0;1;1;1;0;0;0;0;1;0;0;1;1;1;1;1;0;0;1;0;0;0;0;0;1;0;1;1;0;0;0;1;0;1;0;0;1;1;1;0;1;1;1;1;1;1;1;1;1;1;0;0;0;1;1;1;0;1;1;;0.528931512901224;0.655247715497613;0.941357792203041;;0.651089679754133;0.799977818367749;0.558660646342139;True;0.5;0.0;0.0;0;15030.0;low ;0.484;181.4;low ;0.0;16450.0;moderate ;0.85;0.0720042170723106;0.0946070301310972;0.0151131880323754;0.0145405611589399;0.149861422253542;P_score_soil_exp_UBA;0.941357792203041;P_score_soil_exp_UBA;0.941357792203041;0.708512340200626;M_score_exp_UBA;0.651089679754133;M_score_pred_Episuite;0.799977818367749;0.669909381488007;kemi_score;0.84;0.867793381462471;1.0;0.782884629724926;1.0;0.688940537057025;1.0;0.346250108740537;1.0;0.548154679534617;1.0;0.520647566184219;1.0;0.488411441176145;1.0;0.0;vPvM;vPvM;PM;4;Arn, Ar N, Nh0, Nh2, Aniline;['Aromatic amines']
306;Merbromin;129-16-8;204-933-6;SQFDQLBYJKFDDO-UHFFFAOYSA-K;Oc1c(Br)cc2c(Oc3c(cc(Br)c(O)c3[Hg])C32OC(=O)c2ccccc32)c1;DTXSID0045545;441373.0;PRO-307;NS00079127;REACH-B;False;vPvM;HQ;vPvM;False;False;;;False;False;False;False;False;False;False;False;False;False;False;False;False;False;False;False;False;False;;;;True;True;True;False;False;False;False;False;False;False;True;True;False;False;False;False;False;False;False;False;False;False;False;False;False;P-PNEC;750.66;;1.32;;9.39;0.00163;0.00129;2.519827994;1.354;877199251318.764;239.869833;3.47;643.0;;;1.6;;0.105264885;;;0.0;0.0;;;;0;0;0;0;0;0;0;0;0;0;0;0;0;0;0;0;0;0;0;0;0;0;0;0;0;0;0;1;0;0;0;0;0;0;0;0;0;0;0;0;0;0;0;0;0;0;0;0;0;0;0;1;0;0;0;0;0;0;0;0;0;0;1;0;0;0.982953537650537;0.914429395238127;1.0;;;0.568874072230784;0.61010963317652;0.410882756692028;False;0.0;0.0;0.0;0;488.9;low ;0.0;667.2;low ;0.251;141.0;low ;0.0;0.726654881086947;0.0560274130043233;0.0636124617201147;0.10440421663812;0.770272660581562;;;P_score_freshwater_pred_Dashboard;1.0;0.965794310962888;M_score_exp_UBA;0.568874072230784;M_score_pred_Episuite;0.61010963317652;0.529955487366444;E_score_min;0.0;0.781095149886696;1.0;0.568874072230784;0.5;0.715421550389752;1.0;0.770272660581562;0.5;0.777470862742995;0.75;0.661957812215456;0.5;0.733256925113195;0.75;0.0;vPvM(T);PM(T);vPvM(T);2;Ar Oh, C O, C O Nocoo, Benzene, Bicyclic, Ester, Ether, Halogen, Phenol, Phenol Noorthohbond;['Alkylphenols', 'Chlorobenzenes', 'Cyclohexanes', 'Ethylene Glycols', 'Phenols', 'HBCDDs', 'PBB', 'PBDE', 'PCB', 'PhenylEthers', 'Phtalates']
307;Metformin hydrochloride;1115-70-4;214-230-6;OETHQSJEHLVLGH-UHFFFAOYSA-N;CN(C)C(=N)N=C(N)N.Cl;DTXSID9037246;14219.0;PRO-308;;REACH-A;True;vPvM;MQ;vPvM;False;False;;;False;False;False;False;False;False;False;False;False;False;False;False;False;False;False;False;False;False;;;;True;True;True;False;False;False;True;False;False;False;False;False;False;False;False;False;False;False;False;False;False;False;False;False;False;P-PNEC;165.63;;-1.04;;5.93;;2.78;0.980003372;-0.6659;120.301368663215;18.27951705;1.95;35.0;;;;-3.5;4.640069078;0.86;;0.12;0.18;>100 to < 1000 tonnes;100.0;1000.0;0;0;0;0;0;0;0;0;0;0;0;0;0;0;0;0;0;0;0;0;1;0;0;0;0;0;0;1;0;0;0;0;0;0;0;0;0;0;0;0;0;0;0;0;0;0;0;0;0;0;0;1;0;0;0;0;0;0;0;0;0;0;1;0;0;0.284668524889841;0.115897935067012;0.766603469805997;;;;0.863875772302782;0.669739653297111;False;0.0;0.0;0.0;0;7220.0;low ;0.269;13110.0;low ;0.389;27850.0;low ;0.649;0.339275511761678;0.0160226001894851;0.0206628776381007;0.0116029490120372;0.361596523313799;;;P_score_freshwater_pred_Dashboard;0.766603469805997;0.389056643254283;;;M_score_pred_Episuite;0.863875772302782;0.766807712799946;E_score_max;0.18;0.813787542623164;1.0;;;0.54619743203666;1.0;0.557649540526904;1.0;0.673652914511862;1.0;0.557649540526904;0.5;0.55189378236416;1.0;2.0;vPvM;;PM;3;Imine, Nh0, Nh1, Nh2, Guanido, Halogen;['Other']
308;Methyl 2,2,3-trifluoro-3-[1,1,2,2,3,3-hexafluoro-3-(trifluoromethoxy)propoxy]propanoate;958445-54-0;640-001-9;VOKIUIIBMBYXNU-UHFFFAOYSA-N;COC(=O)C(F)(F)C(F)OC(F)(F)C(F)(F)C(F)(F)OC(F)(F)F;DTXSID60893410;131727912.0;PRO-309;;REACH-B;False;vPvM;HQ;vPvM;False;False;;;False;False;False;False;False;False;False;False;False;False;False;False;False;False;False;False;False;False;;;;True;False;False;False;False;False;False;False;False;False;False;False;False;False;False;False;False;False;False;False;False;False;False;False;False;P-PNEC pred;392.097;;5.66;;3.18;;0.00183;3.260071388;;41.2643941086108;;2.57;5242.0;;;1.3;;0.49425;;0.27;0.0;0.0;;;;0;0;0;0;0;0;0;0;0;0;0;0;0;0;0;0;0;0;0;0;0;0;0;0;0;0;0;0;0;0;0;0;0;0;0;0;0;0;0;0;0;0;0;0;0;0;0;0;0;0;0;0;0;0;0;0;0;0;0;0;0;0;0;0;0;0.999520223382936;;0.345258688405079;;;0.618975738670119;;0.294544223295456;False;0.0;0.0;0.0;0;43.0;low ;0.202;86.1;low ;0.0;2690.0;low ;0.0;0.575921630649862;0.126197840303348;0.163355771426297;0.0313784605393501;0.662671539187347;;;P_score_freshwater_pred_UBA;0.999520223382936;0.672389455894007;M_score_exp_UBA;0.618975738670119;M_score_exp_UBA;0.618975738670119;0.456759980982787;kemi_score;0.27;0.786561357164319;1.0;0.618975738670119;0.5;0.554184621842914;1.0;0.662671539187347;0.5;0.742884294691554;0.75;0.640451095294678;0.5;0.58821453663488;0.75;0.0;vPvM(T);PM(T);PM(T);1;C O, C O Nocoo, Alkyl Halide, Ester, Ether, Halogen, Methoxy;['Ethylene Glycols', 'PFAS']
309;Methyl 5-methyl-4-[(oxomethylene)sulfamoyl]thiophene-3-carboxylate;897671-34-0;618-297-6;FFCIPXJXUSHWCI-UHFFFAOYSA-N;C(=O)(c1c(S(=O)(=O)N=C=O)c(C)sc1)OC;DTXSID201045095;57957831.0;PRO-310;NS00008404;REACH-B;False;vPvM & PMT;MQ;vPvM & PMT;False;False;;;False;False;False;False;False;False;False;False;False;False;False;False;False;False;False;False;False;False;;;;True;False;True;False;False;False;False;False;False;False;False;False;False;False;False;False;False;False;False;False;False;False;False;False;False;P-PNEC pred;261.27;;0.39;;6.9;;0.00105;0.980003372;;169.017118044887;;1.91;34.0;;;;-0.6;1.41372;;0.26;0.0;0.0;;;;0;0;0;0;0;0;0;0;0;0;0;0;0;0;0;0;0;0;1;0;0;0;0;0;0;0;0;0;0;0;0;0;0;0;0;0;0;0;0;0;0;0;0;0;0;0;0;0;0;0;1;1;0;0;0;0;0;0;0;0;0;0;0;0;0;0.27468618166766;;0.854515447152619;;;;;0.669739653297111;False;0.0;0.0;0.0;0;171.6;low ;0.192;161.8;low ;0.242;1810.0;low ;0.242;0.46247981450046;0.0989471077800054;0.0966933650062353;0.037051946700956;0.544749662580742;;;P_score_freshwater_pred_Dashboard;0.854515447152619;0.564600814410139;;;M_score_pred_Dashboard;0.669739653297111;0.669739653297111;kemi_score;0.26;0.756507025289931;1.0;;;0.614927275126346;1.0;0.544749662580742;0.5;0.678069640981478;0.75;0.544749662580742;0.25;0.59058375172831;0.75;0.0;vPvM;;PM;;C O, C O Nocoo, Nh0, Aryl Methyl, Ester, Ether, Isocyan, Methoxy, Sulfonamd, Thiophene;['Sulfonamides', 'Ethylene Glycols']
310;methyl paraben;99-76-3;202-785-7;LXCFILQKKLGQFO-UHFFFAOYSA-N;COC(=O)C1=CC=C(C=C1)O;DTXSID4022529;7456.0;PRO-311;NS00001849;;False;;;;False;False;;;False;False;False;False;False;False;False;False;False;False;False;False;False;False;False;True;True;False;"Arts and crafts/office supplies -> body paint; Arts and crafts/office supplies -> children's art and toys; Arts and crafts/office supplies -> children's art and toys -> bubble solution; Arts and crafts/office supplies -> children's art and toys -> crayons; Arts and crafts/office supplies -> children's art and toys -> finger paint; Arts and crafts/office supplies -> general arts and crafts supplies -> arts and crafts adhesive; Arts and crafts/office supplies -> home office -> pens and markers; Cleaning products and household care -> air freshener; Cleaning products and household care -> carpet and floor; Cons. electronics, mech. appliances, and machinery; Personal care; Personal care -> acne treatment -> face wash; Personal care -> bite relief; Personal care -> body care set; Personal care -> body hygiene; Personal care -> body hygiene -> bar soap; Personal care -> body hygiene -> body scrub; Personal care -> body hygiene -> body wash; Personal care -> body hygiene -> feminine hygiene; Personal care -> body hygiene -> hand sanitizer; Personal care -> body hygiene -> hand soap; Personal care -> body hygiene -> hand wipes; Personal care -> body powder; Personal care -> child specific; Personal care -> child specific -> baby lotion; Personal care -> child specific -> baby oil; Personal care -> child specific -> baby wash; Personal care -> child specific -> bath paints/crayons; Personal care -> child specific -> diaper cream; Personal care -> dental care; Personal care -> dental care -> mouthwash; Personal care -> dental care -> toothpaste; Personal care -> deodorant; Personal care -> eye care and contacts -> eye cream; Personal care -> facial cleansing and moisturizing; Personal care -> facial cleansing and moisturizing -> face cleansing wipes; Personal care -> facial cleansing and moisturizing -> face cream/moisturizer; Personal care -> facial cleansing and moisturizing -> face mask; Personal care -> facial cleansing and moisturizing -> face scrub; Personal care -> facial cleansing and moisturizing -> face wash; Personal care -> foot care; Personal care -> fragrance; Personal care -> general moisturizing; Personal care -> general moisturizing -> hand/body lotion; Personal care -> glitter; Personal care -> hair coloring; Personal care -> hair coloring -> hair color - temporary; Personal care -> hair styling and care; Personal care -> hair styling and care -> hair conditioner; Personal care -> hair styling and care -> hair conditioner - leave-in; Personal care -> hair styling and care -> hair conditioning treatment; Personal care -> hair styling and care -> hair relaxer; Personal care -> hair styling and care -> hair spray; Personal care -> hair styling and care -> hair styling; Personal care -> hair styling and care -> lice shampoo; Personal care -> hair styling and care -> shampoo; Personal care -> hair styling and care -> shampoo - dandruff; Personal care -> make-up and related; Personal care -> make-up and related -> blush/bronzer; Personal care -> make-up and related -> eye liner; Personal care -> make-up and related -> eye shadow; Personal care -> make-up and related -> foundation/concealer; Personal care -> make-up and related -> lip balm; Personal care -> make-up and related -> lip color; Personal care -> make-up and related -> lip gloss; Personal care -> make-up and related -> lip liner; Personal care -> make-up and related -> makeup remover; Personal care -> make-up and related -> mascara; Personal care -> nails; Personal care -> nails -> nail adhesive; Personal care -> nails -> nail polish; Personal care -> nails -> nail polish remover; Personal care -> self-tanner; Personal care -> sexual wellness; Personal care -> shaving and hair removal -> aftershave; Personal care -> shaving and hair removal -> shaving cream; Personal care -> specialized bath products -> bath oil; Personal care -> specialized bath products -> bubble bath; Personal care -> sunscreen; Pesticides -> insect repellent -> insect repellent - skin; Pet care -> all pets; Pet care -> all pets -> other pet treatments; Pet care -> all pets -> pesticide - pet; Pet care -> all pets -> pet shampoo; Pet care -> cats; Raw materials; Toys and children's products; contains fragrance allergens; cosmetics; fragrance; fragrance component; fragrance ingredient; liquid concentrate; personal care; preservative; preservative; skin-care; sunscreen";;;True;True;True;False;True;False;True;False;False;False;True;False;True;True;False;True;False;False;False;False;False;False;False;False;False;;152.149;1.96;1.99;8.57;8.55;0.0173;0.0266;1.749736316;2.1105;34.813317487602;13.75428115;7.08;;;;;;5.0;;0.88;0.25;0.38;>100 to < 1000 tonnes;100.0;1000.0;1;0;0;0;0;0;0;0;0;0;0;0;0;0;0;0;0;0;0;1;1;0;0;0;0;1;1;0;0;0;0;0;0;0;0;0;0;1;0;0;0;0;1;0;0;0;0;0;0;0;0;1;0;0;0;0;0;0;0;0;0;0;1;0;1;;0.0745989616347099;0.282810472375868;;;;0.480861164642986;0.543258968148765;False;0.0;0.0;0.0;1;2220.0;low ;0.685;1390.0;;0.85;11250.0;;1.0;0.332040630676618;0.0413673985246762;0.0340147939118697;0.0171046462315503;0.374262468043971;;;P_score_freshwater_pred_Dashboard;0.282810472375868;0.178704717005289;;;M_score_pred_Dashboard;0.543258968148765;0.512060066395876;kemi_score;0.88;0.391968526038225;1.0;;;0.302502147521277;1.0;0.374262468043971;0.5;0.385975338063293;0.75;0.374262468043971;0.25;0.324746441216164;0.75;0.0;PM;;;;Ar Oh, C O, C O Nocoo, Benzene, Ester, Ether, Methoxy, Phenol, Phenol Noorthohbond;['Alkylphenols', 'Ethylene Glycols', 'Phenols', 'PBDE', 'PhenylEthers', 'Phtalates']
311;Methyl-1H-benzotriazole;29385-43-1;249-596-6;HXQHRUJXQJEGER-UHFFFAOYSA-N;CC1=CC=CC2=NNN=C12;DTXSID0026171;;PRO-312;NS00073843;REACH-A;True;vPvM;MQ;vPvM;False;False;;;False;False;False;False;False;False;False;False;False;False;False;False;False;False;False;True;True;False;;;;True;True;True;True;True;True;True;True;True;True;True;False;True;True;False;True;False;False;True;True;True;False;False;False;False;PNEC aqua (freshwater);133.154;1.88;1.85;;6.21;0.0425;0.0238;2.130333768;1.9439;6063.24248803609;21.51758556;2.29;33.0;;;1.5;;8.0;0.51;0.89;0.38;0.5;>1000 to < 10000 tonnes;1000.0;10000.0;1;1;0;0;1;0;1;1;0;0;0;0;0;0;0;1;1;0;0;1;0;0;1;1;0;0;0;0;0;1;1;0;0;1;0;1;0;0;0;0;0;0;0;0;0;0;0;0;0;0;0;1;0;0;0;0;0;1;0;1;0;0;1;0;0;0.264636236383474;0.147661729793896;0.999625863290749;;;0.585786437626905;0.50972016442741;0.477430227041622;False;0.0;0.0;0.0;0;1470.0;low ;0.293;2860.0;low ;0.31;1250.0;low ;0.397;0.288415918241872;0.0305795767004752;0.0404143237079807;0.0432348939730977;0.346429728106708;;;P_score_freshwater_pred_Dashboard;0.999625863290749;0.470641276489373;M_score_exp_UBA;0.585786437626905;M_score_exp_UBA;0.585786437626905;0.524312276365312;kemi_score;0.89;0.765223675415762;1.0;0.585786437626905;0.5;0.496752452462612;1.0;0.420332203541938;1.0;0.567140329803804;1.0;0.469506433006526;0.75;0.456947538518889;1.0;0.0;vPvM;PM;PM;4;Ar N, Ar Nh, Nh0, Nh1, Nhpyrrole, Aryl Methyl, Benzene, Bicyclic, Para Hydroxylation;['Aromatic amines', 'Cyclohexanes', 'PAHs']
312;m-phenylenediamine;108-45-2;203-584-7;WZCQRUWWHSTZEM-UHFFFAOYSA-N;C1=CC(=CC(=C1)N)N;DTXSID4021137;7935.0;PRO-313;NS00005820;REACH-A;True;vPvM & PMT;MQ;vPvM & PMT;False;False;;;False;False;False;False;False;False;False;False;False;False;False;False;False;False;False;True;False;False;"Home maintenance -> adhesives and adhesive removers -> multipurpose adhesive; hair colorant; hair dyeing";"Adhesion/cohesion promoter; Flame retardant; Hardener; Intermediate; Intermediates; Other; Paint additives and coating additives not described by other categories; Processing aids, not otherwise listed";"Adhesion/cohesion promoter; Paint additives and coating additives not described by other categories";True;True;True;False;False;False;True;False;False;False;True;False;True;True;True;False;False;False;False;False;False;False;False;False;False;P-PNEC pred;108.144;-0.33;-0.28;;7.64;2.2;1.25;1.620136055;0.6994;984609.111229035;28.26421644;6.46;109.0;;;;-1.3;16.56139;0.71;0.75;0.29;0.38;>1000 to < 10000 tonnes;1000.0;10000.0;0;0;0;0;0;0;0;0;0;0;0;0;0;0;0;0;0;0;0;1;1;0;0;0;0;0;0;0;0;0;1;0;0;0;0;0;0;0;0;0;0;0;0;0;0;0;0;0;0;0;1;1;0;0;0;0;0;0;0;1;0;0;1;0;1;0.735086323720625;0.216389646703144;0.999999937738814;;;;0.711259138915348;0.565447729835401;True;0.0;0.5;0.0;0;14680.0;low ;0.7;111.6;;1.0;3530.0;;0.85;0.228095438802692;0.114288614274248;0.0152662610491214;0.0279830382349813;0.310901809611745;;;P_score_freshwater_pred_Dashboard;0.999999937738814;0.650491969387528;;;M_score_pred_Episuite;0.711259138915348;0.638353434375375;kemi_score;0.75;0.843361781581019;1.0;;;0.644394120621945;1.0;0.469830059515501;1.0;0.629473364037994;1.0;0.469830059515501;0.5;0.550232430926465;1.0;2.0;vPvM;;PM;4;Arn, Nh2, Aniline, Benzene;['Aromatic amines']
313;m-tolyl isocyanate;621-29-4;210-676-0;CPPGZWWUPFWALU-UHFFFAOYSA-N;Cc1cc(ccc1)N=C=O;DTXSID9060732;69303.0;PRO-314;NS00020856;REACH-B;False;vPvM & PMT;MQ;vPvM & PMT;False;False;;;False;False;False;False;False;False;False;False;False;False;False;False;False;False;False;False;False;False;;;;True;False;True;False;False;False;False;False;False;False;False;False;False;False;False;False;False;False;False;False;False;False;False;False;False;P-PNEC pred;133.15;;2.59;;4.0;;0.00968;1.749736316;2.7248;71.5216356192192;21.51758556;7.76;28.0;;;1.4;;9.69391;0.38;0.4;0.0;0.0;;;;0;0;0;0;0;0;0;0;0;0;0;0;0;0;0;0;0;0;1;0;0;0;0;0;0;0;0;0;0;0;0;0;0;0;0;0;0;0;0;0;0;0;0;0;0;0;0;0;0;0;1;1;0;0;0;0;0;0;0;0;0;0;0;0;0;0.213679536412558;0.147661729793896;0.574512174772964;;;0.60249894073436;0.376978451972653;0.543258968148765;False;0.0;0.0;0.0;0;1200.0;low ;0.425;683.1;low ;0.0;6310.0;low ;0.34;0.271604148355907;0.055488908020696;0.0439742233654184;0.0218806425842884;0.331557495619316;;;P_score_freshwater_pred_Dashboard;0.574512174772964;0.311951146993139;M_score_exp_UBA;0.60249894073436;M_score_exp_UBA;0.60249894073436;0.507578786951926;kemi_score;0.4;0.588339168116236;1.0;0.60249894073436;0.5;0.397919319434279;1.0;0.354953304443472;1.0;0.456982419636009;1.0;0.423415005453674;0.75;0.375822800446028;1.0;0.0;PM;PM;PM;1;C O Nocoo, Imine, Nh0, Aryl Methyl, Benzene, Isocyan;['PAHs']
314;N'-(1,3-dimethylbutylidene)-3-hydroxy-2-naphthohydrazide;214417-91-1;435-860-1;HPTJCEPNQHYWIH-UHFFFAOYSA-N;CC(C)CC(=NNC(=O)C1=CC2=CC=CC=C2C=C1O)C;DTXSID501036158;5779530.0;PRO-315;NS00077765;REACH-A;False;vPvM & PMT;MQ;PMT;False;False;;;False;False;False;False;False;False;False;False;False;False;False;False;False;False;False;False;False;True;;;;True;False;False;False;False;False;False;False;False;False;False;True;False;False;False;False;False;False;False;False;False;False;False;False;False;;284.359;;4.47;;10.6;;0.00049;3.42975228;;19.1059537282316;;38.9;111.0;;;;0.6;0.0276672368241239;;;0.23;0.34;>100 to < 1000 tonnes;100.0;1000.0;0;0;0;0;0;0;0;0;0;0;0;0;0;0;0;0;0;0;0;0;0;0;0;0;0;0;0;0;0;0;0;0;0;0;0;0;0;0;0;0;0;0;0;0;0;0;0;0;0;0;0;0;0;1;0;0;0;0;0;0;0;0;0;0;0;0.741094841348109;;0.123871291779415;;;;;0.270708925832658;True;0.0;0.0;0.0;0;254.2;low ;0.264;988.8;low ;0.329;219.799999999999;low ;0.548;0.826071094277268;0.0476473465705675;0.0827788856726557;0.087701543851215;0.852654074837652;;;P_score_freshwater_pred_UBA;0.741094841348109;0.432483066563762;;;M_score_pred_Dashboard;0.270708925832658;0.270708925832658;E_score_max;0.34;0.447907343589576;1.0;;;0.342165203359854;1.0;0.852654074837652;0.5;0.555115148894159;0.75;0.852654074837652;0.25;0.463889830323046;0.75;1.0;PM(T);(T);PM(T);1;Ar Oh, C O, C O Nocoo, Nh0, Nh1, Amide, Benzene, Bicyclic, Hdrzone, Phenol, Phenol Noorthohbond;['Alkylphenols', 'Cyclohexanes', 'Phenols']
315;N-(2-ethylhexyl)-8,9,10-trinorborn-5-ene-2,3-dicarboximide;113-48-4;204-029-1;WLLGXSLBOPFWQV-UHFFFAOYSA-N;CCCCC(CC)CN1C(=O)C2C3CC(C=C3)C2C1=O;DTXSID6032562;8227.0;PRO-316;NS00006960;REACH-A;False;vPvM;HQ;PM;False;False;;;False;False;False;False;False;False;False;False;False;False;False;False;False;False;False;False;False;False;"Pesticides; Pesticides -> insect repellent; Pesticides -> insect repellent -> insect repellent - skin; Pesticides -> insecticide; Pet care -> all pets -> pesticide - pet; Pet care -> all pets -> pet shampoo; antimicrobial; biocide; flea or tick repellant - liquid; insecticide";;;False;False;True;False;False;False;False;False;False;False;True;False;False;False;False;False;False;False;False;False;False;False;False;False;False;P-PNEC pred;275.392;3.7;3.76;;9.94;;0.000493;3.439332694;2.9423;107.7700725714;19.18563323;7.08;;388.0;;2.8;;0.21937;0.34;0.67;0.03;0.09;>1 to < 10 tonnes;1.0;10.0;0;0;0;0;0;0;1;0;0;0;0;0;0;0;0;0;0;0;0;0;0;0;0;0;0;0;0;0;0;0;0;0;0;0;0;0;0;0;0;0;0;0;0;0;0;0;0;0;0;0;0;0;0;0;0;0;0;0;0;0;0;0;0;0;0;;0.124645479539695;0.731291418168485;0.788012653983518;;0.364816894312544;0.342279460839539;0.26939989207198;False;0.0;0.0;0.0;0;235.4;low ;0.618;1040.0;moderate ;0.85;180.5;low ;0.7;0.658995889323297;0.0466622687769966;0.0853480148722035;0.0947922169009852;0.713315262921541;P_score_soil_exp_UBA;0.788012653983518;P_score_soil_exp_UBA;0.788012653983518;0.547983183897233;M_score_exp_UBA;0.364816894312544;M_score_exp_UBA;0.364816894312544;0.325498749074688;kemi_score;0.67;0.536171921220472;1.0;0.536171921220472;1.0;0.422336170452536;1.0;0.49247049596227;1.0;0.51385683995106;1.0;0.51385683995106;1.0;0.456057127261011;1.0;1.0;PM;PM;PM;1;C O, C O Nocoo, Nh0, Ndealkylation2, Allylic Oxid, Amide, Bicyclic, Imide;['Cyclohexanes']
316;N-(2-nitrophenyl)phosphoric triamide;874819-71-3;477-690-9;GDPVISFVPDYFPN-UHFFFAOYSA-N; NP(N)(=O)NC1=CC=CC=C1[N+]([O-])=O;;;PRO-317;NS00022857;REACH-A;False;vPvM & PMT;MQ;vPvM & PMT;False;False;;;False;False;False;False;False;False;False;False;False;False;False;False;False;False;False;True;False;False;;;;True;False;True;False;True;False;True;False;False;False;True;False;False;False;False;True;True;False;False;False;False;False;False;False;False;;;;;;;;;;;;;;164.0;;;;-1.9;19.51593;;0.13;0.23;0.35;>100 to < 1000 tonnes;100.0;1000.0;0;0;0;0;0;0;0;0;0;0;0;1;0;0;0;0;0;0;0;0;0;0;0;0;0;0;0;0;0;0;0;0;0;0;0;0;0;0;0;0;0;0;1;0;0;0;0;0;0;0;0;0;0;0;0;0;0;0;0;0;0;0;0;0;0;0.847993666973697;;;;;;;;True;0.0;0.0;0.75;0;570.3;low ;0.329;3230.0;low ;0.323;6770.0;low ;0.282;0.21578693321941;0.029051522266223;0.0597428787450575;0.0212360837171849;0.274594308309609;;;P_score_freshwater_pred_UBA;0.847993666973697;0.847993666973697;;;;;;E_score_max;0.35;0.847993666973697;0.5;;;0.847993666973697;0.5;0.274594308309609;0.5;0.482549722239658;0.5;0.274594308309609;0.25;0.482549722239658;0.5;;vPvM;;vPvM;3;Nh0, Nh1, Nh2, Aniline, Benzene, Nitro, Nitro Arom, Para Hydroxylation;['Aromatic amines', 'Nitrobenzene derivatives']
317;N-(4-{[3-(dimethylamino)propyl]sulfamoyl}phenyl)-2-[(2-methoxy-4-nitrophenyl)diazenyl]-3-oxobutanamide;1065519-44-9;700-222-4;MQLUSMUCKZNBBC-UHFFFAOYSA-N;CC(=O)C(C(=O)NC1=CC=C(C=C1)S(=O)(=O)NCCCN(C)C)N=NC2=C(C=C(C=C2)[N+](=O)[O-])OC;DTXSID301035685;102295369.0;PRO-318;NS00010022;REACH-B;False;vPvM;HQ;vPvM;False;False;;;False;False;False;False;False;False;False;False;False;False;False;False;False;False;False;True;False;False;;;;False;True;False;True;False;False;False;False;False;False;True;True;False;False;True;False;False;False;False;False;False;False;False;False;False;P-PNEC pred;520.56;;2.93;;9.63;;0.00123;4.350248018;;107.7700725714;;5.5;1548.0;;;;-1.3;0.01886;;0.3;0.04;0.12;>1 to < 10 tonnes;1.0;10.0;1;0;0;0;0;0;0;1;0;0;0;0;0;0;0;0;0;1;0;0;0;0;0;0;1;0;0;0;0;0;0;0;0;0;0;0;0;0;0;0;0;0;0;0;0;0;0;0;0;1;0;0;1;0;0;0;0;0;0;0;0;0;0;0;0;0.996152787914816;;0.731291418168485;;;;;0.163958105041091;False;0.0;0.0;0.0;0;250.2;low ;0.193;579.0;low ;0.0;1580.0;low ;0.0;0.848702204169041;0.0593745935197482;0.0833033912930636;0.0392162902768311;0.867248588913854;;;P_score_freshwater_pred_UBA;0.996152787914816;0.86372210304165;;;M_score_pred_Dashboard;0.163958105041091;0.163958105041091;kemi_score;0.3;0.404137753047044;1.0;;;0.376316674221081;1.0;0.867248588913854;0.5;0.521275702583653;0.75;0.867248588913854;0.25;0.497069186497745;0.75;1.0;PM(T);(T);PM(T);;C O, C O Nocoo, Nh0, Nh1, Amide, Aniline, Azo, Benzene, Ether, Ketone, Ketone Topliss, Methoxy, Nitro, Nitro Arom, Nitro Arom Nonortho, Sulfonamd, Unbrch Alkane;['Sulfonamides', 'Ethylene Glycols', 'Benzophenones', 'Nitrobenzene derivatives', 'PBDE', 'PhenylEthers']
318;N-(4-Methyl-3-nitro-phenyl)-4-(4-methyl-piperazin-1-ylmethyl)-benzamide;581076-60-0;611-622-2;GHWOXPOJAZVXAK-UHFFFAOYSA-N;C(=O)(c1ccc(CN2CCN(C)CC2)cc1)Nc1cc(N(=O)=O)c(C)cc1;DTXSID30652652;29984087.0;PRO-319;NS00009237;REACH-B;False;vPvM;HQ;PM;False;False;;;False;False;False;False;False;False;False;False;False;False;False;False;False;False;False;False;False;False;;;;True;False;True;False;False;False;False;False;False;False;False;False;False;False;False;False;False;False;False;False;False;False;False;False;False;P-PNEC pred;368.437;;2.59;;10.3;;0.000156;3.068185862;;34.813317487602;;17.4;980.0;;;;0.0;0.10801;;0.31;0.0;0.0;;;;0;0;0;0;0;0;0;0;0;0;0;0;0;0;0;0;0;0;1;0;0;0;0;0;0;0;0;1;0;0;0;0;0;0;0;0;0;0;0;0;0;0;0;0;0;0;0;0;0;0;0;1;0;0;0;0;0;0;0;0;0;0;0;0;0;0.991632692585764;;0.282810472375868;;;;;0.322914490499187;False;0.0;0.0;0.0;0;122.899999999999;low ;0.391;573.699999999999;low ;0.37;183.7;low ;0.649;0.724428517734258;0.0595980323427714;0.110116478063271;0.0941393669378726;0.774223100732871;;;P_score_freshwater_pred_UBA;0.991632692585764;0.637221582480816;;;M_score_pred_Dashboard;0.322914490499187;0.322914490499187;kemi_score;0.31;0.565873277058273;1.0;;;0.453616669272502;1.0;0.774223100732871;0.5;0.628205158926803;0.75;0.774223100732871;0.25;0.542102460823054;0.75;1.0;PM(T);(T);PM(T);2;C O, C O Nocoo, Nh0, Nh1, Ndealkylation1, Amide, Aniline, Aryl Methyl, Benzene, Nitro, Nitro Arom, Piperzine;['Nitrobenzene derivatives', 'PAHs']
319;N,N,N',N'-tetramethyl-2,2'-oxybis(ethylamine);3033-62-3;221-220-5;GTEXIOINCJRBIO-UHFFFAOYSA-N;CN(C)CCOCCN(C)C;DTXSID5027512;18204.0;PRO-320;NS00005315;REACH-A;True;vPvM;HQ;vPvM;False;False;;;False;False;False;False;False;False;False;False;False;False;False;False;False;False;False;True;False;True;"Construction and building materials; Furniture and furnishings; catalyst";"Catalyst; Intermediates; Other (specify); Process regulators; Propellants and blowing agents";"Catalyst; Not Known or Reasonably Ascertainable";True;True;True;True;True;True;True;True;True;False;True;True;False;False;True;False;False;True;False;False;False;False;True;False;False;P-PNEC pred;160.261;;-0.461;;4.42;;2.6;1.989894564;0.4051;214.862867704335;57.45019255;2.69;2500.0;;;;-5.5;34.72673;0.75;0.75;0.36;0.48;>1000 to < 10000 tonnes;1000.0;10000.0;1;1;0;0;0;0;0;1;1;0;0;0;0;0;0;0;0;0;0;0;0;0;0;0;0;0;0;0;0;0;1;0;0;0;0;0;0;0;0;0;0;0;0;1;0;0;0;0;0;0;0;0;0;0;1;0;0;0;0;1;1;1;0;0;0;0.99830091815794;0.481449121535842;0.898507246983325;;;;0.751289302726037;0.501751131458176;False;0.0;0.0;0.0;0;1150.0;low ;0.653;8100.0;moderate ;0.85;1490.0;low ;0.7;0.176438785372327;0.0196759709019651;0.0447578576900292;0.0401873334627801;0.238163726777554;;;P_score_freshwater_pred_UBA;0.99830091815794;0.792752428892369;;;M_score_pred_Episuite;0.751289302726037;0.626520217092106;kemi_score;0.75;0.866032794248371;1.0;;;0.704752030043151;1.0;0.422637900670498;1.0;0.604994447968687;1.0;0.422637900670498;0.5;0.545760861981426;1.0;2.0;vPvM;;vPvM;4;Nh0, Ndealkylation1, Ether, Unbrch Alkane;['Ethylene Glycols']
320;N,N-bis[3-(dimethylamino)propyl]-N',N'-dimethylpropane-1,3-diamine;33329-35-0;251-459-0;DTKANQSCBACEPK-UHFFFAOYSA-N;CN(C)CCCN(CCCN(C)C)CCCN(C)C;DTXSID5052703;118456.0;PRO-321;NS00006390;REACH-A;True;vPvM;HQ;vPvM;False;False;;;False;False;False;False;False;False;False;False;False;False;False;False;False;False;False;True;False;True;;"Catalyst; Process regulators; Propellants and blowing agents";"Catalyst; Not Known or Reasonably Ascertainable";True;True;True;True;True;True;True;True;True;False;True;True;True;False;True;False;False;True;False;False;False;False;True;False;False;P-PNEC pred;272.481;;0.702;;7.77;;0.468;2.720159303;0.9955;134.289779684935;247.6199084;30.9;981.0;;;;-6.1;2.37969;0.67;0.64;0.24;0.36;>100 to < 1000 tonnes;100.0;1000.0;0;1;0;0;0;0;0;1;1;0;0;0;0;0;0;0;0;0;0;0;0;0;0;0;0;0;0;0;0;0;1;0;0;0;0;0;0;0;0;0;0;0;0;1;0;0;0;0;0;0;0;0;0;0;1;0;0;0;0;1;1;1;0;0;0;0.991647146609439;0.918588250972198;0.798553329358552;;;;0.6673594531333;0.377734239617215;False;0.0;0.0;0.0;0;315.599999999999;low ;0.599;4150.0;low ;0.69;305.2;low ;0.0;0.406966411121747;0.0261337065996876;0.0759187020611036;0.0769459525023078;0.482660241300763;;;P_score_freshwater_pred_UBA;0.991647146609439;0.90292957564673;;;M_score_pred_Episuite;0.6673594531333;0.522546846375258;kemi_score;0.64;0.813501750128709;1.0;;;0.686893734323693;1.0;0.568667180054829;1.0;0.680155677926282;1.0;0.568667180054829;0.5;0.624991138253324;1.0;0.0;vPvM;;PM;4;Nh0;['Other']
321;N,N-dibutylformamide;761-65-9;212-090-0;NZMAJUHVSZBJHL-UHFFFAOYSA-N;CCCCN(CCCC)C=O;DTXSID3022114;12975.0;PRO-322;NS00009641;REACH-A;False;PMT;HQ;PMT;False;False;;;False;False;False;False;False;False;False;False;False;False;False;False;False;False;False;False;False;False;;;;True;True;True;False;False;False;True;False;False;False;False;False;False;False;False;False;False;False;False;False;False;False;False;False;False;P-PNEC pred;157.257;;2.02;;5.79;;0.0866;2.049218023;1.764;41.2643941086108;7.16066185;10.7;;;;;2.0;9.41567;0.54;0.63;0.06;0.12;>10 to < 100 tonnes;10.0;100.0;0;0;0;0;0;0;0;0;0;0;0;0;0;0;0;0;0;0;0;0;0;0;0;0;0;1;0;0;0;0;0;0;0;0;0;0;0;0;0;0;0;0;0;0;0;0;0;0;0;0;0;1;0;0;0;0;0;0;0;0;0;0;0;0;0;;0.025731269502042;0.345258688405079;;;;0.540804731998978;0.491471993629446;False;0.0;0.0;0.0;0;826.8;low ;0.404;1290.0;moderate ;0.85;3080.0;low ;0.7;0.274113536482828;0.0426725471104937;0.0513000684406744;0.02963975897225;0.335782195842644;;;P_score_freshwater_pred_Dashboard;0.345258688405079;0.18549497895356;;;M_score_pred_Episuite;0.540804731998978;0.516138362814212;kemi_score;0.63;0.432108241593732;1.0;;;0.309420546743986;1.0;0.425819663419889;1.0;0.428952428593665;1.0;0.425819663419889;0.5;0.362983957041798;1.0;0.0;PM;;;4;C O, C O Nocoo, Nh0, Amide;['Other']
322;N,N-dicyclohexylbenzothiazole-2-sulphenamide;4979-32-2;225-625-8;CMAUJSNXENPPOF-UHFFFAOYSA-N;C1CCCCC1N(C1CCCCC1)Sc1nc2ccccc2s1;DTXSID3027584;21080.0;PRO-323;NS00003781;REACH-A;True;PMT;HQ;Not PMT/vPvM;False;False;;;False;False;False;False;False;False;False;False;False;False;False;False;False;False;False;True;True;True;;"Antioxidant; Catalyst; Fuel; Other; Other (specify); Polymerization promoter";"Catalyst; Fuel; Not Known or Reasonably Ascertainable; Other";True;True;True;True;False;True;True;False;False;False;False;True;False;False;False;False;False;True;False;False;False;True;True;True;False;P-PNEC pred;346.55;4.8;6.08;;11.7;1.63e-07;3.56e-07;3.170261715;2.865;5.14531700117772e+140;46.66338817;389.0;;1000.0;;3.0;;0.02743;0.35;0.57;0.39;0.52;>1000 to < 10000 tonnes;1000.0;10000.0;0;0;0;0;0;0;0;0;0;0;0;0;0;0;0;0;0;0;0;0;0;0;0;0;0;0;0;0;0;0;1;0;0;0;0;0;0;0;0;0;0;1;0;0;0;0;0;0;0;0;0;0;1;1;1;0;0;0;0;0;0;0;0;0;0;;0.394187235317829;1.0;0.949380235019144;;0.333333333333333;0.354441548329458;0.307642593273491;False;0.0;0.0;0.0;0;33.4;low ;0.186;21.8;low ;0.398;19.0;;1.0;0.826607790648353;0.207764002216687;0.178910495489911;0.217762462960162;0.892633843772505;P_score_soil_exp_UBA;0.949380235019144;P_score_freshwater_pred_Dashboard;1.0;0.781189156778991;M_score_exp_UBA;0.333333333333333;M_score_pred_Episuite;0.354441548329458;0.33180582497876;kemi_score;0.57;0.595349937708452;1.0;0.562547845378252;1.0;0.509119939336023;1.0;0.558947086333202;1.0;0.576861433128262;1.0;0.560744575628864;1.0;0.533452065968449;1.0;3.0;PM;PM;PM;1;Ar N, Nh0, Benzene, Bicyclic, Para Hydroxylation, Thiazole;['Aromatic amines', 'Cyclohexanes']
323;N,N-Dimethyl-3-((perfluorohexyl)ethylsulfonyl)aminopropanamine N-oxide;80475-32-7;279-481-6;KBDMGVIUNQWTND-UHFFFAOYSA-N;O=N(C)(C)CCCNS(=O)(=O)CCC(F)(F)C(F)(F)C(F)(F)C(F)(F)C(F)(F)C(F)(F)F;DTXSID80880983;157337.0;PRO-324;NS00014253;;False;;;;False;False;;;False;False;False;False;False;False;False;False;False;False;False;False;False;False;False;True;False;True;;;;True;False;True;True;True;False;True;False;False;False;True;False;False;False;False;True;False;False;False;False;False;False;True;False;False;;528.33;;3.44;;8.39;;0.033;2.820201459;;134.289779684935;;42.7;;;;;;5.53796317480632;;0.65;0.12;0.24;>10 to < 100 tonnes;10.0;100.0;1;0;0;0;0;0;0;1;0;0;0;0;0;0;0;0;0;0;0;0;0;0;0;0;0;0;0;0;0;0;0;0;0;0;0;0;0;0;0;0;0;0;0;0;0;0;0;0;0;0;0;1;0;0;0;0;0;0;0;0;0;0;0;0;0;;;0.798553329358552;;;;;0.361578321314244;False;0.0;0.0;0.0;0;45.1;low ;0.152;37.8;low ;0.0;1320.0;low ;0.0;0.32227201190377;0.171150997695503;0.160545276651705;0.0422665329604457;0.482444489656938;;;P_score_freshwater_pred_Dashboard;0.798553329358552;0.798553329358552;;;M_score_pred_Dashboard;0.361578321314244;0.361578321314244;kemi_score;0.65;0.53734492861603;1.0;;;0.53734492861603;1.0;0.482444489656938;0.5;0.518383559836272;0.75;0.482444489656938;0.25;0.518383559836272;0.75;1.0;PM;;PM;2;Nh0, Nh1, N O, Alkyl Halide, Halogen, Quatn, Sulfonamd, Unbrch Alkane;['Sulfonamides', 'Organotins', 'PFAS']
324;N-[3-({[2,2-dimethyl-3-(morpholin-4-yl)propylidene]amino}methyl)-3,5,5-trimethylcyclohexyl]-2,2-dimethyl-3-(morpholin-4-yl)propan-1-imine;1217271-02-7;700-584-3;YXDMBOANBIPTTC-UHFFFAOYSA-N;CC(C)(CN1CCOCC1)C=NCC1(C)CC(CC(C)(C)C1)N=CC(C)(C)CN1CCOCC1;DTXSID301020191;89999443.0;PRO-325;NS00005355;REACH-B;False;vPvM;HQ;vPvM;False;False;;;False;False;False;False;False;False;False;False;False;False;False;False;False;False;False;True;True;True;;;Hardener;True;True;True;True;True;True;True;False;False;False;True;True;False;False;True;False;False;True;False;False;False;False;True;False;False;P-PNEC;476.75;;5.25;;11.7;;0.000537;4.11058971;;3612822.93074024;;89.1;8821.0;;;;-2.1;0.047984105;;0.34;0.01;0.01;Tonnage data confidential;;;1;1;0;0;0;0;0;1;1;0;0;0;0;0;0;0;0;0;0;0;0;0;0;0;0;0;0;0;0;0;1;0;0;0;0;0;0;0;0;0;0;0;0;0;0;0;0;0;0;0;0;0;0;0;0;0;0;0;0;0;0;1;0;0;0;0.999802859094257;;0.999999993253839;;;;;0.188016650836889;False;0.0;0.0;0.0;0;139.6;low ;0.0;5430.0;low ;0.229;671.6;low ;0.0;0.788999070026797;0.0233210904128812;0.104810129551376;0.0558766265146238;0.815812547582416;;;P_score_freshwater_pred_Dashboard;0.999999993253839;0.999901426174048;;;M_score_pred_Dashboard;0.188016650836889;0.188016650836889;kemi_score;0.34;0.433608867031681;1.0;;;0.433587496725024;1.0;0.815812547582416;0.5;0.535297929231909;0.75;0.815812547582416;0.25;0.535280341069339;0.75;1.0;PM(T);(T);PM(T);2;Imine, Nh0, Ether, Morpholine;['Ethylene Glycols']
325;N-butylbenzenesulphonamide;3622-84-2;222-823-6;IPRJXAGUEGOFGG-UHFFFAOYSA-N;CCCCNS(=O)(=O)C1=CC=CC=C1;DTXSID7027540;19241.0;PRO-326;NS00007746;REACH-A;True;vPvM;HQ;PM;False;False;;;False;False;False;False;False;False;False;False;False;True;False;False;False;False;True;False;False;True;plasticisers;"Intermediate; Other (specify); Plasticizer; Plasticizers";Plasticizers;False;True;True;False;False;True;True;False;False;False;True;True;False;False;False;False;False;False;False;False;False;False;True;False;False;P-PNEC pred;213.3;;2.18;;8.47;;0.00524;1.940018155;2.3425;79.0436316995644;14.06085241;3.63;985.0;;;;2.0;21.11155;0.44;0.56;0.34;0.45;>1000 to < 10000 tonnes;1000.0;10000.0;0;0;0;0;0;0;0;0;0;0;0;0;0;0;0;0;0;0;0;0;0;0;0;0;0;0;0;0;0;0;1;0;0;0;0;0;0;0;0;0;0;0;0;0;0;0;0;0;0;0;0;0;0;0;1;0;0;0;0;1;0;0;0;0;0;0.991704569698466;0.0772425820079385;0.615676278997465;;;;0.44092646180926;0.510392564694419;False;0.0;0.0;0.0;0;424.099999999999;low ;0.249;484.5;low ;0.417;1590.0;moderate ;0.85;0.210067246272101;0.0638467338432597;0.0673913949761154;0.0391131803747419;0.301322014305097;;;P_score_freshwater_pred_UBA;0.991704569698466;0.561541143567956;;;M_score_pred_Dashboard;0.510392564694419;0.475659513251839;kemi_score;0.56;0.711448268497138;1.0;;;0.516819491718739;1.0;0.364117681930228;1.0;0.508970425799429;1.0;0.364117681930228;0.5;0.433800778354518;1.0;0.0;vPvM;;PM;2;Nh1, Benzene, Sulfonamd, Unbrch Alkane;['Sulfonamides']
326;N-EtFOSE;;;;;;74322.0;PRO-327;;;False;;;;False;False;< 0,8;;False;False;False;False;False;False;False;False;False;False;False;False;False;False;True;False;False;False;;;;False;False;False;False;False;False;False;False;False;False;False;False;False;False;False;False;False;False;False;False;False;False;False;False;False;;;;;;;;;;;;;;;;;;;;;;;;;;;0;0;0;0;0;0;0;0;0;0;0;0;0;0;0;0;0;0;0;0;0;0;0;0;0;0;0;0;0;0;0;0;0;0;0;0;0;0;0;0;0;0;0;0;0;0;0;0;0;0;0;0;0;0;0;0;0;0;0;0;0;0;0;0;0;;;;;;;;;True;0.0;0.0;0.0;0;;;;;;;;;;;;;;;;;;;;;;;;;;;;;;;;;;;;;;;;;;;;;2;Error;['Error']
327;N-Ethyl perfluorooctane sulfonamide;4151-50-2;223-980-3;CCEKAJIANROZEO-UHFFFAOYSA-N;CCNS(=O)(=O)C(C(C(C(C(C(C(C(F)(F)F)(F)F)(F)F)(F)F)(F)F)(F)F)(F)F)(F)F;DTXSID1032646;77797.0;PRO-328;NS00000371;;False;;;;False;False;< 0,6;<LOD;False;False;False;True;False;True;False;False;False;False;False;False;False;False;True;False;False;False;"Pesticides -> insecticide; Raw materials";;;False;False;False;False;False;False;False;False;False;False;False;False;False;False;False;False;False;False;False;False;False;False;False;False;False;;527.2;6.8;7.57;;4.92;;3.2e-07;2.519827994;4.8039;134.289779684935;5009.540072;93.3;;;;;;0.19129;;0.52;;;;;;0;0;0;0;0;0;0;0;0;0;0;0;0;0;0;0;0;0;0;0;0;0;0;0;0;0;0;0;0;0;0;0;0;0;0;0;0;0;0;0;0;0;0;0;0;0;0;0;0;0;0;0;0;0;0;0;0;0;0;0;0;0;0;0;0;;0.999481560339367;0.798553329358552;;;;0.125262163219622;0.410882756692028;False;0.0;0.0;0.0;0;25.7;low ;0.18;0.8;low ;0.0;176.3;low ;0.0;0.672234259509145;0.524208559890634;0.196244604786331;0.0956732233385606;0.672234259509145;;;P_score_freshwater_pred_RIVM;0.999481560339367;0.899017444848959;;;M_score_pred_Dashboard;0.410882756692028;0.268072459955825;kemi_score;0.52;0.640835188465091;1.0;;;0.490919359960331;1.0;0.672234259509145;0.5;0.651135111442717;0.75;0.672234259509145;0.25;0.545147033978632;0.75;1.0;PM(T);(T);PM(T);4;Nh1, Alkyl Halide, Halogen, Sulfonamd;['Sulfonamides', 'PFAS']
328;N-Ethyl perfluorooctane sulfonamidoacetic acid;2991-50-6;221-061-1;CKRXVVGETMYFIO-UHFFFAOYSA-N;CCN(CC(=O)O)S(=O)(=O)C(C(C(C(C(C(C(C(F)(F)F)(F)F)(F)F)(F)F)(F)F)(F)F)(F)F)(F)F;DTXSID5062760;18134.0;PRO-329;NS00000428;;False;;;;True;True;<0,3;<LOD;True;True;True;False;False;True;False;False;False;False;False;False;False;False;True;False;False;False;;;;False;False;False;False;False;False;False;False;False;False;False;False;False;False;False;False;False;False;False;False;False;False;False;False;False;;585.23;;7.35;;7.71;;1.15e-06;4.910090546;3.7141;87.3567230134409;3158.723205;26.9;;;;;;0.3008;0.23;;;;;;;0;0;0;0;0;0;0;0;0;0;0;0;0;0;0;0;0;0;0;0;0;0;0;0;0;0;0;0;0;0;0;0;0;0;0;0;0;0;0;0;0;0;0;0;0;0;0;0;0;0;0;0;0;0;0;0;0;0;0;0;0;0;0;0;0;;0.998860223195251;0.655247715497613;;;;0.233594699560175;0.117417008004701;False;0.0;0.0;0.0;0;48.3;low ;0.182;1.2;low ;0.0;203.5;low ;0.0;0.627550378549763;0.480215024513237;0.156573510857335;0.0904161394547033;0.627550378549763;;;P_score_freshwater_pred_RIVM;0.998860223195251;0.827053969346432;;;M_score_pred_Episuite;0.233594699560175;0.175505853782438;;;0.483040840654187;1.0;;;0.380989255772784;1.0;0.379916552767111;1.0;0.42838675402849;1.0;0.379916552767111;0.5;0.38045252620334;1.0;1.0;PM;;PM;2;Al Coo, Coo, Coo2, C O, Nh0, Ndealkylation1, Alkyl Halide, Halogen, Sulfonamd;['Sulfonamides', 'Alkylphenols', 'PFAS']
329;N-isopropyl-N'-phenyl-p-phenylenediamine;101-72-4;202-969-7;OUBMGJOQLXMSNT-UHFFFAOYSA-N;CC(C)NC1=CC=C(C=C1)NC2=CC=CC=C2;DTXSID1025485;7573.0;PRO-330;NS00008626;REACH-A;False;vPvM & PMT;MQ;PMT;False;False;;;False;False;False;False;False;False;False;False;False;False;False;False;False;False;False;False;False;True;;"Antioxidant; Other (specify); Processing aids, not otherwise listed";Not Known or Reasonably Ascertainable;True;True;True;True;False;True;True;False;False;False;False;True;False;False;False;False;False;False;False;False;False;True;True;False;False;P-PNEC pred;226.323;;3.16;;9.11;;0.000268;2.459392488;2.6744;639.061056569552;45.07082331;27.5;290.0;;;;0.4;0.13707;0.39;0.72;0.34;0.45;>1000 to < 10000 tonnes;1000.0;10000.0;0;0;0;0;0;0;0;0;0;0;0;0;0;0;0;0;0;0;0;0;0;0;0;0;0;0;0;0;0;0;1;0;0;0;0;0;0;0;0;0;0;0;0;0;0;0;0;0;0;0;0;0;1;1;1;0;0;0;0;0;0;0;0;0;0;0.936635901632974;0.380103875820697;0.982776630059013;;;;0.385217968513658;0.421059243364851;True;0.0;0.0;0.0;0;82.1;low ;0.7;352.7;moderate ;0.85;89.2;good ;1.0;0.703299075846965;0.0726009823706498;0.128493706812391;0.12451357998162;0.703299075846965;;;P_score_freshwater_pred_Dashboard;0.982776630059013;0.766505469170895;;;M_score_pred_Dashboard;0.421059243364851;0.403138605939255;kemi_score;0.72;0.643278465556952;1.0;;;0.555884831854917;1.0;0.523723819947418;1.0;0.580431094335409;1.0;0.523723819947418;0.5;0.539564757549903;1.0;0.0;PM;;PM;;Nh1, Aniline, Benzene, Para Hydroxylation;['Aromatic amines']
330;Nitrobenzene;98-95-3;202-716-0;LQNUZADURLCDLV-UHFFFAOYSA-N;O=N(=O)c1ccccc1;DTXSID3020964;7416.0;PRO-331;NS00001683;REACH-C;False;vPvM & PMT;MQ;vPvM & PMT;False;False;;;False;False;False;False;False;False;False;False;False;False;False;False;False;False;False;False;False;False;;"Intermediate; Intermediates; Laboratory chemicals";;True;True;True;False;False;False;True;False;False;False;True;False;False;False;False;False;False;False;False;False;False;False;False;False;False;P-PNEC exp;123.111;1.85;1.85;;3.87;0.0164;0.013;1.940018155;2.1675;190.56626845863;23.75000003;4.68;;;;1.7;;0.36;0.47;0.75;0.0;0.0;;;;0;0;0;0;0;0;0;0;0;0;0;0;0;0;0;0;0;0;1;0;0;0;0;0;0;0;0;0;0;0;0;0;0;0;0;0;0;0;0;0;0;0;0;0;0;0;0;0;0;0;1;1;1;0;0;0;0;0;0;0;0;0;0;0;0;;0.170185924757459;0.878211981357631;;;0.551799518660109;0.471007022576594;0.510392564694419;True;0.5;0.0;0.75;0;4220.0;moderate ;0.85;1240.0;good ;1.0;387.2;moderate ;0.85;0.609139717266773;0.0433794210147926;0.0259494584911411;0.0699189285516568;0.609139717266773;;;P_score_freshwater_pred_Dashboard;0.878211981357631;0.524198953057545;M_score_exp_UBA;0.551799518660109;M_score_exp_UBA;0.551799518660109;0.511066368643707;kemi_score;0.75;0.696129979669517;1.0;0.551799518660109;0.5;0.51759101169355;1.0;0.535066039957109;1.0;0.610307718710153;1.0;0.540586709484899;0.75;0.526255995637353;1.0;0.0;PM;PM;PM;3;Nh0, Benzene, Nitro, Nitro Arom, Nitro Arom Nonortho, Para Hydroxylation;['Nitrobenzene derivatives']
331;N-MeFOSE;;;;;;;PRO-332;;;False;;;;False;False;< 0,6;;False;False;False;False;False;False;False;False;False;False;False;False;False;False;True;False;False;False;;;;False;False;False;False;False;False;False;False;False;False;False;False;False;False;False;False;False;False;False;False;False;False;False;False;False;;;;;;;;;;;;;;;;;;;;;;;;;;;0;0;0;0;0;0;0;0;0;0;0;0;0;0;0;0;0;0;0;0;0;0;0;0;0;0;0;0;0;0;0;0;0;0;0;0;0;0;0;0;0;0;0;0;0;0;0;0;0;0;0;0;0;0;0;0;0;0;0;0;0;0;0;0;0;;;;;;;;;True;0.0;0.0;0.0;0;320.6;low ;0.205;;;;2530.0;low ;0.0;;;0.075441171252896;0.0321980829172961;;;;;;;;;;;;;;;;;;;;;;;;;;;;;;;;;Error;['Error']
332;N-Methyl perfluorobutane sulfonamide;68298-12-4;614-396-3;GFZPUWKGPNHWHD-UHFFFAOYSA-N;CNS(=O)(=O)C(C(C(C(F)(F)F)(F)F)(F)F)(F)F;DTXSID1071373;109968.0;PRO-333;NS00011240;;False;;;;False;False;;;False;False;False;False;False;True;False;False;False;False;False;False;False;False;True;False;False;False;;Intermediate;;False;False;True;False;False;False;False;False;False;False;False;False;False;False;False;False;False;False;False;False;False;False;False;False;False;;313.14;;3.64;;4.07;;0.000532;1.640481437;;87.3567230134409;;2.19;;;;;;1.14001;;0.35;0.0;0.0;;;;0;0;0;0;0;0;0;0;0;0;0;0;0;0;0;0;0;0;0;0;0;0;0;0;0;0;0;0;0;0;0;0;0;0;0;0;0;0;0;0;0;0;0;0;0;0;0;0;0;0;0;0;0;0;0;0;0;0;0;0;0;0;0;0;0;;;0.655247715497613;;;;;0.561979406183193;False;0.0;0.0;0.0;0;165.0;low ;0.199;707.8;low ;0.197;3010.0;low ;0.0;0.485776673196436;0.0546859407551484;0.0981913754769682;0.0299282700861113;0.496127593827479;;;P_score_freshwater_pred_Dashboard;0.655247715497613;0.655247715497613;;;M_score_pred_Dashboard;0.561979406183193;0.561979406183193;kemi_score;0.35;0.606824292574253;1.0;;;0.606824292574253;1.0;0.496127593827479;0.5;0.567422343384152;0.75;0.496127593827479;0.25;0.567422343384152;0.75;0.0;PM;;PM;1;Nh1, Alkyl Halide, Halogen, Sulfonamd;['Sulfonamides', 'PFAS']
333;N-Methyl Perfluorobutane Sulfonylamide Acetate;159381-10-9;;SKGBGOQHXBAKKO-UHFFFAOYSA-N;CN(CC(=O)O)S(=O)(=O)C(C(C(C(F)(F)F)(F)F)(F)F)(F)F;DTXSID101022260;22286935.0;PRO-334;NS00074974;;False;;;;False;False;;;False;False;False;False;False;True;False;False;False;False;False;False;False;False;True;False;False;False;;;;False;False;False;False;False;False;False;False;False;False;False;False;False;False;False;False;False;False;False;False;False;False;False;False;False;;371.17;;3.16;;5.68;;6.03e-05;2.469822016;;87.3567230134409;;6.31;;;;;;2.96669477618635;;;;;;;;0;0;0;0;0;0;0;0;0;0;0;0;0;0;0;0;0;0;0;0;0;0;0;0;0;0;0;0;0;0;0;0;0;0;0;0;0;0;0;0;0;0;0;0;0;0;0;0;0;0;0;0;0;0;0;0;0;0;0;0;0;0;0;0;0;;;0.655247715497613;;;;;0.419298006434155;False;0.0;0.0;0.0;0;;;;986.8;low ;0.217;;;;0.384078427770867;0.0476872632771675;;;;;;P_score_freshwater_pred_Dashboard;0.655247715497613;0.655247715497613;;;M_score_pred_Dashboard;0.419298006434155;0.419298006434155;;;0.524160338855091;1.0;;;0.524160338855091;1.0;;;0.524160338855091;0.5;;;0.524160338855091;0.5;0.0;PM;;PM;1;Al Coo, Coo, Coo2, C O, Nh0, Ndealkylation1, Alkyl Halide, Halogen, Sulfonamd;['Sulfonamides', 'Alkylphenols', 'PFAS']
334;N-Methyl perfluorooctane sulfonamide;31506-32-8;250-665-8;SRMWNTGHXHOWBT-UHFFFAOYSA-N;CNS(=O)(=O)C(C(C(C(C(C(C(C(F)(F)F)(F)F)(F)F)(F)F)(F)F)(F)F)(F)F)(F)F;DTXSID1067629;3034468.0;PRO-335;NS00010968;;False;;;;False;False;< 0,7;<LOD;False;False;False;False;False;True;False;False;False;False;False;False;False;False;True;False;False;False;;;;False;False;False;False;False;False;False;False;False;False;False;False;False;False;False;False;False;False;False;False;False;False;False;False;False;;513.17;;6.84;;4.56;;3.64e-07;2.250420002;4.5329;134.289779684935;4715.563301;81.3;;;;;;0.18329;;0.49;;;;;;0;0;0;0;0;0;0;0;0;0;0;0;0;0;0;0;0;0;0;0;0;0;0;0;0;0;0;0;0;0;0;0;0;0;0;0;0;0;0;0;0;0;0;0;0;0;0;0;0;0;0;0;0;0;0;0;0;0;0;0;0;0;0;0;0;;0.999425125862336;0.798553329358552;;;;0.147333158263329;0.456714146894124;False;0.0;0.0;0.0;0;33.2;low ;0.175;1.0;low ;0.0;279.4;low ;0.0;0.676309112436932;0.5;0.179293991929686;0.0797149434421075;0.688206457870333;;;P_score_freshwater_pred_RIVM;0.999425125862336;0.898989227610444;;;M_score_pred_Dashboard;0.456714146894124;0.302023652578727;kemi_score;0.49;0.675612014208428;1.0;;;0.521071981737489;1.0;0.688206457870333;0.5;0.679784342309834;0.75;0.688206457870333;0.25;0.571704216891978;0.75;1.0;PM(T);(T);PM(T);;Nh1, Alkyl Halide, Halogen, Sulfonamd;['Sulfonamides', 'PFAS']
335;N-Methyl perfluorooctane sulfonamidoacetic acid;2355-31-9;;QNDHIRFIMVNHBN-UHFFFAOYSA-N;CN(CC(=O)O)S(=O)(=O)C(C(C(C(C(C(C(C(F)(F)F)(F)F)(F)F)(F)F)(F)F)(F)F)(F)F)(F)F;DTXSID10624392;22286931.0;PRO-336;NS00000427;;False;;;;False;False;< 0,2;< LOD;True;True;True;False;False;True;False;False;False;False;False;False;False;False;True;False;False;False;;;;False;False;False;False;False;False;False;False;False;False;False;False;False;False;False;False;False;False;False;False;False;False;False;False;False;;571.2;;6.63;;7.46;;1.72e-06;4.170261715;;87.3567230134409;;5.37;;;;;;0.41093;;0.06;;;;;;0;0;0;0;0;0;0;0;0;0;0;0;0;0;0;0;0;0;0;0;0;0;0;0;0;0;0;0;0;0;0;0;0;0;0;0;0;0;0;0;0;0;0;0;0;0;0;0;0;0;0;0;0;0;0;0;0;0;0;0;0;0;0;0;0;;;0.655247715497613;;;;;0.181783464917471;False;0.0;0.0;0.0;0;49.7;low ;0.178;1.3;low ;0.0;199.1;low ;0.0;0.595375338464459;0.47154494147332;0.154941741007985;0.091199908071612;0.608227454614641;;;P_score_freshwater_pred_Dashboard;0.655247715497613;0.655247715497613;;;M_score_pred_Dashboard;0.181783464917471;0.181783464917471;kemi_score;0.06;0.345127802563649;1.0;;;0.345127802563649;1.0;0.608227454614641;0.5;0.416877674439314;0.75;0.608227454614641;0.25;0.416877674439314;0.75;1.0;PM(T);(T);PM(T);4;Al Coo, Coo, Coo2, C O, Nh0, Ndealkylation1, Alkyl Halide, Halogen, Sulfonamd;['Sulfonamides', 'Alkylphenols', 'PFAS']
336;Nonadecafluorodecanoic acid;335-76-2;206-400-3;PCIUEQPBYFRTEM-UHFFFAOYSA-N;C(=O)(C(C(C(C(C(C(C(C(C(F)(F)F)(F)F)(F)F)(F)F)(F)F)(F)F)(F)F)(F)F)(F)F)O;DTXSID3031860;9555.0;PRO-337;NS00000369;;False;;;;True;True;x;<3.5;True;True;True;True;True;True;False;False;False;False;False;False;False;False;True;False;False;False;;;;False;False;False;False;False;False;False;False;False;False;False;False;False;False;False;False;False;False;False;False;False;False;False;False;False;;514.086;4.15;7.32;;4.28;0.00525;0.00081;2.599883072;3.5575;134.289779684935;3515.804812;29.5;;;;;;0.16553;0.25;0.39;;;;;;0;0;0;0;0;0;0;0;0;0;0;0;0;0;0;0;0;0;0;0;0;0;0;0;0;0;0;0;0;0;0;0;0;0;0;0;0;0;0;0;0;0;0;0;0;0;0;0;0;0;0;0;0;0;0;0;0;0;0;0;0;0;0;0;0;;0.999050734224136;0.798553329358552;;;;0.253586124232533;0.397520470009018;False;0.0;0.0;0.0;0;59.3;low ;0.182;0.6;low ;0.0;465.5;low ;0.0;0.685922157053528;0.555235828478233;0.145162859174632;0.0648930920106241;0.695268606779058;;;P_score_freshwater_pred_RIVM;0.999050734224136;0.898802031791344;;;M_score_pred_Dashboard;0.397520470009018;0.325553297120775;kemi_score;0.39;0.630192920804124;1.0;;;0.540932495703969;1.0;0.416913842052245;1.0;0.512577947093487;1.0;0.416913842052245;0.5;0.474891824603089;1.0;1.0;PM;;PM;;Al Coo, Coo, Coo2, C O, Alkyl Halide, Halogen;['Alkylphenols', 'PFAS']
337;Norethisterone;68-22-4;200-681-6;VIKNJXKGJWUCNN-XGXHKTLJSA-N;C[C@]12CC[C@H]3[C@@H](CCC4=CC(=O)CC[C@H]34)[C@@H]1CC[C@@]2(O)C#C;DTXSID9023380;6230.0;PRO-338;NS00009098;REACH-B;False;PMT;MQ;Potential PMT/vPvM;False;False;;;False;False;False;False;False;False;False;False;False;False;False;False;False;False;False;False;False;False;;;;False;True;True;False;False;False;True;False;False;False;False;False;False;False;False;False;False;False;False;False;False;False;False;False;False;P-PNEC pred;298.426;2.97;3.08;;11.0;2.6e-05;0.000119;5.720159303;2.352;2.69507516429934e+42;90.63381042;79.4;108.0;;;;2.7;4.51556;0.44;0.44;0.03;0.09;>1 to < 10 tonnes;1.0;10.0;0;0;0;0;0;0;0;0;0;0;0;0;0;0;0;0;0;0;0;0;0;0;0;0;0;0;0;0;0;0;0;0;0;0;0;0;0;0;0;0;0;0;0;0;0;0;0;0;0;0;0;1;0;0;0;0;0;0;0;0;0;0;0;0;0;0.732006749794454;0.669327262357558;1.0;;;;0.439303853509019;0.0705272760788202;False;0.0;0.0;0.0;0;33.4;;0.34;363.4;low ;0.553;84.7;low ;0.694;0.341928571974205;0.0717319073874447;0.178910495489911;0.126985039714984;0.366064428451654;;;P_score_freshwater_pred_Dashboard;1.0;0.800444670717337;;;M_score_pred_Episuite;0.439303853509019;0.254915564793919;kemi_score;0.44;0.662800010190871;1.0;;;0.451714296123327;1.0;0.401333213824532;1.0;0.515755424802139;1.0;0.401333213824532;0.5;0.425779227057475;1.0;1.0;PM;;PM;3;Al Oh, C O, C O Nocoo, Allylic Oxid, Bicyclic, Ketone, Term Acetylene;['Alkylphenols', 'Cyclohexanes', 'Terpenoid', 'Acrylics/Acrylates']
338;Octyl (R)-2-(4-chloro-2-methylphenoxy)propionate;66423-13-0;266-358-7;QWQMRXFSCXUHMR-OAHLLOKOSA-N;CCCCCCCCOC(=O)C(C)OC1=C(C=C(C=C1)Cl)C;DTXSID00216644;6455325.0;PRO-339;NS00003605;REACH-A;True;vPvM;HQ;vPvM;False;False;;;False;False;False;False;False;False;False;False;False;False;False;False;False;False;False;True;True;True;antiroot;;;True;True;True;False;False;False;True;False;False;False;False;True;False;False;False;False;False;True;False;False;False;False;False;False;False;P-PNEC pred;326.86;;6.26;;9.24;;2.83e-06;3.399673721;4.5993;107.7700725714;35.33827319;407.0;67.0;;;1.9;;0.03819;0.14;0.3;0.26;0.39;>100 to < 1000 tonnes;100.0;1000.0;1;1;0;0;0;0;0;0;0;0;0;0;0;0;0;0;0;0;0;0;0;0;0;0;0;0;0;0;0;0;0;0;0;0;0;0;0;0;0;0;0;0;0;0;0;0;0;0;0;0;0;0;1;0;0;0;0;0;0;0;0;1;0;0;0;0.54702095628792;0.288028674339792;0.731291418168485;;;0.517321744832185;0.141644559025832;0.27484464708886;False;0.0;0.0;0.0;0;20.8;low ;0.68;58.3;moderate ;0.85;128.3;low ;0.7;0.805032589520766;0.146081813860388;0.211140684525368;0.108299801330109;0.813471527785055;;;P_score_freshwater_pred_Dashboard;0.731291418168485;0.522113682932066;M_score_exp_UBA;0.517321744832185;M_score_exp_UBA;0.517321744832185;0.311270316982292;E_score_max;0.39;0.61507150188228;1.0;0.517321744832185;0.5;0.403135822753394;1.0;0.337470019246018;1.0;0.455596522789507;1.0;0.389114166144488;0.75;0.368844484658978;1.0;1.0;PM;PM;PM;4;C O, C O Nocoo, Aryl Methyl, Benzene, Ester, Ether, Halogen, Unbrch Alkane;['Chlorobenzenes', 'Ethylene Glycols', 'PAHs', 'PBB', 'PBDE', 'PhenylEthers', 'Phtalates']
339;o-phenylenediamine;95-54-5;202-430-6;GEYOCULIXLDCMW-UHFFFAOYSA-N;Nc1ccccc1N;DTXSID3025881;7243.0;PRO-340;;REACH-B;False;vPvM & PMT;MQ;vPvM & PMT;False;False;;;False;False;False;False;False;False;False;False;False;False;False;False;False;False;False;False;False;False;;;;True;True;True;False;False;False;True;False;False;False;True;False;False;False;False;False;False;False;False;False;False;False;False;False;False;P-PNEC pred;108.144;0.15;0.179;;7.6;0.38;0.425;1.620136055;0.9649;5348061522.75056;28.26421644;7.94;109.0;;;0.0;;15.94137;0.67;0.72;0.03;0.09;>1 to < 10 tonnes;1.0;10.0;0;0;0;0;0;0;0;0;0;0;0;0;0;0;0;0;0;0;1;0;1;0;0;0;0;0;1;0;0;0;0;0;0;1;0;0;0;1;0;0;0;1;0;0;0;0;0;0;0;0;1;1;0;0;0;0;0;0;0;0;0;0;0;0;0;0.735086323720625;0.216389646703144;0.999999999999974;;;0.8;0.67205111561811;0.565447729835401;True;0.5;0.5;0.0;0;8000.0;low ;0.7;112.8;;1.0;326.1;;1.0;0.231026223593259;0.113819267461807;0.0197803048531935;0.0749275231969228;0.234144383416153;;;P_score_freshwater_pred_Dashboard;0.999999999999974;0.650491990141248;M_score_exp_UBA;0.8;M_score_exp_UBA;0.8;0.679166281817837;kemi_score;0.72;0.894427190999904;1.0;0.8;0.5;0.664674526589154;1.0;0.39607668056681;1.0;0.595198918698563;1.0;0.500667627498352;0.75;0.513090713372156;1.0;0.0;vPvM;vPvM;PM;3;Arn, Nh2, Aniline, Benzene, Para Hydroxylation;['Aromatic amines']
340;Oxybenzone;131-57-7;205-031-5;DXGLGDHPHMLXJC-UHFFFAOYSA-N;COc1ccc(C(=O)c2ccccc2)c(O)c1;DTXSID3022405;4632.0;PRO-341;NS00000222;REACH-A;True;PMT;HQ;Not PMT/vPvM;False;False;;;False;False;False;False;False;False;False;False;False;False;False;True;True;False;True;True;True;True;"Cleaning products and household care -> air freshener; Construction and building materials; Personal care; Personal care -> body care set; Personal care -> body hygiene; Personal care -> body hygiene -> bar soap; Personal care -> body hygiene -> body wash; Personal care -> body hygiene -> hand sanitizer; Personal care -> body hygiene -> hand soap; Personal care -> child specific; Personal care -> child specific -> baby lotion; Personal care -> eye care and contacts -> eye cream; Personal care -> facial cleansing and moisturizing; Personal care -> facial cleansing and moisturizing -> face cream/moisturizer; Personal care -> facial cleansing and moisturizing -> face mask; Personal care -> fragrance; Personal care -> general moisturizing -> hand/body lotion; Personal care -> hair styling and care; Personal care -> hair styling and care -> hair conditioner; Personal care -> hair styling and care -> hair conditioner - leave-in; Personal care -> hair styling and care -> hair spray; Personal care -> hair styling and care -> hair styling; Personal care -> hair styling and care -> shampoo; Personal care -> make-up and related; Personal care -> make-up and related -> blush/bronzer; Personal care -> make-up and related -> eye liner; Personal care -> make-up and related -> foundation/concealer; Personal care -> make-up and related -> lip balm; Personal care -> make-up and related -> lip color; Personal care -> make-up and related -> lip gloss; Personal care -> make-up and related -> makeup primer; Personal care -> make-up and related -> mascara; Personal care -> nails -> nail polish; Personal care -> nails -> nail polish remover; Personal care -> self-tanner; Personal care -> shaving and hair removal -> aftershave; Personal care -> shaving and hair removal -> depilatory; Personal care -> sunscreen; Raw materials; UV stabilizer; Vehicle -> car interior -> auto air freshener; fragrance; fragrance component; sunscreen agent; ultraviolet light absorber; uv absorber; uv absorber / uv filter; uv filter";"Adsorbents and absorbents; Photosensitive chemicals; UV stabilizer";"Adsorbents and absorbents; Fragrance; Other (specify); Photosensitive chemicals";True;True;True;True;True;True;True;False;False;True;True;True;True;False;True;True;False;True;False;False;False;False;True;False;False;P-PNEC pred;228.247;3.79;3.71;;9.72;;0.000336;2.630427875;3.4398;34.813317487602;28.13768156;93.3;;;;3.2;;1.5411;0.27;0.84;0.26;0.39;>100 to < 1000 tonnes;100.0;1000.0;0;1;0;0;0;0;0;1;1;1;0;0;0;0;0;0;0;0;0;0;0;0;0;0;0;0;0;0;1;0;1;0;0;0;0;0;0;1;0;0;0;0;0;0;0;0;0;1;0;0;0;0;1;0;1;0;0;0;0;1;0;1;0;0;0;;0.215091840001743;0.282810472375868;;;0.303269545022927;0.269336143343644;0.392460975525574;False;0.0;0.0;0.0;0;95.0;moderate ;0.85;1010.0;moderate ;0.85;226.399999999999;;1.0;0.453179866835045;0.0472310293121565;0.121561712141956;0.0866789481101904;0.466806707117396;;;P_score_freshwater_pred_Dashboard;0.282810472375868;0.248951156188805;M_score_exp_UBA;0.303269545022927;M_score_pred_Dashboard;0.392460975525574;0.321688887964048;kemi_score;0.84;0.333154729633967;1.0;0.303269545022927;0.5;0.282992615790131;1.0;0.35501804309316;1.0;0.343912692644342;1.0;0.33685516989805;0.75;0.316966062327857;1.0;1.0;PM;;;3;Ar Oh, C O, C O Nocoo, Benzene, Ether, Ketone, Methoxy, Phenol, Phenol Noorthohbond;['Alkylphenols', 'Ethylene Glycols', 'Benzophenones', 'Phenols', 'PBDE', 'PhenylEthers']
341;pentasodium 4-amino-3-[(2,4-disulfonatophenyl)diazenyl]-5-hydroxy-6-[(4-nitro-2-sulfonatophenyl)diazenyl]naphthalene-1,7-disulfonate;1422649-48-6;811-858-8;JKDCQKIJABFULD-UHFFFAOYSA-I;Nc1c2c(O)c(N=Nc3c(cc(cc3)N(=O)=O)S(=O)(=O)O)c(cc2c(cc1N=Nc1c(cc(cc1)S(=O)(=O)O)S(=O)(=O)O)S(=O)(=O)O)S(=O)(=O)O;DTXSID301019609;137271308.0;PRO-342;;REACH-B;False;vPvM;HQ;vPvM;False;False;;;False;False;False;False;False;False;False;False;False;False;False;False;False;False;False;False;False;False;;;;False;False;False;False;False;False;False;False;False;False;False;False;False;False;False;False;False;False;False;False;False;False;False;False;False;;922.6;;1.47;;9.57;;33.2;3.359835482;;540364.937246691;;3.98;10354.0;;;1.3;;;;;;;>1 to < 10 tonnes;1.0;10.0;0;0;0;0;0;0;0;0;0;0;0;0;0;0;0;0;0;0;0;0;0;0;0;0;0;0;0;0;0;0;0;0;0;0;0;0;0;0;0;0;0;0;0;0;0;0;0;0;0;0;0;0;0;0;0;0;0;0;0;0;0;0;0;0;0;0.999850089589464;;0.999999826349462;;;0.618975738670119;;0.280382287760532;False;0.0;0.0;0.0;0;545.699999999999;low ;0.0;256.799999999999;low ;0.0;1710.0;low ;0.0;;0.0824439484927844;0.0608276842523683;0.0379427282875813;0.0;;;P_score_freshwater_pred_Dashboard;0.999999826349462;0.999924957969463;M_score_exp_UBA;0.618975738670119;M_score_exp_UBA;0.618975738670119;0.449679013215326;;;0.786750043650872;1.0;0.618975738670119;0.5;0.670555939791069;1.0;0.0;0.5;0.0;0.75;0.0;0.5;0.0;0.75;2.0;vPvM;PM;PM;4;Arn, Ar Oh, Nh0, Nh2, Aniline, Azo, Benzene, Bicyclic, Nitro, Nitro Arom, Nitro Arom Nonortho, Phenol, Phenol Noorthohbond;['Alkylphenols', 'Aromatic amines', 'Cyclohexanes', 'Phenols', 'Nitrobenzene derivatives']
342;Perfluoro-1-butanesulfonamide;30334-69-1;816-392-9;FUVKFLJWBHVMHX-UHFFFAOYSA-N;C(C(C(F)(F)S(=O)(=O)N)(F)F)(C(F)(F)F)(F)F;DTXSID30880251;10958205.0;PRO-343;;;False;;;;False;False;;;False;False;False;False;False;True;False;False;False;False;False;False;False;False;True;False;False;False;;;;False;False;False;False;False;False;False;False;False;False;False;False;False;False;False;False;False;False;False;False;False;False;False;False;False;;299.11;;3.37;;3.67;;0.00295;1.51054501;;87.3567230134409;;1.91;;;;;;1.17274;;0.09;;;;;;0;0;0;0;0;0;0;0;0;0;0;0;0;0;0;0;0;0;0;0;0;0;0;0;0;0;0;0;0;0;0;0;0;0;0;0;0;0;0;0;0;0;0;0;0;0;0;0;0;0;0;0;0;0;0;0;0;0;0;0;0;0;0;0;0;;;0.655247715497613;;;;;0.584011812803114;False;0.0;0.0;0.0;0;187.7;low ;0.202;897.0;low ;0.196;10710.0;low ;0.0;0.482706466241028;0.0496046987252114;0.0933446126905886;0.0174675332916353;0.482706466241028;;;P_score_freshwater_pred_Dashboard;0.655247715497613;0.655247715497613;;;M_score_pred_Dashboard;0.584011812803114;0.584011812803114;kemi_score;0.09;0.618605210261649;1.0;;;0.618605210261649;1.0;0.482706466241028;0.5;0.569512710558452;0.75;0.482706466241028;0.25;0.569512710558452;0.75;0.0;PM;;PM;1;Nh2, Alkyl Halide, Halogen, Sulfonamd;['Sulfonamides', 'PFAS']
343;Perfluoro-3,7-dimethyloctanoic acid;172155-07-6;671-192-7;KZUSAXRVIONPJU-UHFFFAOYSA-N;C(=O)(C(C(C(C(C(C(C(F)(F)F)(C(F)(F)F)F)(F)F)(F)F)(F)F)(C(F)(F)F)F)(F)F)O;DTXSID40379808;2776093.0;PRO-344;NS00018817;;False;;;;False;False;;;False;False;False;False;False;True;False;False;False;False;False;False;False;False;True;False;False;False;;;;False;False;False;False;False;False;False;False;False;False;False;False;False;False;False;False;False;False;False;False;False;False;False;False;False;;514.086;;7.3;;4.24;;0.000636;2.840106094;;87.3567230134409;;31.6;;;;;;0.14831;;0.02;;;;;;0;0;0;0;0;0;0;0;0;0;0;0;0;0;0;0;0;0;0;0;0;0;0;0;0;0;0;0;0;0;0;0;0;0;0;0;0;0;0;0;0;0;0;0;0;0;0;0;0;0;0;0;0;0;0;0;0;0;0;0;0;0;0;0;0;;;0.655247715497613;;;;;0.358399587246425;False;0.0;0.0;0.0;0;50.2;low ;0.184;0.9;low ;0.0;487.3;low ;0.0;0.696107390657222;0.511437377127733;0.154373377927111;0.0636973140008361;0.696107390657222;;;P_score_freshwater_pred_Dashboard;0.655247715497613;0.655247715497613;;;M_score_pred_Dashboard;0.358399587246425;0.358399587246425;kemi_score;0.02;0.48460345724985;1.0;;;0.48460345724985;1.0;0.696107390657222;0.5;0.54678478385876;0.75;0.696107390657222;0.25;0.54678478385876;0.75;1.0;PM(T);(T);PM(T);1;Al Coo, Coo, Coo2, C O, Alkyl Halide, Halogen;['Alkylphenols', 'PFAS']
344;Perfluoro-4-ethyl-hexanesulphonic acid;646-83-3;;ICKAEAFPESRWOT-UHFFFAOYSA-N;C1(C(C(C(C(C1(F)F)(F)F)(F)S(=O)(=O)O)(F)F)(F)F)(C(C(F)(F)F)(F)F)F;DTXSID70275965;101650.0;PRO-345;NS00112295;;False;;;;False;False;;;False;False;False;False;False;True;False;False;False;False;False;False;False;False;True;False;False;False;;;;False;False;False;False;False;False;False;False;False;False;False;False;False;False;False;False;False;False;False;False;False;False;False;False;False;;462.13;;4.84;;4.92;;0.217;3.980003372;;190.56626845863;;4.37;;;;;;0.0722701386779117;;;;;;;;0;0;0;0;0;0;0;0;0;0;0;0;0;0;0;0;0;0;0;0;0;0;0;0;0;0;0;0;0;0;0;0;0;0;0;0;0;0;0;0;0;0;0;0;0;0;0;0;0;0;0;0;0;0;0;0;0;0;0;0;0;0;0;0;0;;;0.878211981357631;;;;;0.202226921302639;False;0.0;0.0;0.0;0;130.7;low ;0.147;1.3;low ;0.0;470.8;low ;0.0;0.757870737121747;0.47154494147332;0.107524955454447;0.0645953702700218;0.757870737121747;;;P_score_freshwater_pred_Dashboard;0.878211981357631;0.878211981357631;;;M_score_pred_Dashboard;0.202226921302639;0.202226921302639;;;0.421423902076098;1.0;;;0.421423902076098;1.0;0.757870737121747;0.5;0.51248106302325;0.75;0.757870737121747;0.25;0.51248106302325;0.75;0.0;PM(T);(T);PM(T);;Alkyl Halide, Halogen;['PFAS']
345;perfluoro-4-methoxybutanoic acid;863090-89-5;640-688-5;CZTBTZZANBJSLY-UHFFFAOYSA-N;C(=O)(C(C(C(OC(F)(F)F)(F)F)(F)F)(F)F)O;DTXSID60500450;12498036.0;PRO-346;NS00019287;;False;;;;False;False;;;False;False;False;False;False;False;False;False;False;False;False;False;False;False;False;False;False;False;;;;False;False;False;False;False;False;False;False;False;False;False;False;False;False;False;False;False;False;False;False;False;False;False;False;False;;280.046;;4.18;;3.66;;0.00453;1.359835482;;87.3567230134409;;5.5;;;;;;3.66384;;0.02;;;;;;0;0;0;0;0;0;0;0;0;0;0;0;0;0;0;0;0;0;0;0;0;0;0;0;0;0;0;0;0;0;0;0;0;0;0;0;0;0;0;0;0;0;0;0;0;0;0;0;0;0;0;0;0;0;0;0;0;0;0;0;0;0;0;0;0;;;0.655247715497613;;;;;0.609147034062864;False;0.0;0.0;0.0;0;173.3;low ;0.205;3490.0;low ;0.208;7350.0;low ;0.0;0.362637119792783;0.0281179735005746;0.0963200671228416;0.0205066276102886;0.362637119792783;;;P_score_freshwater_pred_Dashboard;0.655247715497613;0.655247715497613;;;M_score_pred_Dashboard;0.609147034062864;0.609147034062864;kemi_score;0.02;0.631777019581939;1.0;;;0.631777019581939;1.0;0.362637119792783;0.5;0.525049160859346;0.75;0.362637119792783;0.25;0.525049160859346;0.75;0.0;PM;;PM;4;Al Coo, Coo, Coo2, C O, Alkyl Halide, Ether, Halogen;['Alkylphenols', 'Ethylene Glycols', 'PFAS']
346;perfluorobutanoic acid ;375-22-4;206-786-3;YPJUNDFVDDCYIH-UHFFFAOYSA-N;C(=O)(C(C(C(F)(F)F)(F)F)(F)F)O;DTXSID4059916;9777.0;PRO-347;NS00000364;;False;;;;True;True;x;<3.5;True;True;True;True;True;True;False;False;False;False;False;False;False;False;True;False;False;False;;;;False;False;False;False;False;False;False;False;False;False;False;False;False;False;False;False;False;False;False;False;False;False;False;False;False;;214.039;1.43;2.6;;3.46;0.00209;0.0138;1.949877704;1.3394;87.3567230134409;80.52816741;5.5;;;;;;27.75326;0.61;0.39;;;;;;0;0;0;0;0;0;0;0;0;0;0;0;0;0;0;0;0;0;0;0;0;0;0;0;0;0;0;0;0;0;0;0;0;0;0;0;0;0;0;0;0;0;0;0;0;0;0;0;0;0;0;0;0;0;0;0;0;0;0;0;0;0;0;0;0;;0.623174652441914;0.655247715497613;;;;0.612514224829369;0.508684658513373;False;0.0;0.0;0.0;0;3940.0;low ;0.208;14620.0;low ;0.22;13390.0;low ;0.0;0.191032680544438;0.0152930234170272;0.0267138435015164;0.0158785436774645;0.191032680544438;;;P_score_freshwater_pred_Dashboard;0.655247715497613;0.639211183969763;;;M_score_pred_Episuite;0.612514224829369;0.560599441671371;kemi_score;0.39;0.633520754616007;1.0;;;0.598616265101062;1.0;0.341364812381281;1.0;0.46503945374467;1.0;0.341364812381281;0.5;0.452047042933152;1.0;0.0;PM;;PM;4;Al Coo, Coo, Coo2, C O, Alkyl Halide, Halogen;['Alkylphenols', 'PFAS']
347;perfluorodecane sulfonic acid;335-77-3;206-401-9;HYWZIAVPBSTISZ-UHFFFAOYSA-N;C(C(C(C(C(C(F)(F)S(=O)(=O)O)(F)F)(F)F)(F)F)(F)F)(C(C(C(C(F)(F)F)(F)F)(F)F)(F)F)(F)F;DTXSID3040148;67636.0;PRO-348;NS00011418;;False;;;;True;True;x;<1.5;True;True;True;True;True;True;False;False;False;False;False;False;False;False;True;False;False;False;;;;False;False;False;False;False;False;False;False;False;False;False;False;False;False;False;False;False;False;False;False;False;False;False;False;False;;600.14;;7.06;;5.76;;0.000188;4.281033367;4.1498;134.289779684935;10779.327;37.2;;;;;;0.16234;0.18;;;;;;;0;0;0;0;0;0;0;0;0;0;0;0;0;0;0;0;0;0;0;0;0;0;0;0;0;0;0;0;0;0;0;0;0;0;0;0;0;0;0;0;0;0;0;0;0;0;0;0;0;0;0;0;0;0;0;0;0;0;0;0;0;0;0;0;0;;0.999860058054792;0.798553329358552;;;;0.183902544798095;0.170640905424583;False;0.0;0.0;0.0;0;41.3;low ;0.169;0.7;low ;0.0;292.1;low ;0.0;0.687739951240284;0.538648241736332;0.165764165147074;0.0783101498181329;0.687739951240284;;;P_score_freshwater_pred_RIVM;0.999860058054792;0.899206693706672;;;M_score_pred_Episuite;0.183902544798095;0.177271725111339;;;0.428808592635744;1.0;;;0.39925420702235;1.0;0.351842565962748;1.0;0.388423886417706;1.0;0.351842565962748;0.5;0.374799445930975;1.0;1.0;PM;;PM;;Alkyl Halide, Halogen;['PFAS']
348;perfluorodecylphosphonic acid;52299-26-0;;CTGNCBOZEMOASL-UHFFFAOYSA-N;C(C(C(C(C(C(F)(F)P(=O)(O)O)(F)F)(F)F)(F)F)(F)F)(C(C(C(C(F)(F)F)(F)F)(F)F)(F)F)(F)F;DTXSID40879833;85828788.0;PRO-349;NS00011281;;False;;;;False;False;;;False;False;False;False;False;True;False;False;False;False;False;False;False;False;True;False;False;False;;;;False;False;False;False;False;False;False;False;False;False;False;False;False;False;False;False;False;False;False;False;False;False;False;False;False;;600.063;;6.26;;7.84;;0.000575;4.260071388;;134.289779684935;;3.72;;;;;;0.29094;;0.06;;;;;;0;0;0;0;0;0;0;0;0;0;0;0;0;0;0;0;0;0;0;0;0;0;0;0;0;0;0;0;0;0;0;0;0;0;0;0;0;0;0;0;0;0;0;0;0;0;0;0;0;0;0;0;0;0;0;0;0;0;0;0;0;0;0;0;0;;;0.798553329358552;;;;;0.172707042491951;False;0.0;0.0;0.0;0;48.3;low ;0.171;1.0;low ;0.0;353.9;low ;0.0;0.630927199207018;0.5;0.156573510857335;0.072501726164892;0.630927199207018;;;P_score_freshwater_pred_Dashboard;0.798553329358552;0.798553329358552;;;M_score_pred_Dashboard;0.172707042491951;0.172707042491951;kemi_score;0.06;0.371370143907149;1.0;;;0.371370143907149;1.0;0.630927199207018;0.5;0.443129919567812;0.75;0.630927199207018;0.25;0.443129919567812;0.75;1.0;PM(T);(T);PM(T);4;Alkyl Halide, Halogen;['Organophosphates', 'PFAS']
349;perfluorododecane sulfonic acid;79780-39-5;279-259-9;CFCRODHVHXGTPC-UHFFFAOYSA-N;C(C(C(C(C(C(C(F)(F)S(=O)(=O)O)(F)F)(F)F)(F)F)(F)F)(F)F)(C(C(C(C(C(F)(F)F)(F)F)(F)F)(F)F)(F)F)(F)F;DTXSID20873011;3018866.0;PRO-350;;;False;;;;True;True;;<2.7;True;True;True;False;True;True;False;False;False;False;False;False;False;False;True;False;False;False;;;;False;False;False;False;False;False;False;False;False;False;False;False;False;False;False;False;False;False;False;False;False;False;False;False;False;;700.16;;8.0;;6.3;;2.29e-05;5.359835482;4.891;58.5569625918923;37958.77612;81.3;;;;;;0.11673;;0.13;;;;;;0;0;0;0;0;0;0;0;0;0;0;0;0;0;0;0;0;0;0;0;0;0;0;0;0;0;0;0;0;0;0;0;0;0;0;0;0;0;0;0;0;0;0;0;0;0;0;0;0;0;0;0;0;0;0;0;0;0;0;0;0;0;0;0;0;;0.99998373040809;0.489597175430576;;;;0.118795258722957;0.0887607861541198;False;0.0;0.0;0.0;0;33.7;low ;0.0;0.3;low ;0.0;284.9;low ;0.0;0.717646548328218;0.627820666477195;0.178340724265362;0.0790960759326724;0.717646548328218;;;P_score_freshwater_pred_RIVM;0.99998373040809;0.744790452919333;;;M_score_pred_Episuite;0.118795258722957;0.103778022438538;kemi_score;0.13;0.344664076997556;1.0;;;0.278015971366884;1.0;0.717646548328218;0.5;0.440116395426739;0.75;0.717646548328218;0.25;0.381373076884452;0.75;1.0;PM(T);(T);(T);3;Alkyl Halide, Halogen;['PFAS']
350;perfluorododecanoic acid ;307-55-1;206-203-2;CXGONMQFMIYUJR-UHFFFAOYSA-N;C(=O)(C(C(C(C(C(C(C(C(C(C(C(F)(F)F)(F)F)(F)F)(F)F)(F)F)(F)F)(F)F)(F)F)(F)F)(F)F)(F)F)O;DTXSID8031861;67545.0;PRO-351;NS00009617;;False;;;;True;True;< 0,6;<4.2;True;True;True;False;True;True;False;False;False;False;False;False;False;False;True;False;False;False;;;;False;False;False;False;False;False;False;False;False;False;False;False;False;False;False;False;False;False;False;False;False;False;False;False;False;;614.101;;8.76;;4.75;;5.4e-05;4.92992956;4.2987;244.69193226422;12380.70315;83.2;;;;;;0.1149;0.17;0.43;;;;;;0;0;0;0;0;0;0;0;0;0;0;0;0;0;0;0;0;0;0;0;0;0;0;0;0;0;0;0;0;0;0;0;0;0;0;0;0;0;0;0;0;0;0;0;0;0;0;0;0;0;0;0;0;0;0;0;0;0;0;0;0;0;0;0;0;;0.999889559757206;0.917054553612804;;;;0.168914862741712;0.1159994316796;False;0.0;0.0;0.0;0;14.1;low ;0.178;0.3;low ;0.0;257.299999999999;low ;0.0;0.719035008580138;0.627820666477195;0.240631744216378;0.082380067002271;0.719035008580138;;;P_score_freshwater_pred_RIVM;0.999889559757206;0.958472056685005;;;M_score_pred_Episuite;0.168914862741712;0.142457147210656;kemi_score;0.43;0.410969837996974;1.0;;;0.369514810090849;1.0;0.349622584308599;1.0;0.379057168291787;1.0;0.349622584308599;0.5;0.359431110011729;1.0;1.0;PM;;PM;;Al Coo, Coo, Coo2, C O, Alkyl Halide, Halogen;['Alkylphenols', 'PFAS']
351;perfluoroheptane sulfonic acid;375-92-8;206-800-8;OYGQVDSRYXATEL-UHFFFAOYSA-N;C(C(C(C(F)(F)F)(F)F)(F)F)(C(C(C(F)(F)S(=O)(=O)O)(F)F)(F)F)(F)F;DTXSID8059920;67820.0;PRO-352;NS00011291;;False;;;;True;True;< 0,3;<1.0;True;True;True;False;True;True;False;False;False;False;False;False;False;False;True;False;False;False;;;;False;False;False;False;False;False;False;False;False;False;False;False;False;False;False;False;False;False;False;False;False;False;False;False;False;;450.12;;4.84;;4.71;;0.00701;3.089905111;3.0381;87.3567230134409;1631.372648;5.89;;;;;;0.48059;0.33;0.2;;;;;;0;0;0;0;0;0;0;0;0;0;0;0;0;0;0;0;0;0;0;0;0;0;0;0;0;0;0;0;0;0;0;0;0;0;0;0;0;0;0;0;0;0;0;0;0;0;0;0;0;0;0;0;0;0;0;0;0;0;0;0;0;0;0;0;0;;0.996481617899575;0.655247715497613;;;;0.327490742839393;0.319631747619076;False;0.0;0.0;0.0;0;48.2;low ;0.177;1.4;low ;0.0;742.6;low ;0.0;0.578891676096039;0.463532859459727;0.156692412242542;0.0536183306204357;0.578891676096039;;;P_score_freshwater_pred_RIVM;0.996481617899575;0.825864666698594;;;M_score_pred_Episuite;0.327490742839393;0.323561245229235;kemi_score;0.2;0.57126045309625;1.0;;;0.516931136562525;1.0;0.437074653934191;1.0;0.499683364585347;1.0;0.437074653934191;0.5;0.475328831043177;1.0;0.0;PM;;PM;4;Alkyl Halide, Halogen;['PFAS']
352;perfluoroheptanoic acid ;375-85-9;206-798-9;ZWBAMYVPMDSJGQ-UHFFFAOYSA-N;C(=O)(C(C(C(C(C(C(F)(F)F)(F)F)(F)F)(F)F)(F)F)(F)F)O;DTXSID1037303;67818.0;PRO-353;NS00000367;;False;;;;True;True;x;x;True;True;True;False;True;True;False;False;False;False;False;False;False;False;True;False;False;False;used as a stain or water repellent.;;;False;False;False;False;False;False;False;False;False;False;False;False;False;False;False;False;False;False;False;False;False;False;False;False;False;;364.062;2.05;4.78;;4.09;0.324;0.0797;3.320146286;2.4512;87.3567230134409;532.0914568;5.01;;;;;;0.50495;0.42;0.39;;;;;;0;0;0;0;0;0;0;0;0;0;0;0;0;0;0;0;0;0;0;0;0;0;0;0;0;0;0;0;0;0;0;0;0;0;0;0;0;0;0;0;0;0;0;0;0;0;0;0;0;0;0;0;0;0;0;0;0;0;0;0;0;0;0;0;0;;0.976591254759367;0.655247715497613;;;;0.422444123429431;0.285966404612141;True;0.0;0.0;0.75;0;431.2;low ;0.19;6.89999999999999;low ;0.0;950.2;low ;0.0;0.573648232794689;0.301777234143045;0.0669396289630137;0.0484382391781937;0.573648232794689;;;P_score_freshwater_pred_RIVM;0.976591254759367;0.81591948512849;;;M_score_pred_Episuite;0.422444123429431;0.354205264020786;kemi_score;0.39;0.642304629101853;1.0;;;0.537589970748749;1.0;0.490848507967345;1.0;0.561492892969416;1.0;0.490848507967345;0.5;0.513687877061774;1.0;0.0;PM;;PM;4;Al Coo, Coo, Coo2, C O, Alkyl Halide, Halogen;['Alkylphenols', 'PFAS']
353;Perfluorohexane sulfonamidopropyl amine;50598-28-2;256-639-2;INDOGKYZYLAGEM-UHFFFAOYSA-N;CN(C)CCCNS(=O)(=O)C(C(C(C(C(C(F)(F)F)(F)F)(F)F)(F)F)(F)F)(F)F;DTXSID7068556;111913.0;PRO-354;NS00011249;;False;;;;False;False;;;False;False;False;False;False;True;False;False;False;False;False;False;False;False;True;False;False;False;;;;False;False;False;False;False;False;False;False;False;False;False;False;False;False;False;False;False;False;False;False;False;False;False;False;False;;484.28;;5.53;;6.99;;2.08e-06;2.969881644;3.8314;87.3567230134409;2991.394719;19.5;;;;;;0.05737;;0.2;;;;;;0;0;0;0;0;0;0;0;0;0;0;0;0;0;0;0;0;0;0;0;0;0;0;0;0;0;0;0;0;0;0;0;0;0;0;0;0;0;0;0;0;0;0;0;0;0;0;0;0;0;0;0;0;0;0;0;0;0;0;0;0;0;0;0;0;;0.998749220606825;0.655247715497613;;;;0.219354885715122;0.337988573645005;False;0.0;0.0;0.0;0;34.1;low ;0.184;16.7;low ;0.0;298.099999999999;low ;0.0;0.775792852216872;0.227458755445158;0.177591044638003;0.0776751593819384;0.775792852216872;;;P_score_freshwater_pred_RIVM;0.998749220606825;0.826998468052219;;;M_score_pred_Dashboard;0.337988573645005;0.278671729680064;kemi_score;0.2;0.58100415188014;1.0;;;0.480063634880705;1.0;0.775792852216872;0.5;0.639786023683476;0.75;0.775792852216872;0.25;0.563353673666857;0.75;1.0;PM(T);(T);PM(T);3;Nh0, Nh1, Alkyl Halide, Halogen, Sulfonamd, Unbrch Alkane;['Sulfonamides', 'PFAS']
354;perfluorohexane sulfonic acid;355-46-4;206-587-1;QZHDEAJFRJCDMF-UHFFFAOYSA-N;C(C(C(C(F)(F)S(=O)(=O)O)(F)F)(F)F)(C(C(F)(F)F)(F)F)(F)F;DTXSID7040150;67734.0;PRO-355;;;False;;;;True;True;x;x;True;True;True;True;True;True;False;False;False;False;False;False;False;False;True;False;False;False;;;;False;False;False;False;False;False;False;False;False;False;False;False;False;False;False;False;False;False;False;False;False;False;False;False;False;;400.11;2.2;3.69;;4.27;0.000608;0.0352;3.359835482;2.673;87.3567230134409;869.4312801;5.89;;;;;;0.8712;0.39;;;;;;;0;0;0;0;0;0;0;0;0;0;0;0;0;0;0;0;0;0;0;0;0;0;0;0;0;0;0;0;0;0;0;0;0;0;0;0;0;0;0;0;0;0;0;0;0;0;0;0;0;0;0;0;0;0;0;0;0;0;0;0;0;0;0;0;0;;0.989751975597258;0.655247715497613;;;;0.385447810592798;0.280382287760532;False;0.0;0.0;0.0;0;267.2;low ;0.18;376.8;low ;0.187;1110.0;low ;0.0;0.514966061384594;0.0706917974445067;0.0811490411315472;0.0454198238712836;0.514966061384594;;;P_score_freshwater_pred_RIVM;0.989751975597258;0.822499845547435;;;M_score_pred_Episuite;0.385447810592798;0.332915049176665;;;0.617655026713018;1.0;;;0.523280590628225;1.0;0.448148149544312;1.0;0.526118767274255;1.0;0.448148149544312;0.5;0.484259463905966;1.0;0.0;PM;;PM;4;Alkyl Halide, Halogen;['PFAS']
355;perfluorohexanesulfonamide;41997-13-1;816-398-1;WDZLGCSJJWEQJO-UHFFFAOYSA-N;C(C(C(C(F)(F)S(=O)(=O)N)(F)F)(F)F)(C(C(F)(F)F)(F)F)(F)F;DTXSID50469320;11603678.0;PRO-356;NS00010964;;False;;;;False;False;;;False;False;False;False;False;True;False;False;False;False;False;False;False;False;True;False;False;False;;;;False;False;False;False;False;False;False;False;False;False;False;False;False;False;False;False;False;False;False;False;False;False;False;False;False;;399.13;;4.26;;4.09;;9.36e-05;3.021189299;;87.3567230134409;;2.57;;;;;;0.15476;;0.06;;;;;;0;0;0;0;0;0;0;0;0;0;0;0;0;0;0;0;0;0;0;0;0;0;0;0;0;0;0;0;0;0;0;0;0;0;0;0;0;0;0;0;0;0;0;0;0;0;0;0;0;0;0;0;0;0;0;0;0;0;0;0;0;0;0;0;0;;;0.655247715497613;;;;;0.330077516641994;False;0.0;0.0;0.0;0;232.6;low ;0.184;408.2;low ;0.189;1030.0;low ;0.0;0.692182224009068;0.068441922318503;0.0857545675621465;0.046849288005404;0.692182224009068;;;P_score_freshwater_pred_Dashboard;0.655247715497613;0.655247715497613;;;M_score_pred_Dashboard;0.330077516641994;0.330077516641994;kemi_score;0.06;0.465061865472533;1.0;;;0.465061865472533;1.0;0.692182224009068;0.5;0.530983020351569;0.75;0.692182224009068;0.25;0.530983020351569;0.75;0.0;PM(T);(T);PM(T);3;Nh2, Alkyl Halide, Halogen, Sulfonamd;['Sulfonamides', 'PFAS']
356;perfluorohexanoic acid ;307-24-4;206-196-6;PXUULQAPEKKVAH-UHFFFAOYSA-N;C(=O)(C(C(C(C(C(F)(F)F)(F)F)(F)F)(F)F)(F)F)O;DTXSID3031862;67542.0;PRO-357;NS00000366;;False;;;;True;True;x;x;True;True;True;True;True;True;False;False;False;False;False;False;False;False;True;False;False;False;"Furniture and furnishings; stain resistant finish";;;False;False;False;False;False;False;False;False;False;False;False;False;False;False;False;False;False;False;False;False;False;False;False;False;False;;314.054;2.85;4.27;;3.83;9.34e-05;0.0017;3.029383778;2.0806;87.3567230134409;283.5752806;5.5;;;;;;140.0;0.49;0.39;;;;;;0;0;0;0;0;0;0;0;0;0;0;0;0;0;0;0;0;0;0;0;0;0;0;0;0;0;0;0;0;0;0;0;0;0;0;0;0;0;0;0;0;0;0;0;0;0;0;0;0;0;0;0;0;0;0;0;0;0;0;0;0;0;0;0;0;;0.934324540089969;0.655247715497613;;;;0.486036715968024;0.328822737826374;False;0.0;0.0;0.0;0;354.1;low ;0.195;1630.0;low ;0.209;1440.0;low ;0.0;0.104693598256534;0.0387096488527976;0.0724852283297685;0.0407630343102758;0.104693598256534;;;P_score_freshwater_pred_RIVM;0.934324540089969;0.794786127793791;;;M_score_pred_Episuite;0.486036715968024;0.407429726897199;kemi_score;0.39;0.673881318270259;1.0;;;0.569051399250284;1.0;0.226494730944677;1.0;0.390679623054834;1.0;0.226494730944677;0.5;0.359008556397874;1.0;0.0;PM;;PM;4;Al Coo, Coo, Coo2, C O, Alkyl Halide, Halogen;['Alkylphenols', 'PFAS']
357;perfluorohexylphosphonic acid;40143-76-8;;AGCUFKNHQDVTAD-UHFFFAOYSA-N;C(C(C(C(F)(F)P(=O)(O)O)(F)F)(F)F)(C(C(F)(F)F)(F)F)(F)F;DTXSID90880439;15930820.0;PRO-358;NS00011279;;False;;;;False;False;;;False;False;False;False;False;True;False;False;False;False;False;False;False;False;True;False;False;False;;;;False;False;False;False;False;False;False;False;False;False;False;False;False;False;False;False;False;False;False;False;False;False;False;False;False;;400.032;;3.52;;7.58;;0.00178;3.178976947;;87.3567230134409;;3.55;;;;;;1.81398;;0.02;;;;;;0;0;0;0;0;0;0;0;0;0;0;0;0;0;0;0;0;0;0;0;0;0;0;0;0;0;0;0;0;0;0;0;0;0;0;0;0;0;0;0;0;0;0;0;0;0;0;0;0;0;0;0;0;0;0;0;0;0;0;0;0;0;0;0;0;;;0.655247715497613;;;;;0.30635737901525;False;0.0;0.0;0.0;0;263.2;low ;0.182;2390.0;low ;0.196;1750.0;low ;0.0;0.435699901016096;0.03297744742405;0.0816388189824714;0.0375778626587921;0.435699901016096;;;P_score_freshwater_pred_Dashboard;0.655247715497613;0.655247715497613;;;M_score_pred_Dashboard;0.30635737901525;0.30635737901525;kemi_score;0.02;0.448040146332423;1.0;;;0.448040146332423;1.0;0.435699901016096;0.5;0.443888377654312;0.75;0.435699901016096;0.25;0.443888377654312;0.75;0.0;PM;;PM;;Alkyl Halide, Halogen;['Organophosphates', 'PFAS']
358;Perfluoro-n-hexadecanoic acid;67905-19-5;267-638-1;OJMBMWRMTMHMSZ-UHFFFAOYSA-N;C(=O)(C(C(C(C(C(C(C(C(C(C(C(C(C(C(C(F)(F)F)(F)F)(F)F)(F)F)(F)F)(F)F)(F)F)(F)F)(F)F)(F)F)(F)F)(F)F)(F)F)(F)F)(F)F)O;DTXSID1070800;106027.0;PRO-359;NS00011276;;False;;;;False;False;< 1;<5.2;False;False;False;False;False;True;False;False;False;False;False;False;False;False;True;False;False;False;;;;False;False;False;False;False;False;False;False;False;False;False;False;False;False;False;False;False;False;False;False;False;False;False;False;False;;814.132;;11.3;;6.29;;8.81e-06;5.178976947;5.7811;862.642195789237;153497.6378;1290.0;;;;;;0.07772;;0.17;;;;;;0;0;0;0;0;0;0;0;0;0;0;0;0;0;0;0;0;0;0;0;0;0;0;0;0;0;0;0;0;0;0;0;0;0;0;0;0;0;0;0;0;0;0;0;0;0;0;0;0;0;0;0;0;0;0;0;0;0;0;0;0;0;0;0;0;;0.999998506966392;0.989615149515655;;;;0.0678079883409866;0.0994367257665974;False;0.0;0.0;0.0;0;42.0;low ;0.0;0.2;low ;0.0;488.599999999999;low ;0.0;0.752029769212494;0.667959369323381;0.164757240681059;0.0636283423293301;0.752029769212494;;;P_score_freshwater_pred_RIVM;0.999998506966392;0.994806828241023;;;M_score_pred_Dashboard;0.0994367257665974;0.083622357053792;kemi_score;0.17;0.31533565815528;1.0;;;0.288423459154627;1.0;0.752029769212494;0.5;0.42130220604692;0.75;0.752029769212494;0.25;0.396977048356425;0.75;1.0;(T);(T);(T);4;Al Coo, Coo, Coo2, C O, Alkyl Halide, Halogen;['Alkylphenols', 'PFAS']
359;Perfluoro-n-octadecanoic acid;16517-11-6;240-582-5;ZTSDOGSKTICNPQ-UHFFFAOYSA-N;C(=O)(C(C(C(C(C(C(C(C(C(C(C(C(C(C(C(C(C(F)(F)F)(F)F)(F)F)(F)F)(F)F)(F)F)(F)F)(F)F)(F)F)(F)F)(F)F)(F)F)(F)F)(F)F)(F)F)(F)F)(F)F)O;DTXSID1066071;167547.0;PRO-360;NS00011277;;False;;;;False;False;< 1;<12.4;False;False;False;False;False;True;False;False;False;False;False;False;False;False;True;False;False;False;;;;False;False;False;False;False;False;False;False;False;False;False;False;False;False;False;False;False;False;False;False;False;False;False;False;False;;914.148;;12.9;;7.69;;8.38e-06;5.130333768;;1978.3135137461;;2950.0;;;;;;0.06871;;0.17;;;;;;0;0;0;0;0;0;0;0;0;0;0;0;0;0;0;0;0;0;0;0;0;0;0;0;0;0;0;0;0;0;0;0;0;0;0;0;0;0;0;0;0;0;0;0;0;0;0;0;0;0;0;0;0;0;0;0;0;0;0;0;0;0;0;0;0;;;0.9974671206341;;;;;0.102497083492955;False;0.0;0.0;0.0;0;95.2;low ;0.0;0.1;low ;0.0;544.5;low ;0.0;0.761873783948618;0.731058578630004;0.12146421499669;0.0608823252314188;0.761873783948618;;;P_score_freshwater_pred_Dashboard;0.9974671206341;0.9974671206341;;;M_score_pred_Dashboard;0.102497083492955;0.102497083492955;kemi_score;0.17;0.319745947191065;1.0;;;0.319745947191065;1.0;0.761873783948618;0.5;0.42706866645381;0.75;0.761873783948618;0.25;0.42706866645381;0.75;1.0;(T);(T);(T);Priority group;Al Coo, Coo, Coo2, C O, Alkyl Halide, Halogen;['Alkylphenols', 'PFAS']
360;perfluorononane sulfonic acid ;68259-12-1;;MNEXVZFQQPKDHC-UHFFFAOYSA-N;C(C(C(C(C(F)(F)F)(F)F)(F)F)(F)F)(C(C(C(C(F)(F)S(=O)(=O)O)(F)F)(F)F)(F)F)(F)F;DTXSID8071356;86998.0;PRO-361;;;False;;;;True;True;<0,5;<2.2;True;True;True;False;True;True;False;False;False;False;False;False;False;False;True;False;False;False;;;;False;False;False;False;False;False;False;False;False;False;False;False;False;False;False;False;False;False;False;False;False;False;False;False;False;;550.13;;6.58;;4.97;;0.000597;2.720159303;;134.289779684935;;33.1;;;;;;0.21639;;0.13;;;;;;0;0;0;0;0;0;0;0;0;0;0;0;0;0;0;0;0;0;0;0;0;0;0;0;0;0;0;0;0;0;0;0;0;0;0;0;0;0;0;0;0;0;0;0;0;0;0;0;0;0;0;0;0;0;0;0;0;0;0;0;0;0;0;0;0;;;0.798553329358552;;;;;0.377734239617215;False;0.0;0.0;0.0;0;32.2;low ;0.171;0.9;low ;0.0;334.0;low ;0.0;0.660329475392794;0.511437377127733;0.181256770260564;0.0742101407225901;0.660329475392794;;;P_score_freshwater_pred_Dashboard;0.798553329358552;0.798553329358552;;;M_score_pred_Dashboard;0.377734239617215;0.377734239617215;kemi_score;0.13;0.549218476254257;1.0;;;0.549218476254257;1.0;0.660329475392794;0.5;0.584005567107359;0.75;0.660329475392794;0.25;0.584005567107359;0.75;1.0;PM(T);(T);PM(T);3;Alkyl Halide, Halogen;['PFAS']
361;perfluorononanoic acid;375-95-1;206-801-3;UZUFPBIDKMEQEQ-UHFFFAOYSA-N;C(=O)(C(C(C(C(C(C(C(C(F)(F)F)(F)F)(F)F)(F)F)(F)F)(F)F)(F)F)(F)F)O;DTXSID8031863;67821.0;PRO-362;NS00000368;;False;;;;True;True;x;x;True;True;True;False;True;True;False;False;False;False;False;False;False;False;True;False;False;False;;;;False;False;False;False;False;False;False;False;False;False;False;False;False;False;False;False;False;False;False;False;False;False;False;False;False;;464.078;3.54;6.51;;4.2;0.0028;0.00082;3.450249108;3.1869;134.289779684935;1873.729268;4.9;;;;;;1.0;0.31;0.39;;;;;;0;0;0;0;0;0;0;0;0;0;0;0;0;0;0;0;0;0;0;0;0;0;0;0;0;0;0;0;0;0;0;0;0;0;0;0;0;0;0;0;0;0;0;0;0;0;0;0;0;0;0;0;0;0;0;0;0;0;0;0;0;0;0;0;0;;0.997221362348233;0.798553329358552;;;;0.305191591391106;0.26791319183945;False;0.0;0.0;0.0;0;81.4;low ;0.184;1.5;low ;0.0;506.499999999999;low ;0.0;0.5;0.456090589040871;0.128910719758461;0.0627036734043766;0.5;;;P_score_freshwater_pred_RIVM;0.997221362348233;0.897887345853392;;;M_score_pred_Episuite;0.305191591391106;0.286552391615278;kemi_score;0.39;0.551673431066119;1.0;;;0.507239358050402;1.0;0.39370039370059;1.0;0.466040821178667;1.0;0.39370039370059;0.5;0.446878434213241;1.0;0.0;PM;;PM;4;Al Coo, Coo, Coo2, C O, Alkyl Halide, Halogen;['Alkylphenols', 'PFAS']
362;Perfluoro-n-tetradecanoic acid;376-06-7;206-803-4;RUDINRUXCKIXAJ-UHFFFAOYSA-N;C(=O)(C(C(C(C(C(C(C(C(C(C(C(C(C(F)(F)F)(F)F)(F)F)(F)F)(F)F)(F)F)(F)F)(F)F)(F)F)(F)F)(F)F)(F)F)(F)F)O;DTXSID3059921;67822.0;PRO-363;NS00011273;;False;;;;False;False;< 0,7;<8.1;True;True;True;True;True;True;False;False;False;False;False;False;False;False;True;False;False;False;;;;False;False;False;False;False;False;False;False;False;False;False;False;False;False;False;False;False;False;False;False;False;False;False;False;False;;714.117;5.1;9.95;;5.75;;1.15e-05;5.369215857;5.0399;244.69193226422;43589.42517;257.0;;;;;;0.08277;0.11;0.43;;;;;;0;0;0;0;0;0;0;0;0;0;0;0;0;0;0;0;0;0;0;0;0;0;0;0;0;0;0;0;0;0;0;0;0;0;0;0;0;0;0;0;0;0;0;0;0;0;0;0;0;0;0;0;0;0;0;0;0;0;0;0;0;0;0;0;0;;0.999987156315894;0.917054553612804;;;;0.10840883391281;0.0882362952275217;False;0.0;0.0;0.0;0;43.2;low ;0.174;0.2;low ;0.0;407.9;low ;0.0;0.746896295733597;0.667959369323381;0.16308052706517;0.0684622826189408;0.746896295733597;;;P_score_freshwater_pred_RIVM;0.999987156315894;0.958520854964349;;;M_score_pred_Episuite;0.10840883391281;0.0983225645701662;kemi_score;0.43;0.329252853509265;1.0;;;0.306992228979958;1.0;0.286633202073129;1.0;0.307204817171013;1.0;0.286633202073129;0.5;0.296638105448529;1.0;1.0;;;;4;Al Coo, Coo, Coo2, C O, Alkyl Halide, Halogen;['Alkylphenols', 'PFAS']
363;Perfluorooctane;307-34-6;206-199-2;YVBBRRALBYAZBM-UHFFFAOYSA-N;FC(F)(F)C(F)(F)C(F)(F)C(F)(F)C(F)(F)C(F)(F)C(F)(F)C(F)(F)F;DTXSID0059794;9387.0;PRO-364;NS00018916;REACH-B;False;vPvM & PMT;MQ;PMT;False;False;;;False;False;False;False;False;False;False;False;False;False;False;False;False;False;False;False;False;False;;;;False;True;False;False;False;False;False;False;False;False;False;False;False;False;False;False;False;False;False;False;False;False;False;False;False;P-PNEC;438.059;;6.65;;1.59;;8.38e-07;4.06069784;5.3545;1978.3135137461;6133.958272;1410.0;57120.0;;;3.0;;0.171211372;0.09;0.39;0.02;0.06;>1 to < 10 tonnes;1.0;10.0;0;0;0;0;0;0;0;0;0;0;0;0;0;0;0;0;0;0;0;0;0;0;0;0;0;0;0;0;0;0;0;0;0;0;0;0;0;0;0;0;0;0;0;0;0;0;0;0;0;0;0;0;0;0;0;0;0;0;0;0;0;0;0;0;0;0.999991909357897;0.999633203977346;0.9974671206341;;;0.333333333333333;0.0890603664020075;0.193353268015117;False;0.0;0.0;0.0;0;85.8;low ;0.171;0.3;low ;0.0;643.4;low ;0.0;0.682756224849566;0.627820666477195;0.126365092270509;0.0568675925055095;0.682756224849566;;;P_score_freshwater_pred_UBA;0.999991909357897;0.999030744656448;M_score_exp_UBA;0.333333333333333;M_score_exp_UBA;0.333333333333333;0.205248989250152;kemi_score;0.39;0.577347933617703;1.0;0.333333333333333;0.5;0.452824525142536;1.0;0.247887192562385;1.0;0.378308284863267;1.0;0.27360811519032;0.75;0.335036416320641;1.0;1.0;PM;PM;PM;4;Alkyl Halide, Halogen;['PFAS']
364;Perfluorooctane sulfonamide;754-91-6;212-046-0;RRRXPPIDPYTNJG-UHFFFAOYSA-N;C(C(C(C(C(F)(F)S(=O)(=O)N)(F)F)(F)F)(F)F)(C(C(C(F)(F)F)(F)F)(F)F)(F)F;DTXSID3038939;69785.0;PRO-365;NS00010967;;False;;;;True;True;<0,5;;True;True;True;False;False;True;False;False;False;False;False;False;False;False;True;False;False;False;;;;False;False;False;False;False;False;False;False;False;False;False;False;False;False;False;False;False;False;False;False;False;False;False;False;False;;499.14;;6.44;;4.3;;6.66e-07;2.820201459;4.2947;134.289779684935;4438.838082;17.0;;;;;;0.16674;0.17;0.43;;;;;;0;0;0;0;0;0;0;0;0;0;0;0;0;0;0;0;0;0;0;0;0;0;0;0;0;0;0;0;0;0;0;0;0;0;0;0;0;0;0;0;0;0;0;0;0;0;0;0;0;0;0;0;0;0;0;0;0;0;0;0;0;0;0;0;0;;0.999362552157867;0.798553329358552;;;;0.169304443414723;0.361578321314244;False;0.0;0.0;0.0;0;23.8;low ;0.175;1.1;low ;0.0;310.599999999999;low ;0.0;0.685240324530663;0.489653305964392;0.201559318137213;0.076406698812782;0.685240324530663;;;P_score_freshwater_pred_RIVM;0.999362552157867;0.898957940758209;;;M_score_pred_Dashboard;0.361578321314244;0.265441382364484;kemi_score;0.43;0.601122145652247;1.0;;;0.488488114985809;1.0;0.341307566822379;1.0;0.45295423267215;1.0;0.341307566822379;0.5;0.408319347995484;1.0;0.0;PM;;PM;4;Nh2, Alkyl Halide, Halogen, Sulfonamd;['Sulfonamides', 'PFAS']
365;Perfluorooctane sulfonamidoacetic acid;2806-24-8;;AYLOUUCBACYHAB-UHFFFAOYSA-N;C(C(=O)O)NS(=O)(=O)C(C(C(C(C(C(C(C(F)(F)F)(F)F)(F)F)(F)F)(F)F)(F)F)(F)F)(F)F;DTXSID40440941;10507011.0;PRO-366;NS00000426;;False;;;;False;False;;<LOD;False;False;False;False;False;True;False;False;False;False;False;False;False;False;True;False;False;False;;;;False;False;False;False;False;False;False;False;False;False;False;False;False;False;False;False;False;False;False;False;False;False;False;False;False;;557.18;;6.12;;7.62;;7.64e-06;3.69019608;;149.904736149046;;6.03;;;;;;0.40136;;0.02;;;;;;0;0;0;0;0;0;0;0;0;0;0;0;0;0;0;0;0;0;0;0;0;0;0;0;0;0;0;0;0;0;0;0;0;0;0;0;0;0;0;0;0;0;0;0;0;0;0;0;0;0;0;0;0;0;0;0;0;0;0;0;0;0;0;0;0;;;0.827115886751682;;;;;0.236574089409472;False;0.0;0.0;0.0;0;41.0999999999999;low ;0.178;1.5;low ;0.0;313.099999999999;low ;0.0;0.597838262128109;0.456090589040871;0.166055910136759;0.0761613676885831;0.597838262128109;;;P_score_freshwater_pred_Dashboard;0.827115886751682;0.827115886751682;;;M_score_pred_Dashboard;0.236574089409472;0.236574089409472;kemi_score;0.02;0.44235075194283;1.0;;;0.44235075194283;1.0;0.597838262128109;0.5;0.489071567435515;0.75;0.597838262128109;0.25;0.489071567435515;0.75;1.0;PM;;PM;3;Al Coo, Coo, Coo2, C O, Nh1, Alkyl Halide, Halogen, Sulfonamd;['Sulfonamides', 'Alkylphenols', 'PFAS']
366;perfluorooctane sulfonic acid ;1763-23-1;217-179-8;YFSUTJLHUFNCNZ-UHFFFAOYSA-N;C(C(C(C(C(F)(F)S(=O)(=O)O)(F)F)(F)F)(F)F)(C(C(C(F)(F)F)(F)F)(F)F)(F)F;DTXSID3031864;74483.0;PRO-367;NS00010280;;False;;;;True;True;x;x;True;True;True;True;True;True;False;False;False;False;False;False;False;False;True;False;False;False;used as a stain or water repellent.;;;False;False;False;False;False;False;False;False;False;False;False;False;False;False;False;False;False;False;False;False;False;False;False;False;False;;500.13;5.61;5.77;;4.75;0.00114;0.00155;2.550228353;3.4087;134.289779684935;3061.651931;5.89;;;;;;0.002;0.27;0.51;;;;;;0;0;0;0;0;0;0;0;0;0;0;0;0;0;0;0;0;0;0;0;0;0;0;0;0;0;0;0;0;0;0;0;0;0;0;0;0;0;0;0;0;0;0;0;0;0;0;0;0;0;0;0;0;0;0;0;0;0;0;0;0;0;0;0;0;;0.998797828572458;0.798553329358552;;;;0.273599445166204;0.405791875053834;False;0.0;0.0;0.0;0;22.2;low ;0.173;1.1;low ;0.0;412.0;low ;0.0;0.936965838889863;0.489653305964392;0.206467255459778;0.0681857930445593;0.936965838889863;;;P_score_freshwater_pred_RIVM;0.998797828572458;0.898675578965505;;;M_score_pred_Dashboard;0.405791875053834;0.339695660110019;kemi_score;0.51;0.636634937508236;1.0;;;0.552518048593384;1.0;0.502971944048833;1.0;0.565870578991279;1.0;0.502971944048833;0.5;0.527163235651996;1.0;0.0;PM;;PM;3;Alkyl Halide, Halogen;['PFAS']
367;perfluorooctanoic acid;335-67-1;206-397-9;SNGREZUHAYWORS-UHFFFAOYSA-N;C(=O)(C(C(C(C(C(C(C(F)(F)F)(F)F)(F)F)(F)F)(F)F)(F)F)(F)F)O;DTXSID8031865;9554.0;PRO-368;NS00009389;;False;;;;True;True;x;x;True;True;True;True;True;True;False;False;False;False;False;False;False;False;True;False;False;False;"Cleaning and safety; Cleaning products and household care -> carpet and floor -> floor polish; nonfunctional ingredient; used as a stain or water repellent.";;;False;False;False;False;False;False;False;False;False;False;False;False;False;False;False;False;False;False;False;False;False;False;False;False;False;;414.07;3.1;5.68;;4.16;0.0137;0.00855;3.220108088;2.8163;134.289779684935;998.3991477;5.01;;;;;;0.178;0.36;0.51;;;;;;0;0;0;0;0;0;0;0;0;0;0;0;0;0;0;0;0;0;0;0;0;0;0;0;0;0;0;0;0;0;0;0;0;0;0;0;0;0;0;0;0;0;0;0;0;0;0;0;0;0;0;0;0;0;0;0;0;0;0;0;0;0;0;0;0;;0.99189244647625;0.798553329358552;;;;0.362202810402294;0.30033261489605;True;0.5;0.0;0.75;0;70.2;low ;0.186;4.0;low ;0.0;933.5;low ;0.0;0.679087175888634;0.353872541759008;0.136303535881645;0.048794416625247;0.679087175888634;;;P_score_freshwater_pred_RIVM;0.99189244647625;0.895222887917401;;;M_score_pred_Episuite;0.362202810402294;0.331267712649172;kemi_score;0.51;0.599388214540881;1.0;;;0.544571793606301;1.0;0.494440475001701;1.0;0.544391213657986;1.0;0.494440475001701;0.5;0.518901085278522;1.0;0.0;PM;;PM;3;Al Coo, Coo, Coo2, C O, Alkyl Halide, Halogen;['Alkylphenols', 'PFAS']
368;perfluorooctylphosphonic acid;40143-78-0;;CPRNWMZKNOIIML-UHFFFAOYSA-N;C(C(C(C(C(F)(F)P(=O)(O)O)(F)F)(F)F)(F)F)(C(C(C(F)(F)F)(F)F)(F)F)(F)F;DTXSID80879832;13528037.0;PRO-369;NS00011280;;False;;;;False;False;;;False;False;False;False;False;True;False;False;False;False;False;False;False;False;True;False;False;False;;;;False;False;False;False;False;False;False;False;False;False;False;False;False;False;False;False;False;False;False;False;False;False;False;False;False;;500.048;;5.4;;7.78;;0.0156;2.820201459;;134.289779684935;;3.89;;;;;;0.63897;;0.02;;;;;;0;0;0;0;0;0;0;0;0;0;0;0;0;0;0;0;0;0;0;0;0;0;0;0;0;0;0;0;0;0;0;0;0;0;0;0;0;0;0;0;0;0;0;0;0;0;0;0;0;0;0;0;0;0;0;0;0;0;0;0;0;0;0;0;0;;;0.798553329358552;;;;;0.361578321314244;False;0.0;0.0;0.0;0;35.6;low ;0.175;6.0;low ;0.0;598.8;low ;0.0;0.548477123405486;0.314718470642735;0.174876942065143;0.0585642428200916;0.548477123405486;;;P_score_freshwater_pred_Dashboard;0.798553329358552;0.798553329358552;;;M_score_pred_Dashboard;0.361578321314244;0.361578321314244;kemi_score;0.02;0.53734492861603;1.0;;;0.53734492861603;1.0;0.548477123405486;0.5;0.541030326010143;0.75;0.548477123405486;0.25;0.541030326010143;0.75;0.0;PM;;PM;3;Alkyl Halide, Halogen;['Organophosphates', 'PFAS']
369;perfluoropentane sulfonic acid ;2706-91-4;220-301-2;ACEKLXZRZOWKRY-UHFFFAOYSA-N;C(C(C(F)(F)F)(F)F)(C(C(F)(F)S(=O)(=O)O)(F)F)(F)F;DTXSID8062600;75922.0;PRO-370;NS00011290;;False;;;;True;True;<0,7;x;True;True;True;False;True;True;False;False;False;False;False;False;False;False;True;False;False;False;;;;False;False;False;False;False;False;False;False;False;False;False;False;False;False;False;False;False;False;False;False;False;False;False;False;False;;350.1;;3.39;;4.2;;0.188;3.021189299;2.3024;87.3567230134409;463.3587254;6.03;;;;;;2.0276;0.45;0.17;;;;;;0;0;0;0;0;0;0;0;0;0;0;0;0;0;0;0;0;0;0;0;0;0;0;0;0;0;0;0;0;0;0;0;0;0;0;0;0;0;0;0;0;0;0;0;0;0;0;0;0;0;0;0;0;0;0;0;0;0;0;0;0;0;0;0;0;;0.970531141630326;0.655247715497613;;;;0.447789092205969;0.330077516641994;False;0.0;0.0;0.0;0;405.1;low ;0.187;477.2;low ;0.192;1800.0;low ;0.0;0.42385149984874;0.0642419554330341;0.0686533101707438;0.0371378887927841;0.42385149984874;;;P_score_freshwater_pred_RIVM;0.970531141630326;0.812889428563969;;;M_score_pred_Episuite;0.447789092205969;0.388933304423982;kemi_score;0.17;0.659236876144126;1.0;;;0.562280865389092;1.0;0.436730093916062;1.0;0.536571134921881;1.0;0.436730093916062;0.5;0.49554512927541;1.0;0.0;PM;;PM;4;Alkyl Halide, Halogen;['PFAS']
370;perfluoropentanoic acid ;2706-90-3;220-300-7;CXZGQIAOTKWCDB-UHFFFAOYSA-N;C(=O)(C(C(C(C(F)(F)F)(F)F)(F)F)(F)F)O;DTXSID6062599;75921.0;PRO-371;NS00000365;;False;;;;True;True;x;x;True;True;True;False;True;True;False;False;False;False;False;False;False;False;True;False;False;False;;;;False;False;False;False;False;False;False;False;False;False;False;False;False;False;False;False;False;False;False;False;False;False;False;False;False;;264.047;1.35;3.36;;3.76;0.000454;0.00399;1.980003372;1.71;87.3567230134409;151.1299209;5.5;;;;;;3.91371;0.55;0.39;;;;;;0;0;0;0;0;0;0;0;0;0;0;0;0;0;0;0;0;0;0;0;0;0;0;0;0;0;0;0;0;0;0;0;0;0;0;0;0;0;0;0;0;0;0;0;0;0;0;0;0;0;0;0;0;0;0;0;0;0;0;0;0;0;0;0;0;;0.829096645369232;0.655247715497613;;;;0.550084640309689;0.503465096104752;False;0.0;0.0;0.0;0;257.799999999999;low ;0.202;2210.0;low ;0.211;3810.0;low ;0.0;0.35604112031763;0.0340792770962707;0.0823163544561637;0.027095323095052;0.35604112031763;;;P_score_freshwater_pred_RIVM;0.829096645369232;0.742172180433422;;;M_score_pred_Episuite;0.550084640309689;0.52677486820722;kemi_score;0.39;0.675332014604597;1.0;;;0.625266065395269;1.0;0.442518492466356;1.0;0.546668917185798;1.0;0.442518492466356;0.5;0.526015015611802;1.0;0.0;PM;;PM;3;Al Coo, Coo, Coo2, C O, Alkyl Halide, Halogen;['Alkylphenols', 'PFAS']
371;Perfluoropropane sulfonate;423-41-6;;XBWQFDNGNOOMDZ-UHFFFAOYSA-N;C(C(F)(F)F)(C(F)(F)S(=O)(=O)O)(F)F;DTXSID30870531;9859771.0;PRO-372;NS00003414;;False;;;;False;False;;;False;False;False;False;False;True;False;False;False;False;False;False;False;False;True;False;False;False;;;;False;False;False;False;False;False;False;False;False;False;False;False;False;False;False;False;False;False;False;False;False;False;False;False;False;;250.09;;1.92;;4.09;;1.34;1.640481437;;87.3567230134409;;6.31;;;;;;26.76982;;0.02;;;;;;0;0;0;0;0;0;0;0;0;0;0;0;0;0;0;0;0;0;0;0;0;0;0;0;0;0;0;0;0;0;0;0;0;0;0;0;0;0;0;0;0;0;0;0;0;0;0;0;0;0;0;0;0;0;0;0;0;0;0;0;0;0;0;0;0;;;0.655247715497613;;;;;0.561979406183193;False;0.0;0.0;0.0;0;702.8;low ;0.203;925.9;low ;0.207;17160.0;low ;0.0;0.193465815362465;0.0489594598891717;0.0548453191884617;0.0142799310018945;0.193465815362465;;;P_score_freshwater_pred_Dashboard;0.655247715497613;0.655247715497613;;;M_score_pred_Dashboard;0.561979406183193;0.561979406183193;kemi_score;0.02;0.606824292574253;1.0;;;0.606824292574253;1.0;0.193465815362465;0.5;0.414549807861787;0.75;0.193465815362465;0.25;0.414549807861787;0.75;0.0;PM;;PM;3;Alkyl Halide, Halogen;['PFAS']
372;perfluorotridecane sulfonic  acid;174675-49-1;;JMIXTHMPTMXARZ-UHFFFAOYSA-N;C(C(C(C(C(C(C(F)(F)F)(F)F)(F)F)(F)F)(F)F)(F)F)(C(C(C(C(C(C(F)(F)S(=O)(=O)[O-])(F)F)(F)F)(F)F)(F)F)(F)F)(F)F.[Na+];DTXSID10904580;138394691.0;PRO-373;;;False;;;;True;True;;;True;True;True;False;False;True;False;False;False;False;False;False;False;False;True;False;False;False;;;;False;False;False;False;False;False;False;False;False;False;False;False;False;False;False;False;False;False;False;False;False;False;False;False;False;;772.15;;8.8;;6.88;;3.77e-05;5.369215857;;149.904736149046;;83.2;;;;;;;;;;;;;;0;0;0;0;0;0;0;0;0;0;0;0;0;0;0;0;0;0;0;0;0;0;0;0;0;0;0;0;0;0;0;0;0;0;0;0;0;0;0;0;0;0;0;0;0;0;0;0;0;0;0;0;0;0;0;0;0;0;0;0;0;0;0;0;0;;;0.827115886751682;;;;;0.0882362952275217;False;0.0;0.0;0.0;0;30.5;low ;0.0;0.1;low ;0.0;307.2;low ;0.0;;0.731058578630004;0.184778832251011;0.0767447180140758;0.0;;;P_score_freshwater_pred_Dashboard;0.827115886751682;0.827115886751682;;;M_score_pred_Dashboard;0.0882362952275217;0.0882362952275217;;;0.270151145788417;1.0;;;0.270151145788417;1.0;0.0;0.5;0.0;0.75;0.0;0.25;0.0;0.75;1.0;;;;4;Alkyl Halide, Halogen;['PFAS']
373;perfluorotridecanoic acid;72629-94-8;276-745-2;LVDGGZAZAYHXEY-UHFFFAOYSA-N;C(=O)(C(C(C(C(C(C(C(C(C(C(C(C(F)(F)F)(F)F)(F)F)(F)F)(F)F)(F)F)(F)F)(F)F)(F)F)(F)F)(F)F)(F)F)O;DTXSID90868151;3018355.0;PRO-374;;;False;;;;True;True;< 0,4;<4.2;True;True;True;False;True;True;False;False;False;False;False;False;False;False;True;False;False;False;;;;False;False;False;False;False;False;False;False;False;False;False;False;False;False;False;False;False;False;False;False;False;False;False;False;False;;664.109;;8.76;;4.96;;2.53e-05;5.269512944;4.6693;244.69193226422;23230.74974;87.1;;;;;;0.10317;0.14;0.39;;;;;;0;0;0;0;0;0;0;0;0;0;0;0;0;0;0;0;0;0;0;0;0;0;0;0;0;0;0;0;0;0;0;0;0;0;0;0;0;0;0;0;0;0;0;0;0;0;0;0;0;0;0;0;0;0;0;0;0;0;0;0;0;0;0;0;0;;0.999962336654093;0.917054553612804;;;;0.13584733045377;0.0939566472722212;False;0.0;0.0;0.0;0;24.7;low ;0.176;0.2;low ;0.0;254.3;low ;0.0;0.728385482202607;0.667959369323381;0.198977552644435;0.082765917283814;0.728385482202607;;;P_score_freshwater_pred_RIVM;0.999962336654093;0.958508445133449;;;M_score_pred_Episuite;0.13584733045377;0.114901988862995;kemi_score;0.39;0.368567787508312;1.0;;;0.331865223679449;1.0;0.319333630406139;1.0;0.343068636916562;1.0;0.319333630406139;0.5;0.325539132337579;1.0;1.0;PM;;PM;4;Al Coo, Coo, Coo2, C O, Alkyl Halide, Halogen;['Alkylphenols', 'PFAS']
374;perfluoroundecane sulfonic acid;749786-16-1;;UKHUPOMCGUFNAP-UHFFFAOYSA-N;C(C(C(C(C(C(F)(F)F)(F)F)(F)F)(F)F)(F)F)(C(C(C(C(C(F)(F)S(=O)(=O)O)(F)F)(F)F)(F)F)(F)F)(F)F;DTXSID40904573;22141518.0;PRO-375;;;False;;;;True;True;;;True;True;True;False;True;True;False;False;False;False;False;False;False;False;True;False;False;False;;;;False;False;False;False;False;False;False;False;False;False;False;False;False;False;False;False;False;False;False;False;False;False;False;False;False;;650.15;;7.27;;6.0;;5.34e-05;4.92992956;;58.5569625918923;;79.4;;;;;;;;;;;;;;0;0;0;0;0;0;0;0;0;0;0;0;0;0;0;0;0;0;0;0;0;0;0;0;0;0;0;0;0;0;0;0;0;0;0;0;0;0;0;0;0;0;0;0;0;0;0;0;0;0;0;0;0;0;0;0;0;0;0;0;0;0;0;0;0;;;0.489597175430576;;;;;0.1159994316796;False;0.0;0.0;0.0;0;31.4;low ;0.166;0.6;low ;0.0;283.9;low ;0.0;;0.555235828478233;0.182883902491945;0.079207378087866;0.0303587278136628;;;P_score_freshwater_pred_Dashboard;0.489597175430576;0.489597175430576;;;M_score_pred_Dashboard;0.1159994316796;0.1159994316796;;;0.238312807255263;1.0;;;0.238312807255263;1.0;0.0303587278136628;0.5;0.119911115884846;0.75;0.0303587278136628;0.25;0.119911115884846;0.75;1.0;;;;3;Alkyl Halide, Halogen;['PFAS']
375;perfluoroundecanoic acid ;2058-94-8;218-165-4;SIDINRCMMRKXGQ-UHFFFAOYSA-N;C(=O)(C(C(C(C(C(C(C(C(C(C(F)(F)F)(F)F)(F)F)(F)F)(F)F)(F)F)(F)F)(F)F)(F)F)(F)F)O;DTXSID8047553;77222.0;PRO-376;NS00000370;;False;;;;True;True;< 0,9;<3;True;True;True;False;True;True;False;False;False;False;False;False;False;False;True;False;False;False;;;;False;False;False;False;False;False;False;False;False;False;False;False;False;False;False;False;False;False;False;False;False;False;False;False;False;;564.093;4.0;7.9;;4.7;0.000163;8.07e-05;4.220108088;3.9281;134.289779684935;6596.94209;33.9;;;;;;0.12568;0.21;0.39;;;;;;0;0;0;0;0;0;0;0;0;0;0;0;0;0;0;0;0;0;0;0;0;0;0;0;0;0;0;0;0;0;0;0;0;0;0;0;0;0;0;0;0;0;0;0;0;0;0;0;0;0;0;0;0;0;0;0;0;0;0;0;0;0;0;0;0;;0.999676093604006;0.798553329358552;;;;0.208093294427687;0.17670081659988;False;0.0;0.0;0.0;0;13.7999999999999;low ;0.18;0.4;low ;0.0;377.599999999999;low ;0.0;0.711100281150602;0.59819262459623;0.24234256157024;0.0706313107514724;0.722722389002481;;;P_score_freshwater_pred_RIVM;0.999676093604006;0.899114711481279;;;M_score_pred_Episuite;0.208093294427687;0.192397055513784;kemi_score;0.39;0.456098554786856;1.0;;;0.415917086759036;1.0;0.389578877366985;1.0;0.421528602757355;1.0;0.389578877366985;0.5;0.402532621954211;1.0;1.0;PM;;PM;4;Al Coo, Coo, Coo2, C O, Alkyl Halide, Halogen;['Alkylphenols', 'PFAS']
376;Perhydro-1,3,5-trinitro-1,3,5-triazine;121-82-4;204-500-1;XTFIVUDBNACUBN-UHFFFAOYSA-N;C1N(CN(CN1[N+](=O)[O-])[N+](=O)[O-])[N+](=O)[O-];DTXSID9024142;8490.0;PRO-377;NS00001970;REACH-A;False;vPvM;MQ;PM;False;False;;;False;False;False;False;False;False;False;False;False;False;False;False;False;False;False;True;False;True;"Personal care; Specialty occupational products -> Firefighting foam";"Energy Releasers (explosives, motive propellant); Fuel; Propellants and blowing agents";Energy Releasers (explosives, motive propellant);True;True;True;False;False;True;True;False;False;False;True;True;False;False;False;False;False;False;False;True;True;False;False;False;True;P-PNEC pred;222.117;0.87;-0.46;;3.87;0.000269;0.00745;1.589949601;1.7138;58.5569625918923;27.28894371;2.0;72.0;;;2.0;;3.73784;0.55;0.65;0.36;0.48;>1000 to < 10000 tonnes;1000.0;10000.0;0;0;0;0;0;0;0;0;0;0;1;0;0;0;0;0;0;0;1;0;0;0;0;0;0;0;0;0;0;0;0;0;0;0;0;0;0;0;0;0;0;0;0;1;1;0;0;0;0;0;0;0;0;0;0;0;0;1;0;1;0;1;0;0;1;0.577295462476471;0.206384102121463;0.489597175430576;;;0.5;0.549432672067847;0.570581801274715;False;0.0;0.0;0.0;0;312.0;low ;0.281;4570.0;low ;0.23;1720.0;low ;0.0;0.360632330502541;0.0250890117807639;0.0762689820292168;0.0378503982943391;0.368727141437504;;;P_score_freshwater_pred_UBA;0.577295462476471;0.424425580009503;M_score_exp_UBA;0.5;M_score_pred_Dashboard;0.570581801274715;0.54000482444752;kemi_score;0.65;0.573928815139599;1.0;0.5;0.5;0.478739867594155;1.0;0.45033312979463;1.0;0.50838878783972;1.0;0.466314872349754;0.75;0.464319311391571;1.0;0.0;PM;PM;PM;;Nh0, Hdrzine, Nitro;['Other']
377;PFO4DA;39492-90-5;;RVMKCACFKFAJPS-UHFFFAOYSA-N;C(=O)(C(OC(OC(OC(OC(F)(F)F)(F)F)(F)F)(F)F)(F)F)O;DTXSID90723993;57358057.0;PRO-378;NS00074623;;False;;;;False;False;;;False;False;False;False;False;False;False;False;False;False;False;False;False;False;False;False;False;False;;;;False;False;False;False;False;False;False;False;False;False;False;False;False;False;False;False;False;False;False;False;False;False;False;False;False;;378.05;;8.53;;4.1;;0.00109;2.940018155;;64.715452107403;;2.69;;;;;;3.99621865100206;;;;;;;;0;0;0;0;0;0;0;0;0;0;0;0;0;0;0;0;0;0;0;0;0;0;0;0;0;0;0;0;0;0;0;0;0;0;0;0;0;0;0;0;0;0;0;0;0;0;0;0;0;0;0;0;0;0;0;0;0;0;0;0;0;0;0;0;0;;;0.532288460761191;;;;;0.342635618349821;False;0.0;0.0;0.0;0;41.0999999999999;low ;0.0;7160.0;low ;0.204;4930.0;low ;0.0;0.353966463809446;0.0207363437150769;0.166055910136759;0.0242960145720336;0.371774559823391;;;P_score_freshwater_pred_Dashboard;0.532288460761191;0.532288460761191;;;M_score_pred_Dashboard;0.342635618349821;0.342635618349821;;;0.427060869072999;1.0;;;0.427060869072999;1.0;0.371774559823391;0.5;0.407774198134386;0.75;0.371774559823391;0.25;0.407774198134386;0.75;0.0;PM;;PM;3;Al Coo, Coo, Coo2, C O, Alkyl Halide, Ether, Halogen;['Alkylphenols', 'Ethylene Glycols', 'PFAS']
378;PFO5DoDA;39492-91-6;;;C(=O)(C(OC(OC(OC(OC(OC(F)(F)F)(F)F)(F)F)(F)F)(F)F)(F)F)O;DTXSID50723994;57358058.0;PRO-379;;;False;;;;False;False;;;False;False;False;False;False;False;False;False;False;False;False;False;False;False;False;False;False;False;;;;False;False;False;False;False;False;False;False;False;False;False;False;False;False;False;False;False;False;False;False;False;False;False;False;False;;444.057;;10.4;;4.29;;0.000284;2.749736316;;64.715452107403;;2.51;;;;;;;;;;;;;;0;0;0;0;0;0;0;0;0;0;0;0;0;0;0;0;0;0;0;0;0;0;0;0;0;0;0;0;0;0;0;0;0;0;0;0;0;0;0;0;0;0;0;0;0;0;0;0;0;0;0;0;0;0;0;0;0;0;0;0;0;0;0;0;0;;;0.532288460761191;;;;;0.372927621499333;False;0.0;0.0;0.0;0;42.0;low ;0.0;16.5;low ;0.0;4840.0;low ;0.0;;0.228379532723996;0.164757240681059;0.0244864209847275;0.0;;;P_score_freshwater_pred_Dashboard;0.532288460761191;0.532288460761191;;;M_score_pred_Dashboard;0.372927621499333;0.372927621499333;;;0.445539077548998;1.0;;;0.445539077548998;1.0;0.0;0.5;0.0;0.75;0.0;0.25;0.0;0.75;0.0;PM;;PM;;Al Coo, Coo, Coo2, C O, Alkyl Halide, Ether, Halogen;['Alkylphenols', 'Ethylene Glycols', 'PFAS']
379;Phenazone;60-80-0;200-486-6;VEQOALNAAJBPNY-UHFFFAOYSA-N;Cc1cc(=O)n(c2ccccc2)n1C;DTXSID6021117;2206.0;PRO-380;NS00000287;REACH-B;False;vPvM;MQ;vPvM;False;False;;;False;False;False;False;False;False;False;False;False;False;False;False;False;False;False;False;False;False;"analgesic; antipyretic";;;False;False;False;False;False;False;False;False;False;False;False;False;False;False;False;False;False;False;False;False;False;False;False;False;False;P-PNEC pred;188.23;0.305;0.472;;6.33;1.58;0.269;2.049218023;1.0663;29.6659522703688;22.58861913;12.0;;;;0.8;;21.09577;0.66;0.66;0.0;0.0;;;;0;0;0;0;0;0;0;0;0;0;0;0;0;0;0;0;0;0;0;0;0;0;0;0;0;0;0;0;0;0;0;0;0;0;0;0;0;0;0;0;0;0;0;0;0;0;0;0;0;0;0;0;0;0;0;0;0;0;0;0;0;0;0;0;0;;0.158421675158949;0.230749318152645;;;0.696730454977072;0.656377299901313;0.491471993629446;False;0.0;0.0;0.0;0;349.0;low ;0.258;2720.0;;0.51;3080.0;;0.85;0.210121138098377;0.0312323947560055;0.0729099606233391;0.02963975897225;0.210121138098377;;;P_score_freshwater_pred_Dashboard;0.230749318152645;0.194585496655797;M_score_exp_UBA;0.696730454977072;M_score_exp_UBA;0.696730454977072;0.614859916169277;kemi_score;0.66;0.400961441315922;1.0;0.696730454977072;0.5;0.345894235513604;1.0;0.372397571346711;1.0;0.386415666025235;1.0;0.458873338313966;0.75;0.358901341942453;1.0;0.0;PM;PM;PM;3;Ar N, Nh0, Aryl Methyl, Benzene, Para Hydroxylation;['Aromatic amines', 'PAHs']
380;Phenol, styrenated;61788-44-1;262-975-0;GZGSEMRMKBBQGA-UHFFFAOYSA-N;Oc1ccc(C=C)cc1C=C;DTXSID8028052;86688.0;PRO-381;NS00003632;REACH-A;True;PMT;MQ;Not PMT/vPvM;False;False;;;False;False;False;False;False;False;False;False;False;False;False;False;False;False;False;True;True;True;;"Intermediate; Intermediates";;True;True;True;True;False;True;True;False;False;False;True;True;True;False;True;False;False;False;False;False;False;False;True;True;False;P-PNEC pred;;;1.61;;5.01;;0.02;2.269512944;2.425;37.7128166171817;15.75145618;3.8;25.0;;;3.1;;4.38592;;0.7;0.26;0.39;>100 to < 1000 tonnes;100.0;1000.0;1;1;0;0;0;0;0;1;1;0;0;0;0;0;1;0;0;0;0;0;0;0;0;0;0;0;1;0;0;0;1;0;0;1;0;0;0;1;0;0;0;0;0;0;0;0;1;1;1;0;1;1;0;1;1;1;0;0;1;1;1;1;0;0;0;0.182929628242355;0.0922622474876585;0.311352831488591;;;0.31811200018174;0.426881131240616;0.453432316569525;False;0.0;0.0;0.0;0;462.2;low ;0.7;358.4;good ;1.0;952.4;good ;1.0;0.344780862701209;0.0721335866647852;0.0650808360484605;0.0483919672007298;0.344780862701209;;;P_score_freshwater_pred_Dashboard;0.311352831488591;0.195514902406201;M_score_exp_UBA;0.31811200018174;M_score_pred_Dashboard;0.453432316569525;0.399475149330627;kemi_score;0.7;0.375735858885405;1.0;0.31811200018174;0.5;0.279469756566037;1.0;0.344780862701209;0.5;0.36512044078905;0.75;0.331178093868341;0.5;0.299735094345086;0.75;0.0;PM;;;2;Ar Oh, Benzene, Phenol, Phenol Noorthohbond;['Alkylphenols', 'Phenols', 'Styrenes']
381;Phenytoin;57-41-0;200-328-6;CXOFVDLJLONNDW-UHFFFAOYSA-N;O=C1NC(=O)C(N1)(c1ccccc1)c1ccccc1;DTXSID8020541;1775.0;PRO-382;NS00010290;REACH-B;False;vPvM & PMT;MQ;vPvM & PMT;False;False;;;False;False;False;False;False;False;False;False;False;False;False;False;False;False;False;False;False;False;;;;False;False;False;False;False;False;False;False;False;False;False;False;False;False;False;False;False;False;False;False;False;False;False;False;False;P-PNEC pred;252.273;2.37;2.37;;9.33;0.000109;0.000378;2.178976947;2.2555;1187.96851850909;43.13528885;6.31;84.0;;;1.7;;0.87359;;0.61;0.0;0.0;;;;0;0;0;0;0;0;0;0;0;0;0;0;0;0;0;0;0;0;0;0;0;0;0;0;0;0;0;0;0;0;0;0;0;0;0;0;0;0;0;0;0;0;0;0;0;0;0;0;0;0;0;1;0;0;0;0;0;0;0;0;0;0;0;0;0;0.639962891590626;0.362589142250455;0.99396431338033;;;0.551799518660109;0.455840581894409;0.469025373816446;False;0.0;0.0;0.0;0;195.5;low ;0.332;3350.0;low ;0.415;364.0;low ;0.315;0.514668875803733;0.0286079691067111;0.0918588413710665;0.0716842154566525;0.514668875803733;;;P_score_freshwater_pred_Dashboard;0.99396431338033;0.665505449073804;M_score_exp_UBA;0.551799518660109;M_score_exp_UBA;0.551799518660109;0.492221824790321;kemi_score;0.61;0.74058694944523;1.0;0.551799518660109;0.5;0.572342822573158;1.0;0.514668875803733;0.5;0.655984138307322;0.75;0.532910909944466;0.5;0.552433655753437;0.75;0.0;vPvM;PM;PM;;C O, C O Nocoo, Nh1, Amide, Benzene, Imide, Urea;['Phenylureas']
382;Phthalylsulfathiazole;85-73-4;201-627-4;PBMSWVPMRUJMPE-UHFFFAOYSA-N;OC(=O)c1ccccc1C(=O)Nc1ccc(S(=O)(=O)N=c2[nH]ccs2)cc1;DTXSID8023470;4806.0;PRO-383;NS00007465;REACH-B;False;PMT;HQ;PMT;False;False;;;False;False;False;False;False;False;False;False;False;False;False;False;False;False;False;True;False;False;;;;False;False;False;False;False;False;False;False;False;False;False;False;False;True;False;False;False;False;False;False;False;False;False;False;False;P-PNEC pred;403.43;;1.96;;9.41;;7.54e-05;1.829946696;1.4718;27.3851254719032;55.83697241;7.59;;;;;-1.3;0.10137;0.59;0.49;0.0;0.0;;;;0;0;0;0;0;0;0;0;0;0;0;0;0;0;0;0;0;0;0;0;0;0;0;0;0;0;0;1;0;0;0;0;0;0;0;0;0;0;0;0;0;0;0;0;0;0;0;0;0;0;0;1;0;0;0;0;0;0;0;0;0;0;1;0;0;;0.469306618652641;0.207370987426627;;;;0.590521184403969;0.529433920855667;False;0.0;0.0;0.0;0;173.5;low ;0.203;40.8;low ;0.254;517.2;low ;0.261;0.72989512570456;0.166496978785974;0.0962764749157458;0.0621721929657134;0.72989512570456;;;P_score_freshwater_pred_RIVM;0.469306618652641;0.338338803039634;;;M_score_pred_Episuite;0.590521184403969;0.559977552629818;kemi_score;0.49;0.526436606150617;1.0;;;0.435272483492624;1.0;0.656230237161997;1.0;0.587761532345369;1.0;0.656230237161997;0.5;0.534452023171824;1.0;0.0;PM(T);(T);PM(T);;Ar Coo, Ar N, Ar Nh, Coo, Coo2, C O, C O Nocoo, Nh0, Nh1, Nhpyrrole, Amide, Aniline, Benzene, Sulfonamd, Thiazole;['Sulfonamides', 'Alkylphenols']
383;Piperazine, compound with phosphoric acid;1951-97-9;217-775-8;NQQWFVUVBGSGQN-UHFFFAOYSA-N;C1CNCCN1;DTXSID201016688;64733.0;PRO-384;;REACH-B;True;PMT;HQ;PMT;False;False;;;False;False;False;False;False;False;False;False;False;False;False;False;False;False;False;False;False;False;;;;True;True;False;False;True;False;True;False;False;False;False;True;False;False;False;False;False;False;False;False;False;False;False;False;False;P-PNEC;;;8.8;;6.88;;3.77e-05;5.369215857;0.0083;149.904736149046;13.80266412;83.2;;;;;0.3;184.131996;;;0.0;0.0;;;;0;0;0;0;0;0;0;0;0;0;0;0;0;0;0;0;0;0;0;0;0;0;0;0;0;1;0;1;0;0;1;0;0;0;0;0;0;0;0;0;0;0;1;0;0;0;0;0;0;0;0;0;0;0;1;0;0;0;0;0;0;0;1;0;1;;0.0750144279139752;0.827115886751682;;;;0.79907791162155;0.0882362952275217;False;0.0;0.0;0.0;0;8200.0;low ;0.604;4300.0;;0.85;6560.0;;0.7;0.0940524113328572;0.025744101753653;0.0195734466143667;0.0215223958256007;0.0940524113328572;;;P_score_freshwater_pred_Dashboard;0.827115886751682;0.451065157332828;;;M_score_pred_Episuite;0.79907791162155;0.443657103424535;E_score_min;0.0;0.812976036211733;1.0;;;0.447345795954332;1.0;0.0940524113328572;0.5;0.396133715762618;0.75;0.0940524113328572;0.25;0.26600239795476;0.75;1.0;vPvM;;PM;2;Nh1, Piperzine;['Other']
384;Potassium 2-(3-trifluoromethoxy-1,1,2,2,3,3-hexafluoropropoxy)-2,3,3,3-tetrafluoropropionate;;444-340-1;NPVAMXSRUVKHFJ-UHFFFAOYSA-M;COC(F)(F)C(F)(F)C(F)(F)C(F)(F)F;;;PRO-385;;REACH-B;False;PMT;MQ;Potential PMT/vPvM;False;False;;;False;False;False;False;False;False;False;False;False;False;False;False;False;False;False;False;False;False;;;;False;False;False;False;False;False;False;False;False;False;False;False;False;False;False;False;False;False;False;False;False;False;False;False;False;;;;;;;;;;;;;;22393.0;;;;1.9;;;;;;;;;0;0;0;0;0;0;0;0;0;0;0;0;0;0;0;0;0;0;0;0;0;0;0;0;0;0;0;0;0;0;0;0;0;0;0;0;0;0;0;0;0;0;0;0;0;0;0;0;0;0;0;0;0;0;0;0;0;0;0;0;0;0;0;0;0;0.999959896141289;;;;;;;;True;0.0;0.0;0.0;0;283.0;low ;0.206;2280.0;low ;0.208;3480.0;low ;0.0;;0.0336362862323027;0.0793080087194369;0.0281520484171372;0.0232194948558915;;;P_score_freshwater_pred_UBA;0.999959896141289;0.999959896141289;;;;;;;;0.999959896141289;0.5;;;0.999959896141289;0.5;0.0232194948558915;0.5;0.152376388146426;0.5;0.0232194948558915;0.25;0.152376388146426;0.5;;vPvM;;vPvM;2;Alkyl Halide, Ether, Halogen, Methoxy;['Ethylene Glycols', 'PFAS']
385;Prednisolone;50-24-8;200-021-7;OIGNJSKKLXVSLS-VWUMJDOOSA-N;C[C@]12C[C@H](O)[C@H]3[C@@H](CCC4=CC(=O)C=C[C@]34C)[C@@H]1CC[C@]2(O)C(=O)CO;DTXSID9021184;5755.0;PRO-386;NS00000394;REACH-B;False;vPvM & PMT;MQ;PMT;False;False;;;False;False;False;False;False;False;False;False;False;False;False;False;False;False;False;False;False;False;;;;True;False;False;False;False;False;True;False;False;False;True;False;False;False;False;False;False;False;False;False;False;False;False;False;False;P-PNEC pred;360.45;1.62;1.54;;9.3;0.000626;0.000504;4.340444115;1.3895;2.69507516429934e+42;100.2713811;1.78;146.0;;;;1.6;24.3733;0.6;0.58;0.11;0.22;>10 to < 100 tonnes;10.0;100.0;0;0;0;0;0;0;0;0;0;0;0;0;0;0;0;0;0;0;1;0;0;0;0;0;0;0;0;1;0;0;0;0;0;0;0;0;0;0;0;0;0;0;0;0;0;0;0;0;0;0;0;1;1;0;0;0;0;0;0;0;0;0;0;0;0;0.820568449709088;0.706385860583961;1.0;;;;0.604240681686267;0.16489173892925;False;0.0;0.0;0.0;0;435.9;low ;0.7;9980.0;low ;0.53;258.0;low ;0.7;0.199900822779219;0.0180015733936067;0.0666461649205812;0.0822909165703267;0.213840175414789;;;P_score_freshwater_pred_Dashboard;1.0;0.842318103431016;;;M_score_pred_Episuite;0.604240681686267;0.384566210307758;kemi_score;0.58;0.777329197757467;1.0;;;0.569145922334584;1.0;0.358195624273767;1.0;0.527670273236007;1.0;0.358195624273767;0.5;0.451514760504577;1.0;0.0;vPvM;;PM;2;Al Oh, Al Oh Notert, C O, C O Nocoo, Allylic Oxid, Bicyclic, Ketone, Ketone Topliss;['Alkylphenols', 'Cyclohexanes', 'Unsaturated ketones', 'Terpenoid', 'Acrylics/Acrylates']
386;Propargite;2312-35-8;219-006-1;ZYHMJXZULPZUED-UHFFFAOYSA-N;CC(C)(C)c1ccc(cc1)OC1CCCCC1OS(=O)OCC#C;DTXSID4024276;4936.0;PRO-387;NS00006783;REACH-A;True;PMT;HQ;Not PMT/vPvM;False;False;;;False;False;False;False;False;False;False;False;False;False;False;False;False;False;False;False;False;False;"acaricide; biocide; insecticide; insecticides and degradates; insecticides and insecticide degradates";;;False;False;False;False;False;False;False;False;False;False;True;False;False;False;False;False;False;False;False;False;False;False;False;False;False;P-PNEC pred;350.47;5.0;4.93;;10.7;1.15e-06;8.6e-06;3.599883072;3.9081;275.889383234782;80.40258801;11.0;128.0;234.0;;3.9;;0.62467;0.21;0.58;0.31;0.41;>1000 to < 10000 tonnes;1000.0;10000.0;0;0;0;0;0;0;0;0;0;0;0;0;0;0;0;0;0;0;0;0;0;0;0;0;0;1;0;0;0;0;0;0;0;0;0;0;0;0;0;0;0;0;0;0;0;0;0;0;0;0;0;0;0;0;0;0;0;0;0;0;0;0;0;0;0;0.78503823733694;0.622547932106929;0.931382676413354;0.610286026060949;;0.211321241071426;0.210387020750143;0.248065864536351;True;0.5;0.0;0.0;0;16.1;low ;0.214;20.4;low ;0.214;598.199999999999;low ;0.273;0.550910298711273;0.21254873707513;0.230263157412016;0.0585882520447391;0.591125057594459;P_score_soil_exp_UBA;0.610286026060949;P_score_freshwater_pred_Dashboard;0.931382676413354;0.737313717979543;M_score_exp_UBA;0.211321241071426;M_score_pred_Dashboard;0.248065864536351;0.223258042119306;kemi_score;0.58;0.480670624064607;1.0;0.359118922413938;1.0;0.405723079333453;1.0;0.35232976328269;1.0;0.411527115988273;1.0;0.355708145709987;1.0;0.378085065163753;1.0;1.0;PM;PM;PM;3;Benzene, Ether, Term Acetylene;['Ethylene Glycols', 'PBDE', 'PhenylEthers']
387;Propazine;139-40-2;205-359-9;WJNRPILHGGKWCK-UHFFFAOYSA-N;CC(C)Nc1nc(nc(n1)Cl)NC(C)C;DTXSID3021196;4937.0;PRO-388;NS00000378;REACH-B;False;vPvM & PMT;MQ;vPvM & PMT;False;False;;;False;False;False;False;False;False;False;False;False;False;False;False;False;False;False;False;False;False;"herbicide; herbicides and degradates";;;False;True;False;False;False;False;False;False;False;False;False;False;False;False;False;False;False;False;False;False;False;False;False;False;False;PNEC acute;229.71;2.93;3.03;;8.41;3.73e-05;0.00024;2.399673721;2.3351;149.904736149046;115.3925831;13.2;383.0;;;1.7;;0.18;0.44;0.46;0.0;0.0;;;;0;0;0;0;0;0;0;0;0;0;0;0;0;0;0;0;0;0;1;0;0;0;0;0;0;0;0;0;0;0;0;0;0;0;0;0;0;0;0;0;0;0;0;0;0;0;0;0;0;0;0;1;0;0;0;0;0;0;0;0;0;0;0;0;0;0.959647191626216;0.75361991102553;0.827115886751682;;;0.551799518660109;0.442191264969604;0.43118139565707;True;0.5;0.0;0.0;0;114.9;low ;0.515;2400.0;low ;0.398;1740.0;low ;0.468;0.678028763004354;0.0329196690509339;0.113013745898549;0.0376679756964991;0.687677826337675;;;P_score_freshwater_pred_UBA;0.959647191626216;0.846794329801143;M_score_exp_UBA;0.551799518660109;M_score_exp_UBA;0.551799518660109;0.475057393095594;kemi_score;0.46;0.727690084048746;1.0;0.551799518660109;0.5;0.634252242253397;1.0;0.550071125936071;1.0;0.632677883180065;1.0;0.550646654469957;0.75;0.590663901913604;1.0;0.0;vPvM;PM;PM;;Ar N, Nh0, Nh1, Aniline, Halogen;['Aromatic amines']
388;Propylenediamine;78-90-0;201-155-9;AOHJOMMDDJHIJH-UHFFFAOYSA-N;CC(CN)N;DTXSID4021761;6567.0;PRO-389;NS00007190;REACH-A;False;vPvM & PMT;MQ;vPvM & PMT;False;False;;;False;False;False;False;False;False;False;False;False;False;False;False;False;False;False;False;False;False;;Intermediates;;True;True;False;True;False;True;True;False;False;False;True;False;False;False;False;False;False;False;False;False;False;False;False;False;False;P-PNEC pred;74.127;;-1.46;;6.9;;8.36;0.780317312;0.2178;214.862867704335;13.10723845;3.39;13.0;;;2.3;;39.96793;;0.82;0.18;0.27;>100 to < 1000 tonnes;100.0;1000.0;0;0;0;0;0;0;0;0;0;0;0;0;1;0;0;0;0;0;1;0;1;0;0;0;0;0;0;1;0;0;0;0;0;0;0;0;0;0;0;0;0;0;0;0;0;0;0;0;0;0;1;1;0;0;0;0;0;0;0;0;0;0;0;0;0;0.0682098674362219;0.0691079034638104;0.898507246983325;;;0.44820048133989;0.774749547142436;0.69960542064807;True;0.0;0.0;0.0;0;4460.0;low ;0.629;3770.0;moderate ;0.85;2820.0;moderate ;0.85;0.167742523257753;0.0272164150786631;0.0253491313881648;0.0307614312831085;0.17677532494402;;;P_score_freshwater_pred_Dashboard;0.898507246983325;0.345275005961119;M_score_exp_UBA;0.44820048133989;M_score_pred_Episuite;0.774749547142436;0.640851816376799;kemi_score;0.82;0.834336911987315;1.0;0.44820048133989;0.5;0.470393574275514;1.0;0.17677532494402;0.5;0.497395119791072;0.75;0.28147963643739;0.5;0.339454420363574;0.75;2.0;vPvM;PM;PM;;Nh2;['Other']
389;"pymetrozine (ISO); (E)-4,5-dihydro-6-methyl-4-(3-pyridylmethyleneamino)-1,2,4-triazin-3(2H)-one";123312-89-0;602-927-1;QHMTXANCGGJZRX-WUXMJOGZSA-N;CC1=NNC(=O)N(C1)N=CC2=CN=CC=C2;DTXSID2032637;9576037.0;PRO-390;NS00000443;REACH-A;False;vPvM & PMT;HQ;vPvM & PMT;False;False;;;False;False;False;False;False;False;False;False;False;False;False;False;False;False;False;False;False;False;"biocide; insecticide";;;False;False;False;False;False;False;False;False;False;False;True;False;False;False;False;False;False;False;False;False;False;False;False;False;False;PNEC chronic;217.232;-0.18;0.565;;6.7;0.00131;0.0149;1.889861721;0.9699;29.6659522703688;40.58020759;2.34;6.0;707.0;379.0;1.0;;0.5;0.67;0.68;0.0;0.11;>0 to < 10 tonnes;0.0;10.0;0;0;0;0;0;0;0;0;0;0;0;0;0;0;0;0;0;0;0;0;0;0;0;0;0;0;0;0;0;0;0;0;0;0;0;0;0;0;0;0;0;0;0;0;0;0;0;0;0;0;0;0;0;0;0;0;0;0;0;0;0;0;0;0;0;0.0191466495625329;0.338826409043466;0.230749318152645;0.912034861665472;0.78123310408103;0.666666666666666;0.671286817949882;0.519076245423817;True;0.5;0.0;0.0;0;181.2;low ;0.237;8330.0;low ;0.201;1420.0;low ;0.198;0.574694288485754;0.0194427839575405;0.094648075240985;0.0410012056867674;0.584673131228468;P_score_soil_exp_UBA;0.912034861665472;P_score_soil_exp_UBA;0.912034861665472;0.456398068501029;M_score_exp_UBA;0.666666666666666;M_score_pred_Episuite;0.671286817949882;0.619009910013455;kemi_score;0.68;0.782455736861054;1.0;0.779758450489839;1.0;0.531521332886213;1.0;0.625884172929044;1.0;0.699804731134955;1.0;0.698597504196276;1.0;0.576776204283456;1.0;0.0;vPvM(T);vPvM(T);PM(T);2;Ar N, C O, C O Nocoo, Nh0, Nh1, Amide, Hdrzone, Pyridine, Urea;['Pyridin']
390;Pyridine, alkyl derivs.;68391-11-7;269-929-9;;c1(CC)cc(C)ccn1;DTXSID4028462;;PRO-391;;REACH-B2;False;vPvM & PMT;LQ structure;vPvM & PMT;False;False;;;False;False;False;False;False;False;False;False;False;False;False;False;False;False;False;True;False;False;;;;True;True;False;False;False;False;True;False;False;False;True;False;True;False;False;False;False;False;False;False;False;False;False;False;False;;;;5.33;;2.7;;2.7e-06;0.840106094;2.4235;639.061056569552;35.91512414;1.15;37.0;;;1.7;;;;;0.0;0.0;Tonnage data confidential;;;0;0;0;0;0;0;0;0;0;0;0;0;0;0;0;0;0;0;0;0;0;0;0;0;0;0;0;0;0;0;0;0;0;0;0;0;0;0;0;0;0;0;0;0;0;0;0;0;0;0;1;1;0;0;0;0;0;0;0;0;0;0;0;0;0;0.304401871896156;0.293738140722356;0.982776630059013;;;0.551799518660109;0.427135522019146;0.690824597343228;True;0.75;0.75;0.0;0;2200.0;low ;0.382;2280.0;moderate ;0.85;5520.0;low ;0.7;;0.0336362862323027;0.034144171448609;0.0231590304071086;0.0568034302078561;;;P_score_freshwater_pred_Dashboard;0.982776630059013;0.526972214225841;M_score_exp_UBA;0.551799518660109;M_score_pred_Dashboard;0.690824597343228;0.556586546007494;E_score_min;0.0;0.823969823318094;1.0;0.551799518660109;0.5;0.541576997810914;1.0;0.0568034302078561;0.5;0.337856588026237;0.75;0.177042665611818;0.5;0.255406332625303;0.75;0.0;vPvM;PM;PM;2;Ar N, Nh0, Aryl Methyl, Pyridine;['Aromatic amines', 'Pyridin']
391;Resin acids and Rosin acids, hydrogenated, esters with glycerol;65997-13-9;266-042-9;;CC(C)C1CC2CCC3C(C)(CCCC3(C)C2CC1)C(=O)OCC(O)CO;DTXSID5028295;168009893.0;PRO-392;;REACH-B;False;PMT;LQ structure;Potential PMT/vPvM;False;False;;;False;False;False;False;False;False;False;False;False;False;False;False;False;False;False;True;True;True;;"Adhesion/cohesion promoter; Adhesives and sealant chemicals; Not Known or Reasonably Ascertainable; Paint additives and coating additives not described by other categories";"Adhesives and sealant chemicals; Not Known or Reasonably Ascertainable; Solvent";True;True;False;True;True;True;True;False;False;True;True;True;True;False;True;True;False;True;True;True;True;False;True;False;False;;;;1.36;;3.49;;0.00589;2.068185862;2.9682;7.38905609893065;50.3718463;8.32;39.0;;;;3.3;;;;0.39;0.52;>1000 to < 10000 tonnes;1000.0;10000.0;0;1;0;1;1;0;1;1;1;1;0;1;0;0;1;0;0;1;0;0;0;1;1;0;0;1;1;0;0;1;1;0;1;1;0;0;1;1;0;0;0;0;0;0;0;0;0;0;1;0;1;1;1;0;0;0;0;0;0;1;0;0;0;0;0;0.32378567837962;0.425798465205676;0.0271116533100711;;;;0.338249434551904;0.488186489479511;False;0.0;0.0;0.0;0;84.3;low ;0.66;4220.0;moderate ;0.85;312.7;low ;0.7;;0.0259494584911411;0.127213124159116;0.076200440246783;0.151949851480047;;;P_score_freshwater_pred_RIVM;0.425798465205676;0.258898598965122;;;M_score_pred_Dashboard;0.488186489479511;0.413217962015707;E_score_max;0.52;0.455926592725762;1.0;;;0.327080344002953;1.0;0.151949851480047;0.5;0.316104037218437;0.75;0.151949851480047;0.25;0.253320142623978;0.75;0.0;PM;;;3;Al Oh, Al Oh Notert, C O, C O Nocoo, Bicyclic, Ester, Ether;['Alkylphenols', 'Cyclohexanes', 'Ethylene Glycols']
392;Salbutamol;18559-94-9;242-424-0;NDAUXUAQIAJITI-UHFFFAOYSA-N;CC(C)(C)NCC(C1=CC(=C(C=C1)O)CO)O;DTXSID5021255;2083.0;PRO-393;NS00000415;REACH-A;False;vPvM & PMT;MQ;vPvM & PMT;False;False;;;False;False;False;False;False;False;False;False;False;False;False;False;False;False;False;False;False;False;;;;True;False;False;False;False;False;False;False;False;False;False;False;False;False;False;False;False;False;False;False;False;False;False;False;False;P-PNEC pred;239.315;;0.565;;8.63;0.06;0.388;2.029383778;-1.0135;71.5216356192192;21.42543372;6.76;19.0;;;0.9;;17.13347;0.89;0.59;0.04;0.08;>10 to < 100 tonnes;10.0;100.0;0;0;0;0;0;0;0;0;0;0;0;0;0;0;0;0;0;0;1;0;0;0;0;0;0;0;0;1;0;0;0;0;0;0;0;0;0;0;0;0;0;0;0;0;0;0;0;0;0;0;0;1;0;0;0;0;0;0;0;0;0;0;0;0;0;0.122843247855527;0.146740706039321;0.574512174772964;;;0.681887999818259;0.889809727457942;0.494908355292365;False;0.0;0.0;0.0;0;257.6;low ;0.264;5070.0;low ;0.472;1720.0;low ;0.669;0.225509112033347;0.0240093900539476;0.082341819250435;0.0378503982943391;0.301555245847192;;;P_score_freshwater_pred_Dashboard;0.574512174772964;0.281365376222604;M_score_exp_UBA;0.681887999818259;M_score_pred_Episuite;0.889809727457942;0.688868694189522;kemi_score;0.59;0.714987077964351;1.0;0.681887999818259;0.5;0.440254243941622;1.0;0.518058074740661;1.0;0.608608929506184;1.0;0.567749352199208;0.75;0.477574356527653;1.0;0.0;vPvM;PM;PM;1;Al Oh, Al Oh Notert, Ar Oh, Hoccn, Nh1, Benzene, Phenol;['Alkylphenols', 'Phenols']
393;sodium (4,6-dimethoxypyrimidin-2-yl)({[3-(2,2,2-trifluoroethoxy)pyridin-2-yl]sulfonyl}carbamoyl)azanide;199119-58-9;688-332-8;UFEIWEXHHOXPGP-UHFFFAOYSA-M;COC1=CC(=NC(=N1)NC(=O)[N-]S(=O)(=O)C2=C(C=CC=N2)OCC(F)(F)F)OC.[Na+];DTXSID8040222;23676736.0;PRO-394;NS00078217;REACH-A;True;vPvM & PMT;HQ;vPvM & PMT;False;False;;;False;False;False;False;False;False;False;False;False;False;False;False;False;False;False;False;False;False;;;;False;False;True;False;False;False;False;False;False;False;True;False;False;False;False;False;False;False;False;False;False;False;False;False;False;P-PNEC;459.33;;1.42;;9.51;0.0562;0.0138;1.889861721;;107.7700725714;;2.57;;408.0;115.0;1.4;;1.013960371;;;0.09;0.18;>10 to < 100 tonnes;10.0;100.0;0;0;0;0;0;0;0;0;0;0;0;0;0;0;0;0;0;0;0;0;0;0;0;0;0;1;0;0;0;0;0;0;0;0;0;0;0;0;0;0;0;0;0;0;0;0;0;0;0;0;0;0;0;0;0;0;0;0;0;0;0;0;0;0;0;;;0.731291418168485;0.802010982213859;0.317365965513996;0.60249894073436;;0.519076245423817;False;0.0;0.0;0.0;0;137.6;low ;0.178;2920.0;low ;0.187;758.6;low ;0.227;0.498494759139335;0.0303134063515988;0.10539958710037;0.0531504902969289;0.562317798914091;P_score_soil_exp_UBA;0.802010982213859;P_score_soil_exp_UBA;0.802010982213859;0.61688945529878;M_score_exp_UBA;0.60249894073436;M_score_exp_UBA;0.60249894073436;0.560787593079089;E_score_max;0.18;0.695133632649992;1.0;0.695133632649992;1.0;0.588170003343313;1.0;0.562317798914091;0.5;0.647698380439284;0.75;0.647698380439284;0.75;0.579423170176127;0.75;0.0;PM;PM;PM;2;Ar N, C O, C O Nocoo, Nh0, Nh1, Alkyl Halide, Amide, Aniline, Ether, Halogen, Methoxy, Pyridine, Sulfonamd, Urea;['Sulfonamides', 'Ethylene Glycols', 'Pyridin', 'Triazines', 'PFAS']
394;Sodium [2-[(2,6-dichlorophenyl)amino]phenyl]acetate;15307-79-6;239-346-4;KPHWPUGNDIVLNH-UHFFFAOYSA-M;C1=CC=C(C(=C1)CC(=O)O)NC2=C(C=CC=C2Cl)Cl;DTXSID3037208;5018304.0;PRO-395;NS00077139;REACH-B;False;vPvM & PMT;MQ;vPvM & PMT;False;False;;;False;False;False;False;False;False;False;False;False;False;False;False;False;False;False;False;False;False;;;;True;True;False;False;False;False;False;False;False;False;False;False;False;False;False;False;False;False;False;False;False;False;False;False;False;P-PNEC;318.13;0.7;2.45;;9.3;;0.00193;3.759667845;2.6071;107.7700725714;62.16125452;3.55;226.0;;;;0.7;0.600210728;;;0.0;0.0;;;;0;0;0;0;0;0;0;0;0;0;0;0;0;0;0;0;0;0;1;0;0;0;0;0;0;0;0;0;0;0;0;0;0;0;0;0;0;0;0;0;0;0;0;0;0;0;0;0;0;0;0;1;0;0;0;0;0;0;0;0;0;0;0;0;0;0.906118566618821;0.515119147616074;0.731291418168485;;;;0.396323023449558;0.227987699458909;False;0.0;0.0;0.0;0;59.4;low ;0.688;163.3;low ;0.697;148.4;low ;0.7;0.555198167639529;0.09859037171948;0.14507207925018;0.102345224855339;0.657893502846535;;;P_score_freshwater_pred_UBA;0.906118566618821;0.717509710801127;;;M_score_pred_Episuite;0.396323023449558;0.312155361454234;E_score_min;0.0;0.599262588458641;1.0;;;0.473259445887822;1.0;0.657893502846535;0.5;0.618201388806187;0.75;0.657893502846535;0.25;0.528183373911391;0.75;0.0;PM(T);(T);PM(T);;Al Coo, Coo, Coo2, C O, Nh1, Aniline, Benzene, Halogen, Para Hydroxylation;['Alkylphenols', 'Aromatic amines', 'Chlorobenzenes', 'PBB', 'PCB']
395;Sodium 1-amino-9,10-dihydro-4-[5-[(2-hydroxyethyl)sulphamoyl]-3,4-xylidino]-9,10-dioxoanthracene-2-sulphonate;25797-81-3;247-269-2;MHHGZCMFNNAVCQ-UHFFFAOYSA-M;CC1=CC(=CC(=C1C)S(=O)(=O)NCCO)NC2=CC(=C(C3=C2C(=O)C4=CC=CC=C4C3=O)N)S(=O)(=O)[O-].[Na+];DTXSID00885314;23689115.0;PRO-396;NS00082774;REACH-A;True;vPvM;HQ;vPvM;False;False;;;False;False;False;False;False;False;False;False;False;False;False;False;False;False;False;True;True;True;Construction and building materials;Dye;Dye;False;False;False;True;False;True;True;False;False;False;True;True;False;False;True;False;False;False;False;False;False;False;True;False;False;;567.56;;1.15;;9.53;;0.0107;2.041392685;0.6639;1652.42634686448;151.0709666;4.47;1103.0;;;1.5;;;0.72;;0.15;0.29;>10 to < 100 tonnes;10.0;100.0;0;0;0;0;0;0;0;0;0;0;0;0;0;0;0;0;0;0;0;0;0;0;0;0;0;0;0;0;0;0;0;0;1;0;0;0;0;0;0;0;0;0;0;0;0;0;1;0;0;0;0;0;0;0;0;0;0;0;0;0;0;0;0;0;0;0.993153496682154;0.829002114686121;0.99655764244032;;;0.585786437626905;0.716286225147814;0.492827686279876;False;0.0;0.0;0.0;0;345.5;low ;0.0;12610.0;low ;0.282;1070.0;low ;0.0;;0.016291035688265;0.0732063990843072;0.0461159266130296;0.00459407206409068;;;P_score_freshwater_pred_Dashboard;0.99655764244032;0.939571084602865;M_score_exp_UBA;0.585786437626905;M_score_pred_Episuite;0.716286225147814;0.598300116351532;E_score_max;0.29;0.844878992427781;1.0;0.585786437626905;0.5;0.749763622242657;1.0;0.0575128845229074;1.0;0.22043463413749;1.0;0.124668443541888;0.75;0.2076561307198;1.0;0.0;vPvM;PM;vPvM;;Al Oh, Al Oh Notert, Arn, C O, C O Nocoo, Nh1, Nh2, Aniline, Aryl Methyl, Benzene, Bicyclic, Ketone, Sulfonamd;['Sulfonamides', 'Alkylphenols', 'Cyclohexanes', 'Benzophenones', 'PAHs']
396;Sodium 2,2,2-trifluoroethanolate;420-87-1;206-998-6;MSGMXYUAWZYTFC-UHFFFAOYSA-N;C(C(F)(F)F)O;DTXSID4059960;23677971.0;PRO-397;NS00043250;REACH-B;False;vPvM & PMT;MQ;vPvM & PMT;False;False;;;False;False;False;False;False;False;False;False;False;False;False;False;False;False;False;False;False;False;;;;True;False;False;False;False;False;True;False;False;False;False;False;False;False;False;False;False;False;False;False;False;False;False;False;False;P-PNEC pred;122.022;;-0.367;;2.65;;4.03;1.120573931;0.7404;244.69193226422;32.09790245;3.63;52.0;;;;0.4;124.5629628;;0.36;0.0;0.0;;;;0;0;0;0;0;0;0;0;0;0;0;0;0;0;0;0;0;0;0;0;1;0;0;0;0;0;0;1;0;0;0;0;0;0;0;0;0;0;0;0;0;0;0;0;0;0;0;0;0;0;0;1;0;0;0;0;0;0;0;0;0;0;0;0;0;0.439145059706879;0.255518836759033;0.917054553612804;;;;0.705387879258436;0.647843094925254;False;0.0;0.0;0.0;0;2070.0;low ;0.0;2990.0;low ;0.378;7100.0;low ;0.0;0.109545801302992;0.0300124427938532;0.0350273577270173;0.0208106869211963;0.117082168310093;;;P_score_freshwater_pred_Dashboard;0.917054553612804;0.537239483359572;;;M_score_pred_Episuite;0.705387879258436;0.676615487091845;kemi_score;0.36;0.804287987438099;1.0;;;0.602913389068702;1.0;0.117082168310093;0.5;0.423095078687927;0.75;0.117082168310093;0.25;0.349140479941603;0.75;2.0;vPvM;;PM;2;Al Oh, Al Oh Notert, Alkyl Halide, Halogen;['Alkylphenols', 'PFAS']
397;sodium 2-methyl-2-({3-[(3,3,4,4,5,5,6,6,7,7,8,8,8-tridecafluorooctyl)thio]propanoyl}amino)propane-1-sulfonate;62880-93-7;811-522-0;OPDUAVPSWRKEKZ-UHFFFAOYSA-M;CC(C)(CS(=O)(=O)[O-])NC(=O)CCSCCC(C(C(C(C(C(F)(F)F)(F)F)(F)F)(F)F)(F)F)(F)F.[Na+];DTXSID50892331;88717333.0;PRO-398;NS00110674;REACH-A;False;vPvM;HQ;PM;False;False;;;False;False;False;False;False;False;False;False;False;False;False;False;False;False;False;True;False;False;;Fire extinguishing agent;;False;False;True;False;True;False;False;False;False;False;True;False;True;False;False;True;False;False;False;False;False;False;False;False;False;P-PNEC;609.39;;3.84;;9.17;;0.000327;4.829946696;;87.3567230134409;;25.1;7198.0;;;;1.1;0.491128711;;;0.12;0.23;>10 to < 100 tonnes;10.0;100.0;1;0;0;0;0;0;0;1;0;0;0;0;0;0;0;0;0;0;0;0;0;0;0;0;0;0;0;0;0;0;0;0;0;0;0;0;0;0;0;0;0;1;0;0;0;0;0;0;0;0;0;0;0;0;0;0;0;0;0;0;0;0;0;0;0;0.99972093766066;;0.655247715497613;;;;;0.123297284081158;False;0.0;0.0;0.0;0;154.5;low ;0.157;0.4;low ;0.0;914.9;low ;0.0;0.576593469470039;0.59819262459623;0.100749130066456;0.0492017067446243;0.648018052652869;;;P_score_freshwater_pred_UBA;0.99972093766066;0.827484326579136;;;M_score_pred_Dashboard;0.123297284081158;0.123297284081158;E_score_max;0.23;0.351088132030446;1.0;;;0.319415982829497;1.0;0.648018052652869;0.5;0.430665220875395;0.75;0.648018052652869;0.25;0.404358705178236;0.75;1.0;PM(T);(T);(T);;C O, C O Nocoo, Nh1, Alkyl Halide, Amide, Halogen, Sulfide, Unbrch Alkane;['PFAS']
398;Sodium 2-methyl-2-[(1-oxoallyl)amino]propanesulphonate;5165-97-9;225-948-4;FWFUWXVFYKCSQA-UHFFFAOYSA-M;CC(C)(CS(=O)(=O)[O-])NC(=O)C=C.[Na+];DTXSID2027591;23665719.0;PRO-399;NS00100149;REACH-A;True;vPvM;MQ;vPvM;False;False;;;False;False;False;False;False;False;False;False;False;False;False;False;False;False;False;False;False;False;not reported;"Anti-scaling agent; Intermediate; Intermediates; Monomers; Other (specify); Surface active agents";"Other (specify); Surface active agents";True;True;False;False;False;False;True;False;False;False;True;False;False;False;False;False;False;False;False;False;False;False;False;False;False;P-PNEC;229.23;;-2.5;;7.96;;0.273;1.260071388;-0.3118;107.7700725714;29.55552137;6.17;33.0;;;;-2.7;2.777705968;;;0.44;0.54;>10000 to < 100000 tonnes;10000.0;100000.0;0;0;0;0;0;0;0;1;0;0;0;0;0;0;0;0;0;0;1;1;0;0;0;0;1;0;0;1;0;0;1;0;1;0;0;1;0;1;0;0;0;0;0;0;0;0;0;0;0;0;1;1;0;0;0;0;0;0;0;0;0;0;0;0;0;0.264636236383474;0.229619585061126;0.731291418168485;;;;0.832356014166661;0.625481237407556;False;0.0;0.0;0.0;0;2340.0;low ;0.194;2690.0;low ;0.369;13800.0;low ;0.434;0.390862955831958;0.0313784605393501;0.0332715211864789;0.0156751535862964;0.396253042554341;;;P_score_freshwater_pred_Dashboard;0.731291418168485;0.408515746537695;;;M_score_pred_Episuite;0.832356014166661;0.728918625787109;E_score_max;0.54;0.78018895789482;1.0;;;0.545687398222326;1.0;0.396253042554341;0.5;0.622478089761013;0.75;0.396253042554341;0.25;0.490478701093916;0.75;0.0;vPvM;;PM;;C O, C O Nocoo, Nh1, Amide;['Other']
399;Sodium 3-(allyloxy)-2-hydroxypropanesulphonate;52556-42-0;258-004-5;CJGJYOBXQLCLRG-UHFFFAOYSA-M;C=CCOCC(CS(=O)(=O)[O-])O.[Na+];DTXSID6028028;23677323.0;PRO-400;NS00100057;REACH-A;True;vPvM;MQ;vPvM;False;False;;;False;False;False;False;False;False;False;False;False;False;False;False;False;False;False;False;False;False;;"Flocculating agent; Intermediates; Monomers";"Dispersing agent; Other";False;True;False;False;False;False;True;False;False;False;True;False;False;False;False;False;False;False;False;False;False;False;False;False;False;P-PNEC;218.2;;-2.35;;7.84;;1.54;1.198657087;-1.1589;71.5216356192192;12.47845697;4.9;34.0;;;;-1.5;16.76929267;0.9;0.49;0.33;0.44;>100 to < 1000 tonnes;100.0;1000.0;0;0;0;0;0;0;0;0;0;0;0;0;0;0;0;0;0;0;0;0;0;0;0;0;0;0;0;0;0;0;0;0;0;0;0;0;0;0;0;0;0;0;0;0;0;1;0;0;0;0;0;0;0;0;0;0;0;0;0;0;0;0;0;0;0;0.27468618166766;0.0638932731855018;0.574512174772964;;;;0.89931011916392;0.6353987770801;False;0.0;0.0;0.0;0;1760.0;low ;0.197;2990.0;low ;0.376;8890.0;low ;0.443;0.227142915461474;0.0300124427938532;0.0374884685012777;0.0189113275604889;0.23368399825006;;;P_score_freshwater_pred_Dashboard;0.574512174772964;0.304363876542042;;;M_score_pred_Episuite;0.89931011916392;0.76735444812201;kemi_score;0.49;0.718793859431337;1.0;;;0.48327525750052;1.0;0.458601786329986;1.0;0.574142968204119;1.0;0.458601786329986;0.5;0.47077690722764;1.0;2.0;vPvM;;PM;;Al Oh, Al Oh Notert, Ether, Unbrch Alkane;['Alkylphenols', 'Ethylene Glycols']
400;Sodium 4-[[3-(acetylamino)phenyl]amino]-1-amino-9,10-dihydro-9,10-dioxoanthracene-2-sulphonate;70571-81-2;274-675-7;MIBVDSFVCOIWCC-UHFFFAOYSA-M;CC(=O)NC1=CC=CC(=C1)NC2=CC(=C(C3=C2C(=O)C4=CC=CC=C4C3=O)N)S(=O)(=O)O;DTXSID4036485;23673673.0;PRO-401;NS00019623;REACH-A;False;vPvM;HQ;PM;False;False;;;False;False;False;False;False;False;False;False;False;False;False;False;False;False;False;True;True;True;;Dye;Dye;False;False;False;True;False;True;False;False;False;False;True;True;False;False;True;False;False;False;False;False;False;False;True;False;False;P-PNEC pred;473.43;;0.951;;9.5;;0.000714;1.980003372;1.5235;2344.90460527589;114.1610894;11.5;751.0;;;2.5;;0.01547;0.58;0.57;0.15;0.29;>10 to < 100 tonnes;10.0;100.0;0;0;0;0;0;0;0;0;0;0;0;0;0;0;0;0;0;0;0;0;0;1;0;0;0;0;0;0;0;0;0;0;1;0;0;0;0;0;0;0;0;0;0;0;0;0;1;0;0;0;0;0;0;0;0;0;0;0;0;0;0;0;0;0;0;0.98687519286449;0.750198345469619;0.998104696817779;;;0.414213562373095;0.581828630467202;0.503465096104752;False;0.0;0.0;0.0;0;233.1;low ;0.191;252.6;low ;0.492;683.4;low ;0.7;0.859423463182484;0.082987329786439;0.0856814821787772;0.0554789148717307;0.862713295323237;;;P_score_freshwater_pred_Dashboard;0.998104696817779;0.911726078383963;M_score_exp_UBA;0.414213562373095;M_score_pred_Episuite;0.581828630467202;0.499835762981683;kemi_score;0.57;0.762053730922151;1.0;0.414213562373095;0.5;0.675065404253059;1.0;0.707370985613261;1.0;0.734203445056386;1.0;0.591797236865106;0.75;0.691029435234058;1.0;0.0;vPvM(T);PM(T);PM(T);4;Arn, C O, C O Nocoo, Nh1, Nh2, Amide, Aniline, Benzene, Bicyclic, Ketone;['Cyclohexanes', 'Benzophenones']
401;Sodium 6-amino-4-hydroxy-5-[[2-(trifluoromethyl)phenyl]azo]naphthalene-2-sulphonate;67786-14-5;267-090-3;GVCNKWIFAPJNDM-UHFFFAOYSA-M;Nc1ccc2cc(cc(O)c2c1N=Nc1ccccc1C(F)(F)F)S(=O)(=O)O;DTXSID2044713;135565106.0;PRO-402;NS00020962;REACH-B;False;vPvM;HQ;vPvM;False;False;;;False;False;False;False;False;False;False;False;False;False;False;False;False;False;False;True;True;True;Construction and building materials;;;False;True;False;True;False;True;True;False;False;False;True;True;False;False;True;False;False;False;False;False;False;False;True;False;False;P-PNEC pred;433.34;;1.89;;9.29;;0.00478;2.710117365;1.6944;34.813317487602;266.3619198;7.24;784.0;;;;-2.0;0.62388;0.55;0.52;0.04;0.14;>1 to < 10 tonnes;1.0;10.0;0;0;0;0;0;0;0;0;0;0;0;0;0;0;0;0;0;1;0;0;0;1;0;0;1;0;0;0;0;0;1;0;1;0;0;0;0;0;0;0;0;0;0;0;0;0;1;1;1;1;0;0;0;0;1;0;0;0;0;0;0;0;0;0;0;0.98779409248671;0.927442140636632;0.282810472375868;;;;0.552759315389258;0.379371709260391;False;0.0;0.0;0.0;0;46.9;low ;0.193;31.3;low ;0.509;664.8;low ;0.0;0.551046266909319;0.183091010618885;0.158267871103011;0.0561102422150247;0.574226495654299;;;P_score_freshwater_pred_UBA;0.98779409248671;0.732682235166403;;;M_score_pred_Episuite;0.552759315389258;0.466065512324825;kemi_score;0.52;0.73892650940977;1.0;;;0.584361122341423;1.0;0.561982715579282;1.0;0.644409750369765;1.0;0.561982715579282;0.5;0.573062693265222;1.0;0.0;vPvM;;PM;;Arn, Ar Oh, Nh0, Nh2, Alkyl Halide, Aniline, Azo, Benzene, Bicyclic, Halogen, Phenol, Phenol Noorthohbond;['Alkylphenols', 'Aromatic amines', 'Chlorobenzenes', 'Cyclohexanes', 'Phenols', 'HBCDDs', 'PBB', 'PCB', 'PFAS']
402;Sodium bis[4-[(4,5-dihydro-3-methyl-5-oxo-1-phenyl-1H-pyrazol-4-yl)azo]-3-hydroxy-N,N-dimethylbenzene-1-sulphonamidato(2-)]chromate(1-);75214-69-6;278-137-2;;CC1=C(C(=O)N(N1)C2=CC=CC=C2)N=NC3=C(C=C(C=C3)S(=O)(=O)N(C)C)O;DTXSID40904932;136160693.0;PRO-403;;REACH-B;False;vPvM;HQ;vPvM;False;False;;;False;False;False;False;False;False;False;False;False;False;False;False;False;False;False;True;False;True;;;;False;False;False;True;False;True;False;False;False;False;True;True;False;False;True;False;False;False;False;False;False;False;True;False;False;;873.84;;7.27;;6.0;;5.34e-05;4.92992956;;58.5569625918923;;79.4;3351.0;;;;-1.3;;;;0.04;0.14;>1 to < 10 tonnes;1.0;10.0;0;0;0;0;0;0;0;0;0;0;0;0;0;0;0;0;0;0;0;0;0;0;0;0;0;0;0;0;0;0;0;0;1;0;0;0;0;0;0;0;0;0;0;0;0;0;1;0;0;0;0;0;0;0;0;0;0;0;0;0;0;0;0;0;0;0.998969622340368;;0.489597175430576;;;;;0.1159994316796;False;0.0;0.0;0.0;0;213.9;low ;0.194;2210.0;low ;0.212;1090.0;low ;0.53;;0.0340792770962707;0.0886516319613484;0.0457634221024151;0.0479642197378112;;;P_score_freshwater_pred_UBA;0.998969622340368;0.744283398885472;;;M_score_pred_Dashboard;0.1159994316796;0.1159994316796;E_score_max;0.14;0.340411381209071;1.0;;;0.293830650680415;1.0;0.0479642197378112;0.5;0.177136683472396;0.75;0.0479642197378112;0.25;0.160584587039076;0.75;1.0;PM;;;;Ar N, Ar Nh, Ar Oh, Nh0, Nh1, Nhpyrrole, Aryl Methyl, Azo, Benzene, Para Hydroxylation, Phenol, Phenol Noorthohbond, Sulfonamd;['Sulfonamides', 'Alkylphenols', 'Phenols', 'PAHs']
403;Sodium N-chlorobenzenesulphonamide;127-52-6;204-847-9;KDNCILYKSYKEFJ-UHFFFAOYSA-N;C1=CC=C(C=C1)S(=O)(=O)[N-]Cl.[Na+];DTXSID6041763;4347343.0;PRO-404;NS00041570;REACH-A;True;vPvM & PMT;MQ;vPvM & PMT;False;False;;;False;False;False;False;False;False;False;False;False;False;False;False;False;False;False;True;True;False;;;;True;True;False;False;True;False;False;False;False;True;True;False;True;True;False;True;True;False;False;False;False;False;False;False;False;P-PNEC pred;213.61;;0.0777;;7.41;;0.352;1.840106094;1.247;219695.988672137;22.92154793;2.29;53.0;;;;0.1;45.29059128;0.63;0.5;0.25;0.38;>100 to < 1000 tonnes;100.0;1000.0;0;0;0;0;0;0;1;0;0;0;0;0;0;0;0;0;0;0;0;0;0;0;0;0;0;0;0;0;0;0;0;0;1;1;0;1;0;0;0;0;0;0;0;0;0;0;0;0;0;0;0;0;0;0;0;0;0;0;0;0;0;0;0;0;0;0.447180457216024;0.161784973216113;0.999999191157345;;;;0.627601250743633;0.527679175717252;False;0.0;0.0;0.0;0;663.9;low ;0.263;1660.0;low ;0.0;7080.0;low ;0.352;0.160298604839548;0.0384159925080994;0.0561414100608586;0.0208356659997455;0.185305412860095;;;P_score_freshwater_pred_Dashboard;0.999999191157345;0.536321540529827;;;M_score_pred_Episuite;0.627601250743633;0.577640213230443;kemi_score;0.5;0.792212561824774;1.0;;;0.556597600634182;1.0;0.341675884577562;1.0;0.520269091754389;1.0;0.341675884577562;0.5;0.436091707729502;1.0;0.0;vPvM;;PM;3;Nh0, Benzene, Halogen, Sulfonamd;['Sulfonamides', 'Chlorobenzenes', 'PBB']
404;sodium trifluoromethanesulfinate;2926-29-6;678-523-4;KAVUKAXLXGRUCD-UHFFFAOYSA-M;C(F)(F)(F)S(=O)O;DTXSID50635644;23690734.0;PRO-405;;REACH-B;False;vPvM;MQ;vPvM;False;False;;;False;False;False;False;False;False;False;False;False;False;False;False;False;False;False;False;False;False;;;;False;False;False;False;False;False;False;False;False;False;False;False;False;False;False;False;False;False;False;False;False;False;False;False;False;;156.05;;-0.404;;4.31;;2.15;1.380211242;;96.5441097728446;;5.37;87.0;;;;-7.9;;;;0.0;0.0;;;;0;0;0;0;0;0;0;0;0;0;0;0;0;0;0;0;0;0;0;0;0;0;0;0;0;0;0;0;0;0;0;0;0;0;0;0;0;0;0;0;0;0;0;0;0;0;0;0;0;0;0;1;0;0;0;0;0;0;0;0;0;0;0;0;0;0.653665819998327;;0.692777862383848;;;;;0.605779301573654;False;0.0;0.0;0.0;0;2620.0;low ;0.191;1450.0;low ;0.218;16149.9999999999;low ;0.0;;0.0406456766981861;0.0317283740787406;0.0146555448806821;0.0148671797202626;;;P_score_freshwater_pred_Dashboard;0.692777862383848;0.673221841191087;;;M_score_pred_Dashboard;0.605779301573654;0.605779301573654;E_score_min;0.0;0.647819797181729;1.0;;;0.638610880553148;1.0;0.0148671797202626;0.5;0.184096560381051;0.75;0.0148671797202626;0.25;0.18234774889533;0.75;2.0;PM;;PM;2;Alkyl Halide, Halogen;['PFAS']
405;STI571 F8;;465-100-2;;CC(C)(C)CC(C)(C)c1cc(n2nc3ccccc3n2)c(O)c(c1)C(C)(C)c1ccccc1;;;PRO-406;;REACH-B;False;vPvM;HQ;vPvM;False;False;;;False;False;False;False;False;False;False;False;False;False;False;False;False;False;False;False;False;False;;;;False;False;False;False;False;False;False;False;False;False;False;False;False;False;False;False;False;False;False;False;False;False;False;False;False;;;;;;;;;;;;;;1035.0;;;;-3.4;;;;;;;;;0;0;0;0;0;0;0;0;0;0;0;0;0;0;0;0;0;0;0;0;0;0;0;0;0;0;0;0;0;0;0;0;0;0;0;0;0;0;0;0;0;0;0;0;0;0;0;0;0;0;0;0;0;0;0;0;0;0;0;0;0;0;0;0;0;0.992372716568082;;;;;;;;True;0.0;0.0;0.0;0;151.0;low ;0.0;183.9;low ;0.203;154.2;low ;0.244;;0.0940990749953752;0.101654315736791;0.100825631152666;0.0432336264901048;;;P_score_freshwater_pred_UBA;0.992372716568082;0.992372716568082;;;;;;;;0.992372716568082;0.5;;;0.992372716568082;0.5;0.0432336264901048;0.5;0.207132497129434;0.5;0.0432336264901048;0.25;0.207132497129434;0.5;;vPvM;;vPvM;3;Ar N, Ar Oh, Nh0, Benzene, Bicyclic, Phenol, Phenol Noorthohbond;['Alkylphenols', 'Aromatic amines', 'Cyclohexanes', 'Phenols']
406;Sulfadiazine;68-35-9;200-685-8;SEEPANYCNGTZFQ-UHFFFAOYSA-N;C1=CN=C(N=C1)NS(=O)(=O)C2=CC=C(C=C2)N;DTXSID7044130;5215.0;PRO-407;NS00000198;REACH-B;False;vPvM & PMT;MQ;vPvM & PMT;False;False;;;False;False;False;False;False;False;False;False;False;False;False;False;False;False;False;False;False;False;;;;True;False;False;False;False;False;False;False;False;False;False;False;False;False;False;False;False;False;False;False;False;False;False;False;False;EQS water (=AA-EQS);250.28;-0.09;-0.154;;9.13;0.00034;0.0299;2.06069784;1.392;29.6659522703688;40.09234041;2.95;185.0;;;0.3;;4.6;0.6;0.69;0.0;0.0;;;;1;0;0;0;0;0;0;0;0;0;0;0;0;0;0;0;0;0;1;0;0;0;0;0;0;0;0;0;0;0;0;0;0;0;0;0;0;0;0;0;0;0;0;0;0;0;0;0;0;0;0;1;0;0;0;0;0;0;0;0;0;0;0;0;0;0.872687070174144;0.334209880550951;0.230749318152645;;;0.764651036931;0.603826219486228;0.489483417070883;False;0.0;0.0;0.0;0;209.6;low ;0.201;660.599999999999;low ;0.262;1390.0;low ;0.478;0.340120375285445;0.0562561949253667;0.089366771911432;0.0413673985246762;0.354240732430129;;;P_score_freshwater_pred_UBA;0.872687070174144;0.479215422959247;M_score_exp_UBA;0.764651036931;M_score_exp_UBA;0.764651036931;0.619320224496037;kemi_score;0.69;0.816884981576315;1.0;0.764651036931;0.5;0.544782344913162;1.0;0.461025421704788;1.0;0.613681304192598;1.0;0.545721431632658;0.75;0.501157171255599;1.0;0.0;vPvM;vPvM;PM;;Arn, Ar N, Nh0, Nh1, Nh2, Aniline, Benzene, Sulfonamd;['Sulfonamides', 'Triazines']
407;Sulfadimidine;57-68-1;200-346-4;ASWVTGNCAZCNNR-UHFFFAOYSA-N;Cc1cc(C)nc(NS(=O)(=O)c2ccc(N)cc2)n1;DTXSID6021290;5327.0;PRO-408;NS00000199;REACH-B;False;vPvM;MQ;vPvM;False;False;;;False;False;False;False;False;False;False;False;False;False;False;False;False;False;False;False;False;False;;;;True;False;False;False;False;False;False;False;False;False;False;False;False;False;False;False;False;False;False;False;False;False;False;False;False;P-PNEC pred;278.33;0.19;0.549;;9.26;0.00468;0.0119;2.161368002;1.5469;29.6659522703688;60.59279641;1.62;211.0;;;0.7;;1.11528;0.58;0.42;0.0;0.0;;;;0;0;0;0;0;0;0;0;0;0;0;0;0;0;0;0;0;0;0;0;0;0;0;0;0;0;0;0;0;0;0;0;0;0;0;0;0;0;0;0;0;0;0;0;0;0;0;0;0;0;0;1;0;0;0;0;0;0;0;0;0;0;0;0;0;0.895643884772039;0.504201645931066;0.230749318152645;;;0.711173720606069;0.577877167099158;0.472066172947394;False;0.0;0.0;0.0;0;332.1;low ;0.203;3640.0;low ;0.259;1670.0;low ;0.397;0.488156237372313;0.0276228239782559;0.074380538332079;0.0383197542282164;0.495785280777755;;;P_score_freshwater_pred_UBA;0.895643884772039;0.54353161628525;M_score_exp_UBA;0.711173720606069;M_score_exp_UBA;0.711173720606069;0.587039020217541;kemi_score;0.42;0.798096732151814;1.0;0.711173720606069;0.5;0.564866592640554;1.0;0.536241981619397;1.0;0.654196433170538;1.0;0.589158897634118;0.75;0.550368223090839;1.0;0.0;vPvM;vPvM;PM;3;Arn, Ar N, Nh0, Nh1, Nh2, Aniline, Aryl Methyl, Benzene, Sulfonamd;['Sulfonamides', 'PAHs', 'Triazines']
408;Sulisobenzone;4065-45-6;223-772-2;CXVGEDCSTKKODG-UHFFFAOYSA-N;COc1cc(O)c(C(=O)c2ccccc2)cc1S(=O)(=O)O;DTXSID2042436;19988.0;PRO-409;NS00009581;REACH-A;True;PMT;HQ;PMT;False;False;;;False;False;False;False;False;False;False;False;False;False;False;False;False;False;False;True;True;True;"Personal care; Personal care -> body care set; Personal care -> body hygiene -> bar soap; Personal care -> body hygiene -> body wash; Personal care -> body hygiene -> hand sanitizer; Personal care -> body hygiene -> hand soap; Personal care -> child specific; Personal care -> eye care and contacts -> eye cream; Personal care -> fragrance; Personal care -> general moisturizing; Personal care -> general moisturizing -> hand/body lotion; Personal care -> hair styling and care; Personal care -> hair styling and care -> hair conditioner; Personal care -> hair styling and care -> hair conditioner - leave-in; Personal care -> hair styling and care -> hair relaxer; Personal care -> hair styling and care -> hair spray; Personal care -> hair styling and care -> hair styling; Personal care -> hair styling and care -> scalp treatment; Personal care -> hair styling and care -> shampoo; Personal care -> hair styling and care -> shampoo - dandruff; Personal care -> shaving and hair removal -> shaving cream; Personal care -> specialized bath products -> bath salts; Personal care -> specialized bath products -> bubble bath; UV stabilizer; fragrance; fragrance component; personal care; sunscreen agent; ultraviolet light absorber; uv absorber; uv filter; uv inhibitor";"Antioxidant; UV stabilizer";Other (specify);True;True;False;True;True;True;True;False;False;True;True;True;True;True;True;True;False;False;False;False;False;True;True;True;False;P-PNEC pred;308.3;;1.14;;9.22;0.811;0.441;2.260071388;1.5481;29.6659522703688;30.10837764;4.27;2500.0;;;2.0;;3.51772;0.58;0.71;0.26;0.39;>100 to < 1000 tonnes;100.0;1000.0;1;0;0;1;0;0;0;1;0;0;0;0;0;0;0;0;0;0;0;0;1;1;0;0;1;0;0;1;0;1;0;0;1;1;0;0;0;1;0;0;0;0;1;0;0;0;1;0;1;0;0;0;1;0;0;0;0;0;0;0;0;0;1;0;0;0.99830091815794;0.235271932209255;0.230749318152645;;;0.5;0.577674254415773;0.455054710368487;False;0.0;0.0;0.0;0;297.0;low ;0.27;2660.0;low ;0.574;1460.0;moderate ;0.85;0.366732257612396;0.0315268365299413;0.0777902601115457;0.0405294459468176;0.37700756017197;;;P_score_freshwater_pred_UBA;0.99830091815794;0.488107389506613;M_score_exp_UBA;0.5;M_score_pred_Episuite;0.577674254415773;0.510909654928086;kemi_score;0.71;0.759402882914905;1.0;0.5;0.5;0.4993783915436;1.0;0.467615637997429;1.0;0.595909945873821;1.0;0.47817039677271;0.75;0.483236117404101;1.0;0.0;vPvM;PM;PM;;Ar Oh, C O, C O Nocoo, Benzene, Ether, Ketone, Methoxy, Phenol, Phenol Noorthohbond;['Alkylphenols', 'Ethylene Glycols', 'Benzophenones', 'Phenols', 'PBDE', 'PhenylEthers']
409;tert-butyl acetate;540-88-5;208-760-7;WMOVHXAZOJBABW-UHFFFAOYSA-N;CC(=O)OC(C)(C)C;DTXSID1022055;10908.0;PRO-410;NS00005482;REACH-A;True;vPvM;HQ;vPvM;False;False;;;False;False;False;False;False;False;False;False;False;False;False;False;False;False;False;False;False;False;"Home maintenance -> paint/stain and related products; solubilizer; solvent; solvent; surfactant";"Adhesives and sealant chemicals; Not Known or Reasonably Ascertainable; Other; Other (specify); Paint additives and coating additives not described by other categories; Solvent; Solvents (which become part of product formulation or mixture)";"Adhesives and sealant chemicals; Not Known or Reasonably Ascertainable; Other (specify); Paint additives and coating additives not described by other categories; Solvent; Solvents (for cleaning or degreasing); Solvents (which become part of product formulation or mixture)";True;True;False;False;False;False;True;False;False;False;True;False;False;False;False;False;False;False;False;False;False;False;False;False;False;P-PNEC pred;116.16;1.76;1.67;;3.09;0.0721;0.082;1.42975228;1.833;96.5441097728446;19.88293684;3.09;648.0;;;0.8;;22.50278;0.53;0.85;0.22;0.33;>100 to < 1000 tonnes;100.0;1000.0;0;0;0;0;0;0;0;0;0;0;0;0;0;0;0;0;0;0;1;0;0;0;1;0;0;0;0;0;0;0;0;0;0;0;0;0;0;0;0;0;0;0;0;0;0;0;0;0;0;0;1;1;0;0;0;0;0;0;0;0;0;0;0;0;0;0.983174002978998;0.131458340768101;0.692777862383848;;;0.696730454977072;0.528906624486251;0.597549639890934;False;0.0;0.0;0.0;0;35160.0;low ;0.7;13190.0;moderate ;0.85;18550.0;moderate ;0.85;0.20550502512074;0.0159809983277325;0.0104976692270233;0.0138115275191464;0.210751252273146;;;P_score_freshwater_pred_UBA;0.983174002978998;0.602470068710316;M_score_exp_UBA;0.696730454977072;M_score_exp_UBA;0.696730454977072;0.607728906451419;kemi_score;0.85;0.827651660070338;1.0;0.696730454977072;0.5;0.605093774573025;1.0;0.334212752157615;1.0;0.525938911984963;1.0;0.426943372165171;0.75;0.449699961878462;1.0;0.0;vPvM;PM;PM;;C O, C O Nocoo, Ester, Ether;['Ethylene Glycols']
410;tert-butyl hydroperoxide;75-91-2;200-915-7;CIHOLLKRGTVIJN-UHFFFAOYSA-N;CC(C)(C)OO;DTXSID9024693;6410.0;PRO-411;NS00004543;REACH-A;False;vPvM & PMT;MQ;vPvM & PMT;False;False;;;False;False;False;False;False;False;False;False;False;False;False;False;False;False;False;False;False;False;"catalyst; catalyst, ethylene vinyl acetate polymer (eva)";"Chemical reaction regulator; Fuel agents; Hardener; Intermediate; Intermediates; Plasticizer; Plating agent; Solvent";"Catalyst; Fuel agents; Oxidizing agent; UV stabilizer";True;True;False;False;False;False;True;False;False;False;True;False;False;False;False;False;False;False;False;False;False;False;False;False;False;P-PNEC pred;90.122;;1.23;;4.05;;2.06;1.161368002;0.8154;1978.3135137461;23.36398093;3.98;31.0;;;0.3;;141.21765;0.69;0.85;0.54;0.65;>100000 to < 1000000 tonnes;100000.0;1000000.0;1;0;0;0;0;0;0;0;0;0;0;0;0;0;0;0;0;0;0;0;0;0;0;0;0;0;0;0;0;0;1;0;0;0;0;0;0;0;0;0;0;0;0;0;0;0;0;0;0;0;1;0;1;0;0;0;0;0;0;0;0;0;0;0;0;0.244366308584296;0.166266224892689;0.9974671206341;;;0.764651036931;0.694470245883673;0.641365424493406;True;0.0;0.5;0.0;0;16309.9999999999;low ;0.316;2480.0;low ;0.432;275.5;;1.0;0.104341597961497;0.0324693140525693;0.014593846017598;0.0801639449772288;0.127648732637033;;;P_score_freshwater_pred_Dashboard;0.9974671206341;0.469366551370362;M_score_exp_UBA;0.764651036931;M_score_exp_UBA;0.764651036931;0.700162235769359;kemi_score;0.85;0.873335140766386;1.0;0.764651036931;0.5;0.573264977129099;1.0;0.29677874842979;1.0;0.509104419580505;1.0;0.406858093718339;0.75;0.412471650457345;1.0;2.0;vPvM;vPvM;PM;2;Unknown;['Other']
411;tert-butyl methyl ether;1634-04-4;216-653-1;BZLVMXJERCGZMT-UHFFFAOYSA-N;CC(C)(C)OC;DTXSID3020833;15413.0;PRO-412;NS00008307;REACH-C;True;vPvM & PMT;MQ;vPvM & PMT;False;False;;;False;False;False;False;False;False;False;False;False;False;False;False;False;False;False;True;True;True;"Laboratory supplies; Landscape/yard -> herbicide; Vehicle -> engine maintenance -> auto fluids and additives; Vehicle -> engine maintenance -> motor oil; flavouring; solvent; solvent";"Fuel agents; Fuels and fuel additives; Intermediate; Intermediates; Laboratory chemicals; Not Known or Reasonably Ascertainable; Solvent; Solvents (which become part of product formulation or mixture)";"Fuel agents; Fuels and fuel additives; Intermediates; Not Known or Reasonably Ascertainable; Other (specify); Solvent; Solvents (which become part of product formulation or mixture)";True;True;False;True;True;True;True;False;False;True;True;True;True;True;False;True;True;False;True;True;True;False;False;False;False;EQS water (=AA-EQS);88.15;0.94;1.21;2.58;2.68;0.577;0.35;1.269512944;1.3544;1978.3135137461;23.56079564;1.51;;;;;1.0;10.0;0.61;0.77;0.78;0.9;>1000000 to < 10000000 tonnes;1000000.0;10000000.0;1;0;0;1;1;0;0;1;0;0;0;0;1;0;0;0;0;0;1;1;1;0;1;0;0;0;1;1;0;0;0;0;0;1;0;0;1;0;0;0;0;0;0;0;0;0;0;0;0;0;1;1;1;1;0;0;0;0;0;0;0;0;1;0;1;;0.168263635136363;0.9974671206341;;;;0.610043677968325;0.623946930861896;True;0.0;0.0;0.0;0;19640.0;low ;0.7;2050.0;;1.0;14180.0;moderate ;0.85;0.268941421369995;0.0351701565157849;0.0134778060915363;0.0154941664132065;0.276904935160072;;;P_score_freshwater_pred_Dashboard;0.9974671206341;0.582865377885232;;;M_score_pred_Dashboard;0.623946930861896;0.61699530441511;E_score_max;0.9;0.788902115953113;1.0;;;0.599687586382549;1.0;0.410989063659416;1.0;0.569412102044295;1.0;0.410989063659416;0.5;0.496452454536725;1.0;0.0;vPvM;;PM;3;Ether, Methoxy;['Ethylene Glycols']
412;Tetrachloroethylene;127-18-4;204-825-9;CYTYCFOTNPOANT-UHFFFAOYSA-N;ClC(=C(Cl)Cl)Cl;DTXSID2021319;31373.0;PRO-413;NS00004674;REACH-C;True;vPvM & PMT;HQ;PMT;False;False;;;False;False;False;False;False;False;False;False;False;False;False;False;False;True;True;True;False;False;"Arts and crafts/office supplies -> home office -> pens and markers; Cleaning products and household care -> general household cleaning; Cleaning products and household care -> general household cleaning -> glass cleaner; Electronics/small appliances -> computers and accessories/supplies; Home maintenance -> caulk/sealant; Home maintenance -> degreaser; Home maintenance -> paint/stain and related products; Manufactured formulations; Personal care -> facial cleansing and moisturizing -> face mask; Personal care -> hair styling and care -> shampoo; Pesticides -> insecticide; Vehicle -> engine maintenance -> auto fluids and additives; Vehicle -> engine maintenance -> auto lubricant; Vehicle -> engine maintenance -> motor oil; solubilizer; solvent; solvent; solvents; surfactant";"Adhesives and sealant chemicals; Cleaning agent; Intermediate; Intermediates; Laboratory chemicals; Not Known or Reasonably Ascertainable; Processing aids not otherwise specified; Processing aids, specific to petroleum production; Refrigerants; Solvent; Solvents (for cleaning or degreasing); Solvents (which become part of product formulation or mixture)";"Adhesives and sealant chemicals; Cleaning agent; Not Known or Reasonably Ascertainable; Solvent; Solvents (for cleaning or degreasing); Solvents (which become part of product formulation or mixture)";True;True;False;True;False;True;True;False;False;False;True;False;True;True;False;True;False;False;True;False;False;False;False;False;False;EQS chronic water (=AA-EQS);165.82;3.4;3.16;3.48;3.51;0.00178;0.00157;2.399673721;2.9505;1193313824.05498;82.69327799;52.5;2500.0;;;2.1;;10.0;0.34;0.84;0.58;0.69;>100000 to < 1000000 tonnes;100000.0;1000000.0;0;0;0;0;0;0;0;0;0;0;0;0;0;0;0;0;0;0;0;1;1;0;0;0;0;0;0;0;0;0;0;0;0;0;0;0;0;0;0;0;0;0;0;0;0;0;0;0;0;0;0;1;0;0;0;0;0;0;0;0;0;1;1;0;1;0.99830091815794;0.633764425848999;0.999999999999666;;;0.482678255167814;0.341001047662499;0.43118139565707;True;0.5;0.0;0.0;0;1150.0;;1.0;527.8;;0.7;8520.0;;1.0;0.268941421369995;0.061660436733297;0.0447578576900292;0.0192569286463907;0.281484153497891;;;P_score_freshwater_pred_Dashboard;0.999999999999666;0.877355114668868;M_score_exp_UBA;0.482678255167814;M_score_exp_UBA;0.482678255167814;0.418286899495794;kemi_score;0.84;0.694750498501191;1.0;0.482678255167814;0.5;0.605793818614566;1.0;0.309361620420638;1.0;0.46360450817952;1.0;0.358809170242204;0.75;0.432908024143014;1.0;0.0;PM;PM;PM;1;Halogen;['Other']
413;Tetrachlorophthalic anhydride;117-08-8;204-171-4;AUHHYELHRWCWEZ-UHFFFAOYSA-N;Clc1c(Cl)c(Cl)c2C(=O)OC(=O)c2c1Cl;DTXSID7026102;8326.0;PRO-414;NS00009457;REACH-A;True;PMT;MQ;Potential PMT/vPvM;False;False;;;False;False;False;False;False;False;False;False;False;False;False;False;False;False;False;False;False;True;Home maintenance -> adhesives and adhesive removers -> multipurpose adhesive;Flame retardants;;True;True;False;False;False;True;True;False;False;False;True;True;False;False;False;False;False;False;False;False;False;False;True;False;False;P-PNEC pred;285.89;;3.67;;8.64;;2.13e-05;3.100370545;3.183;214.862867704335;180.101303;182.0;293.0;;;;3.1;0.00387;0.31;0.54;0.18;0.28;>100 to < 1000 tonnes;100.0;1000.0;1;0;0;0;0;0;0;0;0;0;0;0;0;0;0;0;0;0;0;0;0;0;0;0;0;0;0;0;1;0;1;0;0;0;0;0;0;0;0;0;0;1;0;0;0;0;0;0;0;0;0;1;0;0;0;0;0;1;1;0;0;0;0;0;0;0.937672088102108;0.867502192965009;0.898507246983325;;;;0.305765121472721;0.318056289403178;True;0.0;0.0;0.0;0;18.7;low ;0.649;114.7;low ;0.7;182.1;low ;0.7;0.917759616439028;0.113089612013853;0.21894216241383;0.0944638527198533;0.921499681019928;;;P_score_freshwater_pred_UBA;0.937672088102108;0.901227176016814;;;M_score_pred_Dashboard;0.318056289403178;0.31191070543795;kemi_score;0.54;0.546106679155901;1.0;;;0.530190913003284;1.0;0.534476286766941;1.0;0.540260187367042;1.0;0.534476286766941;0.5;0.532329287621458;1.0;1.0;PM;;PM;1;C O, C O Nocoo, Benzene, Bicyclic, Ester, Ether, Halogen, Lactone;['Chlorobenzenes', 'Cyclohexanes', 'Ethylene Glycols', 'HBCDDs', 'PBB', 'PBDE', 'PCB', 'PhenylEthers', 'Phtalates']
414;Tetraethylammonium heptadecafluorooctanesulphonate;56773-42-3;260-375-3;JHDXAQHGAJXNBY-UHFFFAOYSA-M;C(C(C(C(C(F)(F)S(=O)(=O)O)(F)F)(F)F)(F)F)(C(C(C(F)(F)F)(F)F)(F)F)(F)F;DTXSID5069128;92531.0;PRO-415;NS00007176;REACH-B;False;vPvM & PMT;HQ;PMT;False;False;;;False;False;False;False;False;False;False;False;False;False;False;False;False;False;False;False;False;False;;;;True;False;False;False;False;True;False;False;False;False;False;False;False;False;False;False;False;False;False;False;False;False;False;False;False;P-PNEC;629.37;;-0.404;;4.31;;2.15;1.380211242;5.0704;96.5441097728446;7782.219054;5.37;;;;2.6;;203.556463;0.11;0.54;0.0;0.0;;;;0;0;0;0;0;0;0;0;0;0;0;0;0;0;0;0;0;0;0;0;0;0;0;0;0;0;0;0;0;0;0;0;0;0;0;0;0;0;0;0;0;0;0;0;0;0;0;0;0;0;0;0;0;0;0;0;0;1;0;0;0;0;0;0;0;;0.999755781657687;0.692777862383848;;;0.397501059265639;0.106382275492397;0.605779301573654;False;0.0;0.0;0.0;0;22.2;low ;0.173;1.1;low ;0.0;412.0;low ;0.0;0.0904062313433529;0.489653305964392;0.206467255459778;0.0681857930445593;0.194448486368431;;;P_score_freshwater_pred_RIVM;0.999755781657687;0.846266822020767;M_score_exp_UBA;0.397501059265639;M_score_pred_Dashboard;0.605779301573654;0.369887545443897;kemi_score;0.54;0.778223206513926;1.0;0.397501059265639;0.5;0.559485082542751;1.0;0.146250926494594;1.0;0.337366069681371;1.0;0.204101022656362;0.75;0.286051064814977;1.0;2.0;vPvM;PM;PM;1;Alkyl Halide, Halogen;['PFAS']
415;tetraethylazanium nonafluorobutane-1-sulfonate;25628-08-4;700-536-1;QTRJKFBGNXKFFF-UHFFFAOYSA-M;C(F)(F)(C(F)(F)C(F)(F)C(F)(F)F)S(=O)(=O)OC(C)[N+](CC)(CC)CC;DTXSID30880236;138402797.0;PRO-416;;REACH-C;False;vPvM & PMT;HQ;PMT;False;False;;;False;False;False;False;False;False;False;False;False;False;False;False;False;False;False;False;False;False;;;;True;False;True;False;False;True;False;False;False;False;False;False;False;False;False;False;False;False;False;False;False;False;False;False;False;P-PNEC;428.33;;2.45;;4.99;;0.06;2.92992956;;41.2643941086108;;1.95;;;;;0.3;139.1876382;;0.27;0.0;0.0;;;;0;0;0;0;0;0;0;0;0;0;0;0;0;0;0;0;0;0;0;0;0;0;0;0;0;0;0;0;0;0;0;0;0;0;0;0;0;0;0;0;0;0;0;0;0;0;0;0;0;0;0;0;0;0;0;0;0;1;0;0;0;0;0;0;0;;;0.345258688405079;;;;;0.34421239880355;False;0.0;0.0;0.0;0;284.2;low ;0.202;5210.0;low ;0.21;3380.0;low ;0.0;0.104930732645938;0.0237337392782629;0.0791739312967;0.0285005670856277;0.115437577314799;;;P_score_freshwater_pred_Dashboard;0.345258688405079;0.345258688405079;;;M_score_pred_Dashboard;0.34421239880355;0.34421239880355;kemi_score;0.27;0.344735146661433;1.0;;;0.344735146661433;1.0;0.115437577314799;0.5;0.239390058010716;0.75;0.115437577314799;0.25;0.239390058010716;0.75;0.0;PM;;PM;1;Nh0, Alkyl Halide, Halogen, Quatn;['Organotins', 'PFAS']
416;Tetrafluoroethylene;116-14-3;204-126-9;BFKJFAAPBSQJPD-UHFFFAOYSA-N;C(=C(F)F)(F)F;DTXSID6021325;8301.0;PRO-417;NS00011104;REACH-A;True;vPvM & PMT;MQ;vPvM & PMT;False;False;;;False;False;False;False;False;False;False;False;False;False;False;False;False;False;False;True;True;True;"Batteries; Cleaning products and household care -> air freshener; Cleaning products and household care -> carpet and floor -> carpet cleaner; Home maintenance -> insulation; Manufactured formulations; Sports equipment -> bicycling; Vehicle -> engine maintenance -> auto fluids and additives";Intermediates;;True;True;False;True;True;False;True;False;False;False;True;True;True;False;True;False;False;False;False;False;False;False;True;False;False;P-PNEC pred;100.016;;1.53;;1.01;0.00159;0.0323;1.720159303;1.0498;22026.4657948067;16.1214018;11.0;22.0;;;0.7;;16.52511;0.66;0.61;0.52;0.65;>10000 to < 100000 tonnes;10000.0;100000.0;1;0;0;0;0;0;0;0;0;0;0;0;0;0;1;0;0;1;1;0;1;0;0;0;1;0;0;0;0;0;1;0;0;1;0;0;0;0;0;0;0;0;0;0;0;0;1;0;0;1;1;0;1;0;1;0;0;0;0;0;0;0;0;0;0;0.152496117489493;0.0956401714847693;0.999958748616483;;;0.711173720606069;0.658952221720961;0.548341223953559;True;0.75;0.0;0.0;0;1110.0;low ;0.0;1770.0;low ;0.363;9110.0;low ;0.0;0.22826317376267;0.0373997834922668;0.0454198238712836;0.0187153529539191;0.237619735923943;;;P_score_freshwater_pred_Dashboard;0.999958748616483;0.416031679196915;M_score_exp_UBA;0.711173720606069;M_score_exp_UBA;0.711173720606069;0.639489055426863;E_score_max;0.65;0.843293770702816;1.0;0.711173720606069;0.5;0.515798124809781;1.0;0.396016446261771;1.0;0.57789116815229;1.0;0.481357099447969;0.75;0.451956347865206;1.0;0.0;vPvM;vPvM;PM;1;Halogen;['Other']
417;Tetrahydromethylphthalic anhydride;11070-44-3;234-290-7;CSHJJWDAZSZQBT-UHFFFAOYSA-N;CC12CCCC=C1C(=O)OC2=O;;3033842.0;PRO-418;;REACH-A;True;vPvM & PMT;MQ;vPvM & PMT;False;False;;;False;False;False;False;False;False;False;False;False;False;False;False;False;False;False;False;False;False;;"Fillers; Intermediate; Not Known or Reasonably Ascertainable; Surface active agents";Surface active agents;True;True;False;True;False;True;True;False;False;False;True;True;False;False;False;False;False;False;False;False;False;False;False;False;False;P-PNEC pred;;;;;;;;;1.9268;;21.4421592;;42.0;;;;1.3;80.9804;0.51;0.54;0.33;0.44;>1000 to < 10000 tonnes;1000.0;10000.0;0;0;0;0;0;0;0;0;0;0;0;0;0;0;0;0;0;0;0;0;0;0;0;0;0;0;0;0;0;0;0;0;0;0;0;0;0;0;0;0;0;1;0;0;0;0;0;0;0;0;0;0;0;0;1;0;0;0;0;0;0;0;0;0;0;0.352118545302594;0.146907810390185;;;;;0.512681872854951;;False;0.0;0.0;0.0;0;1480.0;low ;0.66;3660.0;low ;0.663;7020.0;low ;0.7;0.129162969391509;0.0275589774578873;0.0403002920534842;0.0209112067663259;0.138453286998176;;;P_score_freshwater_pred_UBA;0.352118545302594;0.249513177846389;;;M_score_pred_Episuite;0.512681872854951;0.512681872854951;kemi_score;0.54;0.424882095730915;1.0;;;0.357660290387789;1.0;0.265727635689384;1.0;0.336010289642038;1.0;0.265727635689384;0.5;0.308285944124486;1.0;;PM;;PM;2;C O, C O Nocoo, Allylic Oxid, Bicyclic, Ester, Ether, Lactone;['Cyclohexanes', 'Ethylene Glycols', 'Pyrethrins', 'Terpenoid', 'Acrylics/Acrylates']
418;Tetrasodium [3-[[8-[(4-amino-6-chloro-1,3,5-triazin-2-yl)amino]-1-hydroxy-3,6-disulpho-2-naphthyl]azo]-4-hydroxynaphthalene-1,5-disulphonato(6-)]cuprate(4-);14692-76-3;238-739-8;;Nc1nc(Cl)nc(Nc2cc(cc3cc(c(N=Nc4c(O)c5c(cccc5c(c4)S(=O)(=O)O)S(=O)(=O)O)c(O)c23)S(=O)(=O)O)S(=O)(=O)O)n1;DTXSID601015270;161082.0;PRO-419;;REACH-B;False;vPvM;HQ;vPvM;False;False;;;False;False;False;False;False;False;False;False;False;False;False;False;False;False;False;True;True;True;;;;False;False;False;True;False;True;False;False;False;False;True;True;False;False;True;False;False;False;False;False;False;False;True;False;False;;927.56;;-11.9;;9.59;;32.7;2.399673721;;5389698.47628301;;2.45;4303.0;;;;-8.1;;;;0.05;0.15;>1 to < 10 tonnes;1.0;10.0;0;0;0;0;0;0;0;0;0;0;0;0;0;0;0;0;0;1;0;0;0;0;0;0;0;0;0;0;0;0;0;0;1;0;0;0;0;0;0;0;0;0;0;0;0;0;1;0;0;0;0;0;0;0;0;0;0;0;0;0;0;0;0;0;0;0.999327790789156;;0.999999996595258;;;;;0.43118139565707;False;0.0;0.0;0.0;0;492.599999999999;low ;0.0;1210.0;low ;0.0;1210.0;low ;0.0;;0.0438229529990927;0.0634176993249712;0.0438229529990927;0.0;;;P_score_freshwater_pred_Dashboard;0.999999996595258;0.999663893692207;;;M_score_pred_Dashboard;0.43118139565707;0.43118139565707;E_score_max;0.15;0.656644039178769;1.0;;;0.656533679920678;1.0;0.0;0.5;0.0;0.75;0.0;0.25;0.0;0.75;2.0;PM;;PM;2;Arn, Ar N, Ar Oh, Nh0, Nh1, Nh2, Aniline, Azo, Benzene, Bicyclic, Halogen, Phenol, Phenol Noorthohbond;['Alkylphenols', 'Aromatic amines', 'Chlorobenzenes', 'Cyclohexanes', 'Phenols', 'HBCDDs', 'PBB']
419;Tetrasodium 7-amino-4-hydroxy-3-[(2-methoxy-5-methyl-4-{[2-(sulfonatooxy)ethyl]sulfonyl}phenyl)diazenyl]-8-[(2-sulfonato-4-{[2-(sulfonatooxy)ethyl]sulfonyl}phenyl)diazenyl]naphthalene-2-sulfonate;503155-49-5;610-522-6;CKQJXRWPKNTQSO-UHFFFAOYSA-J;COc1cc(c(C)cc1N=Nc1c(O)c2ccc(N)c(N=Nc3ccc(cc3S(=O)(=O)O)S(=O)(=O)CCOS(=O)(=O)O)c2cc1S(=O)(=O)O)S(=O)(=O)CCOS(=O)(=O)O;DTXSID101036287;165364854.0;PRO-420;;REACH-B;False;vPvM;HQ;vPvM;False;False;;;False;False;False;False;False;False;False;False;False;False;False;False;False;False;False;False;False;True;;;;False;False;True;False;False;True;False;False;False;False;False;True;False;False;False;False;False;False;False;False;False;False;False;False;False;;1035.84;;5.4;;9.57;;0.135;4.489958479;;540364.937246691;;5.13;2788.0;;;1.3;;;;;0.0;0.12;>0 to < 10 tonnes;0.0;10.0;0;0;0;0;0;0;0;0;0;0;0;0;0;0;0;0;0;1;0;0;0;0;0;0;0;0;0;0;0;0;0;0;0;0;0;0;0;0;0;0;0;0;0;0;0;0;0;0;0;0;0;0;0;0;0;0;0;0;0;0;0;0;0;0;0;0.998589445987644;;0.999999826349462;;;0.618975738670119;;0.151111778663491;False;0.0;0.0;0.0;0;570.6;low ;0.0;91.3;low ;0.0;2210.0;low ;0.0;;0.123416107669098;0.0597300502090014;0.0340792770962707;0.0;;;P_score_freshwater_pred_Dashboard;0.999999826349462;0.999294636168553;M_score_exp_UBA;0.618975738670119;M_score_exp_UBA;0.618975738670119;0.385043758666805;E_score_max;0.12;0.786750043650872;1.0;0.618975738670119;0.5;0.620300058621565;1.0;0.0;0.5;0.0;0.75;0.0;0.5;0.0;0.75;1.0;vPvM;PM;PM;4;Arn, Ar Oh, Nh0, Nh2, Aniline, Aryl Methyl, Azo, Benzene, Bicyclic, Ether, Methoxy, Phenol, Phenol Noorthohbond, Sulfone;['Alkylphenols', 'Aromatic amines', 'Cyclohexanes', 'Ethylene Glycols', 'Phenols', 'PAHs', 'PBDE', 'PhenylEthers']
420;"thiamethoxam (ISO); 3-(2-chloro-thiazol-5-ylmethyl)-5-methyl[1,3,5]oxadiazinan-4-ylidene-N-nitroamine";153719-23-4;428-650-4;NWWZPOKUUAIXIW-DHZHZOJOSA-N;CN1COCN(C1=N[N+](=O)[O-])CC2=CN=C(S2)Cl;DTXSID2034962;5821911.0;PRO-421;NS00010175;REACH-A;False;vPvM;HQ;vPvM;False;False;;;False;False;False;False;False;False;False;False;False;False;False;False;False;False;False;False;False;False;;;;True;True;False;False;False;False;False;False;False;False;True;False;False;False;False;False;False;False;False;False;False;False;False;False;False;AA-EQS;291.71;;-0.201;;7.38;0.0141;0.00999;2.079181246;;87.3567230134409;;16.2;97.0;907.0;41.0;;-0.1;0.042;;0.6;0.03;0.09;>1 to < 10 tonnes;1.0;10.0;0;0;0;0;0;0;0;0;0;0;0;0;0;0;0;0;0;0;0;0;0;0;0;0;0;1;0;0;0;0;0;0;0;0;0;0;0;0;0;0;0;0;0;0;0;0;0;0;0;0;0;0;0;0;0;0;0;0;0;0;0;0;0;0;0;0.694489270265704;;0.655247715497613;0.940732461530237;0.0738483042558942;;;0.486282378917531;True;0.0;0.0;0.0;0;193.2;low ;0.225;1240.0;low ;0.182;806.4;low ;0.184;0.798468642958914;0.0433794210147926;0.0922884945319761;0.0518306958671969;0.798468642958914;P_score_soil_exp_UBA;0.940732461530237;P_score_soil_exp_UBA;0.940732461530237;0.591079437887362;;;M_score_pred_Dashboard;0.486282378917531;0.486282378917531;kemi_score;0.6;0.67635909051174;1.0;0.940732461530237;0.5;0.536126398515409;1.0;0.798468642958914;0.5;0.714832313281718;0.75;0.866686432307237;0.5;0.612252757630487;0.75;0.0;PM(T);vPvM(T);PM(T);2;Ar N, Nh0, Ether, Guanido, Halogen, Hdrzone, Nitro, Thiazole;['Aromatic amines', 'Ethylene Glycols']
421;"thiourea; thiocarbamide";62-56-6;200-543-5;UMGDCJDMYOKAJW-UHFFFAOYSA-N;C(=S)(N)N;DTXSID9021348;2723790.0;PRO-422;NS00002781;REACH-A;False;vPvM & PMT;MQ;vPvM & PMT;False;False;;;False;False;False;False;False;False;False;False;False;False;False;False;False;False;False;True;False;False;"Cleaning products and household care -> drain products; Cleaning products and household care -> general household cleaning -> bleach; Cleaning products and household care -> jewelry -> jewelry cleaner; Electronics/small appliances -> computers and accessories/supplies -> printer toner; Home maintenance -> corrosion protection; antimicrobial; biocide; humectant; humectant";"Finishing agents; Fuels and fuel additives; Not Known or Reasonably Ascertainable; Other (specify); Surface active agents";"Not Known or Reasonably Ascertainable; Surface active agents";True;True;False;False;False;True;True;False;False;False;True;False;False;True;False;False;True;False;False;False;False;False;False;False;False;P-PNEC pred;76.12;-1.05;-1.08;;6.89;1.88;2.97;0.850033258;0.6281;296558.565298202;16.16233884;2.0;13.0;;;;-1.6;12.41889;0.72;0.63;0.35;0.46;>1000 to < 10000 tonnes;1000.0;10000.0;0;1;1;0;0;1;0;0;0;0;0;1;0;1;1;0;0;1;1;0;1;0;0;1;0;0;0;1;1;0;0;0;1;1;1;0;1;1;0;0;0;0;1;0;0;0;1;0;0;1;1;1;0;1;1;0;1;1;0;1;1;0;1;1;1;0.0682098674362219;0.0960158165952134;0.999999515677338;;;;0.721301892053369;0.689352988803134;True;0.5;0.0;0.0;0;1260.0;low ;0.0;2330.0;;1.0;12220.0;;0.85;0.25085024415335;0.0333313971208003;0.0430919729057154;0.0165111367580645;0.25085024415335;;;P_score_freshwater_pred_Dashboard;0.999999515677338;0.388075066569591;;;M_score_pred_Episuite;0.721301892053369;0.705327440428252;kemi_score;0.63;0.849294732534305;1.0;;;0.523182562207068;1.0;0.424984912426797;1.0;0.600780698367242;1.0;0.424984912426797;0.5;0.471534405301244;1.0;2.0;vPvM;;PM;2;C S, Nh2;['Thiocarbamates']
422;Trade name: 3M(TM) NOVEC(TM) ENGINEERED FLUID HFE-7000;;484-450-7;;COC(F)(F)C(F)(C(F)(F)F)C(F)(F)F;;;PRO-423;;REACH-B;False;PMT;MQ;Potential PMT/vPvM;False;False;;;False;False;False;False;False;False;False;False;False;False;False;False;False;False;False;False;False;False;;;;False;False;False;False;False;False;False;False;False;False;False;False;False;False;False;False;False;False;False;False;False;False;False;False;False;;;;;;;;;;;;;;703.0;;;;2.6;;;;;;;;;0;0;0;0;0;0;0;0;0;0;0;0;0;0;0;0;0;0;0;0;0;0;0;0;0;0;0;0;0;0;0;0;0;0;0;0;0;0;0;0;0;0;0;0;0;0;0;0;0;0;0;0;0;0;0;0;0;0;0;0;0;0;0;0;0;0.985329368995934;;;;;;;;True;0.0;0.0;0.0;0;746.1;low ;0.207;2590.0;low ;0.214;3340.0;low ;0.0;;0.0318823898149451;0.0535148021689941;0.0286440714920582;0.0178248151173251;;;P_score_freshwater_pred_UBA;0.985329368995934;0.985329368995934;;;;;;;;0.985329368995934;0.5;;;0.985329368995934;0.5;0.0178248151173251;0.5;0.132526653289152;0.5;0.0178248151173251;0.25;0.132526653289152;0.5;;vPvM;;vPvM;;Alkyl Halide, Ether, Halogen, Methoxy;['Ethylene Glycols', 'PFAS']
423;trans-dichloroethylene;156-60-5;205-860-2;KFUSEUYYWQURPO-OWOJBTEDSA-N;C(=CCl)Cl;DTXSID7024031;638186.0;PRO-424;NS00079504;REACH-A;True;vPvM;MQ;PM;False;False;;;False;False;False;False;False;False;False;False;False;False;False;False;False;False;False;True;False;True;"Manufactured formulations; solvent; solvent";"Cleaning agent; Propellants, non-motive (blowing agents)";;True;True;False;True;True;True;True;False;False;False;True;False;True;False;False;True;False;False;True;True;True;False;True;False;False;;96.94;1.86;1.88;;2.7;0.0484;0.0312;1.740362689;1.7354;6063.24248803609;31.26359992;10.2;36.0;;;;1.9;;0.55;;0.24;0.36;>100 to < 1000 tonnes;100.0;1000.0;1;0;0;0;0;0;0;1;0;0;0;0;0;1;1;1;0;0;0;0;0;0;0;0;0;0;0;0;0;0;0;1;0;1;0;0;0;0;0;0;0;0;0;0;0;0;0;0;0;0;0;0;0;0;0;0;0;0;1;1;0;0;0;0;0;0.294575965591885;0.247048999451298;0.999625863290749;;;;0.545723586830496;0.544870676610771;False;0.0;0.0;0.0;0;4250.0;low ;0.0;1710.0;;1.0;36800.0;;1.0;;0.0379427282875813;0.0258718104506358;0.0102939888891744;0.0478461351533383;;;P_score_freshwater_pred_Dashboard;0.999625863290749;0.513750276111311;;;M_score_pred_Episuite;0.545723586830496;0.545297131720634;E_score_max;0.36;0.738592859160958;1.0;;;0.529288722706408;1.0;0.16222014158031;1.0;0.346142511378329;1.0;0.16222014158031;0.5;0.293020974563759;1.0;0.0;vPvM;;PM;;Halogen;['Other']
424;tributylamine;102-82-9;203-058-7;IMFACGCPASFAPR-UHFFFAOYSA-N;CCCCN(CCCC)CCCC;DTXSID4026183;7622.0;PRO-425;NS00000551;;False;;;;False;False;;;False;False;False;False;False;False;False;False;False;True;False;False;False;False;True;True;False;True;"Home maintenance -> caulk/sealant; Vehicle -> auto body work; flavouring";"Binder; Intermediate; Intermediates; Processing aids not otherwise specified";Intermediates;True;True;False;True;False;True;True;False;False;False;True;True;True;True;False;False;False;False;False;False;False;False;False;False;False;;185.355;;4.13;;5.73;0.000767;0.00108;2.579783597;3.3267;48.9108865237318;6.678929919;25.1;;;;;;88.0;0.29;0.77;0.0;0.0;>1000 tonnes;1000.0;;0;0;0;0;0;0;0;0;0;0;0;0;0;0;0;0;0;0;1;0;1;0;0;0;0;0;0;0;0;0;0;0;0;0;0;0;0;0;0;0;0;0;0;0;0;0;0;0;0;0;1;1;1;0;0;0;0;0;0;0;0;0;0;0;1;;0.022909256422835;0.41354506468978;;;;0.285039737378503;0.400861846658311;False;0.0;0.0;0.0;0;148.6;low ;0.684;241.2;moderate ;0.85;202.7;low ;0.7;0.125156213881864;0.0845264241373347;0.102291501412671;0.0905569249573304;0.271630343205332;;;P_score_freshwater_pred_Dashboard;0.41354506468978;0.218227160556307;;;M_score_pred_Dashboard;0.400861846658311;0.342950792018407;kemi_score;0.77;0.407154071953083;1.0;;;0.273571156287928;1.0;0.280664923938753;1.0;0.338044178527106;1.0;0.280664923938753;0.5;0.277095340580436;1.0;0.0;PM;;;2;Nh0;['Other']
425;Trichloroacetic acid;76-03-9;200-927-2;YNJBWRMUSHSURL-UHFFFAOYSA-N;OC(=O)C(Cl)(Cl)Cl;DTXSID1021378;23223116.0;PRO-426;NS00009969;REACH-C;False;vPvM & PMT;HQ;vPvM & PMT;False;False;;;False;False;False;False;False;False;False;False;False;False;False;False;False;False;False;True;False;False;;;;True;True;False;True;False;True;True;False;False;False;True;False;True;True;False;False;False;False;True;True;True;False;False;False;False;P-PNEC pred;163.38;1.33;1.49;;4.76;0.269;0.261;0.301029996;0.8914;214.862867704335;43.35463366;1.7;;120.0;;0.0;;194.25846;0.68;0.68;0.23;0.35;>100 to < 1000 tonnes;100.0;1000.0;1;0;0;0;0;0;0;1;0;0;0;0;0;1;1;0;0;0;0;1;1;0;0;0;0;0;0;1;0;0;0;0;0;1;0;0;0;1;0;0;0;0;0;0;0;0;0;0;0;0;1;0;1;0;0;0;1;1;0;1;0;0;1;0;1;;0.364595526193765;0.898507246983325;0.333333333333333;;0.8;0.683179650568409;0.76452253234788;True;0.0;0.0;0.0;0;2630.0;low ;0.577;3420.0;low ;0.674;14090.0;low ;0.7;0.0920899125031568;0.0283594367051498;0.0316775857268976;0.0155364041806351;0.13154336072504;P_score_soil_exp_UBA;0.333333333333333;P_score_freshwater_pred_Dashboard;0.898507246983325;0.532145368836808;M_score_exp_UBA;0.8;M_score_exp_UBA;0.8;0.749234060972096;kemi_score;0.68;0.84782415487332;1.0;0.516397779494322;1.0;0.631428092280582;1.0;0.299081068095303;1.0;0.503555512130004;1.0;0.392994655756544;1.0;0.434566667226855;1.0;0.0;vPvM;PM;PM;2;Al Coo, Coo, Coo2, C O, Alkyl Halide, Halogen;['Alkylphenols']
426;Trichloroethylene;79-01-6;201-167-4;XSTXAVWGXDQKEL-UHFFFAOYSA-N;ClC=C(Cl)Cl;DTXSID0021383;6575.0;PRO-427;NS00006134;REACH-C;False;PMT;HQ;PMT;False;False;;;False;False;False;False;False;False;False;False;False;False;False;False;False;True;True;True;False;False;"Arts and crafts/office supplies -> home office -> white out; Home maintenance -> adhesives and adhesive removers -> multipurpose adhesive; Home maintenance -> caulk/sealant; Home maintenance -> degreaser; Manufactured formulations; Sports equipment -> bicycling; solubilizer; solvent; solvent; solvents; surfactant";"Cleaning agent; Corrosion inhibitors and anti-scaling agents; Intermediate; Intermediates; Not Known or Reasonably Ascertainable; Other (specify); Refrigerants; Solvent; Solvents (for cleaning or degreasing); Solvents (which become part of product formulation or mixture)";"Adhesives and sealant chemicals; Corrosion inhibitors and anti-scaling agents; Diluent; Not Known or Reasonably Ascertainable; Other (specify); Solvent; Solvents (for cleaning or degreasing); Solvents (which become part of product formulation or mixture)";True;True;False;True;True;True;True;False;False;False;True;False;False;False;False;False;False;False;True;True;True;False;False;False;False;EQS chronic water (=AA-EQS);131.38;2.51;2.45;2.99;3.24;0.01;0.00756;2.0;2.0999;478.18610608926;50.84574278;15.8;2500.0;;;2.1;;10.0;0.48;0.81;0.46;0.58;>10000 to < 100000 tonnes;10000.0;100000.0;1;0;0;0;0;0;0;0;0;0;0;0;0;0;0;0;0;0;1;0;0;0;0;0;0;0;0;0;0;0;0;0;0;0;0;0;0;0;0;0;0;0;0;0;0;0;0;0;0;0;1;0;1;0;0;0;0;0;0;0;0;0;0;0;0;0.99830091815794;0.429716857890463;0.972032779720889;;;0.482678255167814;0.482695563070717;0.5;True;0.75;0.5;0.0;0;9180.0;low ;0.387;1080.0;;1.0;33410.0;;1.0;0.268941421369995;0.0459385365460646;0.018654399390477;0.0107305017245357;0.310009437332616;;;P_score_freshwater_pred_UBA;0.99830091815794;0.800016851923098;M_score_exp_UBA;0.482678255167814;M_score_pred_Dashboard;0.5;0.488457939412844;kemi_score;0.81;0.706505809656913;1.0;0.482678255167814;0.5;0.625119654934882;1.0;0.385751902029861;1.0;0.522049767618281;1.0;0.415678882763733;0.75;0.491061193628026;1.0;0.0;vPvM;PM;PM;;Halogen;['Other']
427;Triclosan;3380-34-5;222-182-2;XEFQLINVKFYRCS-UHFFFAOYSA-N;Oc1cc(Cl)ccc1Oc1ccc(Cl)cc1Cl;DTXSID5032498;5564.0;PRO-428;NS00010282;REACH-C;True;vPvM & PMT;MQ;PMT;False;False;;;False;False;False;False;False;False;False;False;False;False;False;False;False;False;False;False;True;False;"Personal care -> bite relief; Personal care -> body hygiene; Personal care -> body hygiene -> body wash; Personal care -> body hygiene -> hand soap; Personal care -> body powder; Personal care -> child specific -> bath paints/crayons; Personal care -> dental care -> toothpaste; Personal care -> deodorant; Personal care -> foot care; Personal care -> hair styling and care -> shampoo; Personal care -> specialized bath products; antibacterial agent; antimicrobial; biocide; biocide; cosmetic biocide; deodorant; deodorant agent; deodorizer; disinfectant chemical; no specific technical function; oral care agent; preservative; preservative; preservative/antimicrobial";Preservative;;True;False;False;False;False;False;False;False;False;False;True;False;False;True;False;False;False;False;False;False;False;False;False;False;False;CQC_ad hoc;289.54;4.76;4.97;;10.6;3.45e-05;1.5e-05;4.559906625;3.9252;87.3567230134409;122.6820615;52.5;;;;2.4;;0.02;0.21;0.64;0.0;0.0;;;;0;0;0;0;0;0;0;0;0;0;0;0;0;0;0;0;0;0;0;0;0;0;0;0;0;0;0;0;0;0;0;0;0;0;0;0;0;1;0;0;0;0;0;0;0;0;0;0;0;0;0;0;0;0;0;0;0;0;0;0;0;0;0;0;0;;0.772543736681082;0.655247715497613;;;0.431125927769216;0.208424738551949;0.144996983330074;True;0.0;0.0;0.0;0;31.2;;1.0;132.8;;0.6;151.9;low ;0.7;0.84540016368149;0.106862453042395;0.183298964295158;0.10141887498519;0.875924890010936;;;P_score_freshwater_pred_RIVM;0.772543736681082;0.713895726089347;M_score_exp_UBA;0.431125927769216;M_score_exp_UBA;0.431125927769216;0.261515883217079;kemi_score;0.64;0.577116656507961;1.0;0.431125927769216;0.5;0.432082250657388;1.0;0.428887196011138;1.0;0.497511753208929;1.0;0.429632145252825;0.75;0.430481759114865;1.0;1.0;PM;PM;PM;;Ar Oh, Benzene, Ether, Halogen, Phenol, Phenol Noorthohbond;['Alkylphenols', 'Chlorobenzenes', 'Ethylene Glycols', 'Phenols', 'PBB', 'PBDE', 'PCB', 'PhenylEthers']
428;Triethyl phosphate;78-40-0;201-114-5;DQWPFSLDHJDLRL-UHFFFAOYSA-N;CCOP(=O)(OCC)OCC;DTXSID8026228;6535.0;PRO-429;NS00009400;REACH-A;False;vPvM;MQ;vPvM;False;False;;;False;False;False;False;False;False;False;False;False;True;False;False;False;False;True;True;True;True;"flame retardant; flame retardants; solvent; solvent";"Catalyst; Flame retardant; Intermediates; Plasticizer; Processing aids not otherwise specified";Flame retardant;True;True;False;True;True;True;True;False;False;False;True;True;False;False;True;True;False;True;False;False;False;True;True;True;False;AA-QSwater_eco;182.156;0.8;0.941;;5.79;2.72;0.988;1.780317312;1.471;134.289779684935;17.01653783;1.29;20.0;;;0.3;;632.0;0.59;0.81;0.52;0.65;>10000 to < 100000 tonnes;10000.0;100000.0;1;1;0;0;0;0;0;1;1;0;0;0;0;0;0;0;0;0;1;1;0;1;0;0;0;1;0;0;0;0;1;0;0;0;0;0;0;0;0;0;0;1;1;0;0;0;1;0;0;0;1;0;0;0;1;0;0;0;0;0;0;0;0;0;0;0.132608401240378;0.103934201040656;0.798553329358552;;;0.764651036931;0.590655263341036;0.537994722337837;True;0.0;0.0;0.0;0;595.099999999999;low ;0.308;2530.0;moderate ;0.85;25760.0;low ;0.0;0.057285438638509;0.0321980829172961;0.0587128325512397;0.0119979868908363;0.0985855350873293;;;P_score_freshwater_pred_Dashboard;0.798553329358552;0.345031977213195;M_score_exp_UBA;0.764651036931;M_score_exp_UBA;0.764651036931;0.631100340869958;kemi_score;0.81;0.781418345918957;1.0;0.764651036931;0.5;0.466636687831425;1.0;0.241175176379171;1.0;0.434118310375092;1.0;0.354304088414453;0.75;0.335471586714488;1.0;0.0;vPvM;vPvM;PM;1;Phos Acid, Phos Ester;['Organophosphates']
429;Trifluoroacetic acid;76-05-1;200-929-3;DTQVDTLACAAQTR-UHFFFAOYSA-N;C(=O)(C(F)(F)F)O;DTXSID9041578;6422.0;PRO-430;NS00008877;REACH-A;False;vPvM;MQ;vPvM;False;False;;;False;False;False;False;False;False;False;False;False;False;False;False;False;False;False;True;False;False;;"Intermediate; Intermediates";;True;True;False;True;False;True;True;False;False;False;True;False;False;True;False;False;False;False;False;False;False;False;False;False;False;P-PNEC pred;114.023;;0.762;;2.48;8.79;2.68;0.609594409;0.4323;244.69193226422;22.87241302;5.5;53.0;;;0.8;;109.79744;0.75;0.73;0.19;0.29;>100 to < 1000 tonnes;100.0;1000.0;1;0;0;0;0;0;0;0;0;0;0;0;0;0;0;0;0;0;0;0;1;0;0;0;0;0;0;0;0;0;0;0;0;0;0;0;0;0;0;0;0;0;0;0;0;0;0;0;0;0;1;0;0;0;0;0;0;0;0;0;0;0;0;0;0;0.447180457216024;0.161288107855362;0.917054553612804;;;0.696730454977072;0.747749773031201;0.723873131404215;True;0.0;0.0;0.0;0;1880.0;low ;0.0;3280.0;low ;0.376;10940.0;low ;0.0;0.115006442746147;0.0288639308390581;0.0364684457841708;0.0173098642252526;0.155427783920425;;;P_score_freshwater_pred_Dashboard;0.917054553612804;0.508507706228063;M_score_exp_UBA;0.696730454977072;M_score_pred_Episuite;0.747749773031201;0.722784453137496;kemi_score;0.73;0.828086550018296;1.0;0.696730454977072;0.5;0.606251980914086;1.0;0.341424717822712;1.0;0.53172287582234;1.0;0.433063489447041;0.75;0.454960890091722;1.0;2.0;vPvM;PM;PM;2;Al Coo, Coo, Coo2, C O, Alkyl Halide, Halogen;['Alkylphenols', 'PFAS']
430;Trifluoroiodomethane;2314-97-8;219-014-5;VPAYJEUHKVESSD-UHFFFAOYSA-N;C(F)(F)(F)I;DTXSID2062325;16843.0;PRO-431;;REACH-A;False;vPvM & PMT;MQ;PMT;False;False;;;False;False;False;False;False;False;False;False;False;False;False;False;False;False;False;True;False;True;;;;True;True;False;False;False;False;True;False;False;False;True;False;False;False;False;False;False;False;True;True;True;False;True;False;False;P-PNEC pred;195.911;;2.12;;1.4;;0.00298;2.008600172;1.7441;5389698.47628301;66.29465516;70.8;101.0;;;;2.4;1.5939636;0.54;0.47;0.04;0.12;>1 to < 10 tonnes;1.0;10.0;1;0;0;0;0;0;0;0;0;0;0;0;0;0;0;1;0;0;0;0;1;0;0;0;0;0;0;0;0;0;0;1;0;0;0;0;0;0;0;0;0;0;0;0;0;0;0;0;0;0;1;0;0;0;0;0;0;1;1;1;0;1;0;0;0;0.708946377941541;0.542534177896945;0.999999996595258;;;;0.544228191311344;0.498509708169681;True;0.0;0.5;0.0;0;1320.0;low ;0.211;1870.0;low ;0.24;2660.0;low ;0.0;0.44955263379359;0.0365499225163742;0.0422665329604457;0.0315268365299413;0.486391024121092;;;P_score_freshwater_pred_Dashboard;0.999999996595258;0.750493517477914;;;M_score_pred_Episuite;0.544228191311344;0.521368949740513;kemi_score;0.47;0.737718231751384;1.0;;;0.625526991419654;1.0;0.512495027317719;1.0;0.614879602307805;1.0;0.512495027317719;0.5;0.566197379502578;1.0;0.0;vPvM;;PM;1;Alkyl Halide, Halogen;['PFAS']
431;Trifluoromethanesulphonic acid;1493-13-6;216-087-5;ITMCEJHCFYSIIV-UHFFFAOYSA-N;C(F)(F)(F)S(=O)(=O)O;DTXSID2044397;71773376.0;PRO-432;NS00004757;REACH-A;False;vPvM;MQ;vPvM;False;False;;;False;False;False;False;False;False;False;False;False;False;False;False;False;False;False;True;False;False;;;;True;True;False;False;False;False;True;False;False;True;True;True;True;True;False;False;False;False;False;False;False;False;False;False;False;P-PNEC pred;150.07;;-0.204;;3.76;;2.17;1.269512944;0.6541;96.5441097728446;37.3659679;4.9;67.0;;;0.2;;142.34318;;0.52;0.19;0.29;>100 to < 1000 tonnes;100.0;1000.0;1;0;0;0;0;0;0;0;0;0;0;0;0;0;0;0;0;0;0;0;1;0;0;0;0;0;0;0;0;0;1;0;0;0;0;0;0;0;0;0;0;0;0;0;0;0;0;0;0;0;1;0;0;0;0;0;0;0;1;0;0;0;0;0;1;0.54702095628792;0.30797625694508;0.692777862383848;;;0.776895386795737;0.717664637938193;0.623946930861896;False;0.0;0.0;0.0;0;4120.0;low ;0.192;21560.0;low ;0.216;22140.0;low ;0.0;0.104019835879996;0.0129496951719672;0.0262140186791606;0.012803157727135;0.126945330432956;;;P_score_freshwater_pred_Dashboard;0.692777862383848;0.515925025205616;M_score_exp_UBA;0.776895386795737;M_score_exp_UBA;0.776895386795737;0.706168985198608;kemi_score;0.52;0.733632009498102;1.0;0.776895386795737;0.5;0.603597756364299;1.0;0.126945330432956;0.5;0.408812743170267;0.75;0.314043375329944;0.5;0.358952780111284;0.75;2.0;vPvM;vPvM;PM;2;Alkyl Halide, Halogen;['PFAS']
432;Trifluoromethanesulphonic anhydride;358-23-6;206-616-8;WJKHJLXJJJATHN-UHFFFAOYSA-N;C(F)(F)(F)S(=O)(=O)OS(=O)(=O)C(F)(F)F;DTXSID501014629;67749.0;PRO-433;NS00041402;REACH-A;False;vPvM;HQ;vPvM;False;False;;;False;False;False;False;False;False;False;False;False;False;False;False;False;False;False;True;False;False;;;;True;False;False;False;False;False;True;False;False;False;True;False;False;True;False;False;False;False;False;False;False;False;False;False;False;P-PNEC pred;282.13;;4.22;;2.13;;6.23;1.790285164;3.2724;1394.09397086645;261.5219406;1.66;731.0;;;;0.3;1.279472679;0.29;0.52;0.23;0.35;>100 to < 1000 tonnes;100.0;1000.0;1;0;0;0;0;0;0;0;0;0;0;0;0;0;0;0;0;0;0;0;0;0;0;0;0;0;0;0;0;0;0;0;0;0;0;0;0;0;0;0;0;0;0;0;0;0;0;0;0;0;1;0;0;0;0;0;0;0;1;0;0;0;0;0;1;0.986263892512857;0.925304113234369;0.995402037714342;;;;0.29277168561706;0.536276955205149;False;0.0;0.0;0.0;0;105.5;low ;0.199;420.599999999999;low ;0.191;4050.0;low ;0.0;0.473267760529254;0.067617944129555;0.116783098197583;0.0264046657163222;0.521852057247443;;;P_score_freshwater_pred_Dashboard;0.995402037714342;0.968990014487189;;;M_score_pred_Dashboard;0.536276955205149;0.414524320411105;kemi_score;0.52;0.730623825227763;1.0;;;0.633774350412234;1.0;0.389020689169302;1.0;0.53313017548589;1.0;0.389020689169302;0.5;0.49653935853585;1.0;2.0;vPvM;;PM;1;Alkyl Halide, Halogen;['PFAS']
433;tri-n-butyl-phosphate ;126-73-8;204-800-2;STCOOQWBFONSKY-UHFFFAOYSA-N;CCCCOP(=O)(OCCCC)OCCCC;DTXSID3021986;31357.0;PRO-434;NS00010255;;True;;;;False;False;;;False;False;False;False;False;False;True;True;False;True;False;False;False;False;True;True;True;True;"Arts and crafts/office supplies -> general arts and crafts supplies -> arts and crafts paint; Arts and crafts/office supplies -> general arts and crafts supplies -> craft kit; Arts and crafts/office supplies -> pottery making; Electronics/small appliances -> computers and accessories/supplies -> printer ink; Medical/dental; Vehicle -> engine maintenance -> auto fluids and additives; plasticizer/flame retardant";"Defoamer; Flame retardant; Functional fluids (closed systems); Hydraulic fluids; Intermediate; Lubricants and lubricant additives; Lubricating agent; Not Known or Reasonably Ascertainable; Plasticizers; Solids separation agents";"Flame retardant; Functional fluids (closed systems); Hydraulic fluids; Intermediate; Lubricating agent; Not Known or Reasonably Ascertainable";True;True;False;True;True;True;True;True;True;True;True;True;True;False;True;True;False;True;True;True;True;False;True;True;False;;266.318;4.0;3.96;;7.88;0.00105;0.0015;2.419955748;3.241;41.2643941086108;4.267581251;29.5;;;;;;37.0;0.3;;0.39;0.52;>1000 to < 10000 tonnes;1000.0;10000.0;1;1;0;0;0;0;0;1;0;0;0;0;1;0;0;1;1;0;0;1;1;0;1;0;0;0;0;0;0;0;1;0;0;1;0;1;0;0;1;0;0;0;0;1;0;0;1;0;0;0;1;1;1;1;1;1;0;1;1;1;0;1;0;0;1;;0.0107850934363776;0.345258688405079;;;;0.297298470159399;0.427736758283083;True;0.5;0.0;0.0;0;105.2;low ;0.292;468.0;;1.0;1990.0;low ;0.0;0.172472901314831;0.064752078336532;0.116910719891024;0.0356105564606085;0.253617541703572;;;P_score_freshwater_pred_Dashboard;0.345258688405079;0.178021890920728;;;M_score_pred_Dashboard;0.427736758283083;0.362517614221241;E_score_max;0.52;0.384291337590971;1.0;;;0.254039507115992;1.0;0.275835571511492;1.0;0.32557828663982;1.0;0.275835571511492;0.5;0.26471330271038;1.0;0.0;PM;;;1;Phos Acid, Phos Ester, Unbrch Alkane;['Organophosphates']
434;triphenyl phosphate ;115-86-6;204-112-2;XZZNDPSIHUTMOC-UHFFFAOYSA-N;C1=CC=C(C=C1)OP(=O)(OC2=CC=CC=C2)OC3=CC=CC=C3;DTXSID1021952;8289.0;PRO-435;NS00010271;;True;;;;False;False;;;False;False;False;False;False;False;False;False;False;False;False;False;False;False;False;True;True;True;"Construction and building materials; Furniture and furnishings; Home maintenance -> adhesives and adhesive removers -> multipurpose adhesive; Home maintenance -> paint/stain and related products; Home maintenance -> surface sealers; Laboratory supplies; Personal care -> body hygiene -> body wash; Personal care -> child specific; Personal care -> hair styling and care -> hair conditioner; Personal care -> make-up and related; Personal care -> make-up and related -> lip balm; Personal care -> make-up and related -> lip color; Personal care -> nails -> nail adhesive; Personal care -> nails -> nail polish; Pet care -> all pets -> pesticide - pet; Vehicle -> engine maintenance -> auto fluids and additives; additive; additive - non-reactive; binder; binder; flame retardant; fr component to help meet flammability; plasticiser; plasticisers; flame retardant; plasticizer; plasticizer; plasticizer/flame retardant; processing aid not otherwise specified; triphenyl phosphate";"Flame retardant; Hydraulic fluids; Lubricating agent; Plasticizer";"Flame retardant; Hydraulic fluids; Lubricating agent; Plasticizer";True;True;False;True;False;True;True;False;False;True;True;True;True;False;True;False;False;True;False;False;False;False;True;False;False;;326.288;4.59;4.38;;10.8;5.86e-06;1.06e-05;4.340444115;3.2377;478.18610608926;27.84825368;191.0;;;;;;0.17;0.3;0.87;0.26;0.39;>100 to < 1000 tonnes;100.0;1000.0;0;1;0;0;0;0;0;1;0;0;0;0;0;0;0;0;0;0;0;0;1;0;0;0;0;0;0;0;0;0;1;0;0;0;0;0;0;1;0;0;0;0;0;0;0;0;1;0;0;0;0;0;0;0;1;0;0;0;1;1;0;0;0;0;1;;0.212122791836663;0.972032779720889;;;;0.297776554143633;0.16489173892925;False;0.0;0.0;0.0;1;18.8;low ;0.312;79.6999999999999;;1.0;180.6;low ;0.389;0.683423775027517;0.129943510183631;0.218546327735215;0.0947715790031042;0.750664608755285;;;P_score_freshwater_pred_Dashboard;0.972032779720889;0.592077785778776;;;M_score_pred_Episuite;0.297776554143633;0.231334146536441;kemi_score;0.87;0.538004248737818;1.0;;;0.370091622785925;1.0;0.47455177022806;1.0;0.505282958973236;1.0;0.47455177022806;0.5;0.419079508852003;1.0;1.0;PM;;PM;3;Benzene, Para Hydroxylation, Phos Acid, Phos Ester;['Organophosphates']
435;tris(2-butoxyethyl)phosphate;78-51-3;201-122-9;WTLBZVNBAKMVDP-UHFFFAOYSA-N;CCCCOCCOP(=O)(OCCOCCCC)OCCOCCCC;DTXSID5021758;6540.0;PRO-436;NS00010389;;False;;;;False;False;;;False;False;False;False;False;False;False;False;False;True;False;False;False;False;True;True;True;True;"Arts and crafts/office supplies -> body paint; Arts and crafts/office supplies -> home office -> pens and markers; Cleaning and safety; Cleaning products and household care -> carpet and floor -> carpet cleaner; Cleaning products and household care -> carpet and floor -> floor polish; Home maintenance -> caulk/sealant; Home maintenance -> paint/stain and related products -> paint; Home maintenance -> surface sealers -> stone surface sealer; chelating agent; chelator; film former; film former; plasticizer; plasticizer";"Defoamer; Flame retardant; Not Known or Reasonably Ascertainable; Paint additives and coating additives not described by other categories; Plasticizer; Processing aids not otherwise specified; Processing aids, not otherwise listed";"Defoamer; Flame retardant; Not Known or Reasonably Ascertainable; Plasticizer; Processing aids, not otherwise listed";True;True;False;True;True;True;True;True;True;False;True;True;True;False;False;True;False;False;False;False;False;False;True;False;False;;398.477;3.75;3.63;;11.7;0.00276;0.00156;4.089905111;2.8309;41.2643941086108;7.937562498;5.75;;;;;;24.0;0.36;0.77;0.39;0.52;>1000 to < 10000 tonnes;1000.0;10000.0;0;1;0;0;0;0;0;1;0;0;0;0;0;1;0;0;1;0;1;0;0;0;1;1;1;1;0;0;0;1;1;0;1;1;0;1;0;0;0;0;0;1;1;0;0;0;1;0;1;0;0;0;1;0;1;0;0;1;1;1;1;1;0;0;0;;0.0305343132707449;0.345258688405079;;;;0.359868256904343;0.190215297846878;False;0.0;0.0;0.0;0;627.8;low ;0.268;2940.0;low ;0.685;4030.0;low ;0.679;0.20097507554879;0.0302263881893217;0.0574420217355289;0.026459992477987;0.245629854431275;;;P_score_freshwater_pred_Dashboard;0.345258688405079;0.187896500837912;;;M_score_pred_Episuite;0.359868256904343;0.275041777375611;kemi_score;0.77;0.35248779039481;1.0;;;0.227331008780406;1.0;0.29736635249345;1.0;0.323756094194658;1.0;0.29736635249345;0.5;0.260001140169973;1.0;1.0;PM;;;3;Ether, Phos Acid, Phos Ester, Unbrch Alkane;['Ethylene Glycols', 'Organophosphates']
436;Tris(2-chloro-1-methylethyl) phosphate;13674-84-5;237-158-7;KVMPUXDNESXNOH-UHFFFAOYSA-N;CC(CCl)OP(=O)(OC(C)CCl)OC(C)CCl;DTXSID5026259;26176.0;PRO-437;NS00009572;REACH-B;False;vPvM;HQ;PM;False;False;;;False;False;False;False;False;False;False;False;False;False;False;False;False;False;False;True;True;True;"Home maintenance -> insulation; fire retardant; flame retardant; tris(2-chloroisopropyl phosphate)";"Adhesives and sealant chemicals; Catalyst; Flame retardant; Flame retardants; Intermediates; Processing aids, not otherwise listed; Sealant (barrier); Solvents (which become part of product formulation or mixture)";"Adhesives and sealant chemicals; Flame retardant; Flame retardants; Sealant (barrier); Solvents (which become part of product formulation or mixture)";True;True;False;True;True;True;True;False;False;True;True;True;True;True;True;False;True;True;False;False;False;True;True;True;True;AA-QSwater_eco;327.56;2.59;2.33;;8.85;0.00365;0.00298;2.230448921;2.4611;41.2643941086108;87.76287997;7.94;2500.0;;;2.2;;120.0;0.42;0.65;0.01;0.01;;;;1;1;0;0;0;0;0;1;0;0;0;0;0;0;0;0;0;0;0;0;1;1;0;0;0;0;0;0;0;0;1;0;0;0;0;0;0;0;0;0;0;0;0;0;0;0;0;0;0;0;0;0;1;1;1;0;0;0;0;0;0;0;0;0;0;0.99830091815794;0.65703682924169;0.345258688405079;;;0.465398038619236;0.420770756575528;0.460150939010843;False;0.0;0.0;0.0;0;130.1;low ;0.238;970.099999999999;moderate ;0.85;2400.0;low ;0.622;0.111136821924159;0.0480250256345254;0.107716868583381;0.0329196690509339;0.181680316294137;;;P_score_freshwater_pred_UBA;0.99830091815794;0.666865478601569;M_score_exp_UBA;0.465398038619236;M_score_exp_UBA;0.465398038619236;0.448773244735202;kemi_score;0.65;0.681621074543978;1.0;0.465398038619236;0.5;0.547057021373385;1.0;0.276234923287294;1.0;0.433921127899598;1.0;0.328695611277847;0.75;0.388736741681118;1.0;0.0;PM;PM;PM;3;Alkyl Halide, Halogen, Phos Acid, Phos Ester;['Chlorinated alkane', 'Organophosphates']
437;Tris(2-chloroethyl) phosphate;115-96-8;204-118-5;HQUQLFOMPYWACS-UHFFFAOYSA-N;ClCCOP(=O)(OCCCl)OCCCl;DTXSID5021411;8295.0;PRO-438;NS00010387;REACH-C;False;vPvM & PMT;MQ;PMT;False;False;;;False;False;False;False;False;False;True;True;False;False;False;False;False;False;True;True;False;True;"Home maintenance -> caulk/sealant; Manufactured formulations -> Flame retardants; flame retardant";;;False;False;False;True;True;True;False;False;False;False;False;True;False;False;False;False;False;True;False;False;False;False;False;False;False;JD-UQN proposal;285.48;1.44;1.24;;8.41;0.0245;0.0242;1.161368002;1.825;41.2643941086108;73.20117274;1.29;64.0;;;;1.7;4.0;0.53;0.7;0.01;0.01;;;;0;0;0;0;0;0;0;1;0;0;0;0;0;0;0;0;0;0;0;0;0;0;0;0;0;0;0;0;0;0;0;0;0;0;0;0;0;0;0;0;0;0;0;0;1;0;0;0;0;0;0;0;0;0;0;0;0;0;0;0;0;1;0;0;0;0.527554387699284;0.584182063804459;0.345258688405079;;;;0.530288060362821;0.641365424493406;True;0.5;0.0;0.75;0;142.9;low ;0.239;2160.0;;1.0;4770.0;low ;0.612;0.353872541759008;0.0344079514301516;0.103861915791556;0.0246380081359527;0.391476007252793;;;P_score_freshwater_pred_RIVM;0.584182063804459;0.485665046636274;;;M_score_pred_Dashboard;0.641365424493406;0.585826742428113;kemi_score;0.7;0.612106344790986;1.0;;;0.533400011419316;1.0;0.455502232534573;1.0;0.528030119028139;1.0;0.455502232534573;0.5;0.49291469448117;1.0;0.0;PM;;PM;;Alkyl Halide, Halogen, Phos Acid, Phos Ester;['Chlorinated alkane', 'Organophosphates']
438;Tris[2-chloro-1-(chloromethyl)ethyl] phosphate;13674-87-8;237-159-2;ASLWPAWFJZFCKF-UHFFFAOYSA-N;C(C(CCl)OP(=O)(OC(CCl)CCl)OC(CCl)CCl)Cl;DTXSID9026261;26177.0;PRO-439;NS00010388;REACH-A;True;vPvM & PMT;HQ;PMT;False;False;;;False;False;False;False;False;False;False;False;False;False;False;False;False;False;False;False;False;True;"chlorinated tris (tdcpp, tdcp); flame retardant; flame retardant; flame retardants; plasticizer/flame retardant";"Catalyst; Flame retardant; Flame retardants";Flame retardant;True;True;False;False;False;False;True;False;False;False;True;False;False;False;False;False;False;False;False;False;False;False;True;False;False;AA-QSwater_eco;430.89;3.65;3.09;;10.3;1.62e-05;0.000252;2.540329475;3.0474;58.5569625918923;377.5354188;12.0;617.0;;;2.2;;1.1;0.33;0.59;0.34;0.45;>1000 to < 10000 tonnes;1000.0;10000.0;0;0;0;0;0;0;0;1;0;0;0;0;0;0;0;0;0;0;0;0;0;0;0;0;0;0;0;0;0;0;1;1;1;0;0;0;0;0;0;0;0;0;0;0;0;0;0;0;0;0;0;0;0;0;0;0;0;0;0;1;1;0;0;0;0;0.981730034633756;0.958685043114668;0.489597175430576;;;0.465398038619236;0.326072594967569;0.407447387608571;True;0.5;0.0;0.0;1;47.1999999999999;low ;0.224;605.6;moderate ;0.85;1770.0;low ;0.592;0.489653305964392;0.0582944438534913;0.157899315502702;0.0373997834922668;0.537377880881151;;;P_score_freshwater_pred_UBA;0.981730034633756;0.810004084393;M_score_exp_UBA;0.465398038619236;M_score_exp_UBA;0.465398038619236;0.399639340398459;kemi_score;0.59;0.675940258138354;1.0;0.465398038619236;0.5;0.568954741615602;1.0;0.421111268776768;1.0;0.533522314174336;1.0;0.435384294004508;0.75;0.489482638219482;1.0;0.0;PM;PM;PM;1;Alkyl Halide, Halogen, Phos Acid, Phos Ester;['Chlorinated alkane', 'Organophosphates']
439;Trisodium 5-[[4-chloro-6-(ethylphenylamino)-1,3,5-triazin-2-yl]amino]-4-hydroxy-3-[(4-methyl-2-sulphonatophenyl)azo]naphthalene-2,7-disulphonate;73816-74-7;277-616-3;KAAYWWJCOOCCSJ-UHFFFAOYSA-K;CCN(C1=CC=CC=C1)C2=NC(=NC(=N2)NC3=C4C(=CC(=C3)S(=O)(=O)O)C=C(C(=C4O)N=NC5=C(C=C(C=C5)C)S(=O)(=O)O)S(=O)(=O)O)Cl;DTXSID701024002;52581.0;PRO-440;;REACH-B;False;vPvM;HQ;vPvM;False;False;;;False;False;False;False;False;False;False;False;False;False;False;False;False;False;False;True;True;True;;;;False;True;False;True;False;True;True;False;False;False;True;True;False;False;True;False;False;False;False;False;False;False;True;False;False;P-PNEC pred;816.11;;4.81;;9.56;;0.126;4.6599162;3.9891;5389698.47628301;1067.074901;4.79;1393.0;;;1.3;;0.005059754;0.2;0.44;0.14;0.26;>10 to < 100 tonnes;10.0;100.0;0;0;0;0;0;0;0;0;0;0;0;0;0;0;0;0;0;1;0;0;0;1;0;0;1;0;0;0;0;0;0;0;1;0;0;0;0;0;0;0;0;0;0;0;0;0;1;0;1;0;0;0;0;0;0;0;0;0;0;0;0;0;0;0;0;0.995395891484012;0.992757650144508;0.999999996595258;;;0.618975738670119;0.201211589096794;0.136612705210074;False;0.0;0.0;0.0;0;194.3;low ;0.0;65.5;low ;0.0;678.699999999999;low ;0.0;0.908534465746055;0.13988549868728;0.0920821489079521;0.05563617664753;0.925706111945287;;;P_score_freshwater_pred_Dashboard;0.999999996595258;0.996051179407926;M_score_exp_UBA;0.618975738670119;M_score_exp_UBA;0.618975738670119;0.318933344325662;kemi_score;0.44;0.786750110621325;1.0;0.618975738670119;0.5;0.563625703608423;1.0;0.430280399726803;1.0;0.581827424657217;1.0;0.485727006735904;0.75;0.492460245141608;1.0;1.0;vPvM;PM;PM;1;Ar N, Ar Oh, Nh0, Nh1, Aniline, Aryl Methyl, Azo, Benzene, Bicyclic, Halogen, Para Hydroxylation, Phenol, Phenol Noorthohbond;['Alkylphenols', 'Aromatic amines', 'Chlorobenzenes', 'Cyclohexanes', 'Phenols', 'HBCDDs', 'PAHs', 'PBB']
440;Trisodium 5-[[5-methyl-4-[(4-nitro-2-sulphonatophenyl)azo]-2-(3-sulphonatopropoxy)phenyl]azo]salicylate;74186-17-7;277-753-9;PGODFFBQDSMUKZ-UHFFFAOYSA-K;CC1=CC(=C(C=C1N=NC2=C(C=C(C=C2)[N+](=O)[O-])S(=O)(=O)O)OCCCS(=O)(=O)O)N=NC3=CC(=C(C=C3)O)C(=O)O;DTXSID20890344;166435.0;PRO-441;;REACH-B;False;vPvM;HQ;vPvM;False;False;;;False;False;False;False;False;False;False;False;False;False;False;False;False;False;False;False;False;True;;;;False;False;False;False;False;True;False;False;False;False;False;True;False;False;False;False;False;False;False;False;False;False;True;False;False;P-PNEC pred;689.51;;3.18;;9.48;;0.211;3.969881644;3.8547;29.6659522703688;352.4116984;4.68;1171.0;;;;-4.6;0.021868039;0.22;0.38;0.04;0.13;>1 to < 10 tonnes;1.0;10.0;0;0;0;0;0;0;0;0;0;0;0;0;0;1;0;0;0;0;0;0;0;0;0;0;0;0;0;0;0;0;0;0;0;0;0;0;0;0;0;0;0;0;0;0;0;0;0;0;0;0;0;0;0;0;0;0;0;1;1;1;1;1;0;0;0;0.993814960038659;0.953762067109873;0.230749318152645;;;;0.216601868380889;0.203361161232361;False;0.0;0.0;0.0;0;228.4;low ;0.0;127.1;low ;0.0;2240.0;low ;0.0;0.840263528155456;0.108694548096521;0.0863770376803983;0.0338870434196848;0.862450645297874;;;P_score_freshwater_pred_UBA;0.993814960038659;0.726108781767059;;;M_score_pred_Episuite;0.216601868380889;0.209981514806625;kemi_score;0.38;0.463963551552546;1.0;;;0.390473330599979;1.0;0.435590566892273;1.0;0.449553274304755;1.0;0.435590566892273;0.5;0.412415445191325;1.0;1.0;PM;;PM;2;Ar Coo, Ar Oh, Coo, Coo2, C O, Nh0, Aryl Methyl, Azo, Benzene, Ether, Nitro, Nitro Arom, Nitro Arom Nonortho, Phenol, Unbrch Alkane;['Alkylphenols', 'Ethylene Glycols', 'Phenols', 'Nitrobenzene derivatives', 'PAHs', 'PBDE', 'PhenylEthers']
441;Trisodium 7-[[4-chloro-6-[(3-sulphonatophenyl)amino]-1,3,5-triazin-2-yl]methylamino]-4-hydroxy-3-[(2-sulphonatophenyl)azo]naphthalene-2-sulphonate;70210-21-8;274-418-9;HWYRBRHWMRMGKX-UHFFFAOYSA-K;CN(C1=CC2=CC(=C(C(=C2C=C1)O)N=NC3=CC=CC=C3S(=O)(=O)O)S(=O)(=O)O)C4=NC(=NC(=N4)NC5=CC(=CC=C5)S(=O)(=O)O)Cl;DTXSID90890053;166120.0;PRO-442;;REACH-B;False;vPvM;HQ;vPvM;False;False;;;False;False;False;False;False;False;False;False;False;False;False;False;False;False;False;True;True;True;;;;False;False;False;True;False;True;True;False;False;False;True;True;False;False;True;False;False;False;False;False;False;False;True;False;False;P-PNEC pred;788.06;;0.783;;9.55;;0.158;4.6599162;3.4138;5389698.47628301;852.9672586;3.8;1034.0;;;;-2.9;0.005419509;0.27;0.44;0.05;0.15;>1 to < 10 tonnes;1.0;10.0;0;0;0;0;0;0;0;0;0;0;0;0;0;0;0;0;0;0;0;0;0;1;0;0;1;0;0;0;0;0;0;0;1;0;0;0;0;0;0;0;0;0;0;0;0;0;1;0;1;0;0;0;0;0;0;0;0;0;0;0;0;0;0;0;0;0.992360198433388;0.989415113270925;0.999999996595258;;;;0.272897441917892;0.136612705210074;False;0.0;0.0;0.0;0;237.7;low ;0.0;100.1;low ;0.0;1120.0;low ;0.0;0.906025165870535;0.119157354204088;0.0850189500102114;0.0452512456847211;0.920968722710627;;;P_score_freshwater_pred_Dashboard;0.999999996595258;0.993925102766524;;;M_score_pred_Episuite;0.272897441917892;0.204755073563983;kemi_score;0.44;0.522395866167361;1.0;;;0.4511221647559;1.0;0.498659758885624;1.0;0.51038984773001;1.0;0.498659758885624;0.5;0.474295762056903;1.0;1.0;PM;;PM;2;Ar N, Ar Oh, Nh0, Nh1, Aniline, Azo, Benzene, Bicyclic, Halogen, Phenol, Phenol Noorthohbond;['Alkylphenols', 'Aromatic amines', 'Chlorobenzenes', 'Cyclohexanes', 'Phenols', 'HBCDDs', 'PBB']
442;Trisodium 8-hydroxypyrene-1,3,6-trisulphonate;6358-69-6;228-783-6;KXXXUIKPSVVSAW-UHFFFAOYSA-K;C1=CC2=C3C(=C(C=C2S(=O)(=O)O)S(=O)(=O)O)C=CC4=C(C=C(C1=C43)O)S(=O)(=O)O;DTXSID4041739;61388.0;PRO-443;NS00080923;REACH-A;True;vPvM;HQ;PM;False;False;;;False;False;False;False;False;False;False;False;False;False;False;False;False;False;False;True;True;True;"Cleaning and safety; Personal care -> body hygiene -> bar soap; color additive; colorant; cosmetic colorant; dye; dye; fragrance; fragrance component; hair dyeing";Dyes;Dyes;True;True;False;True;True;True;True;True;True;True;True;True;True;False;True;True;False;True;False;False;False;False;True;False;False;P-PNEC;524.37;;-0.653;;9.46;;0.85;4.800029359;0.7601;5389698.47628301;140.0854485;2.4;1701.0;;;3.0;;0.68499006;0.7;0.64;0.04;0.14;>1 to < 10 tonnes;1.0;10.0;0;0;0;1;1;0;1;0;0;0;0;1;0;1;0;0;1;1;1;0;1;0;0;0;0;1;0;0;0;1;0;0;1;1;0;0;0;1;0;0;0;0;1;0;0;0;1;1;0;1;0;0;1;0;0;0;0;0;0;0;0;0;0;0;1;0.996723434858574;0.809922754776027;0.999999996595258;;;0.333333333333333;0.702542217717647;0.125556431037658;False;0.0;0.0;0.0;0;331.6;low ;0.0;82.8;low ;0.631;1110.0;low ;0.0;0.540986755080665;0.12808137038851;0.074425601874172;0.0454198238712836;0.617955822326333;;;P_score_freshwater_pred_Dashboard;0.999999996595258;0.935548728743286;M_score_exp_UBA;0.333333333333333;M_score_pred_Episuite;0.702542217717647;0.387143994029546;kemi_score;0.64;0.838177913885633;1.0;0.333333333333333;0.5;0.601823953872675;1.0;0.657699837029349;1.0;0.742475236869339;1.0;0.524378332184157;0.75;0.629141888910933;1.0;0.0;vPvM(T);PM(T);PM(T);2;Ar Oh, Benzene, Phenol, Phenol Noorthohbond;['Alkylphenols', 'Phenols']
443;Vinyl chloride;75-01-4?;;BZHJMEDXRYGGRV-UHFFFAOYSA-N;C=CCl;DTXSID8021434;6338.0;PRO-444;;;False;;;;False;False;;;False;False;False;False;False;False;False;False;False;False;False;False;False;False;False;False;False;False;"Home maintenance -> caulk/sealant; Home maintenance -> paint/stain and related products; Home maintenance -> paint/stain and related products -> paint; impurity; monomer; not reported; residual; vinyl residual";"Binder; Intermediate; Intermediates; Monomers; Other (specify)";"Binder; Intermediate; Intermediates; Other (specify)";False;False;False;False;False;False;False;False;False;False;False;False;False;False;False;False;False;False;False;False;False;False;False;False;False;;62.5;;1.56;;1.96;0.0923;0.0849;1.309630167;;1394.09397086645;;8.51;;;;;;;;;;;;;;0;0;0;0;0;0;0;0;0;0;0;0;0;0;0;0;0;0;0;0;0;0;0;0;0;0;0;0;0;0;0;0;0;0;0;0;0;0;0;0;0;0;0;0;0;0;0;0;0;0;0;0;0;0;0;0;0;0;0;0;0;0;0;0;0;;;0.995402037714342;;;;;0.61740020036551;False;0.0;0.0;0.0;0;645.4;low ;0.0;1530.0;moderate ;0.85;7920.0;low ;0.698;;0.0397458929390408;0.0567953426068474;0.019865111885363;0.0471814131573259;;;P_score_freshwater_pred_Dashboard;0.995402037714342;0.995402037714342;;;M_score_pred_Dashboard;0.61740020036551;0.61740020036551;;;0.783939677225915;1.0;;;0.783939677225915;1.0;0.0471814131573259;0.5;0.307217118923413;0.75;0.0471814131573259;0.25;0.307217118923413;0.75;0.0;vPvM;;vPvM;3;Halogen;['Other']
444;Warfarin;81-81-2;201-377-6;PJVWKTKQMONHTI-UHFFFAOYSA-N;CC(=O)CC(C1=CC=CC=C1)C2=C(C3=CC=CC=C3OC2=O)O;DTXSID5023742;54678486.0;PRO-445;NS00010884;REACH-B;False;PMT;HQ;PMT;False;False;;;False;False;False;False;False;False;False;False;False;False;False;False;False;False;False;False;False;False;Pesticides -> rodenticide;;;False;False;False;False;False;False;False;False;False;False;False;False;False;False;False;False;False;False;False;False;False;False;False;False;False;P-PNEC exp;308.333;2.7;2.86;;10.7;0.000209;0.000138;2.959994838;2.3215;34.813317487602;39.26413171;17.8;;150.0;;;0.4;12.0;0.44;0.67;0.0;0.0;;;;0;0;0;0;0;0;0;0;0;0;0;0;0;0;0;0;0;0;1;0;0;0;0;0;0;0;0;0;0;0;0;0;0;0;0;0;0;0;0;0;0;0;0;0;0;0;0;0;0;0;0;0;0;0;0;0;0;0;0;0;0;0;0;0;0;;0.326317205085949;0.282810472375868;0.422704537523528;;;0.444517713000932;0.339523649094717;False;0.0;0.0;0.0;0;155.799999999999;low ;0.398;1840.0;low ;0.39;190.7;low ;0.472;0.253660989514301;0.0367980649362322;0.10041992265375;0.0927634351431346;0.323818345095159;P_score_soil_exp_UBA;0.422704537523528;P_score_soil_exp_UBA;0.422704537523528;0.343944071661782;;;M_score_pred_Episuite;0.444517713000932;0.392020681047824;kemi_score;0.67;0.433473937273137;1.0;0.422704537523528;0.5;0.367196390525851;1.0;0.377465325350382;1.0;0.404501397727765;1.0;0.391979792261085;0.75;0.372295453930513;1.0;1.0;PM;PM;PM;4;Ar Oh, C O, C O Nocoo, Benzene, Bicyclic, Ketone, Ketone Topliss, Para Hydroxylation;['Alkylphenols', 'Cyclohexanes', 'Benzophenones']
445;Zinc bis[O-(2-ethylhexyl)] bis[O-(isobutyl)] bis(dithiophosphate);26566-95-0;247-810-2;FHIAIHDDIOVFSY-UHFFFAOYSA-L;CCCCC(CC)COP(=S)(OCC(C)C)[S-].CCCCC(CC)COP(=S)(OCC(C)C)[S-].[Zn+2];DTXSID3027906;22833322.0;PRO-446;NS00084522;REACH-A;False;vPvM;LQ;vPvM;False;False;;;False;False;False;False;False;False;False;False;False;False;False;False;False;False;False;True;True;False;Vehicle -> engine maintenance -> motor oil;Lubricating agent;Lubricating agent;True;True;False;True;True;True;True;False;False;False;True;False;True;False;False;True;False;False;True;True;True;False;False;False;False;P-PNEC;660.24;;3.7;;8.62;;0.00176;3.699837726;7.7221;1.35925485955914e+36;56.32930827;245.0;1484.0;;;1.4;;0.229897527;;0.53;0.25;0.38;>10 to < 100 tonnes;10.0;100.0;0;0;0;0;0;0;0;0;0;0;0;0;0;0;0;0;1;0;0;0;0;0;1;1;0;0;0;0;0;0;0;0;0;0;0;0;0;0;0;0;0;0;0;0;0;0;0;0;0;0;0;0;0;0;0;0;0;0;0;0;0;0;0;0;0;0.995866018865664;0.473045969350823;1.0;;;0.60249894073436;0.0185919892837675;0.235369205510893;False;0.0;0.0;0.0;0;;;;;;;;;;0.654406547782208;;;;;;;P_score_freshwater_pred_Dashboard;1.0;0.822970662738829;M_score_exp_UBA;0.60249894073436;M_score_exp_UBA;0.60249894073436;0.285486711843007;kemi_score;0.53;0.77620805247972;1.0;0.60249894073436;0.5;0.48471351172478;1.0;;;0.77620805247972;0.5;0.60249894073436;0.25;0.48471351172478;0.5;1.0;vPvM;PM;PM;3;Unknown;['Other']
446;Tetrabutylammonium;10549-76-5;;DZLFLBLQUQXARW-UHFFFAOYSA-N;CCCC[N+](CCCC)(CCCC)CCCC;;;PRO-447;NS00006689;;False;;;;False;False;;;False;False;False;False;False;False;False;False;False;False;False;False;False;False;False;False;False;False;;;;False;False;False;False;False;False;False;False;False;False;False;False;False;False;False;False;False;False;False;False;False;False;False;False;False;;;;;;;;;;;;;;;;;;;1.02309;;;;;;;;0;0;0;0;0;0;0;0;0;0;0;0;0;0;0;0;0;0;0;0;0;0;0;0;0;0;0;0;0;0;0;0;0;0;0;0;0;0;0;0;0;0;0;0;0;0;0;0;0;0;0;0;0;0;0;0;0;0;0;0;0;0;0;0;0;;;;;;;;;False;0.0;0.0;0.0;0;83.7;low ;0.385;7250.0;low ;0.689;149.7;low ;0.689;0.497521560359946;0.0206264680439896;0.12755795048914;0.101997751768363;0.541477727252754;;;;;;;;;;;;;;;;;;;0.541477727252754;0.5;0.541477727252754;0.25;0.541477727252754;0.25;0.541477727252754;0.25;;;;;2;Nh0, Quatn;['Organotins']
447;Pyridoxine;65-23-6;;LXNHXLLTXMVWPM-UHFFFAOYSA-N;Cc1ncc(CO)c(CO)c1O;;;PRO-448;NS00004187;;False;;;;False;False;;;False;False;False;False;False;False;False;False;False;False;False;False;False;False;False;False;False;False;;;;False;False;False;False;False;False;False;False;False;False;False;False;False;False;False;False;False;False;False;False;False;False;False;False;False;;;;;;;;;;0.0195;;18.31878542;;;;;;;47.58276;;0.6;0.0;0.0;;;;0;0;0;0;0;0;0;0;0;0;0;0;0;0;0;0;0;0;0;0;0;0;0;0;0;0;0;0;0;0;0;0;0;0;0;0;0;0;0;0;0;0;0;0;0;0;0;0;0;0;0;1;0;0;0;0;0;0;0;0;0;0;0;0;0;;0.116274356257627;;;;;0.797828609057547;;False;0.0;0.0;0.0;0;701.6;low ;0.297;7460.0;low ;0.632;5920.0;low ;0.633;0.157433475412761;0.0203774424072438;0.0548838041256766;0.022481560698253;0.18502007639869;;;P_score_freshwater_pred_RIVM;0.116274356257627;0.116274356257627;;;M_score_pred_Episuite;0.797828609057547;0.797828609057547;kemi_score;0.6;0.304576768519998;1.0;;;0.304576768519998;1.0;0.18502007639869;0.5;0.257951150001628;0.75;0.18502007639869;0.25;0.257951150001628;0.75;;;;;;Al Oh, Al Oh Notert, Ar N, Ar Oh, Nh0, Aryl Methyl, Pyridine;['Alkylphenols', 'Aromatic amines', 'Pyridin']
448;Saccharin;81-07-2;;CVHZOJJKTDOEJC-UHFFFAOYSA-N;O=C1N[S](=O)(=O)c2ccccc12;;;PRO-449;NS00007781;;False;;;;False;False;;;False;False;False;False;False;False;False;False;False;False;False;False;False;False;False;True;True;False;;;;True;True;True;True;False;True;True;False;False;True;True;True;True;False;False;True;False;False;True;False;False;False;False;False;False;;;;;;;;;;1.3606;;23.06958688;;;;;;;35.85558;0.61;0.79;0.25;0.38;>100 to < 1000 tonnes;100.0;1000.0;1;1;0;0;0;0;1;0;0;0;0;0;0;0;0;0;0;0;1;0;1;0;0;0;0;0;0;1;0;0;1;0;1;0;0;0;0;1;0;0;0;0;0;0;0;0;1;0;0;0;0;1;1;0;1;1;0;0;0;0;0;0;1;0;0;;0.163282981120216;;;;;0.60902085891223;;False;0.0;0.0;0.0;0;888.2;low ;0.213;1700.0;low ;0.419;6360.0;moderate ;0.85;0.174429105704772;0.0380358180373528;0.049806943994899;0.0218074022564117;0.213280382889941;;;P_score_freshwater_pred_RIVM;0.163282981120216;0.163282981120216;;;M_score_pred_Episuite;0.60902085891223;0.60902085891223;kemi_score;0.79;0.315345431879999;1.0;;;0.315345431879999;1.0;0.360695208677443;1.0;0.337258930730433;1.0;0.360695208677443;0.5;0.337258930730433;1.0;;;;;2;C O, C O Nocoo, Nh1, Amide, Benzene, Bicyclic, Sulfonamd;['Sulfonamides', 'Cyclohexanes']
449;Caffeine;58-08-2;;RYYVLZVUVIJVGH-UHFFFAOYSA-N;Cn1cnc2N(C)C(=O)N(C)C(=O)c12;;;PRO-450;NS00000273;;False;;;;False;False;;;False;False;False;False;False;False;False;False;False;False;False;False;False;False;False;True;True;False;;;;True;True;True;True;False;False;True;False;False;False;True;True;True;True;False;True;False;False;False;False;False;False;False;False;False;;;;;;;;;;0.9801;;24.19426005;;;;;;;1.2;0.67;0.68;0.38;0.5;>1000 to < 10000 tonnes;1000.0;10000.0;1;0;0;0;0;0;0;0;0;0;0;0;0;0;0;0;0;0;1;1;1;0;0;0;0;0;1;1;0;0;0;0;0;0;0;0;0;1;0;0;0;1;0;0;0;0;0;0;0;0;0;1;1;0;0;0;0;0;0;0;0;0;1;0;1;;0.174707030408772;;;;;0.669724838495695;;True;0.0;0.0;0.0;0;324.299999999999;low ;0.191;8910.0;low ;0.0;6480.0;low ;0.192;0.480215024513237;0.0188932287152227;0.0750943125442;0.0216349032990123;0.496285681106815;;;P_score_freshwater_pred_RIVM;0.174707030408772;0.174707030408772;;;M_score_pred_Episuite;0.669724838495695;0.669724838495695;kemi_score;0.68;0.342060868449721;1.0;;;0.342060868449721;1.0;0.576638020201205;1.0;0.444123070748584;1.0;0.576638020201205;0.5;0.444123070748584;1.0;;PM;;PM;Priority group;Ar N, Nh0, Aryl Methyl, Bicyclic, Imidazole;['Aromatic amines', 'Cyclohexanes', 'Imidazoles', 'Pyrimidines', 'Triazines']
450;4-Toluenesulfonic acid;104-15-4;;JOXIMZWYDAKGHI-UHFFFAOYSA-N;Cc1ccc(cc1)[S](O)(=O)=O;;;PRO-451;NS00010519;;False;;;;False;False;;;False;False;False;False;False;False;False;False;False;False;False;False;False;False;False;True;False;False;;;;True;True;False;True;True;True;True;True;True;False;True;True;True;True;True;False;True;True;False;False;False;False;False;False;False;;;;;;;;;;0.5822;;19.29448178;;;;;;;77.75796;;0.84;0.46;0.58;>10000 to < 100000 tonnes;10000.0;100000.0;1;0;0;0;0;0;0;1;0;0;0;0;0;1;1;0;0;0;0;1;1;0;1;0;0;0;0;0;0;0;1;1;0;0;0;0;0;0;0;0;0;0;0;0;0;0;0;0;0;0;1;1;0;0;1;0;0;1;1;1;0;0;1;0;1;;0.125704552731042;;;;;0.727652360871583;;True;0.0;0.0;0.0;0;882.199999999999;low ;0.262;1010.0;low ;0.7;17260.0;good ;1.0;0.131159564504426;0.0472310293121565;0.0499464436645578;0.0142444535725573;0.174332109348255;;;P_score_freshwater_pred_RIVM;0.125704552731042;0.125704552731042;;;M_score_pred_Episuite;0.727652360871583;0.727652360871583;kemi_score;0.84;0.302438778213127;1.0;;;0.302438778213127;1.0;0.174332109348255;0.5;0.251700519327522;0.75;0.174332109348255;0.25;0.251700519327522;0.75;;;;;3;Aryl Methyl, Benzene;['PAHs']
451;Bis(2,4,4-trimethylpentyl)phosphinic acid;83411-71-6;;QUXFOKCUIZCKGS-UHFFFAOYSA-N;CC(CC(C)(C)C)C[P](O)(=O)CC(C)CC(C)(C)C;;;PRO-452;;;True;;;;False;False;;;False;False;False;False;False;False;False;False;False;False;False;False;False;False;False;False;False;False;;;;True;True;True;False;False;False;True;False;False;False;True;False;False;False;False;False;False;False;False;False;False;False;False;False;False;;;;;;;;;;3.9877;;83.81391501;;;;;;;0.56803;0.2;0.41;0.22;0.33;>100 to < 1000 tonnes;100.0;1000.0;0;0;0;0;0;0;0;0;0;0;0;0;0;0;0;0;0;0;0;0;0;0;0;0;0;0;0;0;0;0;0;0;0;0;0;0;0;0;1;0;0;0;0;1;0;0;0;0;0;0;0;0;0;0;0;0;1;0;0;0;0;0;0;0;0;;0.639088879234515;;;;;0.201367603304234;;False;0.0;0.0;0.0;0;104.4;low ;0.256;487.4;low ;0.241;1110.0;low ;0.249;0.561100290777804;0.063691999483287;0.117253428956672;0.0454198238712836;0.598022681097099;;;P_score_freshwater_pred_RIVM;0.639088879234515;0.639088879234515;;;M_score_pred_Episuite;0.201367603304234;0.201367603304234;kemi_score;0.41;0.358736387769409;1.0;;;0.358736387769409;1.0;0.345838887662188;1.0;0.352228609442963;1.0;0.345838887662188;0.5;0.352228609442963;1.0;;PM;;PM;;Unknown;['Organophosphates']
452;Tebuconazole;107534-96-3;;PXMNMQRDXWABCY-UHFFFAOYSA-N;CC(C)(C)C(O)(CCc1ccc(Cl)cc1)Cn2cncn2;;;PRO-453;NS00000280;;False;;;;False;False;;;False;False;False;False;False;False;False;False;False;False;False;False;False;False;False;False;False;False;;;;False;False;False;False;False;False;False;False;False;False;False;False;False;False;False;False;False;False;False;False;False;False;False;False;False;;;;;;;;;;2.6331;;156.4395324;;;;;;;0.24;0.39;0.71;0.0;0.0;;;;0;0;0;0;0;0;0;0;0;0;0;0;0;0;0;0;0;0;0;0;0;0;0;0;0;0;0;0;0;0;0;0;0;0;0;0;0;0;0;0;0;0;0;0;0;0;0;0;0;0;0;0;0;0;0;0;0;0;0;0;0;0;0;0;0;;0.83729904517076;;;;;0.392019439370954;;True;0.0;0.0;0.0;0;74.8;low ;0.252;195.6;low ;0.253;346.2;low ;0.253;0.650170503420088;0.0918403162328507;0.13309092027325;0.0731467829426317;0.693946430944588;;;P_score_freshwater_pred_RIVM;0.83729904517076;0.83729904517076;;;M_score_pred_Episuite;0.392019439370954;0.392019439370954;kemi_score;0.71;0.57292015348884;1.0;;;0.57292015348884;1.0;0.520229860800386;1.0;0.545939714345124;1.0;0.520229860800386;0.5;0.545939714345124;1.0;;PM;;PM;2;Al Oh, Ar N, Nh0, Aryl Methyl, Benzene, Halogen;['Alkylphenols', 'Aromatic amines', 'Chlorobenzenes', 'PAHs', 'PBB']
453;"2-Hydroxybenzothiazole; Benzothiazolone";934-34-9;;YEDUAINPPJYDJZ-UHFFFAOYSA-N;Oc1sc2ccccc2n1.O=s3cnc4ccccc34;;;PRO-454;NS00008199;;False;;;;False;False;;;False;False;False;False;False;False;False;False;False;False;False;False;False;False;False;False;False;False;;;;False;False;False;False;False;False;False;False;False;False;False;False;False;False;False;False;False;False;False;False;False;False;False;False;False;;;;;;;;;;2.4416;;18.00347279;;;;;;;14.0;0.42;0.46;;;;;;0;0;0;0;0;0;0;0;0;0;0;0;0;0;0;0;0;0;0;0;0;0;0;0;0;0;0;0;0;0;0;0;0;0;0;0;0;0;0;0;0;0;0;0;0;0;0;0;0;0;0;0;0;0;0;0;0;0;0;0;0;0;0;0;0;;0.113259039996835;;;;;0.424068484439988;;False;0.0;0.0;0.0;0;1130.0;low ;0.262;1100.0;low ;0.673;1580.0;low ;0.404;0.24119702361356;0.0455905338519645;0.0450847542082969;0.0392162902768311;0.290567908172318;;;P_score_freshwater_pred_RIVM;0.113259039996835;0.113259039996835;;;M_score_pred_Episuite;0.424068484439988;0.424068484439988;kemi_score;0.46;0.219156540948669;1.0;;;0.219156540948669;1.0;0.349340122849314;1.0;0.276695090195397;1.0;0.349340122849314;0.5;0.276695090195397;1.0;;;;;1;Ar N, Ar Oh, Imine, Nh0, Benzene, Bicyclic, Para Hydroxylation, Thiazole;['Alkylphenols', 'Aromatic amines', 'Cyclohexanes']
454;Metolachlor;51218-45-2;;WVQBLGZPHOPPFO-UHFFFAOYSA-N;CCc1cccc(C)c1N(C(C)COC)C(=O)CCl;;;PRO-455;NS00000248;;False;;;;False;False;;;False;False;False;False;False;False;False;False;False;False;False;False;False;False;False;False;False;False;;;;False;False;False;False;False;False;False;False;False;False;False;False;False;False;False;False;False;False;False;False;False;False;False;False;False;;;;;;;;;;2.3914;;75.56626632;;;;;;;0.2;0.43;0.42;;;;;;0;0;0;0;0;0;0;0;0;0;0;0;0;0;0;0;0;0;0;0;0;0;0;0;0;0;0;0;0;0;0;0;0;0;0;0;0;0;0;0;0;0;0;0;0;0;0;0;0;0;0;0;0;0;0;0;0;0;0;0;0;0;0;0;0;;0.597323449019447;;;;;0.432588513222725;;False;0.0;0.0;0.0;0;73.8;low ;0.316;409.4;moderate ;0.85;123.399999999999;low ;0.7;0.667959369323381;0.0683606863823311;0.133766777890091;0.109943811836658;0.711253555963391;;;P_score_freshwater_pred_RIVM;0.597323449019447;0.597323449019447;;;M_score_pred_Episuite;0.432588513222725;0.432588513222725;kemi_score;0.42;0.5083259414238;1.0;;;0.5083259414238;1.0;0.553027150386179;1.0;0.530205664674545;1.0;0.553027150386179;0.5;0.530205664674545;1.0;;PM;;PM;2;C O, C O Nocoo, Nh0, Alkyl Halide, Amide, Aniline, Aryl Methyl, Benzene, Ether, Halogen, Methoxy, Para Hydroxylation;['Chlorinated alkane', 'Chlorobenzenes', 'Ethylene Glycols', 'PAHs', 'PBB', 'PBDE', 'PhenylEthers']
455;Tetrapropylammonium;13010-31-6;;OSBSFAARYOCBHB-UHFFFAOYSA-N;CCC[N+](CCC)(CCC)CCC;;;PRO-456;;;False;;;;False;False;;;False;False;False;False;False;False;False;False;False;False;False;False;False;False;False;False;False;False;;;;False;False;False;False;False;False;False;False;False;False;False;False;False;False;False;False;False;False;False;False;False;False;False;False;False;;;;;;;;;;;;;;;;;;;20.55384;;0.02;;;;;;0;0;0;0;0;0;0;0;0;0;0;0;0;0;0;0;0;0;0;0;0;0;0;0;0;0;0;0;0;0;0;0;0;0;0;0;0;0;0;0;0;0;0;0;0;0;0;0;0;0;0;0;0;0;0;0;0;0;0;0;0;0;0;0;0;;;;;;;;;False;0.0;0.0;0.0;0;317.599999999999;low ;0.394;9210.0;low ;0.666;2530.0;low ;0.666;0.212003147973155;0.0186284778212241;0.0757264555218313;0.0321980829172961;0.241909681971217;;;;;;;;;;;kemi_score;0.02;;;;;;;0.241909681971217;0.5;0.241909681971217;0.25;0.241909681971217;0.25;0.241909681971217;0.25;;;;;1;Nh0, Quatn;['Organotins']
456;Propiconazole;60207-90-1;;STJLVHWMYQXCPB-UHFFFAOYSA-N;CCCC1COC(Cn2cncn2)(O1)c3ccc(Cl)cc3Cl;;;PRO-457;NS00000220;;False;;;;False;False;;;False;False;False;False;False;False;False;False;False;False;False;False;False;False;False;False;False;False;;;;False;False;True;False;False;False;False;False;False;False;True;False;False;False;False;False;False;False;False;False;False;False;False;False;False;;;;;;;;;;2.8744;;160.4576991;;;;;;;1.4;0.35;0.69;0.18;0.27;>100 to < 1000 tonnes;100.0;1000.0;0;0;0;0;0;0;0;0;0;0;0;0;0;0;0;0;0;0;0;0;0;0;0;0;0;0;0;0;0;0;0;0;0;0;0;0;0;0;0;0;0;0;0;0;0;0;0;0;0;0;0;0;0;0;0;0;0;0;0;0;0;0;0;0;0;;0.843119186283887;;;;;0.352952117677962;;True;0.0;0.0;0.75;0;28.2;low ;0.247;215.299999999999;low ;0.291;199.7;low ;0.247;0.463532859459727;0.0884229935571063;0.18996323096365;0.0910916546857394;0.535399460667995;;;P_score_freshwater_pred_RIVM;0.843119186283887;0.843119186283887;;;M_score_pred_Episuite;0.352952117677962;0.352952117677962;kemi_score;0.69;0.54550958035017;1.0;;;0.54550958035017;1.0;0.432885448165907;1.0;0.485945633964005;1.0;0.432885448165907;0.5;0.485945633964005;1.0;;PM;;PM;3;Ar N, Nh0, Benzene, Ether, Halogen;['Aromatic amines', 'Chlorobenzenes', 'Ethylene Glycols', 'PBB', 'PBDE', 'PCB', 'PhenylEthers']
457;N-Ethyl-4-menthane-3-carboxamide;39711-79-0;;VUNOFAIHSALQQH-UHFFFAOYSA-N;CCNC(=O)C1CC(C)CCC1C(C)C;;;PRO-458;NS00013664;;False;;;;False;False;;;False;False;False;False;False;False;False;False;False;False;False;False;False;False;False;True;True;True;;;;True;True;True;True;True;True;True;False;False;False;True;True;True;False;False;True;False;False;False;False;False;False;True;True;False;;;;;;;;;;3.0069;;28.95627287;;;;;;;1.33146;0.33;0.61;0.26;0.39;>100 to < 1000 tonnes;100.0;1000.0;1;0;0;1;0;0;1;0;0;0;0;0;0;0;0;0;0;0;0;0;0;0;0;0;0;0;1;0;0;1;0;0;0;1;0;0;0;1;0;0;0;0;0;0;0;1;0;0;0;0;0;1;0;0;0;0;0;0;0;0;0;0;0;0;0;;0.223483966363585;;;;;0.332271356203233;;False;0.0;0.0;0.0;0;386.6;low ;0.6;1580.0;moderate ;0.85;388.9;low ;0.7;0.46895794475291;0.0392162902768311;0.0699627390596114;0.0697953035090703;0.51166808511255;;;P_score_freshwater_pred_RIVM;0.223483966363585;0.223483966363585;;;M_score_pred_Episuite;0.332271356203233;0.332271356203233;kemi_score;0.61;0.272501964384307;1.0;;;0.272501964384307;1.0;0.410914185794481;1.0;0.334626542316019;1.0;0.410914185794481;0.5;0.334626542316019;1.0;;;;;1;C O, C O Nocoo, Nh1, Amide;['Other']
458;Benzyl-triethylammonium;16652-03-2;;VBQDSLGFSUGBBE-UHFFFAOYSA-N;CC[N+](CC)(CC)Cc1ccccc1;;;PRO-459;NS00013405;;False;;;;False;False;;;False;False;False;False;False;False;False;False;False;False;False;False;False;False;False;False;False;False;;;;False;False;False;False;False;False;False;False;False;False;False;False;False;False;False;False;False;False;False;False;False;False;False;False;False;;;;;;;;;;;;;;;;;;;8.94826;;;;;;;;0;0;0;0;0;0;0;0;0;0;0;0;0;0;0;0;0;0;0;0;0;0;0;0;0;0;0;0;0;0;0;0;0;0;0;0;0;0;0;0;0;0;0;0;0;0;0;0;0;0;0;0;0;0;0;0;0;0;0;0;0;0;0;0;0;;;;;;;;;False;0.0;0.0;0.0;0;696.5;low ;0.308;8760.0;low ;0.423;1970.0;low ;0.7;0.278535311041761;0.0190303937200043;0.0550483890882442;0.0357615189224662;0.307923165905807;;;;;;;;;;;;;;;;;;;0.307923165905807;0.5;0.307923165905807;0.25;0.307923165905807;0.25;0.307923165905807;0.25;;;;;3;Nh0, Benzene, Quatn;['Organotins']
459;Naphthalene-2-sulfonic acid;120-18-3;;KVBGVZZKJNLNJU-UHFFFAOYSA-N;O[S](=O)(=O)c1ccc2ccccc2c1;;;PRO-460;;;False;;;;False;False;;;False;False;False;False;False;False;False;False;False;False;False;False;False;False;False;True;True;True;;;;True;True;True;True;True;True;True;False;False;False;True;True;True;True;True;True;True;True;False;False;False;False;True;False;False;;;;;;;;;;1.2736;;19.47600356;;;;;;;34.0;;0.49;0.52;0.65;>10000 to < 100000 tonnes;10000.0;100000.0;1;1;0;0;0;0;0;1;1;1;0;1;0;1;0;0;0;1;1;0;1;1;0;0;1;0;0;0;0;1;1;0;1;1;0;0;0;0;0;0;0;0;1;0;0;0;1;1;1;1;1;1;0;1;1;1;0;0;0;0;0;1;0;0;1;;0.127474427396889;;;;;0.623281986862617;;False;0.0;0.0;0.0;0;159.8;low ;0.257;839.7;moderate ;0.85;1890.0;moderate ;0.85;0.177777405610651;0.0509738231147467;0.0994297530582274;0.0363875746711692;0.233380879278983;;;P_score_freshwater_pred_RIVM;0.127474427396889;0.127474427396889;;;M_score_pred_Episuite;0.623281986862617;0.623281986862617;E_score_max;0.65;0.281873223953797;1.0;;;0.281873223953797;1.0;0.233380879278983;0.5;0.264681937935848;0.75;0.233380879278983;0.25;0.264681937935848;0.75;;;;;3;Benzene, Bicyclic;['Cyclohexanes']
460;Fludioxonil;131341-86-1;;MUJOIMFVNIBMKC-UHFFFAOYSA-N;FC1(F)Oc2cccc(c2O1)c3c[nH]cc3C#N;;;PRO-461;NS00011514;;False;;;;False;False;;;False;False;False;False;False;False;False;False;False;False;False;False;False;False;False;False;False;False;;;;False;False;False;False;False;False;False;False;False;False;False;False;False;False;False;False;False;False;False;False;False;False;False;False;False;;;;;;;;;;3.708;;68.0372478;;;;;;;0.1;;0.61;;;;;;0;0;0;0;0;0;0;0;0;0;0;0;0;0;0;0;0;0;0;0;0;0;0;0;0;0;0;0;0;0;0;0;0;0;0;0;0;0;0;0;0;0;0;0;0;0;0;0;0;0;0;0;0;0;0;0;0;0;0;0;0;0;0;0;0;;0.553520167059335;;;;;0.234352518758408;;True;0.0;0.0;0.0;0;29.5;low ;0.203;7330.0;low ;0.362;296.9;low ;0.363;0.731058578630004;0.0205304102856137;0.186969668169814;0.0778007527022309;0.750101811595315;;;P_score_freshwater_pred_RIVM;0.553520167059335;0.553520167059335;;;M_score_pred_Episuite;0.234352518758408;0.234352518758408;kemi_score;0.61;0.360165025139768;1.0;;;0.360165025139768;1.0;0.750101811595315;0.5;0.459946970703333;0.75;0.750101811595315;0.25;0.459946970703333;0.75;;PM(T);(T);PM(T);4;Ar N, Ar Nh, Nh0, Nh1, Nhpyrrole, Alkyl Halide, Benzene, Bicyclic, Ether, Halogen, Nitrile, Para Hydroxylation;['Aromatic amines', 'Chlorobenzenes', 'Cyclohexanes', 'Ethylene Glycols', 'HBCDDs', 'PBB', 'PBDE', 'PCB', 'PhenylEthers', 'PFAS']
461;Bentazone;25057-89-0;;ZOMSMJKLGFBRBS-UHFFFAOYSA-N;CC(C)N1C(=O)c2ccccc2N[S]1(=O)=O;;;PRO-462;NS00000236;;False;;;;False;False;;;False;False;False;False;False;False;False;False;False;False;False;False;False;False;False;False;False;False;;;;False;False;False;False;False;False;False;False;False;False;False;False;False;False;False;False;False;False;False;False;False;False;False;False;False;;;;;;;;;;2.1082;;29.50943111;;;;;;;270.0;0.48;0.62;;;;;;0;0;0;0;0;0;0;0;0;0;0;0;0;0;0;0;0;0;0;0;0;0;0;0;0;0;0;0;0;0;0;0;0;0;0;0;0;0;0;0;0;0;0;0;0;0;0;0;0;0;0;0;0;0;0;0;0;0;0;0;0;0;0;0;0;;0.229147976057902;;;;;0.481259152369237;;True;0.0;0.0;0.0;0;192.8;low ;0.208;572.6;low ;0.262;2140.0;low ;0.307;0.0808121068248261;0.0596447642717156;0.0923639241532873;0.0345424285978073;0.148451746223333;;;P_score_freshwater_pred_RIVM;0.229147976057902;0.229147976057902;;;M_score_pred_Episuite;0.481259152369237;0.481259152369237;kemi_score;0.62;0.332083665248311;1.0;;;0.332083665248311;1.0;0.266939765091677;1.0;0.297735344882275;1.0;0.266939765091677;0.5;0.297735344882275;1.0;;PM;;PM;2;C O, C O Nocoo, Nh0, Nh1, Amide, Aniline, Benzene, Bicyclic, Para Hydroxylation;['Cyclohexanes']
462;1-(o-Tolyl)-biguanide;93-69-6;;SQZCAOHYQSOZCE-UHFFFAOYSA-N;Cc1ccccc1NC(=N)NC(N)=N;;;PRO-463;NS00009458;;False;;;;False;False;;;False;False;False;False;False;False;False;False;False;False;False;False;False;False;False;False;False;True;;;;True;False;True;False;False;True;True;False;False;False;True;True;False;False;False;False;False;False;False;False;False;False;True;False;False;;;;;;;;;;0.4836;;27.6425736;;;;;;;2.63896;0.74;0.67;0.12;0.23;>10 to < 100 tonnes;10.0;100.0;1;0;0;0;0;0;0;1;0;0;0;0;0;1;1;0;0;0;0;0;0;0;0;0;0;0;0;0;0;0;1;0;1;0;0;0;0;0;0;0;0;0;0;0;0;0;1;0;0;0;0;0;0;0;1;0;0;1;0;0;0;0;0;0;0;;0.210012543587817;;;;;0.740983844123625;;False;0.0;0.0;0.0;0;282.1;low ;0.245;9420.0;moderate ;0.85;13750.0;low ;0.7;0.396173942782328;0.0184503202089261;0.0794090772695213;0.0156994949581512;0.412156713693944;;;P_score_freshwater_pred_RIVM;0.210012543587817;0.210012543587817;;;M_score_pred_Episuite;0.740983844123625;0.740983844123625;kemi_score;0.67;0.394481814361424;1.0;;;0.394481814361424;1.0;0.552264400566901;1.0;0.466752892591846;1.0;0.552264400566901;0.5;0.466752892591846;1.0;;PM;;PM;2;Nh1, Nh2, Aniline, Aryl Methyl, Benzene, Guanido, Para Hydroxylation;['Aromatic amines', 'PAHs']
463;Tripropyl phosphate;513-08-6;;RXPQRKFMDQNODS-UHFFFAOYSA-N;CCCO[P](=O)(OCCC)OCCC;;;PRO-464;NS00006875;;False;;;;False;False;;;False;False;False;False;False;False;False;False;False;False;False;False;False;False;False;False;False;False;;;;False;False;False;False;False;False;False;False;False;False;False;False;False;False;False;False;False;False;False;False;False;False;False;False;False;;;;;;;;;;2.0628;;20.40159073;;;;;;;2.31887;;0.24;;;;;;0;0;0;0;0;0;0;0;0;0;0;0;0;0;0;0;0;0;0;0;0;0;0;0;0;0;0;0;0;0;0;0;0;0;0;0;0;0;0;0;0;0;0;0;0;0;0;0;0;0;0;0;0;0;0;0;0;0;0;0;0;0;0;0;0;;0.13656664231843;;;;;0.489119307299364;;False;0.0;0.0;0.0;0;177.9;low ;0.301;2120.0;moderate ;0.85;7510.0;low ;0.0;0.409682900563131;0.034678682349207;0.0953342890595822;0.0203196103822461;0.435209330510623;;;P_score_freshwater_pred_RIVM;0.13656664231843;0.13656664231843;;;M_score_pred_Episuite;0.489119307299364;0.489119307299364;kemi_score;0.24;0.258451893958993;1.0;;;0.258451893958993;1.0;0.435209330510623;0.5;0.307481656397304;0.75;0.435209330510623;0.25;0.307481656397304;0.75;;;;;;Phos Acid, Phos Ester;['Organophosphates']
464;Phthalic acid;88-99-3;;XNGIFLGASWRNHJ-UHFFFAOYSA-N;OC(=O)c1ccccc1C(O)=O;;;PRO-465;NS00008610;;False;;;;False;False;;;False;False;False;False;False;False;False;False;False;False;False;False;False;False;False;False;False;False;;;;True;False;False;False;False;True;True;False;False;False;True;False;False;False;False;False;False;False;False;False;False;False;False;False;False;;;;;;;;;;0.5595;;15.21387808;;;;;;;108.11298;;0.5;0.22;0.33;>100 to < 1000 tonnes;100.0;1000.0;0;0;0;0;0;0;0;0;0;0;0;0;0;0;0;0;0;0;0;1;0;1;0;0;0;0;0;0;0;0;0;0;0;0;0;0;0;0;0;0;0;0;0;0;0;0;1;0;0;0;0;0;0;0;0;0;0;0;0;0;0;0;0;0;0;;0.0874095329532951;;;;;0.730759331103348;;False;0.0;0.0;0.0;0;1310.0;low ;0.67;1960.0;moderate ;0.85;6800.0;low ;0.7;0.115691600231857;0.0358378091244526;0.0424004261773723;0.0211962079010724;0.155314280510997;;;P_score_freshwater_pred_RIVM;0.0874095329532951;0.0874095329532951;;;M_score_pred_Episuite;0.730759331103348;0.730759331103348;kemi_score;0.5;0.252735695605124;1.0;;;0.252735695605124;1.0;0.155314280510997;0.5;0.214872837773941;0.75;0.155314280510997;0.25;0.214872837773941;0.75;;;;;3;Ar Coo, Coo, Coo2, C O, Benzene;['Alkylphenols']
465;Tetraethylammonium;66-40-0;;CBXCPBUEXACCNR-UHFFFAOYSA-N;CC[N+](CC)(CC)CC;;;PRO-466;;;False;;;;False;False;;;False;False;False;False;False;False;False;False;False;False;False;False;False;False;False;False;False;False;;;;False;False;False;False;False;False;False;False;False;False;False;False;False;False;False;False;False;False;False;False;False;False;False;False;False;;;;;;;;;;;;;;;;;;;42.1279112943989;;;;;;;;0;0;0;0;0;0;0;0;0;0;0;0;0;0;0;0;0;0;0;0;0;0;0;0;0;0;0;0;0;0;0;0;0;0;0;0;0;0;0;0;0;0;0;0;0;0;0;0;0;0;0;0;0;0;0;0;0;0;0;0;0;0;0;0;0;;;;;;;;;False;0.0;0.0;0.0;0;4460.0;low ;0.379;10840.0;moderate ;0.85;4550.0;low ;0.625;0.164575585260859;0.0173778324585991;0.0253491313881648;0.0251356445918081;0.191356520295492;;;;;;;;;;;;;;;;;;;0.191356520295492;0.5;0.191356520295492;0.25;0.191356520295492;0.25;0.191356520295492;0.25;;;;;2;Nh0, Quatn;['Organotins']
466;Fluxapyroxad;907204-31-3;;SXSGXWCSHSVPGB-UHFFFAOYSA-N;Cn1cc(C(=O)Nc2ccccc2-c2cc(F)c(F)c(F)c2)c(n1)C(F)F;;;PRO-467;NS00006403;;False;;;;False;False;;;False;False;False;False;False;False;False;False;False;False;False;False;False;False;False;False;False;False;;;;False;False;False;False;False;False;False;False;False;False;False;False;False;False;False;False;False;False;False;False;False;False;False;False;False;;;;;;;;;;;;;;;;;;;3.6;;0.31;;;;;;0;0;0;0;0;0;0;0;0;0;0;0;0;0;0;0;0;0;0;0;0;0;0;0;0;0;0;0;0;0;0;0;0;0;0;0;0;0;0;0;0;0;0;0;0;0;0;0;0;0;0;0;0;0;0;0;0;0;0;0;0;0;0;0;0;;;;;;;;;True;0.0;0.0;0.0;0;35.3;low ;0.198;174.6;low ;0.192;84.9;low ;0.0;0.364403420580317;0.0960379251884163;0.175407902256943;0.126871531586468;0.46797993043365;;;;;;;;;;;kemi_score;0.31;;;;;;;0.46797993043365;0.5;0.46797993043365;0.25;0.46797993043365;0.25;0.46797993043365;0.25;;;;;2;Ar N, C O, C O Nocoo, Nh0, Nh1, Alkyl Halide, Amide, Aniline, Aryl Methyl, Benzene, Halogen, Para Hydroxylation;['Chlorobenzenes', 'PAHs', 'PBB', 'PCB', 'PFAS']
467;Pyrimethanil;53112-28-0;;ZLIBICFPKPWGIZ-UHFFFAOYSA-N;Cc1cc(C)nc(Nc2ccccc2)n1;;;PRO-468;NS00000363;;False;;;;False;False;;;False;False;False;False;False;False;False;False;False;False;False;False;False;False;False;False;False;False;;;;False;False;False;False;False;False;False;False;False;False;False;False;False;False;False;False;False;False;False;False;False;False;False;False;False;;;;;;;;;;2.8512;;41.27482174;;;;;;;1.5;0.36;0.58;;;;;;0;0;0;0;0;0;0;0;0;0;0;0;0;0;0;0;0;0;0;0;0;0;0;0;0;0;0;0;0;0;0;0;0;0;0;0;0;0;0;0;0;0;0;0;0;0;0;0;0;0;0;0;0;0;0;0;0;0;0;0;0;0;0;0;0;;0.345356338054049;;;;;0.356633275694429;;True;0.0;0.0;0.0;0;148.1;low ;0.524;490.5;low ;0.565;512.8;low ;0.686;0.456090589040871;0.0635279915265175;0.102425992927366;0.0623888921639497;0.507867898548051;;;P_score_freshwater_pred_RIVM;0.345356338054049;0.345356338054049;;;M_score_pred_Episuite;0.356633275694429;0.356633275694429;kemi_score;0.58;0.350949515061708;1.0;;;0.350949515061708;1.0;0.42758910589174;1.0;0.38737861241733;1.0;0.42758910589174;0.5;0.38737861241733;1.0;;PM;;PM;2;Ar N, Nh0, Nh1, Aniline, Aryl Methyl, Benzene, Para Hydroxylation;['Aromatic amines', 'PAHs', 'Triazines']
468;Terbuthylazine;5915-41-3;;FZXISNSWEXTPMF-UHFFFAOYSA-N;CCNc1nc(Cl)nc(NC(C)(C)C)n1;;;PRO-469;NS00000258;;False;;;;False;False;;;False;False;False;False;False;False;False;False;False;False;False;False;False;False;False;False;False;False;;;;False;False;False;False;False;False;False;False;False;False;False;False;False;False;False;False;False;False;False;False;False;False;False;False;False;;;;;;;;;;2.4899;;174.5325267;;;;;;;0.22;0.42;0.66;;;;;;0;0;0;0;0;0;0;0;0;0;0;0;0;0;0;0;0;0;0;0;0;0;0;0;0;0;0;0;0;0;0;0;0;0;0;0;0;0;0;0;0;0;0;0;0;0;0;0;0;0;0;0;0;0;0;0;0;0;0;0;0;0;0;0;0;;0.861207922077485;;;;;0.41591325187045;;True;0.0;0.0;0.0;0;109.1;low ;0.313;2450.0;low ;0.399;1420.0;low ;0.469;0.65871595701493;0.0326357723309683;0.115288415350797;0.0410012056867674;0.677679524228352;;;P_score_freshwater_pred_RIVM;0.861207922077485;0.861207922077485;;;M_score_pred_Episuite;0.41591325187045;0.41591325187045;kemi_score;0.66;0.598487917511991;1.0;;;0.598487917511991;1.0;0.533502952359129;1.0;0.56506200628242;1.0;0.533502952359129;0.5;0.56506200628242;1.0;;PM;;PM;4;Ar N, Nh0, Nh1, Aniline, Halogen;['Aromatic amines']
469;Brilliant Blue FCF;3844-45-9;;CTRXDTYTAAKVSM-UHFFFAOYSA-O;[Na+].[Na+].CCN(Cc1cccc(c1)[S]([O-])(=O)=O)c2ccc(cc2)[C+](c3ccc(cc3)N(CC)Cc4cccc(c4)[S]([O-])(=O)=O)c5ccccc5[S]([O-])(=O)=O;;;PRO-470;NS00005570;;False;;;;False;False;;;False;False;False;False;False;False;False;False;False;False;False;False;False;False;False;True;True;True;;;;True;True;True;True;True;True;True;True;True;True;True;True;True;False;True;True;True;True;False;False;False;False;True;False;False;;;;;;;;;;1.9938;;190.732875;;;;;;;0.02564;;0.8;0.26;0.39;>100 to < 1000 tonnes;100.0;1000.0;1;1;1;1;1;1;1;1;1;1;1;1;1;1;1;1;1;1;0;1;1;1;1;1;1;1;1;1;1;1;1;1;1;1;1;1;1;1;1;1;1;0;1;0;0;1;1;1;1;1;1;1;0;1;1;1;1;1;1;1;1;1;1;1;1;;0.878371674674978;;;;;0.501074376476348;;False;0.0;0.0;0.0;0;237.7;low ;0.0;3.4;low ;0.172;975.6;low ;0.0;0.830768275500827;0.370172020215452;0.0850189500102114;0.047912897780143;0.887895260566361;;;P_score_freshwater_pred_RIVM;0.878371674674978;0.878371674674978;;;M_score_pred_Episuite;0.501074376476348;0.501074376476348;kemi_score;0.8;0.663422594732988;1.0;;;0.663422594732988;1.0;0.887895260566361;0.5;0.731106679401064;0.75;0.887895260566361;0.25;0.731106679401064;0.75;;PM(T);(T);PM(T);3;Nh0, Aniline, Benzene;['Aromatic amines']
470;Dibenzylamine;103-49-1;;BWLUMTFWVZZZND-UHFFFAOYSA-N;C(NCc1ccccc1)c2ccccc2;;;PRO-471;NS00007138;;False;;;;False;False;;;False;False;False;False;False;False;False;False;False;False;False;False;False;False;False;False;False;False;;;;True;True;True;False;False;False;True;False;False;False;False;False;False;False;False;False;False;False;False;False;False;False;False;False;False;;;;;;;;;;0.959;;22.59743416;;;;;;;3.23321;0.67;0.47;0.0;0.0;;;;1;0;0;0;0;0;0;0;0;0;0;0;0;0;0;0;0;0;1;0;0;0;0;0;0;0;0;0;0;0;0;0;0;0;0;0;0;0;0;0;0;1;0;0;0;0;0;0;0;0;1;1;0;0;0;0;0;0;0;0;0;0;0;0;0;;0.158510621777587;;;;;0.672951814997461;;False;0.0;0.0;0.0;0;191.8;low ;0.398;271.5;low ;0.502;188.2;moderate ;0.85;0.375279348706508;0.0806335604960603;0.0925534288373804;0.0932468800344067;0.455970721972454;;;P_score_freshwater_pred_RIVM;0.158510621777587;0.158510621777587;;;M_score_pred_Episuite;0.672951814997461;0.672951814997461;kemi_score;0.47;0.326603751695542;1.0;;;0.326603751695542;1.0;0.552720891338064;1.0;0.424877296112084;1.0;0.552720891338064;0.5;0.424877296112084;1.0;;;;;;Nh1, Benzene;['Other']
471;Mecoprop;7085-19-0;;WNTGYJSOUMFZEP-UHFFFAOYSA-N;CC(Oc1ccc(Cl)cc1C)C(O)=O;;;PRO-472;;;False;;;;False;False;;;False;False;False;False;False;False;False;False;False;False;False;False;False;False;False;False;False;False;;;;False;True;True;False;False;False;True;False;False;False;False;False;False;False;False;False;False;False;False;False;False;False;False;False;False;;;;;;;;;;1.9817;;25.16180323;;;;;;;;;;0.0;0.0;>1000 to < 10000 tonnes;1000.0;10000.0;0;0;0;0;0;0;0;0;0;0;0;0;0;0;0;0;0;0;0;0;0;0;0;0;0;0;0;0;0;0;0;0;0;0;0;0;0;0;0;0;0;0;0;0;0;0;0;0;0;0;1;0;0;0;0;0;0;0;0;0;0;0;0;0;0;;0.184583789824445;;;;;0.503171105832219;;False;0.0;0.0;0.0;0;335.5;low ;0.69;456.1;low ;0.7;565.699999999999;low ;0.7;;0.0654327877935895;0.0740765514649471;0.0599407585721637;0.132564971381456;;;P_score_freshwater_pred_RIVM;0.184583789824445;0.184583789824445;;;M_score_pred_Episuite;0.503171105832219;0.503171105832219;E_score_min;0.0;0.304757657237136;1.0;;;0.304757657237136;1.0;0.132564971381456;0.5;0.230911738860666;0.75;0.132564971381456;0.25;0.230911738860666;0.75;;;;;4;Al Coo, Coo, Coo2, C O, Aryl Methyl, Benzene, Ether, Halogen;['Alkylphenols', 'Chlorobenzenes', 'Ethylene Glycols', 'PAHs', 'PBB', 'PBDE', 'PhenylEthers']
472;Prometryn;7287-19-6;;AAEVYOVXGOFMJO-UHFFFAOYSA-N;CSc1nc(NC(C)C)nc(NC(C)C)n1;;;PRO-473;NS00010269;;False;;;;False;False;;;False;False;False;False;False;False;False;False;False;False;False;False;False;False;False;False;False;False;;;;False;False;False;False;False;False;False;False;False;False;True;False;False;False;False;False;False;False;False;False;False;False;False;False;False;;;;;;;;;;2.6559;;81.09570634;;;;;;;0.5;0.39;0.55;0.0;0.11;>0 to < 10 tonnes;0.0;10.0;0;0;0;0;0;0;0;0;0;0;0;0;0;0;0;0;0;0;0;0;0;0;0;0;0;1;0;0;0;0;0;0;0;0;0;0;0;0;0;0;0;0;0;0;0;0;0;0;0;0;0;0;0;0;0;0;0;0;0;0;0;0;0;0;0;;0.625989771783251;;;;;0.388259264090115;;False;0.0;0.0;0.0;0;147.1;low ;0.209;568.5;low ;0.547;251.3;low ;0.664;0.574694288485754;0.0598200463469181;0.102696817516833;0.0831580194541282;0.643418835609727;;;P_score_freshwater_pred_RIVM;0.625989771783251;0.625989771783251;;;M_score_pred_Episuite;0.388259264090115;0.388259264090115;kemi_score;0.55;0.49299729017562;1.0;;;0.49299729017562;1.0;0.500932476375602;1.0;0.496949045088261;1.0;0.500932476375602;0.5;0.496949045088261;1.0;;PM;;PM;2;Ar N, Nh0, Nh1, Aniline, Sulfide;['Aromatic amines']
473;Cyclamate Cyclamic acid;100-88-9;;;;;;PRO-474;;;False;;;;False;False;;;False;False;False;False;False;False;False;False;False;False;False;False;False;False;False;False;False;False;;;;True;True;True;False;False;False;True;False;False;False;False;False;False;False;False;False;False;False;False;False;False;False;False;False;False;;;;;;;;;;-0.1616;;22.68134871;;;;;;;69.04761;0.82;0.36;0.0;0.0;;;;0;0;0;0;0;0;0;0;0;0;0;0;0;0;0;0;0;0;0;0;0;0;0;0;0;0;0;0;0;0;0;0;0;0;0;0;0;0;0;0;0;0;0;0;0;0;0;0;0;0;0;0;0;0;0;0;0;0;0;0;0;0;0;0;0;;0.159357637164212;;;;;0.817321827339979;;False;0.0;0.0;0.0;0;;;;;;;;;;0.137152011283409;;;;;;;P_score_freshwater_pred_RIVM;0.159357637164212;0.159357637164212;;;M_score_pred_Episuite;0.817321827339979;0.817321827339979;kemi_score;0.36;0.360896765305031;1.0;;;0.360896765305031;1.0;0.82;0.5;0.474453087493868;0.75;0.82;0.25;0.474453087493868;0.75;;PM(T);(T);PM(T);2;Error;['Error']
474;Pethoxamid;106700-29-2;;CSWIKHNSBZVWNQ-UHFFFAOYSA-N;CCOCCN(C(=O)CCl)C(=C(C)C)c1ccccc1;;;PRO-475;NS00000317;;False;;;;False;False;;;False;False;False;False;False;False;False;False;False;False;False;False;False;False;False;False;False;False;;;;False;False;False;False;False;False;False;False;False;False;False;False;False;False;False;False;False;False;False;False;False;False;False;False;False;;;;;;;;;;;;;;;;;;;0.12;;0.51;;;;;;0;0;0;0;0;0;0;0;0;0;0;0;0;0;0;0;0;0;0;0;0;0;0;0;0;0;0;0;0;0;0;0;0;0;0;0;0;0;0;0;0;0;0;0;0;0;0;0;0;0;0;0;0;0;0;0;0;0;0;0;0;0;0;0;0;;;;;;;;;True;0.0;0.0;0.0;0;165.8;low ;0.312;871.4;low ;0.493;111.5;low ;0.493;0.715208903085511;0.0502008989568926;0.098005526230535;0.114328030512722;0.76430224576495;;;;;;;;;;;kemi_score;0.51;;;;;;;0.76430224576495;0.5;0.76430224576495;0.25;0.76430224576495;0.25;0.76430224576495;0.25;;(T);(T);(T);1;C O, C O Nocoo, Nh0, Alkyl Halide, Allylic Oxid, Amide, Benzene, Ether, Halogen, Unbrch Alkane;['Chlorinated alkane', 'Chlorobenzenes', 'Ethylene Glycols', 'PBB', 'PBDE', 'PhenylEthers', 'Terpenoid']
475;Triphenylphosphine oxide;791-28-6;;FIQMHBFVRAXMOP-UHFFFAOYSA-N;O=[P](c1ccccc1)(c2ccccc2)c3ccccc3;;;PRO-476;NS00010696;;False;;;;False;False;;;False;False;False;False;False;False;False;False;False;False;False;False;False;False;False;False;False;True;;;;False;True;False;False;False;False;True;False;False;False;False;True;False;False;False;False;False;False;False;False;False;False;True;False;False;;;;;;;;;;2.2642;;30.56406128;;;;;;;12.0;0.45;0.52;0.04;0.12;>1 to < 10 tonnes;1.0;10.0;0;0;0;0;0;0;0;0;0;0;0;0;0;0;0;0;0;0;0;0;0;0;0;0;0;0;0;0;0;0;1;0;0;0;0;0;0;0;0;0;0;0;0;0;0;0;0;0;0;0;0;0;0;0;0;0;0;0;1;0;0;0;0;0;0;;0.239923481871468;;;;;0.454345149108241;;False;0.0;0.0;0.0;0;21.7;low ;0.24;61.6999999999999;low ;0.3;75.1;low ;0.251;0.253660989514301;0.143037765095532;0.208092856907519;0.132890482546328;0.478326849970599;;;P_score_freshwater_pred_RIVM;0.239923481871468;0.239923481871468;;;M_score_pred_Episuite;0.454345149108241;0.454345149108241;kemi_score;0.52;0.330163702041064;1.0;;;0.330163702041064;1.0;0.463947284167899;1.0;0.391380317457037;1.0;0.463947284167899;0.5;0.391380317457037;1.0;;PM;;PM;3;Benzene;['Other']
476;4-Hydroxybenzoic acid;99-96-7;;FJKROLUGYXJWQN-UHFFFAOYSA-N;OC(=O)c1ccc(O)cc1;;;PRO-477;NS00005418;;False;;;;False;False;;;False;False;False;False;False;False;False;False;False;False;False;False;False;False;False;False;False;False;;;;True;True;True;False;False;False;True;False;False;False;False;False;False;False;False;False;False;False;False;False;False;False;False;False;False;;;;;;;;;;1.1965;;14.33784881;;;;;;;39.37189;0.64;0.73;0.24;0.33;>1000 to < 10000 tonnes;1000.0;10000.0;1;0;0;0;0;0;0;0;0;0;0;0;0;0;0;0;0;0;1;0;0;0;0;0;0;0;0;0;0;0;0;0;0;0;0;0;0;0;0;0;0;1;0;0;0;0;0;0;0;0;0;1;0;0;0;0;0;0;0;0;0;0;0;0;0;;0.0796533837865409;;;;;0.635745090742542;;False;0.0;0.0;0.0;0;5290.0;low ;0.69;1420.0;moderate ;0.85;7460.0;;0.7;0.168655476690309;0.0410012056867674;0.023580880788715;0.0203774424072438;0.216984902114443;;;P_score_freshwater_pred_RIVM;0.0796533837865409;0.0796533837865409;;;M_score_pred_Episuite;0.635745090742542;0.635745090742542;kemi_score;0.73;0.225031659335581;1.0;;;0.225031659335581;1.0;0.372653105921906;1.0;0.289583747441331;1.0;0.372653105921906;0.5;0.289583747441331;1.0;;;;;;Ar Coo, Ar Oh, Coo, Coo2, C O, Benzene, Phenol, Phenol Noorthohbond;['Alkylphenols', 'Phenols']
477;Metolachlor ESA;171118-09-5;;CIGKZVUEZXGYSV-UHFFFAOYSA-N;O=S(O)(CC(N(C(C)COC)C1=C(CC)C=CC=C1C)=O)=O;;;PRO-478;NS00000295;;False;;;;False;False;;;False;False;False;False;False;False;False;False;False;False;False;False;False;False;False;False;False;False;;;;False;False;False;False;False;False;False;False;False;False;False;False;False;False;False;False;False;False;False;False;False;False;False;False;False;;;;;;;;;;;;;;;;;;;21.7;;0.26;;;;;;0;0;0;0;0;0;0;0;0;0;0;0;0;0;0;0;0;0;0;0;0;0;0;0;0;0;0;0;0;0;0;0;0;0;0;0;0;0;0;0;0;0;0;0;0;0;0;0;0;0;0;0;0;0;0;0;0;0;0;0;0;0;0;0;0;;;;;;;;;False;0.0;0.0;0.0;0;287.9;low ;0.205;2890.0;low ;0.422;1360.0;low ;0.422;0.208092856907519;0.0304455190367127;0.0787653454283957;0.0417448131924382;0.288507875819571;;;;;;;;;;;kemi_score;0.26;;;;;;;0.288507875819571;0.5;0.288507875819571;0.25;0.288507875819571;0.25;0.288507875819571;0.25;;;;;2;C O, C O Nocoo, Nh0, Amide, Aniline, Aryl Methyl, Benzene, Ether, Methoxy, Para Hydroxylation;['Ethylene Glycols', 'PAHs', 'PBDE', 'PhenylEthers']
478;trans-2-Hexenoic acid;13419-69-7;;NIONDZDPPYHYKY-SNAWJCMRSA-N;CCC/C=C/C(O)=O;;;PRO-479;;;False;;;;False;False;;;False;False;False;False;False;False;False;False;False;False;False;False;False;False;False;False;False;False;;;;False;False;False;False;False;False;False;False;False;False;False;False;False;False;False;False;False;False;False;False;False;False;False;False;False;;;;;;;;;;1.1735;;4.700238725;;;;;;;6.99927549112269;;;;;;;;0;0;0;0;0;0;0;0;0;0;0;0;0;0;0;0;0;0;0;0;0;0;0;0;0;0;0;0;0;0;0;0;0;0;0;0;0;0;0;0;0;0;0;0;0;0;0;0;0;0;0;0;0;0;0;0;0;0;0;0;0;0;0;0;0;;0.0126963154298258;;;;;0.63942887091679;;False;0.0;0.0;0.0;0;7950.0;low ;0.7;9530.0;moderate ;0.85;5070.0;low ;0.7;0.300471613808202;0.0183592314563827;0.0198331675633805;0.0240093900539476;0.330358278996229;;;P_score_freshwater_pred_RIVM;0.0126963154298258;0.0126963154298258;;;M_score_pred_Episuite;0.63942887091679;0.63942887091679;;;0.0901021122954225;1.0;;;0.0901021122954225;1.0;0.330358278996229;0.5;0.138937148060436;0.75;0.330358278996229;0.25;0.138937148060436;0.75;;;;;4;Al Coo, Coo, Coo2, C O, Allylic Oxid;['Alkylphenols', 'Acrylics/Acrylates']
479;Tributylphosphine oxide;814-29-9;;MNZAKDODWSQONA-UHFFFAOYSA-N;CCCC[P](=O)(CCCC)CCCC;;;PRO-480;NS00000666;;False;;;;False;False;;;False;False;False;False;False;False;False;False;False;False;False;False;False;False;False;False;False;False;;;;False;False;False;False;False;False;False;False;False;False;False;False;False;False;False;False;False;False;False;False;False;False;False;False;False;;;;;;;;;;3.0418;;4.683762809;;;;;;;0.83602;;0.32;;;;;;0;0;0;0;0;0;0;0;0;0;0;0;0;0;0;0;0;0;0;0;0;0;0;0;0;0;0;0;0;0;0;0;0;0;0;0;0;0;0;0;0;0;0;0;0;0;0;0;0;0;0;0;0;0;0;0;0;0;0;0;0;0;0;0;0;;0.0126212875786318;;;;;0.326926154190835;;False;0.0;0.0;0.0;0;180.799999999999;low ;0.261;333.0;low ;0.295;525.0;low ;0.253;0.519436034803553;0.0742996576743147;0.0947303495188862;0.0617942298918808;0.59262594528186;;;P_score_freshwater_pred_RIVM;0.0126212875786318;0.0126212875786318;;;M_score_pred_Episuite;0.326926154190835;0.326926154190835;kemi_score;0.32;0.0642357300030026;1.0;;;0.0642357300030026;1.0;0.59262594528186;0.5;0.134723905175725;0.75;0.59262594528186;0.25;0.134723905175725;0.75;;;;;3;Unknown;['Other']
480;3-Carboxypropyl)triphenylphosphonium;151310-36-0;;;;;;PRO-481;;;False;;;;False;False;;;False;False;False;False;False;False;False;False;False;False;False;False;False;False;False;False;False;False;;;;False;False;False;False;False;False;False;False;False;False;False;False;False;False;False;False;False;False;False;False;False;False;False;False;False;;;;;;;;;;;;;;;;;;;;;;;;;;;0;0;0;0;0;0;0;0;0;0;0;0;0;0;0;0;0;0;0;0;0;0;0;0;0;0;0;0;0;0;0;0;0;0;0;0;0;0;0;0;0;0;0;0;0;0;0;0;0;0;0;0;0;0;0;0;0;0;0;0;0;0;0;0;0;;;;;;;;;False;0.0;0.0;0.0;0;;;;;;;;;;;;;;;;;;;;;;;;;;;;;;;;;;;;;;;;;;;;;3;Error;['Error']
481;Chloridazon;1698-60-8;;WYKYKTKDBLFHCY-UHFFFAOYSA-N;NC1=C(Cl)C(=O)N(N=C1)c2ccccc2;;;PRO-482;NS00008895;;False;;;;False;False;;;False;False;False;False;False;False;False;False;False;False;False;False;False;False;False;False;False;False;;;;False;False;False;False;False;False;False;False;False;False;False;False;False;False;False;False;False;False;False;False;False;False;False;False;False;;;;;;;;;;1.5085;;34.8725839;;;;;;;10.0;0.58;0.6;;;;;;0;0;0;0;0;0;0;0;0;0;0;0;0;0;0;0;0;0;0;0;0;0;0;0;0;0;0;0;0;0;0;0;0;0;0;0;0;0;0;0;0;0;0;0;0;0;0;0;0;0;0;0;0;0;0;0;0;0;0;0;0;0;0;0;0;;0.283400631701887;;;;;0.584356140326452;;True;0.0;0.0;0.0;0;147.9;low ;0.249;7930.0;low ;0.27;769.9;low ;0.334;0.268941421369995;0.0198544447527113;0.102479960693395;0.0528282516912721;0.268941421369995;;;P_score_freshwater_pred_RIVM;0.283400631701887;0.283400631701887;;;M_score_pred_Episuite;0.584356140326452;0.584356140326452;kemi_score;0.6;0.406948275960709;1.0;;;0.406948275960709;1.0;0.394950660709153;1.0;0.400904590227067;1.0;0.394950660709153;0.5;0.400904590227067;1.0;;PM;;PM;1;Arn, Ar N, Nh0, Nh2, Aniline, Benzene, Halogen, Para Hydroxylation;['Aromatic amines', 'Chlorobenzenes', 'PBB']
482;Fluopyram;658066-35-4;;KVDJTXBXMWJJEF-UHFFFAOYSA-N;FC(F)(F)c1cnc(CCNC(=O)c2ccccc2C(F)(F)F)c(Cl)c1;;;PRO-483;NS00001768;;False;;;;False;False;;;False;False;False;False;False;False;False;False;False;False;False;False;False;False;False;False;False;False;;;;False;False;False;False;False;False;False;False;False;False;False;False;False;False;False;False;False;False;False;False;False;False;False;False;False;;;;;;;;;;;;;;;;;;;13.5;;0.41;;;;;;0;0;0;0;0;0;0;0;0;0;0;0;0;0;0;0;0;0;0;0;0;0;0;0;0;0;0;0;0;0;0;0;0;0;0;0;0;0;0;0;0;0;0;0;0;0;0;0;0;0;0;0;0;0;0;0;0;0;0;0;0;0;0;0;0;;;;;;;;;True;0.0;0.0;0.0;0;33.2;low ;0.302;204.7;low ;0.486;325.299999999999;low ;0.0;0.244099510371601;0.0902063622438448;0.179293991929686;0.0750014957868706;0.244099510371601;;;;;;;;;;;kemi_score;0.41;;;;;;;0.244099510371601;0.5;0.244099510371601;0.25;0.244099510371601;0.25;0.244099510371601;0.25;;;;;4;Ar N, C O, C O Nocoo, Nh0, Nh1, Alkyl Halide, Amide, Benzene, Halogen, Pyridine;['Chlorobenzenes', 'PBB', 'PCB', 'Pyridin', 'PFAS']
483;Desamino-metamitron;36993-94-9;;OUSYWCQYMPDAEO-UHFFFAOYSA-N;c(ccc1C(=NN=C2C)C(=O)N2)cc1;;;PRO-484;NS00010520;;False;;;;False;False;;;False;False;False;False;False;False;False;False;False;False;False;False;False;False;False;False;False;False;;;;False;False;False;False;False;False;False;False;False;False;False;False;False;False;False;False;False;False;False;False;False;False;False;False;False;;;;;;;;;;;;;;;;;;;16.20552;;0.17;;;;;;0;0;0;0;0;0;0;0;0;0;0;0;0;0;0;0;0;0;0;0;0;0;0;0;0;0;0;0;0;0;0;0;0;0;0;0;0;0;0;0;0;0;0;0;0;0;0;0;0;0;0;0;0;0;0;0;0;0;0;0;0;0;0;0;0;;;;;;;;;False;0.0;0.0;0.0;0;268.1;low ;0.243;5030.0;low ;0.263;2250.0;low ;0.257;0.229760689755863;0.0240901308872416;0.0810402176025486;0.0338237674645513;0.229760689755863;;;;;;;;;;;kemi_score;0.17;;;;;;;0.229760689755863;0.5;0.229760689755863;0.25;0.229760689755863;0.25;0.229760689755863;0.25;;;;;;Ar N, Ar Nh, Nh0, Nh1, Nhpyrrole, Aryl Methyl, Benzene;['Aromatic amines', 'PAHs']
484;Methabenzthiazuron;18691-97-9;;RRVIAQKBTUQODI-UHFFFAOYSA-N;CNC(=O)N(C)c1sc2ccccc2n1;;;PRO-485;NS00010463;;False;;;;False;False;;;False;False;False;False;False;False;False;False;False;False;False;False;False;False;False;False;False;False;;;;False;False;False;False;False;False;False;False;False;False;False;False;False;False;False;False;False;False;False;False;False;False;False;False;False;;;;;;;;;;2.3316;;27.18798237;;;;;;;3.0;0.44;0.52;;;;;;0;0;0;0;0;0;0;0;0;0;0;0;0;0;0;0;0;0;0;0;0;0;0;0;0;0;0;0;0;0;0;0;0;0;0;0;0;0;0;0;0;0;0;0;0;0;0;0;0;0;0;0;0;0;0;0;0;0;0;0;0;0;0;0;0;;0.205348190076181;;;;;0.442789745014521;;True;0.0;0.0;0.0;0;154.7;low ;0.199;1380.0;low ;0.405;1250.0;low ;0.283;0.382932129037032;0.0414919278109759;0.100698240396783;0.0432348939730977;0.382932129037032;;;P_score_freshwater_pred_RIVM;0.205348190076181;0.205348190076181;;;M_score_pred_Episuite;0.442789745014521;0.442789745014521;kemi_score;0.52;0.301539504415302;1.0;;;0.301539504415302;1.0;0.410475500823489;1.0;0.351816115453709;1.0;0.410475500823489;0.5;0.351816115453709;1.0;;;;;4;Ar N, C O, C O Nocoo, Nh0, Nh1, Amide, Aniline, Benzene, Bicyclic, Para Hydroxylation, Thiazole, Urea;['Cyclohexanes', 'Phenylureas']
485;1,8-Diazabicyclo [5.4.0]undec-7-ene (polycat dbu);6674-22-2;;GQHTUMJGOHRCHB-UHFFFAOYSA-N;C1CN=C2CCCCCN2C1;;;PRO-486;NS00004166;;True;;;;False;False;;;False;False;False;False;False;False;False;False;False;False;False;False;False;False;False;True;False;False;;;;True;True;True;True;True;True;True;False;False;False;True;True;False;False;True;False;False;True;False;False;False;False;False;False;False;;;;;;;;;;1.6231;;20.19173729;;;;;;;21.17665;0.56;0.66;0.23;0.35;>100 to < 1000 tonnes;100.0;1000.0;1;1;0;0;0;0;0;1;0;0;0;0;0;0;0;0;0;0;0;0;1;0;0;0;0;0;0;0;0;0;1;0;0;0;0;0;0;0;0;0;0;0;0;1;0;0;0;0;0;0;0;1;0;1;1;0;0;0;0;1;1;1;0;0;0;;0.134495792546149;;;;;0.564942849639843;;False;0.0;0.0;0.0;0;713.7;low ;0.249;2720.0;low ;0.301;5360.0;low ;0.388;0.209845448845202;0.0312323947560055;0.0544998706435902;0.0234497862903211;0.209845448845202;;;P_score_freshwater_pred_RIVM;0.134495792546149;0.134495792546149;;;M_score_pred_Episuite;0.564942849639843;0.564942849639843;kemi_score;0.66;0.275649118093257;1.0;;;0.275649118093257;1.0;0.342802350273905;1.0;0.30739740651687;1.0;0.342802350273905;0.5;0.30739740651687;1.0;;;;;;Imine, Nh0, Amidine, Bicyclic;['Cyclohexanes']
486;3,5-di-tert-Butyl-4-hydroxybenzoic acid;1421-49-4;;YEXOWHQZWLCHHD-UHFFFAOYSA-N;CC(C)(C)c1cc(cc(c1O)C(C)(C)C)C(O)=O;;;PRO-487;NS00014931;;False;;;;False;False;;;False;False;False;False;False;False;False;False;False;False;False;False;False;False;False;False;False;False;;;;False;False;False;False;False;False;False;False;False;False;False;False;False;False;False;False;False;False;False;False;False;False;False;False;False;;;;;;;;;;2.7342;;53.2102335;;;;;;;1.13049;;0.28;;;;;;0;0;0;0;0;0;0;0;0;0;0;0;0;0;0;0;0;0;0;0;0;0;0;0;0;0;0;0;0;0;0;0;0;0;0;0;0;0;0;0;0;0;0;0;0;0;0;0;0;0;0;0;0;0;0;0;0;0;0;0;0;0;0;0;0;;0.448854081277073;;;;;0.375449395937212;;False;0.0;0.0;0.0;0;64.6999999999999;low ;0.697;251.4;moderate ;0.85;372.3;good ;1.0;0.486686466511454;0.0831448468155567;0.140528870749;0.0710353506429018;0.486686466511454;;;P_score_freshwater_pred_RIVM;0.448854081277073;0.448854081277073;;;M_score_pred_Episuite;0.375449395937212;0.375449395937212;kemi_score;0.28;0.410514303867026;1.0;;;0.410514303867026;1.0;0.486686466511454;0.5;0.434478829104573;0.75;0.486686466511454;0.25;0.434478829104573;0.75;;PM;;PM;2;Ar Coo, Ar Oh, Coo, Coo2, C O, Benzene, Phenol, Phenol Noorthohbond;['Alkylphenols', 'Phenols']
487;6-Methoxyquinoline;5263-87-6;;HFDLDPJYCIEXJP-UHFFFAOYSA-N;COc1ccc2ncccc2c1;;;PRO-488;NS00014569;;False;;;;False;False;;;False;False;False;False;False;False;False;False;False;False;False;False;False;False;False;False;False;False;;;;False;False;False;False;False;False;False;False;False;False;False;False;False;False;False;False;False;False;False;False;False;False;False;False;False;;;;;;;;;;2.1979;;23.30025717;;;;;;;4.33373;;0.4;;;;;;0;0;0;0;0;0;0;0;0;0;0;0;0;0;0;0;0;0;0;0;0;0;0;0;0;0;0;0;0;0;0;0;0;0;0;0;0;0;0;0;0;0;0;0;0;0;0;0;0;0;0;0;0;0;0;0;0;0;0;0;0;0;0;0;0;;0.165620014539614;;;;;0.465760216272321;;False;0.0;0.0;0.0;0;145.6;low ;0.276;2020.0;moderate ;0.85;708.099999999999;moderate ;0.85;0.345956266484166;0.0353880614060441;0.103107731439918;0.0546764277178571;0.345956266484166;;;P_score_freshwater_pred_RIVM;0.165620014539614;0.165620014539614;;;M_score_pred_Episuite;0.465760216272321;0.465760216272321;kemi_score;0.4;0.277739471071354;1.0;;;0.277739471071354;1.0;0.345956266484166;0.5;0.298835464642943;0.75;0.345956266484166;0.25;0.298835464642943;0.75;;;;;3;Ar N, Nh0, Benzene, Bicyclic, Ether, Methoxy, Pyridine;['Aromatic amines', 'Cyclohexanes', 'Ethylene Glycols', 'PBDE', 'PhenylEthers', 'Pyridin']
488;Diphenylphosphate;838-85-7;;ASMQGLCHMVWBQR-UHFFFAOYSA-N;[O-][P](=O)(Oc1ccccc1)Oc2ccccc2;;;PRO-489;NS00014401;;False;;;;False;False;;;False;False;False;False;False;False;False;False;False;False;False;False;False;False;False;False;False;False;;;;False;False;False;False;False;False;False;False;False;False;False;False;False;False;False;False;False;False;False;False;False;False;False;False;False;;;;;;;;;;2.2918;;28.26421644;;;;;;;28.10476;;0.48;;;;;;0;0;0;0;0;0;0;0;0;0;0;0;0;0;0;0;0;0;0;0;0;0;0;0;0;0;0;0;0;0;0;0;0;0;0;0;0;0;0;0;0;0;0;0;0;0;0;0;0;0;0;0;0;0;0;0;0;0;0;0;0;0;0;0;0;;0.216389646703144;;;;;0.449606592525143;;False;0.0;0.0;0.0;0;116.2;low ;0.32;264.799999999999;low ;0.439;868.4;low ;0.327;0.190189414542208;0.0814416976120588;0.112524880634204;0.0502723605194221;0.190189414542208;;;P_score_freshwater_pred_RIVM;0.216389646703144;0.216389646703144;;;M_score_pred_Episuite;0.449606592525143;0.449606592525143;kemi_score;0.48;0.311913788909564;1.0;;;0.311913788909564;1.0;0.190189414542208;0.5;0.264495627355086;0.75;0.190189414542208;0.25;0.264495627355086;0.75;;;;;4;Benzene, Para Hydroxylation, Phos Acid, Phos Ester;['Organophosphates']
489;Dodecylbenzenesulfonic acid;27176-87-0;;WBIQQQGBSDOWNP-UHFFFAOYSA-N;CCCCCCCCCCCCc1ccccc1[S](O)(=O)=O;;;PRO-490;NS00002838;;True;;;;False;False;;;False;False;False;False;False;False;False;False;False;False;False;False;False;False;False;True;True;True;;;;True;True;True;True;True;True;True;False;False;True;True;False;True;True;False;True;False;False;True;False;False;False;False;False;False;;;;;;;;;;3.5691;;20.96647;;;;;;;0.12421;;0.83;0.39;0.52;>1000 to < 10000 tonnes;1000.0;10000.0;1;0;0;0;0;0;0;1;0;0;0;1;0;1;0;0;0;0;1;1;1;0;0;0;0;0;0;0;0;0;1;0;0;1;0;0;0;0;0;0;0;0;0;0;0;0;1;0;1;1;1;1;1;1;1;1;0;0;0;0;0;0;0;0;0;;0.142166090469797;;;;;0.252067232940034;;False;0.0;0.0;0.0;0;31.2;low ;0.26;10.2;low ;0.654;482.7;low ;0.7;0.712148849162955;0.26725388874433;0.183298964295158;0.0639434196830067;0.712148849162955;;;P_score_freshwater_pred_RIVM;0.142166090469797;0.142166090469797;;;M_score_pred_Episuite;0.252067232940034;0.252067232940034;kemi_score;0.83;0.189302438026097;1.0;;;0.189302438026097;1.0;0.712148849162955;0.5;0.294415766661665;0.75;0.712148849162955;0.25;0.294415766661665;0.75;;(T);(T);(T);3;Aryl Methyl, Benzene, Unbrch Alkane;['PAHs']
490;m-Xylene-4-sulfonic acid ( 2,4-DIMETHYLBENZENESULFONIC ACID);88-61-9;;CHZLVSBMXZSPNN-UHFFFAOYSA-N;Cc1ccc(c(C)c1)[S](O)(=O)=O.Cc2ccc(c(C)c2)[S](O)(=O)=O;;;PRO-491;NS00013365;;False;;;;False;False;;;False;False;False;False;False;False;False;False;False;False;False;False;False;False;False;False;False;False;;;;False;False;False;False;False;False;False;False;False;False;False;False;False;False;False;False;False;False;False;False;False;False;False;False;False;;;;;;;;;;0.8864;;23.72221697;;;;;;;111.3727;;;;;;;;0;0;0;0;0;0;0;0;0;0;0;0;0;0;0;0;0;0;0;0;0;0;0;0;0;0;0;0;0;0;0;0;0;0;0;0;0;0;0;0;0;0;0;0;0;0;0;0;0;0;0;0;0;0;0;0;0;0;0;0;0;0;0;0;0;;0.169903527578448;;;;;0.683929315846072;;False;0.0;0.0;0.0;0;713.7;low ;0.249;2720.0;low ;0.301;5360.0;low ;0.388;0.114378275715371;0.0312323947560055;0.0544998706435902;0.0234497862903211;0.114378275715371;;;P_score_freshwater_pred_RIVM;0.169903527578448;0.169903527578448;;;M_score_pred_Episuite;0.683929315846072;0.683929315846072;;;0.340884149494462;1.0;;;0.340884149494462;1.0;0.114378275715371;0.5;0.236874905236072;0.75;0.114378275715371;0.25;0.236874905236072;0.75;;PM;;PM;2;Aryl Methyl, Benzene;['PAHs']
491;3:3 fluorotelomer carboxylate;356-02-5;;ISFKSWMQWIRDNC-UHFFFAOYSA-N;OC(=O)CCC(F)(F)C(F)(F)C(F)(F)F;;;PRO-492;NS00004093;;False;;;;False;False;;;False;False;False;False;False;False;False;False;False;False;False;False;False;False;False;False;False;False;;;;False;False;False;False;False;False;False;False;False;False;False;False;False;False;False;False;False;False;False;False;False;False;False;False;False;;;;;;;;;;;;;;;;;;;2.98364;;0.02;;;;;;0;0;0;0;0;0;0;0;0;0;0;0;0;0;0;0;0;0;0;0;0;0;0;0;0;0;0;0;0;0;0;0;0;0;0;0;0;0;0;0;0;0;0;0;0;0;0;0;0;0;0;0;0;0;0;0;0;0;0;0;0;0;0;0;0;;;;;;;;;False;0.0;0.0;0.0;0;1380.0;low ;0.215;2590.0;low ;0.239;15730.0;low ;0.0;0.383493446464731;0.0318823898149451;0.0414919278109759;0.0148217232793588;0.383493446464731;;;;;;;;;;;kemi_score;0.02;;;;;;;0.383493446464731;0.5;0.383493446464731;0.25;0.383493446464731;0.25;0.383493446464731;0.25;0.0;;;;4;Al Coo, Coo, Coo2, C O, Alkyl Halide, Halogen;['Alkylphenols', 'PFAS']
492;benzotriazole and derivatives;;;;;;;Pro-f-01;;;False;;;;False;False;;;False;False;False;False;False;False;False;False;False;False;False;False;False;False;False;False;False;False;;;;False;False;False;False;False;False;False;False;False;False;False;False;False;False;False;False;False;False;False;False;False;False;False;False;False;;;;;;;;;;;;;;;;;;;;;;;;;;;0;0;0;0;0;0;0;0;0;0;0;0;0;0;0;0;0;0;0;0;0;0;0;0;0;0;0;0;0;0;0;0;0;0;0;0;0;0;0;0;0;0;0;0;0;0;0;0;0;0;0;0;0;0;0;0;0;0;0;0;0;0;0;0;0;;;;;;;;;True;0.0;0.0;0.0;0;;;;;;;;;;;;;;;;;;;;;;;;;;;;;;;;;;;;;;;;;;;;;3;Error;['Error']
493;Chlorinated hydrocarbons (sum) ;;;;;;;Pro-f-02;;;False;;;;False;False;;;False;False;False;False;False;False;False;False;False;False;False;False;False;False;False;False;False;False;;;;False;False;False;False;False;False;False;False;False;False;False;False;False;False;False;False;False;False;False;False;False;False;False;False;False;;;;;;;;;;;;;;;;;;;;;;;;;;;0;0;0;0;0;0;0;0;0;0;0;0;0;0;0;0;0;0;0;0;0;0;0;0;0;0;0;0;0;0;0;0;0;0;0;0;0;0;0;0;0;0;0;0;0;0;0;0;0;0;0;0;0;0;0;0;0;0;0;0;0;0;0;0;0;;;;;;;;;True;0.0;0.0;0.0;0;;;;;;;;;;;;;;;;;;;;;;;;;;;;;;;;;;;;;;;;;;;;;3;Error;['Error']
494;chlorinated solvents;;;;;;;Pro-f-03;;;False;;;;False;False;;;False;False;False;False;False;False;False;False;False;False;False;False;False;False;False;False;False;False;;;;False;False;False;False;False;False;False;False;False;False;False;False;False;False;False;False;False;False;False;False;False;False;False;False;False;;;;;;;;;;;;;;;;;;;;;;;;;;;0;0;0;0;0;0;0;0;0;0;0;0;0;0;0;0;0;0;0;0;0;0;0;0;0;0;0;0;0;0;0;0;0;0;0;0;0;0;0;0;0;0;0;0;0;0;0;0;0;0;0;0;0;0;0;0;0;0;0;0;0;0;0;0;0;;;;;;;;;True;0.0;0.0;0.0;0;;;;;;;;;;;;;;;;;;;;;;;;;;;;;;;;;;;;;;;;;;;;;1;Error;['Error']
495;cis+trans 1,2-Dichloroetylene (sum) ;;;;;;;Pro-f-04;;;False;;;;False;False;;;False;False;False;False;False;False;False;False;False;False;False;False;False;True;True;False;False;False;;;;False;False;False;False;False;False;False;False;False;False;False;False;False;False;False;False;False;False;False;False;False;False;False;False;False;;;;;;;;;;;;;;;;;;;;;;;;;;;0;0;0;0;0;0;0;0;0;0;0;0;0;0;0;0;0;0;0;0;0;0;0;0;0;0;0;0;0;0;0;0;0;0;0;0;0;0;0;0;0;0;0;0;0;0;0;0;0;0;0;0;0;0;0;0;0;0;0;0;0;0;0;0;0;;;;;;;;;True;0.0;0.0;0.0;0;;;;;;;;;;;;;;;;;;;;;;;;;;;;;;;;;;;;;;;;;;;;;;Error;['Error']
496;Fatty acid-based ionic liquids;;;;;;;Pro-f-05;;;False;;;;False;False;;;False;False;False;False;False;False;True;True;False;False;False;False;False;False;True;False;False;False;;;;False;False;False;False;False;False;False;False;False;False;False;False;False;False;False;False;False;False;False;False;False;False;False;False;False;;;;;;;;;;;;;;;;;;;;;;;;;;;0;0;0;0;0;0;0;0;0;0;0;0;0;0;0;0;0;0;0;0;0;0;0;0;0;0;0;0;0;0;0;0;0;0;0;0;0;0;0;0;0;0;0;0;0;0;0;0;0;0;0;0;0;0;0;0;0;0;0;0;0;0;0;0;0;;;;;;;;;True;0.0;0.0;0.0;0;;;;;;;;;;;;;;;;;;;;;;;;;;;;;;;;;;;;;;;;;;;;;4;Error;['Error']
497;Fluorinated or mixed halogenated organic by-products;;;;;;;Pro-f-06;;;False;;;;False;False;;;False;False;False;False;False;False;False;False;False;False;False;False;False;False;False;False;False;False;;;;False;False;False;False;False;False;False;False;False;False;False;False;False;False;False;False;False;False;False;False;False;False;False;False;False;;;;;;;;;;;;;;;;;;;;;;;;;;;0;0;0;0;0;0;0;0;0;0;0;0;0;0;0;0;0;0;0;0;0;0;0;0;0;0;0;0;0;0;0;0;0;0;0;0;0;0;0;0;0;0;0;0;0;0;0;0;0;0;0;0;0;0;0;0;0;0;0;0;0;0;0;0;0;;;;;;;;;True;0.0;0.0;0.0;0;;;;;;;;;;;;;;;;;;;;;;;;;;;;;;;;;;;;;;;;;;;;;;Error;['Error']
498;heavy metals;;;;;;;Pro-f-07;;;False;;;;False;False;;;False;False;False;False;False;False;False;False;False;False;False;True;True;False;True;False;False;False;;;;False;False;False;False;False;False;False;False;False;False;False;False;False;False;False;False;False;False;False;False;False;False;False;False;False;;;;;;;;;;;;;;;;;;;;;;;;;;;0;0;0;0;0;0;0;0;0;0;0;0;0;0;0;0;0;0;0;0;0;0;0;0;0;0;0;0;0;0;0;0;0;0;0;0;0;0;0;0;0;0;0;0;0;0;0;0;0;0;0;0;0;0;0;0;0;0;0;0;0;0;0;0;0;;;;;;;;;True;0.0;0.0;0.0;0;;;;;;;;;;;;;;;;;;;;;;;;;;;;;;;;;;;;;;;;;;;;;;Error;['Error']
499;organophosphates & phosphonium compounds;;;;;;;Pro-f-08;;;False;;;;False;False;;;False;False;False;False;False;False;True;True;False;False;False;False;False;False;True;False;False;False;;;;False;False;False;False;False;False;False;False;False;False;False;False;False;False;False;False;False;False;False;False;False;False;False;False;False;;;;;;;;;;;;;;;;;;;;;;;;;;;0;0;0;0;0;0;0;0;0;0;0;0;0;0;0;0;0;0;0;0;0;0;0;0;0;0;0;0;0;0;0;0;0;0;0;0;0;0;0;0;0;0;0;0;0;0;0;0;0;0;0;0;0;0;0;0;0;0;0;0;0;0;0;0;0;;;;;;;;;True;0.0;0.0;0.0;0;;;;;;;;;;;;;;;;;;;;;;;;;;;;;;;;;;;;;;;;;;;;;;Error;['Error']
500;PAH 16EPA ;;;;;;;Pro-f-09;;;False;;;;False;False;;;False;False;False;False;False;False;False;False;False;False;False;False;False;False;False;False;False;False;;;;False;False;False;False;False;False;False;False;False;False;False;False;False;False;False;False;False;False;False;False;False;False;False;False;False;;;;;;;;;;;;;;;;;;;;;;;;;;;0;0;0;0;0;0;0;0;0;0;0;0;0;0;0;0;0;0;0;0;0;0;0;0;0;0;0;0;0;0;0;0;0;0;0;0;0;0;0;0;0;0;0;0;0;0;0;0;0;0;0;0;0;0;0;0;0;0;0;0;0;0;0;0;0;;;;;;;;;True;0.0;0.0;0.0;0;;;;;;;;;;;;;;;;;;;;;;;;;;;;;;;;;;;;;;;;;;;;;;Error;['Error']
501;Polychlorinated biphenyls (PCB);;;;;;;Pro-f-10;;;False;;;;False;False;;;False;False;False;False;False;False;False;False;False;False;False;False;False;False;False;False;False;False;;;;False;False;False;False;False;False;False;False;False;False;False;False;False;False;False;False;False;False;False;False;False;False;False;False;False;;;;;;;;;;;;;;;;;;;;;;;;;;;0;0;0;0;0;0;0;0;0;0;0;0;0;0;0;0;0;0;0;0;0;0;0;0;0;0;0;0;0;0;0;0;0;0;0;0;0;0;0;0;0;0;0;0;0;0;0;0;0;0;0;0;0;0;0;0;0;0;0;0;0;0;0;0;0;;;;;;;;;True;0.0;0.0;0.0;0;;;;;;;;;;;;;;;;;;;;;;;;;;;;;;;;;;;;;;;;;;;;;;Error;['Error']
502;sulfonated aliphates & benzoic acids;;;;;;;Pro-f-11;;;False;;;;False;False;;;False;False;False;False;False;False;True;True;False;False;False;False;False;False;True;False;False;False;;;;False;False;False;False;False;False;False;False;False;False;False;False;False;False;False;False;False;False;False;False;False;False;False;False;False;;;;;;;;;;;;;;;;;;;;;;;;;;;0;0;0;0;0;0;0;0;0;0;0;0;0;0;0;0;0;0;0;0;0;0;0;0;0;0;0;0;0;0;0;0;0;0;0;0;0;0;0;0;0;0;0;0;0;0;0;0;0;0;0;0;0;0;0;0;0;0;0;0;0;0;0;0;0;;;;;;;;;True;0.0;0.0;0.0;0;;;;;;;;;;;;;;;;;;;;;;;;;;;;;;;;;;;;;;;;;;;;;;Error;['Error']
503;suspected target screening;;;;;;;Pro-f-12;;;False;;;;False;False;;;False;False;False;False;False;False;True;True;True;False;False;False;False;False;True;False;False;False;;;;False;False;False;False;False;False;False;False;False;False;False;False;False;False;False;False;False;False;False;False;False;False;False;False;False;;;;;;;;;;;;;;;;;;;;;;;;;;;0;0;0;0;0;0;0;0;0;0;0;0;0;0;0;0;0;0;0;0;0;0;0;0;0;0;0;0;0;0;0;0;0;0;0;0;0;0;0;0;0;0;0;0;0;0;0;0;0;0;0;0;0;0;0;0;0;0;0;0;0;0;0;0;0;;;;;;;;;True;0.0;0.0;0.0;0;;;;;;;;;;;;;;;;;;;;;;;;;;;;;;;;;;;;;;;;;;;;;;Error;['Error']
504;UV stabilizers;;;;;;;Pro-f-13;;;False;;;;False;False;;;False;False;False;False;False;False;True;True;False;False;False;False;False;False;True;False;False;False;;;;False;False;False;False;False;False;False;False;False;False;False;False;False;False;False;False;False;False;False;False;False;False;False;False;False;;;;;;;;;;;;;;;;;;;;;;;;;;;0;0;0;0;0;0;0;0;0;0;0;0;0;0;0;0;0;0;0;0;0;0;0;0;0;0;0;0;0;0;0;0;0;0;0;0;0;0;0;0;0;0;0;0;0;0;0;0;0;0;0;0;0;0;0;0;0;0;0;0;0;0;0;0;0;;;;;;;;;True;0.0;0.0;0.0;0;;;;;;;;;;;;;;;;;;;;;;;;;;;;;;;;;;;;;;;;;;;;;;Error;['Error']
